ID,Name,disableParam_NT,disableParamReserve1,disableParamReserve2,refId_default,sfxVariationId,weight,basicPrice,sellValue,behaviorId,replaceItemId,sortId,appearanceReplaceItemId,yesNoDialogMessageId,useEnableSpEffectType,potGroupId,pad,iconId,modelId,shopLv,compTrophySedId,trophySeqId,maxNum,consumeHeroPoint,overDexterity,goodsType,refCategory,spEffectCategory,quickMatchUseRestriction,goodsUseAnim,opmeMenuType,useLimitCategory,replaceCategory,reserve4,enable_live,enable_gray,enable_friendly,enable_hostile,enable_multi,disable_offline,isEquip,isConsume,isAutoEquip,isEstablishment,isOnlyOne,isDiscard,isDeposit,isDisableHand,isRemoveItem_forGameClear,isSuppleItem,isFullSuppleItem,isEnhance,isFixItem,disableMultiDropShare,disableUseAtColiseum,disableUseAtOutOfColiseum,isEnableFastUseItem,isApplySpecialEffect,syncNumVaryId,refId_1,refVirtualWepId,vagrantItemLotId,vagrantBonusEneDropItemLotId,vagrantItemEneDropItemLotId,castSfxId,fireSfxId,effectSfxId,enable_ActiveBigRune,isBonfireWarpItem,enable_Ladder,isUseMultiPlayPreparation,canMultiUse,isShieldEnchant,isWarpProhibited,isUseMultiPenaltyOnly,suppleType,autoReplenishType,isDrop,showLogCondType,isSummonHorse,showDialogCondType,isSleepCollectionItem,enableRiding,disableRiding,maxRepositoryNum,sortGroupId,isUseNoAttackRegion,unknown_0x73_1,quickMatchReplenish,pad1,saleValue,rarity,useLimitSummonBuddy,useLimitSpEffectType,aiUseJudgeId,consumeMP,consumeHP,reinforceGoodsId,reinforceMaterialId,reinforcePrice,useLevel_vowType0,useLevel_vowType1,useLevel_vowType2,useLevel_vowType3,useLevel_vowType4,useLevel_vowType5,useLevel_vowType6,useLevel_vowType7,useLevel_vowType8,useLevel_vowType9,useLevel_vowType10,useLevel_vowType11,useLevel_vowType12,useLevel_vowType13,useLevel_vowType14,useLevel_vowType15,useLevel,reserve5,itemGetTutorialFlagId,reserve3,Caption
0,,0,0,[0|0|0],-1,-1,0,0,0,0,-1,-1,-1,-1,0,-1,0,0,0,0,-1,-1,1,0,0,0,0,0,0,0,0,0,0,[0|0],1,1,1,1,1,0,0,0,1,0,0,0,1,0,0,0,0,0,0,0,0,0,0,0,0,-1,-1,0,0,0,-1,-1,-1,0,0,0,0,0,0,0,0,0,0,1,1,0,2,0,1,0,0,255,1,0,0,0,-1,0,0,0,-1,0,-1,-1,-1,0,0,0,0,0,0,0,0,0,0,0,0,0,0,0,0,0,0,[0|0],0,[0|0|0|0|0|0|0|0],
10,,1,0,[0|0|0],501050,-1,0,0,-1,0,-1,999999,-1,-1,0,-1,0,0,0,-1,-1,-1,99,0,50,0,2,0,0,6,0,0,0,[0|0],1,1,1,1,1,0,1,0,1,0,0,0,0,0,0,0,0,0,0,1,0,0,0,0,0,-1,-1,-1,-1,-1,-1,-1,302060,1,0,0,1,0,0,0,0,0,0,0,1,0,2,0,1,0,0,255,1,0,0,0,-1,0,0,0,-1,0,-1,-1,-1,0,0,0,0,0,0,0,0,0,0,0,0,0,0,0,0,0,0,[0|0],0,[0|0|0|0|0|0|0|0],
11,,1,0,[0|0|0],501051,-1,0,0,-1,0,-1,999999,-1,-1,0,-1,0,0,0,-1,-1,-1,99,0,50,0,2,0,0,14,0,0,0,[0|0],1,1,1,1,1,0,1,0,1,0,0,0,0,0,0,0,0,0,0,1,0,0,0,0,0,-1,-1,-1,-1,-1,-1,-1,-1,1,0,0,1,0,0,0,0,0,0,0,1,0,2,0,1,0,0,255,1,0,0,0,-1,0,0,0,-1,0,-1,-1,-1,0,0,0,0,0,0,0,0,0,0,0,0,0,0,0,0,0,0,[0|0],0,[0|0|0|0|0|0|0|0],
12,,1,0,[0|0|0],81,-1,0,0,-1,0,-1,999999,-1,-1,0,-1,0,0,0,-1,-1,-1,1,0,50,0,2,0,0,6,0,0,0,[0|0],1,1,1,1,1,0,1,0,0,0,1,0,1,0,0,0,0,0,0,1,0,0,0,0,0,-1,-1,-1,-1,-1,-1,-1,-1,1,0,0,1,0,0,0,0,0,0,0,1,1,2,0,1,0,0,255,1,0,0,0,-1,0,0,0,-1,0,-1,-1,-1,0,0,0,0,0,0,0,0,0,0,0,0,0,0,0,0,0,0,[0|0],0,[0|0|0|0|0|0|0|0],DLC dummy
13,,1,0,[0|0|0],8060,-1,0,0,-1,0,-1,999999,-1,-1,0,-1,0,0,0,-1,-1,-1,1,0,50,0,2,0,0,14,0,0,0,[0|0],1,1,0,0,1,0,1,0,1,0,1,0,1,0,0,0,0,0,0,1,0,0,0,0,0,-1,-1,-1,-1,-1,301000,-1,301002,1,0,0,1,0,0,0,0,0,0,0,1,0,2,0,1,0,0,255,1,0,0,0,-1,0,0,0,-1,0,-1,-1,-1,0,0,0,0,0,0,0,0,0,0,0,0,0,0,0,0,0,0,[0|0],0,[0|0|0|0|0|0|0|0],
14,,1,0,[0|0|0],8061,-1,0,0,-1,0,-1,999999,-1,-1,0,-1,0,0,0,-1,-1,-1,1,0,50,0,2,0,0,14,0,0,0,[0|0],1,1,0,0,1,0,1,0,1,0,1,0,1,0,0,0,0,0,0,1,0,0,0,0,0,-1,-1,-1,-1,-1,301000,-1,301002,1,0,0,1,0,0,0,0,0,0,0,1,0,2,0,1,0,0,255,1,0,0,0,-1,0,0,0,-1,0,-1,-1,-1,0,0,0,0,0,0,0,0,0,0,0,0,0,0,0,0,0,0,[0|0],0,[0|0|0|0|0|0|0|0],
15,,1,0,[0|0|0],8062,-1,0,0,-1,0,-1,999999,-1,-1,0,-1,0,0,0,-1,-1,-1,1,0,50,0,2,0,0,14,0,0,0,[0|0],1,1,0,0,1,0,1,0,1,0,1,0,1,0,0,0,0,0,0,1,0,0,0,0,0,-1,-1,-1,-1,-1,301000,-1,301002,1,0,0,1,0,0,0,0,0,0,0,1,0,2,0,1,0,0,255,1,0,0,0,-1,0,0,0,-1,0,-1,-1,-1,0,0,0,0,0,0,0,0,0,0,0,0,0,0,0,0,0,0,[0|0],0,[0|0|0|0|0|0|0|0],
16,,1,0,[0|0|0],8070,-1,0,0,-1,0,-1,999999,-1,-1,0,-1,0,0,0,-1,-1,-1,1,0,50,0,2,0,0,14,0,0,0,[0|0],1,1,0,0,1,0,1,0,1,0,1,0,1,0,0,0,0,0,0,1,0,0,0,0,0,-1,-1,-1,-1,-1,301000,-1,301002,1,0,0,1,0,0,0,0,0,0,0,1,0,2,0,1,0,0,255,1,0,0,0,-1,0,0,0,-1,0,-1,-1,-1,0,0,0,0,0,0,0,0,0,0,0,0,0,0,0,0,0,0,[0|0],0,[0|0|0|0|0|0|0|0],
20,,1,0,[0|0|0],124,-1,0,0,-1,0,-1,999999,-1,-1,0,-1,0,0,0,-1,-1,-1,1,0,50,0,1,0,0,2,0,0,0,[0|0],1,1,1,1,1,0,1,0,1,0,0,0,0,0,0,0,0,0,0,1,0,0,0,0,0,-1,-1,-1,-1,-1,302000,-1,-1,1,0,0,1,0,0,0,0,0,0,0,1,0,2,0,1,0,0,255,1,0,0,0,-1,0,0,0,-1,0,-1,-1,-1,0,0,0,0,0,0,0,0,0,0,0,0,0,0,0,0,0,0,[0|0],0,[0|0|0|0|0|0|0|0],
21,,1,0,[0|0|0],-1,-1,0,0,-1,0,-1,999999,-1,-1,0,-1,0,4121,0,-1,-1,-1,99,0,0,5,0,0,0,0,0,0,0,[0|0],1,1,1,1,1,0,0,0,0,0,0,0,0,0,0,0,0,0,0,0,0,0,0,0,0,-1,-1,-1,-1,-1,-1,-1,-1,1,0,0,1,0,0,0,0,0,0,0,1,0,2,0,1,0,0,255,1,0,0,0,-1,0,0,0,-1,0,-1,-1,-1,0,0,0,0,0,0,0,0,0,0,0,0,0,0,0,0,0,0,[0|0],0,[0|0|0|0|0|0|0|0],
22,,1,0,[0|0|0],-1,-1,0,0,-1,0,-1,999999,-1,-1,0,-1,0,4032,0,-1,-1,-1,99,0,0,5,0,0,0,0,0,0,0,[0|0],1,1,1,1,1,0,0,0,0,0,0,0,0,0,0,0,0,0,0,0,0,0,0,0,0,-1,-1,-1,-1,-1,-1,-1,-1,1,0,0,1,0,0,0,0,0,0,0,1,0,2,0,1,0,0,255,1,0,0,0,-1,0,0,0,-1,0,-1,-1,-1,0,0,0,0,0,0,0,0,0,0,0,0,0,0,0,0,0,0,[0|0],0,[0|0|0|0|0|0|0|0],
23,,1,0,[0|0|0],-1,-1,0,0,100,0,-1,999999,-1,-1,0,-1,0,4000,0,-1,-1,-1,99,0,0,5,0,0,0,0,0,0,0,[0|0],1,1,1,1,1,0,0,0,0,0,0,1,1,0,0,0,0,0,0,0,0,0,0,0,0,-1,-1,-1,-1,-1,-1,-1,-1,1,0,0,1,0,0,0,0,0,0,0,1,0,2,0,1,0,99,255,1,0,0,0,1000,0,0,0,-1,0,-1,-1,-1,0,0,0,0,0,0,0,0,0,0,0,0,0,0,0,0,0,0,[0|0],0,[0|0|0|0|0|0|0|0],
24,,1,0,[0|0|0],-1,-1,0,0,200,0,-1,999999,-1,-1,0,-1,0,4001,0,-1,-1,-1,99,0,0,5,0,0,0,0,0,0,0,[0|0],1,1,1,1,1,0,0,0,0,0,0,1,1,0,0,0,0,0,0,0,0,0,0,0,0,-1,-1,-1,-1,-1,-1,-1,-1,1,0,0,1,0,0,0,0,0,0,0,1,0,2,0,1,0,99,255,1,0,0,0,3000,0,0,0,-1,0,-1,-1,-1,0,0,0,0,0,0,0,0,0,0,0,0,0,0,0,0,0,0,[0|0],0,[0|0|0|0|0|0|0|0],
25,,1,0,[0|0|0],-1,-1,0,0,500,0,-1,999999,-1,-1,0,-1,0,4004,0,-1,-1,-1,99,0,0,5,0,0,0,0,0,0,0,[0|0],1,1,1,1,1,0,0,0,0,0,0,1,1,0,0,0,0,0,0,0,0,0,0,0,0,-1,-1,-1,-1,-1,-1,-1,-1,1,0,0,1,0,0,0,0,0,0,0,1,0,2,0,1,0,99,255,1,0,0,0,6000,0,0,0,-1,0,-1,-1,-1,0,0,0,0,0,0,0,0,0,0,0,0,0,0,0,0,0,0,[0|0],0,[0|0|0|0|0|0|0|0],
26,,1,0,[0|0|0],-1,-1,0,0,500,0,-1,999999,-1,-1,0,-1,0,4006,0,-1,-1,-1,99,0,0,5,0,0,0,0,0,0,0,[0|0],1,1,1,1,1,0,0,0,0,0,0,1,1,0,0,0,0,0,0,0,0,0,0,0,0,-1,-1,-1,-1,-1,-1,-1,-1,1,0,0,1,0,0,0,0,0,0,0,1,0,2,0,1,0,99,255,1,0,0,0,5000,0,0,0,-1,0,-1,-1,-1,0,0,0,0,0,0,0,0,0,0,0,0,0,0,0,0,0,0,[0|0],0,[0|0|0|0|0|0|0|0],
27,,1,0,[0|0|0],-1,-1,0,0,200,0,-1,999999,-1,-1,0,-1,0,4015,0,-1,-1,-1,99,0,0,5,0,0,0,0,0,0,0,[0|0],1,1,1,1,1,0,0,0,0,0,0,1,1,0,0,0,0,0,0,0,0,0,0,0,0,-1,-1,-1,-1,-1,-1,-1,-1,1,0,0,1,0,0,0,0,0,0,0,1,0,2,0,1,0,99,255,1,0,0,0,1000,0,0,0,-1,0,-1,-1,-1,0,0,0,0,0,0,0,0,0,0,0,0,0,0,0,0,0,0,[0|0],0,[0|0|0|0|0|0|0|0],
28,,1,0,[0|0|0],-1,-1,0,0,100,0,-1,999999,-1,-1,0,-1,0,4065,0,-1,-1,-1,99,0,0,5,0,0,0,0,0,0,0,[0|0],1,1,1,1,1,0,0,0,0,0,0,1,1,0,0,0,0,0,0,0,0,0,0,0,0,-1,-1,-1,-1,-1,-1,-1,-1,1,0,0,1,0,0,0,0,0,0,0,1,0,2,0,1,0,99,255,1,0,0,0,2000,0,0,0,-1,0,-1,-1,-1,0,0,0,0,0,0,0,0,0,0,0,0,0,0,0,0,0,0,[0|0],0,[0|0|0|0|0|0|0|0],
29,,1,0,[0|0|0],-1,-1,0,0,500,0,-1,999999,-1,-1,0,-1,0,4060,0,-1,-1,-1,99,0,0,5,0,0,0,0,0,0,0,[0|0],1,1,1,1,1,0,0,0,0,0,0,1,1,0,0,0,0,0,0,0,0,0,0,0,0,-1,-1,-1,-1,-1,-1,-1,-1,1,0,0,1,0,0,0,0,0,0,0,1,0,2,0,1,0,99,255,1,0,0,0,4000,0,0,0,-1,0,-1,-1,-1,0,0,0,0,0,0,0,0,0,0,0,0,0,0,0,0,0,0,[0|0],0,[0|0|0|0|0|0|0|0],
30,,1,0,[0|0|0],-1,-1,0,0,100,0,-1,999999,-1,-1,0,-1,0,4061,0,-1,-1,-1,99,0,0,5,0,0,0,0,0,0,0,[0|0],1,1,1,1,1,0,0,0,0,0,0,1,1,0,0,0,0,0,0,0,0,0,0,0,0,-1,-1,-1,-1,-1,-1,-1,-1,1,0,0,1,0,0,0,0,0,0,0,1,0,2,0,1,0,99,255,1,0,0,0,5000,0,0,0,-1,0,-1,-1,-1,0,0,0,0,0,0,0,0,0,0,0,0,0,0,0,0,0,0,[0|0],0,[0|0|0|0|0|0|0|0],
31,,1,0,[0|0|0],-1,-1,0,0,200,0,-1,999999,-1,-1,0,-1,0,4015,0,-1,-1,-1,99,0,0,5,0,0,0,0,0,0,0,[0|0],1,1,1,1,1,0,0,0,0,0,0,1,1,0,0,0,0,0,0,0,0,0,0,0,0,-1,-1,-1,-1,-1,-1,-1,-1,1,0,0,1,0,0,0,0,0,0,0,1,0,2,0,1,0,99,255,1,0,0,0,1000,0,0,0,-1,0,-1,-1,-1,0,0,0,0,0,0,0,0,0,0,0,0,0,0,0,0,0,0,[0|0],0,[0|0|0|0|0|0|0|0],
35,,1,0,[0|0|0],-1,-1,0,0,200,0,-1,999999,-1,-1,0,-1,0,4128,0,-1,-1,-1,99,0,0,5,0,0,0,0,0,0,0,[0|0],1,1,1,1,1,0,0,0,0,0,0,1,0,0,0,0,0,0,0,0,0,0,0,0,0,-1,-1,-1,-1,-1,-1,-1,-1,1,0,0,1,0,0,0,0,0,0,0,1,0,2,0,1,0,99,255,1,0,0,0,1000,0,0,0,-1,0,-1,-1,-1,0,0,0,0,0,0,0,0,0,0,0,0,0,0,0,0,0,0,[0|0],0,[0|0|0|0|0|0|0|0],
40,,1,0,[0|0|0],-1,-1,0,0,-1,0,41,999999,-1,-1,0,-1,0,0,0,-1,-1,-1,1,0,0,9,0,0,0,9,0,0,0,[0|0],1,1,1,1,1,0,1,1,1,0,0,0,0,0,0,0,1,0,0,1,0,0,0,0,0,-1,-1,-1,-1,-1,301000,-1,-1,1,0,1,1,0,0,0,0,3,0,0,1,0,2,0,1,0,1,255,1,0,0,0,-1,0,0,0,-1,0,-1,-1,-1,0,0,0,0,0,0,0,0,0,0,0,0,0,0,0,0,0,0,[0|0],0,[0|0|0|0|0|0|0|0],
41,,1,0,[0|0|0],-1,-1,0,0,-1,0,40,999999,-1,-1,0,-1,0,0,0,-1,-1,-1,1,0,0,9,0,0,0,255,0,0,0,[0|0],1,1,1,1,1,0,1,0,1,0,0,0,0,0,0,1,0,0,0,1,0,0,0,0,0,-1,-1,-1,-1,-1,301001,-1,-1,1,0,1,1,0,0,0,0,3,0,0,1,0,2,0,1,0,1,255,1,0,0,0,-1,0,0,0,-1,0,-1,-1,-1,0,0,0,0,0,0,0,0,0,0,0,0,0,0,0,0,0,0,[0|0],0,[0|0|0|0|0|0|0|0],
42,,1,0,[0|0|0],4420,-1,0,0,1,0,-1,999999,-1,-1,0,-1,0,0,0,-1,-1,-1,99,0,0,10,1,0,0,0,0,0,0,[0|0],1,1,1,1,1,0,0,0,0,0,0,1,1,0,0,0,0,0,0,0,0,0,0,0,0,-1,-1,-1,-1,-1,-1,-1,-1,1,0,0,1,0,0,0,0,0,0,0,1,0,2,0,1,0,99,255,1,0,0,0,100,0,0,0,-1,0,-1,-1,-1,0,0,0,0,0,0,0,0,0,0,0,0,0,0,0,0,0,0,[0|0],0,[0|0|0|0|0|0|0|0],
43,,1,0,[0|0|0],1280,-1,0,0,1,0,-1,999999,-1,-1,0,-1,0,0,0,-1,-1,-1,99,0,0,10,2,0,0,0,0,0,0,[0|0],1,1,1,1,1,0,0,0,0,0,0,1,1,0,0,0,0,0,0,0,0,0,0,0,0,-1,-1,-1,-1,-1,-1,-1,-1,1,0,0,1,0,0,0,0,0,0,0,1,0,2,0,1,0,99,255,1,0,0,0,100,0,0,0,-1,0,-1,-1,-1,0,0,0,0,0,0,0,0,0,0,0,0,0,0,0,0,0,0,[0|0],0,[0|0|0|0|0|0|0|0],
44,,1,0,[0|0|0],1440,-1,0,0,1,0,-1,999999,-1,-1,0,-1,0,0,0,-1,-1,-1,99,0,0,10,2,0,0,0,0,0,0,[0|0],1,1,1,1,1,0,0,0,0,0,0,1,1,0,0,0,0,0,0,0,0,0,0,0,0,-1,-1,-1,-1,-1,-1,-1,-1,1,0,0,1,0,0,0,0,0,0,0,1,0,2,0,1,0,99,255,1,0,0,0,100,0,0,0,-1,0,-1,-1,-1,0,0,0,0,0,0,0,0,0,0,0,0,0,0,0,0,0,0,[0|0],0,[0|0|0|0|0|0|0|0],
60,,1,0,[0|0|0],-1,-1,0,0,1,0,-1,999999,-1,-1,0,-1,0,0,0,-1,-1,-1,99,0,50,0,2,0,0,255,0,0,0,[0|0],1,1,1,1,1,0,1,1,1,0,0,0,0,0,0,0,0,0,0,1,0,0,0,0,0,-1,-1,-1,-1,-1,-1,-1,-1,1,0,0,1,0,0,0,0,0,0,0,1,0,2,0,1,0,0,255,1,0,0,0,1,0,0,0,-1,0,-1,-1,-1,0,0,0,0,0,0,0,0,0,0,0,0,0,0,0,0,0,0,[0|0],0,[0|0|0|0|0|0|0|0],
61,,1,0,[0|0|0],-1,-1,0,0,1,0,-1,999999,-1,-1,0,-1,0,0,0,-1,-1,-1,99,0,50,0,2,0,0,255,0,0,0,[0|0],1,1,1,1,1,0,1,1,1,0,0,0,0,0,0,0,0,0,0,1,0,0,0,0,0,-1,-1,-1,-1,-1,-1,-1,-1,1,0,0,1,0,0,0,0,0,0,0,1,0,2,0,1,0,0,255,1,0,0,0,1,0,0,0,-1,0,-1,-1,-1,0,0,0,0,0,0,0,0,0,0,0,0,0,0,0,0,0,0,[0|0],0,[0|0|0|0|0|0|0|0],
62,,1,0,[0|0|0],-1,-1,0,0,1,0,-1,999999,-1,-1,0,-1,0,0,0,-1,-1,-1,99,0,50,0,2,0,0,255,0,0,0,[0|0],1,1,1,1,1,0,1,1,1,0,0,0,0,0,0,0,0,0,0,1,0,0,0,0,0,-1,-1,-1,-1,-1,-1,-1,-1,1,0,0,1,0,0,0,0,0,0,0,1,0,2,0,1,0,0,255,1,0,0,0,1,0,0,0,-1,0,-1,-1,-1,0,0,0,0,0,0,0,0,0,0,0,0,0,0,0,0,0,0,[0|0],0,[0|0|0|0|0|0|0|0],
63,,1,0,[0|0|0],-1,-1,0,0,1,0,-1,999999,-1,-1,0,-1,0,0,0,-1,-1,-1,99,0,50,0,2,0,0,255,0,0,0,[0|0],1,1,1,1,1,0,1,1,1,0,0,0,0,0,0,0,0,0,0,1,0,0,0,0,0,-1,-1,-1,-1,-1,-1,-1,-1,1,0,0,1,0,0,0,0,0,0,0,1,0,2,0,1,0,0,255,1,0,0,0,1,0,0,0,-1,0,-1,-1,-1,0,0,0,0,0,0,0,0,0,0,0,0,0,0,0,0,0,0,[0|0],0,[0|0|0|0|0|0|0|0],
64,,1,0,[0|0|0],-1,-1,0,0,1,0,-1,999999,-1,-1,0,-1,0,0,0,-1,-1,-1,99,0,50,0,2,0,0,255,0,0,0,[0|0],1,1,1,1,1,0,1,1,1,0,0,0,0,0,0,0,0,0,0,1,0,0,0,0,0,-1,-1,-1,-1,-1,-1,-1,-1,1,0,0,1,0,0,0,0,0,0,0,1,0,2,0,1,0,0,255,1,0,0,0,1,0,0,0,-1,0,-1,-1,-1,0,0,0,0,0,0,0,0,0,0,0,0,0,0,0,0,0,0,[0|0],0,[0|0|0|0|0|0|0|0],
65,,1,0,[0|0|0],-1,-1,0,0,1,0,-1,999999,-1,-1,0,-1,0,0,0,-1,-1,-1,99,0,50,0,2,0,0,255,0,0,0,[0|0],1,1,1,1,1,0,1,1,1,0,0,0,0,0,0,0,0,0,0,1,0,0,0,0,0,-1,-1,-1,-1,-1,-1,-1,-1,1,0,0,1,0,0,0,0,0,0,0,1,0,2,0,1,0,0,255,1,0,0,0,1,0,0,0,-1,0,-1,-1,-1,0,0,0,0,0,0,0,0,0,0,0,0,0,0,0,0,0,0,[0|0],0,[0|0|0|0|0|0|0|0],
66,,1,0,[0|0|0],-1,-1,0,0,1,0,-1,999999,-1,-1,0,-1,0,0,0,-1,-1,-1,99,0,50,0,2,0,0,255,0,0,0,[0|0],1,1,1,1,1,0,1,1,1,0,0,0,0,0,0,0,0,0,0,1,0,0,0,0,0,-1,-1,-1,-1,-1,-1,-1,-1,1,0,0,1,0,0,0,0,0,0,0,1,0,2,0,1,0,0,255,1,0,0,0,1,0,0,0,-1,0,-1,-1,-1,0,0,0,0,0,0,0,0,0,0,0,0,0,0,0,0,0,0,[0|0],0,[0|0|0|0|0|0|0|0],
67,,1,0,[0|0|0],-1,-1,0,0,1,0,-1,999999,-1,-1,0,-1,0,0,0,-1,-1,-1,99,0,50,0,2,0,0,255,0,0,0,[0|0],1,1,1,1,1,0,1,1,1,0,0,0,0,0,0,0,0,0,0,1,0,0,0,0,0,-1,-1,-1,-1,-1,-1,-1,-1,1,0,0,1,0,0,0,0,0,0,0,1,0,2,0,1,0,0,255,1,0,0,0,1,0,0,0,-1,0,-1,-1,-1,0,0,0,0,0,0,0,0,0,0,0,0,0,0,0,0,0,0,[0|0],0,[0|0|0|0|0|0|0|0],
68,,1,0,[0|0|0],-1,-1,0,0,1,0,-1,999999,-1,-1,0,-1,0,0,0,-1,-1,-1,99,0,50,0,2,0,0,255,0,0,0,[0|0],1,1,1,1,1,0,1,1,1,0,0,0,0,0,0,0,0,0,0,1,0,0,0,0,0,-1,-1,-1,-1,-1,-1,-1,-1,1,0,0,1,0,0,0,0,0,0,0,1,0,2,0,1,0,0,255,1,0,0,0,1,0,0,0,-1,0,-1,-1,-1,0,0,0,0,0,0,0,0,0,0,0,0,0,0,0,0,0,0,[0|0],0,[0|0|0|0|0|0|0|0],
69,,1,0,[0|0|0],-1,-1,0,0,1,0,-1,999999,-1,-1,0,-1,0,0,0,-1,-1,-1,99,0,50,0,2,0,0,255,0,0,0,[0|0],1,1,1,1,1,0,1,1,1,0,0,0,0,0,0,0,0,0,0,1,0,0,0,0,0,-1,-1,-1,-1,-1,-1,-1,-1,1,0,0,1,0,0,0,0,0,0,0,1,0,2,0,1,0,0,255,1,0,0,0,1,0,0,0,-1,0,-1,-1,-1,0,0,0,0,0,0,0,0,0,0,0,0,0,0,0,0,0,0,[0|0],0,[0|0|0|0|0|0|0|0],
70,,1,0,[0|0|0],-1,-1,0,0,1,0,-1,999999,-1,-1,0,-1,0,0,0,-1,-1,-1,99,0,50,0,2,0,0,255,0,0,0,[0|0],1,1,1,1,1,0,1,1,1,0,0,0,0,0,0,0,0,0,0,1,0,0,0,0,0,-1,-1,-1,-1,-1,-1,-1,-1,1,0,0,1,0,0,0,0,0,0,0,1,0,2,0,1,0,0,255,1,0,0,0,1,0,0,0,-1,0,-1,-1,-1,0,0,0,0,0,0,0,0,0,0,0,0,0,0,0,0,0,0,[0|0],0,[0|0|0|0|0|0|0|0],
71,,1,0,[0|0|0],-1,-1,0,0,1,0,-1,999999,-1,-1,0,-1,0,0,0,-1,-1,-1,99,0,50,0,2,0,0,255,0,0,0,[0|0],1,1,1,1,1,0,1,1,1,0,0,0,0,0,0,0,0,0,0,1,0,0,0,0,0,-1,-1,-1,-1,-1,-1,-1,-1,1,0,0,1,0,0,0,0,0,0,0,1,0,2,0,1,0,0,255,1,0,0,0,1,0,0,0,-1,0,-1,-1,-1,0,0,0,0,0,0,0,0,0,0,0,0,0,0,0,0,0,0,[0|0],0,[0|0|0|0|0|0|0|0],
72,,1,0,[0|0|0],-1,-1,0,0,1,0,-1,999999,-1,-1,0,-1,0,0,0,-1,-1,-1,99,0,50,0,2,0,0,255,0,0,0,[0|0],1,1,1,1,1,0,1,1,1,0,0,0,0,0,0,0,0,0,0,1,0,0,0,0,0,-1,-1,-1,-1,-1,-1,-1,-1,1,0,0,1,0,0,0,0,0,0,0,1,0,2,0,1,0,0,255,1,0,0,0,1,0,0,0,-1,0,-1,-1,-1,0,0,0,0,0,0,0,0,0,0,0,0,0,0,0,0,0,0,[0|0],0,[0|0|0|0|0|0|0|0],
73,,1,0,[0|0|0],-1,-1,0,0,1,0,-1,999999,-1,-1,0,-1,0,0,0,-1,-1,-1,99,0,50,0,2,0,0,255,0,0,0,[0|0],1,1,1,1,1,0,1,1,1,0,0,0,0,0,0,0,0,0,0,1,0,0,0,0,0,-1,-1,-1,-1,-1,-1,-1,-1,1,0,0,1,0,0,0,0,0,0,0,1,0,2,0,1,0,0,255,1,0,0,0,1,0,0,0,-1,0,-1,-1,-1,0,0,0,0,0,0,0,0,0,0,0,0,0,0,0,0,0,0,[0|0],0,[0|0|0|0|0|0|0|0],
74,,1,0,[0|0|0],-1,-1,0,0,1,0,-1,999999,-1,-1,0,-1,0,0,0,-1,-1,-1,99,0,50,0,2,0,0,255,0,0,0,[0|0],1,1,1,1,1,0,1,1,1,0,0,0,0,0,0,0,0,0,0,1,0,0,0,0,0,-1,-1,-1,-1,-1,-1,-1,-1,1,0,0,1,0,0,0,0,0,0,0,1,0,2,0,1,0,0,255,1,0,0,0,1,0,0,0,-1,0,-1,-1,-1,0,0,0,0,0,0,0,0,0,0,0,0,0,0,0,0,0,0,[0|0],0,[0|0|0|0|0|0|0|0],
75,,1,0,[0|0|0],-1,-1,0,0,1,0,-1,999999,-1,-1,0,-1,0,0,0,-1,-1,-1,99,0,50,0,2,0,0,255,0,0,0,[0|0],1,1,1,1,1,0,1,1,1,0,0,0,0,0,0,0,0,0,0,1,0,0,0,0,0,-1,-1,-1,-1,-1,-1,-1,-1,1,0,0,1,0,0,0,0,0,0,0,1,0,2,0,1,0,0,255,1,0,0,0,1,0,0,0,-1,0,-1,-1,-1,0,0,0,0,0,0,0,0,0,0,0,0,0,0,0,0,0,0,[0|0],0,[0|0|0|0|0|0|0|0],
76,,1,0,[0|0|0],-1,-1,0,0,1,0,-1,999999,-1,-1,0,-1,0,0,0,-1,-1,-1,99,0,50,0,2,0,0,255,0,0,0,[0|0],1,1,1,1,1,0,1,1,1,0,0,0,0,0,0,0,0,0,0,1,0,0,0,0,0,-1,-1,-1,-1,-1,-1,-1,-1,1,0,0,1,0,0,0,0,0,0,0,1,0,2,0,1,0,0,255,1,0,0,0,1,0,0,0,-1,0,-1,-1,-1,0,0,0,0,0,0,0,0,0,0,0,0,0,0,0,0,0,0,[0|0],0,[0|0|0|0|0|0|0|0],
77,,1,0,[0|0|0],-1,-1,0,0,1,0,-1,999999,-1,-1,0,-1,0,0,0,-1,-1,-1,99,0,50,0,2,0,0,255,0,0,0,[0|0],1,1,1,1,1,0,1,1,1,0,0,0,0,0,0,0,0,0,0,1,0,0,0,0,0,-1,-1,-1,-1,-1,-1,-1,-1,1,0,0,1,0,0,0,0,0,0,0,1,0,2,0,1,0,0,255,1,0,0,0,1,0,0,0,-1,0,-1,-1,-1,0,0,0,0,0,0,0,0,0,0,0,0,0,0,0,0,0,0,[0|0],0,[0|0|0|0|0|0|0|0],
78,,1,0,[0|0|0],-1,-1,0,0,1,0,-1,999999,-1,-1,0,-1,0,0,0,-1,-1,-1,99,0,50,0,2,0,0,255,0,0,0,[0|0],1,1,1,1,1,0,1,1,1,0,0,0,0,0,0,0,0,0,0,1,0,0,0,0,0,-1,-1,-1,-1,-1,-1,-1,-1,1,0,0,1,0,0,0,0,0,0,0,1,0,2,0,1,0,0,255,1,0,0,0,1,0,0,0,-1,0,-1,-1,-1,0,0,0,0,0,0,0,0,0,0,0,0,0,0,0,0,0,0,[0|0],0,[0|0|0|0|0|0|0|0],
79,,1,0,[0|0|0],-1,-1,0,0,1,0,-1,999999,-1,-1,0,-1,0,0,0,-1,-1,-1,99,0,50,0,2,0,0,255,0,0,0,[0|0],1,1,1,1,1,0,1,1,1,0,0,0,0,0,0,0,0,0,0,1,0,0,0,0,0,-1,-1,-1,-1,-1,-1,-1,-1,1,0,0,1,0,0,0,0,0,0,0,1,0,2,0,1,0,0,255,1,0,0,0,1,0,0,0,-1,0,-1,-1,-1,0,0,0,0,0,0,0,0,0,0,0,0,0,0,0,0,0,0,[0|0],0,[0|0|0|0|0|0|0|0],
90,,1,0,[0|0|0],99102,66,0,0,10000,0,-1,999999,-1,-1,0,-1,0,0,0,-1,-1,-1,99,0,50,0,2,0,0,9,0,0,0,[0|0],1,1,1,1,1,0,1,1,1,0,0,0,1,0,0,0,0,0,0,1,0,0,0,0,0,-1,-1,-1,-1,-1,-1,-1,-1,1,0,0,1,0,0,0,0,0,0,0,1,0,2,0,1,0,0,255,1,0,0,0,10000,0,0,0,-1,0,-1,-1,-1,0,0,0,0,0,0,0,0,0,0,0,0,0,0,0,0,0,0,[0|0],0,[0|0|0|0|0|0|0|0],
91,,1,0,[0|0|0],3279,65,0,0,1000,0,-1,999999,-1,-1,0,-1,0,0,0,-1,-1,-1,99,0,50,0,2,0,0,9,0,0,0,[0|0],1,1,1,1,1,0,1,1,1,0,0,0,1,0,0,0,0,0,0,1,0,0,0,0,0,-1,-1,-1,-1,-1,-1,-1,-1,1,0,0,1,0,0,0,0,0,0,0,1,0,2,0,1,0,0,255,1,0,0,0,1000,0,0,0,-1,0,-1,-1,-1,0,0,0,0,0,0,0,0,0,0,0,0,0,0,0,0,0,0,[0|0],0,[0|0|0|0|0|0|0|0],
92,,1,0,[0|0|0],-1,-1,0,0,1,0,-1,999999,-1,-1,0,-1,0,0,0,-1,-1,-1,99,0,50,0,2,0,0,255,0,0,0,[0|0],1,1,1,1,1,0,1,1,1,0,0,0,0,0,0,0,0,0,0,1,0,0,0,0,0,-1,-1,-1,-1,-1,-1,-1,-1,1,0,0,1,0,0,0,0,0,0,0,1,0,2,0,1,0,0,255,1,0,0,0,1,0,0,0,-1,0,-1,-1,-1,0,0,0,0,0,0,0,0,0,0,0,0,0,0,0,0,0,0,[0|0],0,[0|0|0|0|0|0|0|0],
93,,1,0,[0|0|0],-1,-1,0,0,1,0,-1,999999,-1,-1,0,-1,0,0,0,-1,-1,-1,99,0,50,0,2,0,0,255,0,0,0,[0|0],1,1,1,1,1,0,1,1,1,0,0,0,0,0,0,0,0,0,0,1,0,0,0,0,0,-1,-1,-1,-1,-1,-1,-1,-1,1,0,0,1,0,0,0,0,0,0,0,1,0,2,0,1,0,0,255,1,0,0,0,1,0,0,0,-1,0,-1,-1,-1,0,0,0,0,0,0,0,0,0,0,0,0,0,0,0,0,0,0,[0|0],0,[0|0|0|0|0|0|0|0],
94,,1,0,[0|0|0],-1,84,0,0,-1,0,-1,999999,-1,-1,0,-1,0,0,0,-1,-1,-1,1,0,50,0,2,0,0,8,0,0,0,[0|0],1,1,1,1,1,1,1,0,1,0,1,0,0,0,0,0,0,0,0,1,1,0,0,0,0,-1,-1,-1,-1,-1,305100,305101,-1,1,0,0,1,0,0,0,0,0,0,0,1,0,2,0,1,0,1,255,1,0,0,0,-1,0,0,0,-1,0,-1,-1,-1,0,0,0,0,0,0,0,0,0,0,0,0,0,0,0,0,0,0,[0|0],0,[0|0|0|0|0|0|0|0],
98,,1,0,[0|0|0],3270,60,0,0,500,0,-1,999999,-1,-1,0,-1,0,0,0,-1,-1,-1,99,0,50,0,2,0,0,9,0,0,0,[0|0],1,1,1,1,1,0,1,1,0,0,0,0,1,0,0,0,0,0,0,1,0,0,0,0,0,-1,-1,-1,-1,-1,304000,304001,304002,1,0,0,1,1,0,0,0,0,0,0,1,0,2,0,1,0,0,255,1,0,0,0,500,0,0,0,-1,0,-1,-1,-1,0,0,0,0,0,0,0,0,0,0,0,0,0,0,0,0,0,0,[0|0],0,[0|0|0|0|0|0|0|0],
99,,1,0,[0|0|0],501025,10,0,0,50,0,-1,999999,-1,-1,0,-1,0,0,0,-1,-1,-1,5,0,50,0,2,0,0,0,0,2,0,[0|0],1,1,1,1,1,0,1,1,1,0,0,0,1,0,0,0,0,0,0,1,0,0,0,0,0,-1,-1,-1,-1,-1,-1,301021,-1,1,0,0,1,0,0,0,0,0,2,0,1,0,2,0,1,0,10,255,1,0,0,0,50,0,0,0,-1,0,-1,-1,-1,0,0,0,0,0,0,0,0,0,0,0,0,0,0,0,0,0,0,[0|0],0,[0|0|0|0|0|0|0|0],
100,褪色者勾指,0,0,[0|0|0],4,-1,0,0,-1,0,-1,11010,170,-1,0,-1,0,1,0,-1,-1,-1,1,0,50,0,2,0,7,8,20,0,0,[0|0],1,1,0,0,0,1,1,0,0,0,1,0,0,0,0,0,0,0,0,1,1,0,0,0,0,-1,-1,-1,-1,-1,305110,305111,-1,1,0,0,0,0,0,0,0,0,0,0,1,0,2,0,1,0,0,120,1,0,0,0,0,2,0,0,-1,0,-1,-1,-1,0,0,0,0,0,0,0,0,0,0,0,0,0,0,0,0,0,0,[0|0],710660,[0|0|0|0|0|0|0|0],联机游玩的专用道具。\n从“多人联机游玩”选单也能使用。\n\n能写下协力多人联机游玩的召唤记号。\n能作为协助者（勾指）接受召唤，\n目标是打败受召唤世界里的区域头目。\n\n弯曲如钩的尸蜡化手指，\n是意图帮助后进的前人所留下的物品。
101,斗士勾指,0,0,[0|0|0],10,-1,0,0,-1,0,-1,11030,171,-1,0,-1,0,2,0,-1,-1,-1,1,0,50,0,2,0,7,8,0,0,0,[0|0],1,1,0,0,0,1,1,0,0,0,1,0,0,0,0,0,0,0,0,1,1,0,0,0,0,-1,-1,-1,-1,-1,305120,305121,-1,1,0,0,0,0,0,0,0,0,0,0,1,0,2,0,1,0,0,120,1,0,0,0,0,2,0,0,-1,0,-1,-1,-1,0,0,0,0,0,0,0,0,0,0,0,0,0,0,0,0,0,0,[0|0],710670,[0|0|0|0|0|0|0|0],联机游玩的专用道具。\n从“多人联机游玩”选单也能使用。\n\n能写下敌对多人联机游玩的召唤记号。\n能作为敌对者（斗士）接受召唤，\n目标是打败受召唤世界里的“勾指主人”。\n\n弯曲如钩的尸蜡化手指，\n穿戴的青铜装饰品是斗士的身分象征。
102,血指,0,0,[0|0|0],11,-1,0,0,-1,0,-1,11050,172,-1,0,-1,0,3,0,-1,-1,-1,1,0,50,0,2,0,7,8,10,0,0,[0|0],1,1,0,0,0,1,1,0,0,0,1,0,0,0,0,0,0,0,0,1,1,0,0,0,0,-1,-1,-1,-1,-1,305010,305011,-1,1,0,0,0,0,0,0,0,0,0,0,1,0,2,0,1,0,0,120,1,0,0,0,0,2,0,0,-1,0,-1,-1,-1,0,0,0,0,0,0,0,0,0,0,0,0,0,0,0,0,0,0,[0|0],710680,[0|0|0|0|0|0|0|0],联机游玩的专用道具。\n从“多人联机游玩”选单也能使用。\n\n能够入侵其他玩家的世界。\n能作为入侵者（血指）入侵其他世界，\n目标是打败入侵世界里的“勾指主人”。\n\n指尖沾上艳红鲜血，指头皮肤异常发青，\n变得无法接收外界刺激──\n却只有指尖能感受到醉人的痛觉。
103,断指刀,0,0,[0|0|0],7,-1,0,0,-1,0,-1,11150,-1,20000070,0,-1,0,4,0,-1,-1,-1,1,0,50,0,2,0,7,37,4,0,0,[0|0],1,1,1,1,1,0,1,0,0,0,1,0,0,0,0,0,0,0,0,1,1,0,0,0,0,-1,-1,-1,-1,-1,-1,-1,-1,1,0,0,1,0,0,0,0,0,0,0,1,0,2,0,1,0,0,120,1,0,0,0,0,2,0,0,-1,0,-1,-1,-1,0,0,0,0,0,0,0,0,0,0,0,0,0,0,0,0,0,0,[0|0],0,[0|0|0|0|0|0|0|0],联机游玩的专用道具。\n从“多人联机游玩”选单也能使用。\n\n“勾指主人”使用后，能选择亲自召唤的人物，\n将对方遣返至原本的世界。\n\n在受召唤的世界中使用，能返回原本的世界。\n\n此为切断勾指连结的虚幻刀，\n女巫们再三叮咛不可滥用。
104,白秘文戒指,0,0,[0|0|0],531,-1,0,0,-1,0,-1,11120,174,-1,0,-1,0,600,0,-1,-1,-1,1,0,50,0,2,0,7,40,15,0,0,[0|0],1,1,0,0,1,1,1,0,0,0,1,0,0,0,0,0,0,0,0,1,1,0,0,0,0,-1,-1,-1,-1,-1,305300,305301,-1,1,0,0,1,0,0,0,0,0,0,0,1,0,2,0,1,0,0,120,1,0,0,0,0,2,0,0,-1,0,-1,-1,-1,0,0,0,0,0,0,0,0,0,0,0,0,0,0,0,0,0,0,[0|0],0,[0|0|0|0|0|0|0|0],联机游玩的专用道具。\n从“多人联机游玩”选单也能使用。\n\n被入侵者入侵时能自动发出请求，\n召唤其他世界的“猎人”。\n（但在部分场合无法进行召唤。）\n\n据说此物随着双指而来，\n是其中一项失落秘文的诅咒物。
105,蓝秘文戒指,0,0,[0|0|0],532,-1,0,0,-1,0,-1,11130,175,-1,0,-1,0,601,0,-1,-1,-1,1,0,50,0,2,0,7,40,16,0,0,[0|0],1,1,0,0,1,1,1,0,0,0,1,0,0,0,0,0,0,0,0,1,1,0,0,0,0,-1,-1,-1,-1,-1,305310,305311,-1,1,0,0,1,0,0,0,0,0,0,0,1,0,2,0,1,0,0,120,1,0,0,0,0,2,0,0,-1,0,-1,-1,-1,0,0,0,0,0,0,0,0,0,0,0,0,0,0,0,0,0,0,[0|0],0,[0|0|0|0|0|0|0|0],联机游玩的专用道具。\n从“多人联机游玩”选单也能使用。\n\n收到来自其他世界的召唤请求时，\n能回应要求，作为“猎人”接受召唤。\n\n在猎人多人联机游玩中，\n目标是打败受召唤世界里的入侵者。
106,褪色者老指,0,0,[0|0|0],-1,-1,0,0,-1,0,-1,11160,-1,-1,0,-1,0,5,0,-1,-1,-1,1,0,50,0,0,0,7,8,5,0,0,[0|0],1,1,1,1,1,1,1,0,0,0,1,0,0,0,0,0,0,0,0,1,1,0,0,0,0,-1,-1,-1,-1,-1,305100,305101,-1,1,0,0,1,0,0,0,0,0,0,0,1,0,2,0,1,0,0,120,1,0,0,0,0,2,0,0,-1,0,-1,-1,-1,0,0,0,0,0,0,0,0,0,0,0,0,0,0,0,0,0,0,[0|0],0,[0|0|0|0|0|0|0|0],联机游玩的专用道具。\n从“讯息”选单也能使用。\n\n能够写下讯息，传布到其他世界，\n让其他世界的玩家看见。\n\n细瘦如骨的尸蜡化手指，\n是意图帮助后进的前人所留下的物品。
107,血指幻影,0,0,[0|0|0],536,-1,0,0,-1,0,-1,11080,-1,-1,0,-1,0,634,0,-1,-1,-1,99,0,50,0,2,0,7,66,0,0,0,[0|0],0,0,0,1,1,1,1,1,1,0,0,0,0,0,0,0,0,0,0,1,1,0,0,0,0,-1,-1,-1,-1,-1,305040,305041,-1,1,0,0,0,0,0,0,0,0,0,0,1,0,2,0,1,0,0,120,1,0,0,0,0,2,0,0,-1,0,-1,-1,-1,0,0,0,0,0,0,0,0,0,0,0,0,0,0,0,0,0,0,[0|0],0,[0|0|0|0|0|0|0|0],联机游玩的专用道具。\n入侵其他世界后获得的物品，为消耗道具。\n\n能再一次入侵曾经入侵过的世界。\n\n当“勾指主人”远远逃离自己时，\n使用此物能发挥最好的效果。
108,嘲弄者舌头,0,0,[0|0|0],533,-1,0,0,-1,0,-1,11140,178,-1,0,-1,0,7,0,-1,-1,-1,1,0,50,0,2,0,7,38,17,0,0,[0|0],1,1,0,0,1,1,1,0,0,0,1,0,0,0,0,0,0,0,0,1,1,0,0,0,0,-1,-1,-1,-1,-1,305020,305021,-1,1,0,0,1,0,0,0,0,0,0,0,1,0,2,0,1,0,0,120,1,0,0,0,0,2,0,0,-1,0,-1,-1,-1,0,0,0,0,0,0,0,0,0,0,0,0,0,0,0,0,0,0,[0|0],0,[0|0|0|0|0|0|0|0],联机游玩的专用道具。\n从“多人联机游玩”选单也能使用。\n\n能吸引入侵者前来。\n即使没有召唤协助者（勾指）也会受到入侵，\n并且缩短入侵的时间间距。\n\n此外，在已召唤协助者的情况下，\n会允许第２位入侵者入侵。\n（当入侵者共有２位时，协助者的人数最多１位。）
109,金色小雕像,0,0,[0|0|0],534,84,0,0,-1,0,-1,11020,179,-1,0,-1,0,602,0,-1,-1,-1,1,0,50,0,2,0,7,41,18,0,0,[0|0],1,1,0,0,0,1,1,0,0,0,1,0,0,0,0,0,0,0,0,1,1,0,0,0,0,-1,-1,-1,-1,-1,305200,305201,-1,1,0,0,0,0,0,0,0,0,0,0,1,0,2,0,1,0,0,120,1,0,0,0,0,2,0,0,-1,0,-1,-1,-1,0,0,0,0,0,0,0,0,0,0,0,0,0,0,0,0,0,0,[0|0],710690,[0|0|0|0|0|0|0|0],联机游玩的专用道具。\n从“多人联机游玩”选单也能使用。\n\n能将协力多人联机游玩的召唤记号\n送往数个记号聚集处。\n（仅限已可使用的记号聚集处。）\n\n在协力多人联机游玩中，\n目标是打败受召唤世界里的区域头目。
110,红色小雕像,0,0,[0|0|0],535,84,0,0,-1,0,-1,11040,180,-1,0,-1,0,603,0,-1,-1,-1,1,0,50,0,2,0,7,41,19,0,0,[0|0],1,1,0,0,0,1,1,0,0,0,1,0,0,0,0,0,0,0,0,1,1,0,0,0,0,-1,-1,-1,-1,-1,305210,305211,-1,1,0,0,0,0,0,0,0,0,0,0,1,0,2,0,1,0,0,120,1,0,0,0,0,2,0,0,-1,0,-1,-1,-1,0,0,0,0,0,0,0,0,0,0,0,0,0,0,0,0,0,0,[0|0],0,[0|0|0|0|0|0|0|0],联机游玩的专用道具。\n从“多人联机游玩”选单也能使用。\n\n能将敌对多人联机游玩的召唤记号\n送往数个记号聚集处。\n（仅限已可使用的记号聚集处。）\n\n在敌对多人联机游玩中，\n目标是打败受召唤世界里的“勾指主人”。
111,溃烂血指,1,0,[0|0|0],11,-1,0,0,100,0,-1,11070,183,-1,0,-1,0,8,0,-1,-1,-1,99,0,50,0,2,0,7,8,22,0,0,[0|0],1,1,0,0,0,1,1,1,0,0,0,1,0,0,0,0,0,0,0,1,1,0,0,0,0,-1,-1,-1,-1,-1,305010,305011,-1,1,0,0,0,0,0,0,0,0,0,1,1,0,2,0,1,0,99,120,1,0,0,0,0,2,0,0,-1,0,-1,-1,-1,0,0,0,0,0,0,0,0,0,0,0,0,0,0,0,0,0,0,[0|0],710680,[0|0|0|0|0|0|0|0],联机游玩的专用道具。\n从“多人联机游玩”选单也能使用。\n为消耗道具。\n\n能够入侵其他玩家的世界。\n能作为入侵者（血指）入侵，\n目标是打败入侵世界里的“勾指主人”。\n\n黝黑瘀血、溃烂的钩状手指，\n留有被随意切断的痕迹。
112,叛律指头,1,0,[0|0|0],16,-1,0,0,-1,0,-1,11060,184,-1,0,-1,0,635,0,-1,-1,-1,1,0,50,0,2,0,7,8,21,0,0,[0|0],1,1,0,0,0,1,1,0,0,0,1,0,0,0,0,0,0,0,0,1,1,0,0,0,0,-1,-1,-1,-1,-1,305010,305011,-1,1,0,0,0,0,0,0,0,0,0,0,1,0,2,0,1,0,0,120,1,0,0,0,0,2,0,0,-1,0,-1,-1,-1,0,0,0,0,0,0,0,0,0,0,0,0,0,0,0,0,0,0,[0|0],710680,[0|0|0|0|0|0|0|0],联机游玩的专用道具。\n从“多人联机游玩”选单也能使用。\n\n能够入侵其他玩家的世界。\n能作为入侵者（叛律者）入侵，\n目标是打败入侵世界里的“勾指主人”。\n\n皮肤布满蛇纹的钩状手指，\n是褪色者成为火山官邸之主的族人后，\n所留下的物品。
113,血指幻影,1,0,[0|0|0],536,-1,0,0,-1,0,-1,11100,-1,-1,0,-1,0,636,0,-1,-1,-1,99,0,50,0,2,0,7,66,0,0,0,[0|0],0,0,0,1,1,1,1,1,1,0,0,0,0,0,0,0,0,0,0,1,1,0,0,0,0,-1,-1,-1,-1,-1,305040,305041,-1,1,0,0,0,0,0,0,0,0,0,0,1,0,2,0,1,0,0,120,1,0,0,0,0,2,0,0,-1,0,-1,-1,-1,0,0,0,0,0,0,0,0,0,0,0,0,0,0,0,0,0,0,[0|0],0,[0|0|0|0|0|0|0|0],联机游玩的专用道具。\n入侵其他世界后获得的物品，为消耗道具。\n\n能再一次入侵曾经入侵过的世界。\n\n当“勾指主人”远远逃离自己时，\n使用此物能发挥最好的效果。
114,叛律指幻影,1,0,[0|0|0],536,-1,0,0,-1,0,-1,11090,-1,-1,0,-1,0,674,0,-1,-1,-1,99,0,50,0,2,0,7,66,0,0,0,[0|0],0,0,0,1,1,1,1,1,1,0,0,0,0,0,0,0,0,0,0,1,1,0,0,0,0,-1,-1,-1,-1,-1,305040,305041,-1,1,0,0,0,0,0,0,0,0,0,0,1,0,2,0,1,0,0,120,1,0,0,0,0,2,0,0,-1,0,-1,-1,-1,0,0,0,0,0,0,0,0,0,0,0,0,0,0,0,0,0,0,[0|0],0,[0|0|0|0|0|0|0|0],联机游玩的专用道具。\n入侵其他世界后获得的物品，为消耗道具。\n\n能再一次入侵曾经入侵过的世界。\n\n当“勾指主人”远远逃离自己时，\n使用此物能发挥最好的效果。
115,赐福记忆,0,0,[0|0|0],3226,-1,0,0,-1,0,-1,500,-1,10011954,0,-1,0,9,0,-1,-1,-1,1,0,50,0,2,0,7,6,1,0,0,[0|0],1,1,0,0,0,0,1,0,0,0,1,0,0,0,0,0,0,0,0,1,1,0,0,0,0,-1,-1,-1,-1,-1,-1,302061,302060,1,0,0,0,0,0,0,0,0,0,0,1,0,2,0,1,0,1,10,1,0,0,0,0,3,0,465,-1,0,-1,-1,-1,0,0,0,0,0,0,0,0,0,0,0,0,0,0,0,0,0,0,[0|0],0,[0|0|0|0|0|0|0|0],将步入死亡的褪色者引导至交界地──\n那最一开始的赐福记忆。\n\n能传送到最后停留的赐福，\n但会失去所有的卢恩。\n\n不过周而复始罢了──\n觐见艾尔登法环吧、成为艾尔登之王吧。
130,灵马哨笛,0,0,[0|0|0],81,-1,0,0,-1,0,-1,510,181,20000800,0,-1,0,13,0,-1,-1,-1,1,0,50,0,2,0,7,32,9,0,0,[0|0],1,1,0,0,0,0,1,0,0,0,1,0,0,0,0,0,0,0,0,1,1,0,0,0,0,-1,-1,-1,-1,-1,-1,-1,-1,1,0,0,0,0,0,0,0,0,0,0,1,1,2,0,1,0,0,10,1,0,0,0,0,3,0,433,-1,0,-1,-1,-1,0,0,0,0,0,0,0,0,0,0,0,0,0,0,0,0,0,0,[0|0],710520,[0|0|0|0|0|0|0|0],散发柔和光芒的黄金戒指，能作为哨笛使用。\n\n能召唤出灵马托雷特，骑马行动。\n骑马时使用，将会下马。\n\n灵马死亡后能再一次召唤，\n但必须消耗“红露滴圣杯瓶”。
135,大卢恩幻影,1,0,[0|0|0],10013500,17,0,0,-1,0,-1,11110,-1,-1,0,-1,0,626,0,-1,-1,-1,99,0,50,0,1,0,7,92,0,0,0,[0|0],0,0,0,1,1,1,1,1,1,0,0,0,0,0,0,0,0,0,0,1,1,0,0,0,0,-1,-1,-1,-1,-1,304660,-1,-1,1,0,0,0,0,0,0,0,0,0,0,1,0,2,0,1,0,0,120,1,0,0,0,0,2,0,0,-1,0,-1,-1,-1,0,0,0,0,0,0,0,0,0,0,0,0,0,0,0,0,0,0,[0|0],0,[0|0|0|0|0|0|0|0],联机游玩的专用道具。\n在使用蒙格的大卢恩的状态下，\n入侵其他世界后获得的物品，为消耗道具。\n\n能对入侵世界里的敌人降下鲜血赐福。\n在周围发生出血状态时，提升攻击力。\n\n当受到赐福的敌人打倒人物时，\n自己能恢复血量。
150,唤勾指药,0,0,[0|0|0],530,-1,0,0,10,0,-1,11000,182,-1,0,-1,0,14,0,-1,-1,-1,999,0,50,0,2,0,7,36,14,0,0,[0|0],1,1,0,0,0,1,1,0,0,0,0,1,0,0,0,0,0,0,0,1,1,0,0,0,0,-1,-1,-1,-1,-1,-1,-1,-1,1,0,0,0,0,0,0,0,0,0,1,1,0,2,0,1,0,0,120,1,0,0,0,0,1,0,0,-1,0,-1,-1,-1,0,0,0,0,0,0,0,0,0,0,0,0,0,0,0,0,0,0,[0|0],710650,[0|0|0|0|0|0|0|0],联机游玩的专用道具。\n从“多人联机游玩”选单也能使用。\n能够制作的其中一项道具。\n\n能看见协力多人联机游玩\n以及敌对多人联机游玩的召唤记号。\n协力记号为金色，敌对记号为红色。\n\n透过记号召唤其他世界的玩家之后，\n会开始多人联机游玩。
166,,0,0,[0|0|0],539,84,0,0,-1,0,-1,11160,-1,-1,0,-1,0,1,0,-1,-1,-1,1,0,50,13,2,0,7,8,0,0,0,[0|0],1,1,1,1,1,1,1,0,0,0,1,0,0,0,0,0,0,0,0,0,1,0,0,0,0,-1,-1,-1,-1,-1,305100,305101,-1,1,0,0,0,0,0,0,0,0,0,0,1,0,2,0,1,0,0,120,1,0,0,0,0,1,0,0,-1,0,-1,-1,-1,0,0,0,0,0,0,0,0,0,0,0,0,0,0,0,0,0,0,[0|0],0,[0|0|0|0|0|0|0|0],
170,褪色者勾指,0,0,[0|0|0],4,-1,0,0,-1,0,-1,11010,-1,-1,0,-1,0,575,0,-1,-1,-1,1,0,50,0,2,0,7,8,20,0,0,[0|0],1,1,0,0,0,1,1,0,0,0,1,0,0,0,0,0,0,0,0,1,1,0,0,0,0,-1,-1,-1,-1,-1,305110,305111,-1,1,0,0,0,0,0,0,0,0,0,0,1,0,2,0,1,0,0,120,1,0,0,0,0,2,0,0,-1,0,-1,-1,-1,0,0,0,0,0,0,0,0,0,0,0,0,0,0,0,0,0,0,[0|0],0,[0|0|0|0|0|0|0|0],联机游玩的专用道具。\n从“多人联机游玩”选单也能使用。\n\n能写下协力多人联机游玩的召唤记号。\n能作为协助者（勾指）接受召唤，\n目标是打败受召唤世界里的区域头目。\n\n弯曲如钩的尸蜡化手指，\n是意图帮助后进的前人所留下的物品。
171,斗士勾指,0,0,[0|0|0],10,-1,0,0,-1,0,-1,11030,-1,-1,0,-1,0,576,0,-1,-1,-1,1,0,50,0,2,0,7,8,0,0,0,[0|0],1,1,0,0,0,1,1,0,0,0,1,0,0,0,0,0,0,0,0,1,1,0,0,0,0,-1,-1,-1,-1,-1,305120,305121,-1,1,0,0,0,0,0,0,0,0,0,0,1,0,2,0,1,0,0,120,1,0,0,0,0,2,0,0,-1,0,-1,-1,-1,0,0,0,0,0,0,0,0,0,0,0,0,0,0,0,0,0,0,[0|0],0,[0|0|0|0|0|0|0|0],联机游玩的专用道具。\n从“多人联机游玩”选单也能使用。\n\n能写下敌对多人联机游玩的召唤记号。\n能作为敌对者（斗士）接受召唤，\n目标是打败受召唤世界里的“勾指主人”。\n\n弯曲如钩的尸蜡化手指，\n穿戴的青铜装饰品是斗士的身分象征。
172,血指,0,0,[0|0|0],11,-1,0,0,-1,0,-1,11050,-1,-1,0,-1,0,577,0,-1,-1,-1,1,0,50,0,2,0,7,8,10,0,0,[0|0],1,1,0,0,0,1,1,0,0,0,1,0,0,0,0,0,0,0,0,1,1,0,0,0,0,-1,-1,-1,-1,-1,305010,305011,-1,1,0,0,0,0,0,0,0,0,0,0,1,0,2,0,1,0,0,120,1,0,0,0,0,2,0,0,-1,0,-1,-1,-1,0,0,0,0,0,0,0,0,0,0,0,0,0,0,0,0,0,0,[0|0],0,[0|0|0|0|0|0|0|0],联机游玩的专用道具。\n从“多人联机游玩”选单也能使用。\n\n能够入侵其他玩家的世界。\n能作为入侵者（血指）入侵其他世界，\n目标是打败入侵世界里的“勾指主人”。\n\n指尖沾上艳红鲜血，指头皮肤异常发青，\n变得无法接收外界刺激──\n却只有指尖能感受到醉人的痛觉。
174,白秘文戒指,0,0,[0|0|0],531,-1,0,0,-1,0,-1,11120,-1,-1,0,-1,0,579,0,-1,-1,-1,1,0,50,0,2,0,7,40,15,0,0,[0|0],1,1,0,0,1,1,1,0,0,0,1,0,0,0,0,0,0,0,0,1,1,0,0,0,0,-1,-1,-1,-1,-1,305300,305301,-1,1,0,0,0,0,0,0,0,0,0,0,1,0,2,0,1,0,0,120,1,0,0,0,0,2,0,0,-1,0,-1,-1,-1,0,0,0,0,0,0,0,0,0,0,0,0,0,0,0,0,0,0,[0|0],0,[0|0|0|0|0|0|0|0],联机游玩的专用道具。\n从“多人联机游玩”选单也能使用。\n\n被入侵者入侵时能自动发出请求，\n召唤其他世界的“猎人”。\n（但在部分场合无法进行召唤。）\n\n据说此物随着双指而来，\n是其中一项失落秘文的诅咒物。
175,蓝秘文戒指,0,0,[0|0|0],532,-1,0,0,-1,0,-1,11130,-1,-1,0,-1,0,580,0,-1,-1,-1,1,0,50,0,2,0,7,40,16,0,0,[0|0],1,1,0,0,0,1,1,0,0,0,1,0,0,0,0,0,0,0,0,1,1,0,0,0,0,-1,-1,-1,-1,-1,305310,305311,-1,1,0,0,0,0,0,0,0,0,0,0,1,0,2,0,1,0,0,120,1,0,0,0,0,2,0,0,-1,0,-1,-1,-1,0,0,0,0,0,0,0,0,0,0,0,0,0,0,0,0,0,0,[0|0],0,[0|0|0|0|0|0|0|0],联机游玩的专用道具。\n从“多人联机游玩”选单也能使用。\n\n收到来自其他世界的召唤请求时，\n能回应要求，作为“猎人”接受召唤。\n\n在猎人多人联机游玩中，\n目标是打败受召唤世界里的入侵者。
178,嘲弄者舌头,0,0,[0|0|0],533,-1,0,0,-1,0,-1,11140,-1,-1,0,-1,0,578,0,-1,-1,-1,1,0,50,0,2,0,7,38,17,0,0,[0|0],1,1,0,0,1,1,1,0,0,0,1,0,0,0,0,0,0,0,0,1,1,0,0,0,0,-1,-1,-1,-1,-1,-1,-1,-1,1,0,0,0,0,0,0,0,0,0,0,1,0,2,0,1,0,0,120,1,0,0,0,0,2,0,0,-1,0,-1,-1,-1,0,0,0,0,0,0,0,0,0,0,0,0,0,0,0,0,0,0,[0|0],0,[0|0|0|0|0|0|0|0],联机游玩的专用道具。\n从“多人联机游玩”选单也能使用。\n\n能吸引入侵者前来。\n即使没有召唤协助者（勾指）也会受到入侵，\n并且缩短入侵的时间间距。\n\n此外，在已召唤协助者的情况下，\n会允许第２位入侵者入侵。\n（当入侵者共有２位时，协助者的人数最多１位。）
179,金色小雕像,0,0,[0|0|0],534,84,0,0,-1,0,-1,11020,-1,-1,0,-1,0,581,0,-1,-1,-1,1,0,50,0,2,0,7,8,18,0,0,[0|0],1,1,0,0,0,1,1,0,0,0,1,0,0,0,0,0,0,0,0,1,1,0,0,0,0,-1,-1,-1,-1,-1,305200,305201,-1,1,0,0,0,0,0,0,0,0,0,0,1,0,2,0,1,0,0,120,1,0,0,0,0,2,0,0,-1,0,-1,-1,-1,0,0,0,0,0,0,0,0,0,0,0,0,0,0,0,0,0,0,[0|0],0,[0|0|0|0|0|0|0|0],联机游玩的专用道具。\n从“多人联机游玩”选单也能使用。\n\n能将协力多人联机游玩的召唤记号\n送往数个记号聚集处。\n（仅限已可使用的记号聚集处。）\n\n在协力多人联机游玩中，\n目标是打败受召唤世界里的区域头目。
180,红色小雕像,0,0,[0|0|0],535,84,0,0,-1,0,-1,11040,-1,-1,0,-1,0,582,0,-1,-1,-1,1,0,50,0,2,0,7,8,19,0,0,[0|0],1,1,0,0,0,1,0,0,0,0,1,0,0,0,0,0,0,0,0,1,1,0,0,0,0,-1,-1,-1,-1,-1,305210,305211,-1,1,0,0,0,0,0,0,0,0,0,0,1,0,2,0,1,0,0,120,1,0,0,0,0,2,0,0,-1,0,-1,-1,-1,0,0,0,0,0,0,0,0,0,0,0,0,0,0,0,0,0,0,[0|0],0,[0|0|0|0|0|0|0|0],联机游玩的专用道具。\n从“多人联机游玩”选单也能使用。\n\n能将敌对多人联机游玩的召唤记号\n送往数个记号聚集处。\n（仅限已可使用的记号聚集处。）\n\n在敌对多人联机游玩中，\n目标是打败受召唤世界里的“勾指主人”。
181,灵马哨笛,0,0,[0|0|0],81,-1,0,0,-1,0,-1,510,-1,20000800,0,-1,0,558,0,-1,-1,-1,1,0,50,0,2,0,7,32,1,0,0,[0|0],1,1,0,0,0,0,1,0,0,0,1,0,0,0,0,0,0,0,0,1,1,0,0,0,0,-1,-1,-1,-1,-1,-1,-1,-1,1,0,0,0,0,0,0,0,0,0,0,1,1,2,0,1,0,0,10,1,0,0,0,0,2,0,433,-1,0,-1,-1,-1,0,0,0,0,0,0,0,0,0,0,0,0,0,0,0,0,0,0,[0|0],0,[0|0|0|0|0|0|0|0],散发柔和光芒的黄金戒指，能作为哨笛使用。\n\n能召唤出灵马托雷特，骑马行动。\n骑马时使用，将会下马。\n\n灵马死亡后能再一次召唤，\n但必须消耗“红露滴圣杯瓶”。
182,唤勾指药,0,0,[0|0|0],530,-1,0,0,-1,0,-1,11000,-1,-1,0,-1,0,583,0,-1,-1,-1,999,0,50,0,2,0,7,36,14,0,0,[0|0],1,1,0,0,0,1,1,0,0,0,0,0,0,0,0,0,0,0,0,1,1,0,0,0,0,-1,-1,-1,-1,-1,-1,-1,-1,1,0,0,0,0,0,0,0,0,0,0,1,0,2,0,1,0,0,120,1,0,0,0,0,1,0,0,-1,0,-1,-1,-1,0,0,0,0,0,0,0,0,0,0,0,0,0,0,0,0,0,0,[0|0],0,[0|0|0|0|0|0|0|0],联机游玩的专用道具。\n从“多人联机游玩”选单也能使用。\n能够制作的其中一项道具。\n\n能看见协力多人联机游玩\n以及敌对多人联机游玩的召唤记号。\n协力记号为金色，敌对记号为红色。\n\n透过记号召唤其他世界的玩家之后，\n会开始多人联机游玩。
183,溃烂血指,0,0,[0|0|0],11,-1,0,0,-1,0,-1,11070,-1,-1,0,-1,0,675,0,-1,-1,-1,1,0,50,0,2,0,7,8,10,0,0,[0|0],1,1,0,0,0,1,1,0,0,0,1,0,0,0,0,0,0,0,0,1,1,0,0,0,0,-1,-1,-1,-1,-1,305010,305011,-1,1,0,0,0,0,0,0,0,0,0,0,1,0,2,0,1,0,0,120,1,0,0,0,0,2,0,0,-1,0,-1,-1,-1,0,0,0,0,0,0,0,0,0,0,0,0,0,0,0,0,0,0,[0|0],0,[0|0|0|0|0|0|0|0],联机游玩的专用道具。\n从“多人联机游玩”选单也能使用。\n为消耗道具。\n\n能够入侵其他玩家的世界。\n能作为入侵者（血指）入侵，\n目标是打败入侵世界里的“勾指主人”。\n\n黝黑瘀血、溃烂的钩状手指，\n留有被随意切断的痕迹。
184,叛律指头,0,0,[0|0|0],11,-1,0,0,-1,0,-1,11060,-1,-1,0,-1,0,676,0,-1,-1,-1,1,0,50,0,2,0,7,8,10,0,0,[0|0],1,1,0,0,0,1,1,0,0,0,1,0,0,0,0,0,0,0,0,1,1,0,0,0,0,-1,-1,-1,-1,-1,305010,305011,-1,1,0,0,0,0,0,0,0,0,0,0,1,0,2,0,1,0,0,120,1,0,0,0,0,2,0,0,-1,0,-1,-1,-1,0,0,0,0,0,0,0,0,0,0,0,0,0,0,0,0,0,0,[0|0],0,[0|0|0|0|0|0|0|0],联机游玩的专用道具。\n从“多人联机游玩”选单也能使用。\n\n能够入侵其他玩家的世界。\n能作为入侵者（叛律者）入侵，\n目标是打败入侵世界里的“勾指主人”。\n\n皮肤布满蛇纹的钩状手指，\n是褪色者成为火山官邸之主的族人后，\n所留下的物品。
190,卢恩弯弧,1,0,[0|0|0],3450,-1,0,0,200,0,-1,520,-1,-1,0,-1,0,584,0,-1,-1,-1,99,0,50,0,2,0,7,65,0,0,0,[0|0],1,0,0,0,1,0,1,1,0,0,0,1,1,0,0,0,0,0,0,1,1,0,0,0,0,-1,-1,-1,-1,-1,304573,304570,-1,0,0,0,1,0,0,0,0,0,2,1,1,0,2,0,1,0,600,10,1,0,0,0,0,2,0,0,-1,0,-1,-1,-1,0,0,0,0,0,0,0,0,0,0,0,0,0,0,0,0,0,0,[0|0],0,[0|0|0|0|0|0|0|0],艾尔登法环破碎后的碎片。\n使用后，能让装备的大卢恩带来恩惠。\n\n在没有装备大卢恩的情况下使用，\n能稍微提升血量的上限。\n\n艾尔登法环的下半部有一道位于底部的弯弧，\n那象征着承接法环恩惠的器皿。\n据说此为那部分的碎片。
191,葛瑞克的大卢恩,1,0,[0|0|0],-1,-1,0,0,-1,0,-1,200000,-1,-1,0,-1,0,3201,0,-1,-1,-1,1,0,50,15,2,0,7,0,0,0,0,[0|0],0,0,0,0,0,0,0,0,0,0,1,0,0,0,1,0,0,0,0,0,1,0,0,0,0,-1,-1,-1,-1,-1,-1,-1,-1,0,0,0,0,0,0,0,0,0,0,0,1,0,2,0,1,0,0,10,1,0,0,0,0,3,0,0,-1,0,-1,-1,-1,0,0,0,0,0,0,0,0,0,0,0,0,0,0,0,0,0,0,[0|0],0,[0|0|0|0|0|0|0|0],“碎片君王”葛瑞克的大卢恩。\n透过恩惠的效力，能提升所有能力值。\n\n此大卢恩被称为重心法环，\n位在艾尔登法环的中心位置。\n\n“艾尔登之王”葛孚雷与其后代子孙──\n黄金一族是最先出现的半神。
192,拉塔恩的大卢恩,1,0,[0|0|0],-1,-1,0,0,-1,0,-1,200020,-1,-1,0,-1,0,3204,0,-1,-1,-1,1,0,50,15,2,0,7,0,0,0,0,[0|0],0,0,0,0,0,0,0,0,0,0,1,0,0,0,1,0,0,0,0,0,1,0,0,0,0,-1,-1,-1,-1,-1,-1,-1,-1,0,0,0,0,0,0,0,0,0,0,0,1,0,2,0,1,0,0,10,1,0,0,0,0,3,0,0,-1,0,-1,-1,-1,0,0,0,0,0,0,0,0,0,0,0,0,0,0,0,0,0,0,[0|0],0,[0|0|0|0|0|0|0|0],“碎片君王”拉塔恩的大卢恩。\n透过恩惠的效力，\n能提升血量、专注值、精力的上限。\n\n拉塔恩是蕾娜菈与拉达冈的其中一位子嗣。\n在拉达冈成为玛莉卡女王的王夫之后，\n那群孩子成为外戚，也成为半神。\n\n此大卢恩猛烈燃烧──\n为的是对抗猩红腐败的侵蚀。
193,蒙葛特的大卢恩,1,0,[0|0|0],-1,-1,0,0,-1,0,-1,200030,-1,-1,0,-1,0,3200,0,-1,-1,-1,1,0,50,15,2,0,7,0,0,0,0,[0|0],0,0,0,0,0,0,0,0,0,0,1,0,0,0,1,0,0,0,0,0,1,0,0,0,0,-1,-1,-1,-1,-1,-1,-1,-1,0,0,0,0,0,0,0,0,0,0,0,1,0,2,0,1,0,0,10,1,0,0,0,0,3,0,0,-1,0,-1,-1,-1,0,0,0,0,0,0,0,0,0,0,0,0,0,0,0,0,0,0,[0|0],0,[0|0|0|0|0|0|0|0],“碎片君王”蒙葛特的大卢恩。\n透过恩惠的效力，能大幅提升血量的上限。\n\n此大卢恩为重心法环，位在主干之上。\n这代表着两件事实──\n\n一是“恶兆王”为黄金一族的成员，\n二是这位王确实是罗德尔之王。
194,拉卡德的大卢恩,1,0,[0|0|0],-1,-1,0,0,-1,0,-1,200010,-1,-1,0,-1,0,3203,0,-1,-1,-1,1,0,50,15,2,0,7,0,0,0,0,[0|0],0,0,0,0,0,0,0,0,0,0,1,0,0,0,1,0,0,0,0,0,1,0,0,0,0,-1,-1,-1,-1,-1,304621,-1,-1,0,0,0,0,0,0,0,0,0,0,0,1,0,2,0,1,0,0,10,1,0,0,0,0,3,0,0,-1,0,-1,-1,-1,0,0,0,0,0,0,0,0,0,0,0,0,0,0,0,0,0,0,[0|0],0,[0|0|0|0|0|0|0|0],“碎片君王”拉卡德的大卢恩。\n透过恩惠的效力，打倒敌人时能恢复血量。\n\n拉卡德是蕾娜菈与拉达冈的其中一位子嗣。\n在拉达冈成为玛莉卡女王的王夫之后，\n那群孩子成为外戚，也成为半神。\n\n然而拉卡德却让亵渎之蛇一口吞噬──\n包含自己本身，以及伟大的大卢恩。
195,蒙格的大卢恩,1,0,[0|0|0],-1,-1,0,0,-1,0,-1,200040,-1,-1,0,-1,0,3205,0,-1,-1,-1,1,0,50,15,2,0,7,0,0,0,0,[0|0],0,0,0,0,0,0,0,0,0,0,1,0,0,0,1,0,0,0,0,0,1,0,0,0,0,-1,-1,-1,-1,-1,-1,-1,-1,0,0,0,0,0,0,0,0,0,0,0,1,0,2,0,1,0,0,10,1,0,0,0,0,3,0,0,-1,0,-1,-1,-1,0,0,0,0,0,0,0,0,0,0,0,0,0,0,0,0,0,0,[0|0],0,[0|0|0|0|0|0|0|0],“碎片君王”蒙格的大卢恩。\n透过恩惠的效力，能替召唤的灵魂降下鲜血赐福。\n并在入侵时，能获得“大卢恩幻影”。\n\n蒙格与蒙葛特是孪生兄弟，\n他们的大卢恩也很雷同。\n\n然而蒙格的大卢恩却染上诅咒之血，\n他蛰伏地底，深爱着与生俱来的玷污特质。
196,玛莲妮亚的大卢恩,1,0,[0|0|0],-1,-1,0,0,-1,0,-1,200050,-1,-1,0,-1,0,3206,0,-1,-1,-1,1,0,50,15,2,0,7,0,0,0,0,[0|0],0,0,0,0,0,0,0,0,0,0,1,0,0,0,1,0,0,0,0,0,1,0,0,0,0,-1,-1,-1,-1,-1,-1,-1,-1,0,0,0,0,0,0,0,0,0,0,0,1,0,2,0,1,0,0,10,1,0,0,0,0,3,0,0,-1,0,-1,-1,-1,0,0,0,0,0,0,0,0,0,0,0,0,0,0,0,0,0,0,[0|0],0,[0|0|0|0|0|0|0|0],“碎片君王”玛莲妮亚的大卢恩。\n因为半陷入腐败，透过恩惠的效力，\n会减少红露滴圣杯瓶的恢复量。\n\n然而恩惠之中仍存有玛莲妮亚的对抗意志。\n受到损伤的当下，能透过攻击恢复部分血量。\n\n玛莲妮亚是玛莉卡女王与拉达冈生下的子嗣。\n此大卢恩原本该是最神圣的一个。
250,灵药圣杯瓶,0,0,[0|0|0],-1,-1,0,0,-1,0,251,200,-1,-1,0,-1,0,24,0,-1,-1,-1,1,0,0,9,0,0,1,28,0,0,0,[0|0],1,1,1,1,1,0,1,1,1,0,1,0,0,0,0,0,1,0,0,1,0,0,0,0,0,-1,-1,-1,-1,-1,335000,-1,-1,1,0,1,1,0,0,0,0,3,0,0,1,0,2,0,1,0,1,10,0,0,0,0,0,3,0,0,-1,0,-1,-1,-1,0,0,0,0,0,0,0,0,0,0,0,0,0,0,0,0,0,0,[0|0],710590,[0|0|0|0|0|0|0|0],黄金树的神父──灵药师们留下的物品。\n结晶露滴的形成历时长久，\n蕴藏的力量能透过此物牵引而出。\n\n加入不同的结晶露滴调配，将产生各种特殊效用。\n在赐福休息能获得补充。\n\n据说座落交界地各处的小黄金树，\n它的树脚有结晶露滴汇集的水盆。
251,灵药圣杯瓶,0,0,[0|0|0],-1,-1,0,0,-1,0,250,300,-1,-1,0,-1,0,23,0,-1,-1,-1,1,0,0,9,0,0,1,254,0,0,0,[0|0],1,1,1,1,1,0,1,0,1,0,1,0,0,0,0,1,0,0,0,1,0,0,0,0,0,-1,-1,-1,-1,-1,335001,-1,-1,1,0,1,1,0,0,0,0,3,0,0,1,0,2,0,1,0,1,10,0,0,0,0,0,3,0,0,-1,0,-1,-1,-1,0,0,0,0,0,0,0,0,0,0,0,0,0,0,0,0,0,0,[0|0],710590,[0|0|0|0|0|0|0|0],黄金树的神父──灵药师们留下的物品。\n结晶露滴的形成历时长久，\n蕴藏的力量能透过此物牵引而出。\n\n加入不同的结晶露滴调配，将产生各种特殊效用。\n目前里头空无一物，在赐福休息能获得补充。\n\n据说座落交界地各处的小黄金树，\n它的树脚有结晶露滴汇集的水盆。
300,火焰壶,0,0,[0|0|0],10030000,5,0,0,-1,0,-1,2000,-1,-1,0,1,0,25,0,-1,-1,-1,10,0,50,0,1,0,0,3,0,0,0,[0|0],1,1,1,1,1,0,1,1,0,0,0,1,1,0,0,0,0,0,0,1,0,0,0,1,0,-1,830000,-1,-1,-1,300120,-1,-1,1,0,0,1,0,0,0,0,0,2,0,1,0,2,0,1,0,600,30,0,0,1,0,0,0,0,0,10000000,0,-1,-1,-1,0,0,0,0,0,0,0,0,0,0,0,0,0,0,0,0,0,0,[0|0],710580,[0|0|0|0|0|0|0|0],使用龟裂壶制作的其中一项道具。\n壶内封着各种混和材料，能借此产生火焰。\n\n能丢向敌人，给予火属性伤害。
301,红狮子火焰壶,1,0,[0|0|0],10030100,59,0,0,-1,0,-1,2020,-1,-1,0,3,0,26,0,-1,-1,-1,10,0,50,0,1,0,0,3,0,0,0,[0|0],1,1,1,1,1,0,1,1,0,0,0,1,1,0,0,0,0,0,0,1,0,0,0,1,0,-1,830100,-1,-1,-1,300110,-1,-1,1,0,0,1,0,0,0,0,0,2,0,1,0,2,0,1,0,600,30,0,0,1,0,0,0,0,0,10000000,0,-1,-1,-1,0,0,0,0,0,0,0,0,0,0,0,0,0,0,0,0,0,0,[0|0],0,[0|0|0|0|0|0|0|0],使用仪式壶制作的其中一项道具。\n表面刻上红狮子徽章的火焰壶。\n\n能丢向敌人，给予大幅火属性伤害。\n\n拉塔恩军队的幸存者，\n如今仍用火焰阻止猩红腐败。
302,巨人火火焰壶,1,0,[0|0|0],10030200,59,0,0,-1,0,-1,2030,-1,-1,0,3,0,606,0,-1,-1,-1,10,0,50,0,1,0,0,42,0,0,0,[0|0],1,1,1,1,1,0,1,1,0,0,0,1,1,0,0,0,0,0,0,1,0,0,0,1,0,-1,830200,-1,-1,-1,300115,-1,-1,1,0,0,1,0,0,0,0,0,2,0,1,0,2,0,1,0,600,30,0,0,1,0,0,0,0,0,10000000,10,-1,-1,-1,0,0,0,0,0,0,0,0,0,0,0,0,0,0,0,0,0,0,[0|0],0,[0|0|0|0|0|0|0|0],使用仪式壶制作的其中一项道具。\n执行过巨人火焰祷告的壶。\n\n能消耗专注值丢向敌人，给予大幅火属性伤害。\n\n另外，此物会根据信仰影响威力。
320,雷电壶,1,0,[0|0|0],10032000,17,0,0,-1,0,-1,2060,-1,-1,0,1,0,28,0,-1,-1,-1,10,0,50,0,1,0,0,3,0,0,0,[0|0],1,1,1,1,1,0,1,1,0,0,0,1,1,0,0,0,0,0,0,1,0,0,0,1,0,-1,832000,-1,-1,-1,300170,-1,-1,1,0,0,1,0,0,0,0,0,2,0,1,0,2,0,1,0,600,30,0,0,1,0,0,0,0,0,10000000,0,-1,-1,-1,0,0,0,0,0,0,0,0,0,0,0,0,0,0,0,0,0,0,[0|0],710580,[0|0|0|0|0|0|0|0],使用龟裂壶制作的其中一项道具。\n壶内封着各种混和材料，能借此产生雷电。\n\n能丢向敌人，给予雷属性伤害。
321,古龙雷电壶,1,0,[0|0|0],10032100,17,0,0,-1,0,-1,2070,-1,-1,0,3,0,29,0,-1,-1,-1,10,0,50,0,1,0,0,3,0,0,0,[0|0],1,1,1,1,1,0,1,1,0,0,0,1,1,0,0,0,0,0,0,1,0,0,0,1,0,-1,832100,-1,-1,-1,300175,-1,-1,1,0,0,1,0,0,0,0,0,2,0,1,0,2,0,1,0,600,30,0,0,1,0,0,1,0,0,10000000,0,-1,-1,-1,0,0,0,0,0,0,0,0,0,0,0,0,0,0,0,0,0,0,[0|0],0,[0|0|0|0|0|0|0|0],使用仪式壶制作的其中一项道具。\n表面刻上古龙徽章的雷电壶。\n\n能丢向敌人，给予大幅雷属性伤害。\n\n不透过信仰使用古龙雷电的方法之一。\n遗物里蕴藏的力量，只是一种自然现象。
330,粪便壶,1,0,[0|0|0],10033000,20,0,0,-1,0,-1,2110,-1,-1,0,1,0,30,0,-1,-1,-1,10,0,50,0,1,0,0,3,0,0,0,[0|0],1,1,1,1,1,0,1,1,0,0,0,1,1,0,0,0,0,0,0,1,0,0,0,1,0,-1,833000,-1,-1,-1,300190,-1,-1,1,0,0,1,0,0,0,0,0,2,0,1,0,2,0,1,0,600,30,0,0,1,0,0,0,0,0,10000000,0,-1,-1,-1,0,0,0,0,0,0,0,0,0,0,0,0,0,0,0,0,0,0,[0|0],710580,[0|0|0|0|0|0|0|0],使用龟裂壶制作的其中一项道具。\n壶内封着混和排泄物等等的材料，\n经发酵后产生毒素与恶臭，从壶内大量飘出。\n\n能丢向敌人，累积剧毒。\n\n拿着此壶也会逐渐累积剧毒毒素──\n正所谓害人亦害己，\n利用粪便当武器将难以全身而退。
340,苍蝇壶,1,0,[0|0|0],10034000,5,0,0,-1,0,-1,2130,-1,-1,0,1,0,31,0,-1,-1,-1,10,0,50,0,1,0,0,3,0,0,0,[0|0],1,1,1,1,1,0,1,1,0,0,0,1,1,0,0,0,0,0,0,1,0,0,0,1,0,-1,834000,-1,-1,-1,300200,-1,-1,1,0,0,1,0,0,0,0,0,2,0,1,0,2,0,1,0,600,30,0,0,1,0,0,0,0,0,10000000,0,-1,-1,-1,0,0,0,0,0,0,0,0,0,0,0,0,0,0,0,0,0,0,[0|0],710580,[0|0|0|0|0|0|0|0],使用龟裂壶制作的其中一项道具。\n壶内封着混和排泄物等等的材料。\n\n能丢向敌人，招来一群血蝇攻击。\n蝇群给予伤害的同时，也能累积出血量表。\n振翅的声音会使发狂士兵抓狂。\n\n排泄物内的蛆会以血为食，长成苍蝇。\n此种苍蝇相当凶猛，却也短命得令人生怜。
350,圣水壶,0,0,[0|0|0],10035000,17,0,0,-1,0,-1,2080,-1,-1,0,1,0,32,0,-1,-1,-1,10,0,50,0,1,0,0,42,0,0,0,[0|0],1,1,1,1,1,0,1,1,0,0,0,1,1,0,0,0,0,0,0,1,0,0,0,1,0,-1,835000,-1,-1,-1,300180,-1,-1,1,0,0,1,0,0,0,0,0,2,0,1,0,2,0,1,0,600,30,0,0,1,0,0,0,0,0,10000000,5,-1,-1,-1,0,0,0,0,0,0,0,0,0,0,0,0,0,0,0,0,0,0,[0|0],710580,[0|0|0|0|0|0|0|0],使用龟裂壶制作的其中一项道具。\n执行过黄金律法祷告的壶。\n\n能消耗专注值丢向敌人，给予圣属性伤害。\n\n对死诞者的伤害尤为巨大。\n死诞者被圣水壶打败之后，不会复活。\n黄金律法不允许“因死亡而诞生”的法则存在。
351,圣律壶,1,0,[0|0|0],10035100,17,0,0,-1,0,-1,2090,-1,-1,0,3,0,604,0,-1,-1,-1,10,0,50,0,1,0,0,42,0,0,0,[0|0],1,1,1,1,1,0,1,1,0,0,0,1,1,0,0,0,0,0,0,1,0,0,0,1,0,-1,835100,-1,-1,-1,300185,-1,-1,1,0,0,1,0,0,0,0,0,2,0,1,0,2,0,1,0,600,30,0,0,1,0,0,1,0,0,10000000,11,-1,-1,-1,0,0,0,0,0,0,0,0,0,0,0,0,0,0,0,0,0,0,[0|0],710580,[0|0|0|0|0|0|0|0],使用仪式壶制作的其中一项道具。\n执行过黄金律法祷告的壶。\n\n能消耗专注值丢向敌人，给予大幅圣属性伤害。\n\n对死诞者的伤害尤为巨大。\n死诞者被圣律壶打败之后，不会复活。\n黄金律法不允许“因死亡而诞生”的法则存在。
360,结冰壶,1,0,[0|0|0],10036000,5,0,0,-1,0,-1,2140,-1,-1,0,3,0,560,0,-1,-1,-1,10,0,50,0,1,0,0,3,0,0,0,[0|0],1,1,1,1,1,0,1,1,0,0,0,1,1,0,0,0,0,0,0,1,0,0,0,1,0,-1,-1,-1,-1,-1,300160,-1,-1,1,0,0,1,0,0,0,0,0,2,0,1,0,2,0,1,0,600,30,0,0,1,0,0,0,0,0,10000000,0,-1,-1,-1,0,0,0,0,0,0,0,0,0,0,0,0,0,0,0,0,0,0,[0|0],0,[0|0|0|0|0|0|0|0],使用仪式壶制作的其中一项道具。\n表面刻上卡利亚王室徽章的壶。\n\n能丢向敌人，累积冻伤量表。\n\n此壶的源由来自卡利亚公主菈妮──\n她的月既黑暗又冰冷。
370,毒壶,1,0,[0|0|0],10037000,5,0,0,-1,0,-1,2100,-1,-1,0,1,0,561,0,-1,-1,-1,10,0,50,0,1,0,0,3,0,0,0,[0|0],1,1,1,1,1,0,1,1,0,0,0,1,1,0,0,0,0,0,0,1,0,0,0,1,0,-1,837000,-1,-1,-1,300240,-1,-1,1,0,0,1,0,0,0,0,0,2,0,1,0,2,0,1,0,600,30,0,0,1,0,0,0,0,0,10000000,0,-1,-1,-1,0,0,0,0,0,0,0,0,0,0,0,0,0,0,0,0,0,0,[0|0],0,[0|0|0|0|0|0|0|0],使用龟裂壶制作的其中一项道具。\n壶内封着各种混和的有毒材料。\n\n能丢向敌人，累积中毒量表。
380,油壶,1,0,[0|0|0],10038000,5,0,0,-1,0,-1,2033,-1,-1,0,1,0,565,0,-1,-1,-1,10,0,50,0,1,0,0,3,0,0,0,[0|0],1,1,1,1,1,0,1,1,0,0,0,1,1,0,0,0,0,0,0,1,0,0,0,1,0,-1,-1,-1,-1,-1,300140,-1,-1,1,0,0,1,0,0,0,0,0,2,0,1,0,2,0,1,0,600,30,0,0,1,0,0,0,0,0,10000000,0,-1,-1,-1,0,0,0,0,0,0,0,0,0,0,0,0,0,0,0,0,0,0,[0|0],0,[0|0|0|0|0|0|0|0],使用龟裂壶制作的其中一项道具。\n壶内封着各种混和的含油材料。\n\n能丢向敌人，让对方浑身油污。\n\n当敌人浑身油污时，\n能提升给予对方的火属性伤害。
390,诱敌壶,1,0,[0|0|0],10039000,21,0,0,-1,0,-1,2190,-1,-1,0,3,0,86,0,-1,-1,-1,10,0,50,0,1,0,0,42,0,0,0,[0|0],1,1,1,1,1,0,1,1,0,0,0,1,1,0,0,0,0,0,0,1,0,0,0,1,0,-1,-1,-1,-1,-1,300350,-1,-1,1,0,0,1,0,0,0,0,0,2,0,1,0,2,0,1,0,600,30,0,0,1,0,0,1,0,0,10000000,11,-1,-1,-1,0,0,0,0,0,0,0,0,0,0,0,0,0,0,0,0,0,0,[0|0],0,[0|0|0|0|0|0|0|0],使用仪式壶制作的其中一项道具。\n执行过刺客祷告的壶。\n\n能消耗专注值丢出，产生白色幻影。\n\n幻影会吸引非战斗状态，\n有着人类之身的敌人注意，引诱对方攻击。\n但对上亚人时，即使对方在战斗状态，\n也具有诱敌效用。
391,引兽壶,1,0,[0|0|0],10039100,21,0,0,-1,0,-1,2200,-1,-1,0,3,0,87,0,-1,-1,-1,10,0,50,0,1,0,0,42,0,0,0,[0|0],1,1,1,1,1,0,1,1,0,0,0,1,1,0,0,0,0,0,0,1,0,0,0,1,0,-1,-1,-1,-1,-1,300355,-1,-1,1,0,0,1,0,0,0,0,0,2,0,1,0,2,0,1,0,600,30,0,0,1,0,0,1,0,0,10000000,9,-1,-1,-1,0,0,0,0,0,0,0,0,0,0,0,0,0,0,0,0,0,0,[0|0],0,[0|0|0|0|0|0|0|0],使用仪式壶制作的其中一项道具。\n执行过刺客祷告的壶。\n\n能消耗专注值丢出，产生红色幻影。\n\n幻影只会吸引兽类敌人，引诱对方攻击。\n无论是否在战斗状态，都具有引诱效用。
400,附绳火焰壶,0,0,[0|0|0],10040000,5,0,0,-1,0,-1,2220,-1,-1,0,1,0,34,0,-1,-1,-1,10,0,50,0,1,0,0,20,0,0,0,[0|0],1,1,1,1,1,0,1,1,0,0,0,1,1,0,0,0,0,0,0,1,0,0,0,1,0,-1,840000,-1,-1,-1,300250,-1,-1,1,0,0,1,0,0,0,0,0,2,0,1,0,2,0,1,0,600,30,0,0,1,0,0,0,0,0,-1,0,-1,-1,-1,0,0,0,0,0,0,0,0,0,0,0,0,0,0,0,0,0,0,[0|0],0,[0|0|0|0|0|0|0|0],使用龟裂壶制作的其中一项道具。\n壶内封着各种混和材料，能借此产生火焰。\n壶口绑着丢掷用的短绳。\n\n能丢向背后的敌人，给予火属性伤害。
420,附绳雷电壶,1,0,[0|0|0],10042000,17,0,0,-1,0,-1,2250,-1,-1,0,1,0,36,0,-1,-1,-1,10,0,50,0,1,0,0,20,0,0,0,[0|0],1,1,1,1,1,0,1,1,0,0,0,1,1,0,0,0,0,0,0,1,0,0,0,1,0,-1,842000,-1,-1,-1,300260,-1,-1,1,0,0,1,0,0,0,0,0,2,0,1,0,2,0,1,0,600,30,0,0,1,0,0,0,0,0,-1,0,-1,-1,-1,0,0,0,0,0,0,0,0,0,0,0,0,0,0,0,0,0,0,[0|0],0,[0|0|0|0|0|0|0|0],使用龟裂壶制作的其中一项道具。\n壶内封着各种混和材料，能借此产生雷电。\n壶口绑着丢掷用的短绳。\n\n能丢向背后的敌人，给予雷属性伤害。
430,附绳粪便壶,1,0,[0|0|0],10043000,20,0,0,-1,0,-1,2280,-1,-1,0,1,0,37,0,-1,-1,-1,10,0,50,0,1,0,0,20,0,0,0,[0|0],1,1,1,1,1,0,1,1,0,0,0,1,1,0,0,0,0,0,0,1,0,0,0,1,0,-1,843000,-1,-1,-1,300270,-1,-1,1,0,0,1,0,0,0,0,0,2,0,1,0,2,0,1,0,600,30,0,0,1,0,0,0,0,0,-1,0,-1,-1,-1,0,0,0,0,0,0,0,0,0,0,0,0,0,0,0,0,0,0,[0|0],0,[0|0|0|0|0|0|0|0],使用龟裂壶制作的其中一项道具。\n壶内封着混和排泄物等等的材料。\n壶口绑着丢掷用的短绳。\n\n能丢向背后的敌人，累积剧毒。\n\n拿着此壶也会逐渐累积剧毒毒素──\n正所谓害人亦害己，\n利用粪便当武器将难以全身而退。
440,附绳毒壶,1,0,[0|0|0],10044000,5,0,0,-1,0,-1,2270,-1,-1,0,1,0,566,0,-1,-1,-1,10,0,50,0,1,0,0,20,0,0,0,[0|0],1,1,1,1,1,0,1,1,0,0,0,1,1,0,0,0,0,0,0,1,0,0,0,1,0,-1,844000,-1,-1,-1,300280,-1,-1,1,0,0,1,0,0,0,0,0,2,0,1,0,2,0,1,0,600,30,0,0,1,0,0,0,0,0,-1,0,-1,-1,-1,0,0,0,0,0,0,0,0,0,0,0,0,0,0,0,0,0,0,[0|0],0,[0|0|0|0|0|0|0|0],使用龟裂壶制作的其中一项道具。\n壶内封着各种混和的有毒材料。\n壶口绑着丢掷用的短绳。\n\n能丢向背后的敌人，累积中毒量表。
450,附绳油壶,1,0,[0|0|0],10045000,5,0,0,-1,0,-1,2230,-1,-1,0,1,0,567,0,-1,-1,-1,10,0,50,0,1,0,0,20,0,0,0,[0|0],1,1,1,1,1,0,1,1,0,0,0,1,1,0,0,0,0,0,0,1,0,0,0,1,0,-1,-1,-1,-1,-1,300290,-1,-1,1,0,0,1,0,0,0,0,0,2,0,1,0,2,0,1,0,600,30,0,0,1,0,0,0,0,0,-1,0,-1,-1,-1,0,0,0,0,0,0,0,0,0,0,0,0,0,0,0,0,0,0,[0|0],0,[0|0|0|0|0|0|0|0],使用龟裂壶制作的其中一项道具。\n壶内封着各种混和的含油材料。\n壶口绑着丢掷用的短绳。\n\n能丢向背后的敌人，让对方浑身油污。\n\n当敌人浑身油污时，\n能提升给予对方的火属性伤害。
460,附绳魔力壶,1,0,[0|0|0],10046000,5,0,0,-1,0,-1,2240,-1,-1,0,1,0,707,0,-1,-1,-1,10,0,50,0,1,0,0,20,0,0,0,[0|0],1,1,1,1,1,0,1,1,0,0,0,1,1,0,0,0,0,0,0,1,0,0,0,1,0,-1,846000,-1,-1,-1,300300,-1,-1,1,0,0,1,0,0,0,0,0,2,0,1,0,2,0,1,0,600,30,0,0,1,0,0,0,0,0,-1,3,-1,-1,-1,0,0,0,0,0,0,0,0,0,0,0,0,0,0,0,0,0,0,[0|0],0,[0|0|0|0|0|0|0|0],使用龟裂壶制作的其中一项道具。\n壶内封着各种混和材料，能借此产生魔力。\n壶口绑着丢掷用的短绳。\n\n能消耗专注值丢向背后的敌人，\n给予魔力属性伤害。
470,附绳苍蝇壶,1,0,[0|0|0],10047000,5,0,0,-1,0,-1,2290,-1,-1,0,1,0,615,0,-1,-1,-1,10,0,50,0,1,0,0,20,0,0,0,[0|0],1,1,1,1,1,0,1,1,0,0,0,1,1,0,0,0,0,0,0,1,0,0,0,1,0,-1,847000,-1,-1,-1,300310,-1,-1,1,0,0,1,0,0,0,0,0,2,0,1,0,2,0,1,0,600,30,0,0,1,0,0,0,0,0,-1,0,-1,-1,-1,0,0,0,0,0,0,0,0,0,0,0,0,0,0,0,0,0,0,[0|0],0,[0|0|0|0|0|0|0|0],使用龟裂壶制作的其中一项道具。\n壶内封着混和排泄物等等的材料。\n壶口绑着丢掷用的短绳。\n\n能丢向背后的敌人，招来一群血蝇攻击。\n蝇群拥有细小的牙齿，敌人将会蒙受无数撕咬。\n振翅的声音可能会使人抓狂。\n\n排泄物内的蛆会以血为食，长成苍蝇。\n此种苍蝇相当凶猛，却也短命地令人生怜。
480,[ERROR]附绳结冰壶,1,0,[0|0|0],10048000,5,0,0,1,0,-1,0,-1,-1,0,1,0,0,0,-1,-1,-1,10,0,50,0,1,0,0,20,0,0,0,[0|0],1,1,1,1,1,0,1,1,0,0,0,1,1,0,0,0,0,0,0,1,0,0,0,1,0,-1,-1,-1,-1,-1,300320,-1,-1,1,0,0,1,0,0,0,0,0,2,0,1,0,2,0,1,0,600,255,0,0,0,0,0,0,0,0,-1,0,-1,-1,-1,0,0,0,0,0,0,0,0,0,0,0,0,0,0,0,0,0,0,[0|0],0,[0|0|0|0|0|0|0|0],
490,附绳火山壶,1,0,[0|0|0],10049000,5,0,0,-1,0,-1,2300,-1,-1,0,1,0,617,0,-1,-1,-1,10,0,50,0,1,0,0,20,0,0,0,[0|0],1,1,1,1,1,0,1,1,0,0,0,1,1,0,0,0,0,0,0,1,0,0,0,1,0,-1,849000,-1,-1,-1,300330,-1,-1,1,0,0,1,0,0,0,0,0,2,0,1,0,2,0,1,0,600,30,0,0,1,0,0,0,0,0,-1,0,-1,-1,-1,0,0,0,0,0,0,0,0,0,0,0,0,0,0,0,0,0,0,[0|0],0,[0|0|0|0|0|0|0|0],使用龟裂壶制作的其中一项道具。\n壶内封着敲碎的炙热火山石头。\n壶口绑着丢掷用的短绳。\n\n能丢向敌人，产生热气，\n给予接触到的人物火属性伤害。\n热气会在原地短暂停留。
510,附绳圣水壶,1,0,[0|0|0],10051000,5,0,0,-1,0,-1,2260,-1,-1,0,1,0,618,0,-1,-1,-1,10,0,50,0,1,0,0,20,0,0,0,[0|0],1,1,1,1,1,0,1,1,0,0,0,1,1,0,0,0,0,0,0,1,0,0,0,1,0,-1,851000,-1,-1,-1,300340,-1,-1,1,0,0,1,0,0,0,0,0,2,0,1,0,2,0,1,0,600,30,0,0,1,0,0,0,0,0,-1,5,-1,-1,-1,0,0,0,0,0,0,0,0,0,0,0,0,0,0,0,0,0,0,[0|0],0,[0|0|0|0|0|0|0|0],使用龟裂壶制作的其中一项道具。\n执行过黄金律法祷告的壶。\n壶口绑着丢掷用的短绳。\n\n能消耗专注值丢向背后的敌人，给予圣属性伤害。\n\n对死诞者的伤害尤为巨大。\n死诞者被圣水壶打败之后，不会复活。\n黄金律法不允许“因死亡而诞生”的法则存在。
600,火山壶,1,0,[0|0|0],10060000,5,0,0,-1,0,-1,2160,-1,-1,0,1,0,585,0,-1,-1,-1,10,0,50,0,1,0,0,3,0,0,0,[0|0],1,1,1,1,1,0,1,1,0,0,0,1,1,0,0,0,0,0,0,1,0,0,0,1,0,-1,860000,-1,-1,-1,300130,-1,-1,1,0,0,1,0,0,0,0,0,2,0,1,0,2,0,1,0,600,30,0,0,1,0,0,0,0,0,10000000,0,-1,-1,-1,0,0,0,0,0,0,0,0,0,0,0,0,0,0,0,0,0,0,[0|0],710580,[0|0|0|0|0|0|0|0],使用龟裂壶制作的其中一项道具。\n壶内封着敲碎的炙热火山石头。\n\n能丢向敌人，产生热气，\n给予接触到的人物火属性伤害。\n热气会在原地短暂停留。
610,白金壶,1,0,[0|0|0],10061000,5,0,0,-1,0,-1,2210,-1,-1,0,3,0,586,0,-1,-1,-1,10,0,50,0,1,0,0,42,0,0,0,[0|0],1,1,1,1,1,0,1,1,0,0,0,1,1,0,0,0,0,0,0,1,0,0,0,1,0,-1,-1,-1,-1,-1,300360,-1,-1,1,0,0,1,0,0,0,0,0,2,0,1,0,2,0,1,0,600,30,0,0,1,0,0,1,0,0,10000000,8,-1,-1,-1,0,0,0,0,0,0,0,0,0,0,0,0,0,0,0,0,0,0,[0|0],710580,[0|0|0|0|0|0|0|0],使用仪式壶制作的其中一项道具。\n施展过杜鹃魔法的壶。\n\n能消耗专注值丢向敌人，\n一定时间内，妨碍圣杯瓶的恢复效用。\n\n那些杜鹃如此声张：\n看仔细了，你们的血有多么骯脏！\n这种东西哪算得上是正常的生命？
630,咒血壶,1,0,[0|0|0],10063000,21,0,0,-1,0,-1,2180,-1,-1,0,3,0,573,0,-1,-1,-1,10,0,50,0,1,0,7,3,0,0,0,[0|0],1,1,1,1,1,0,1,1,0,0,0,1,1,0,0,0,0,0,0,1,0,0,0,1,0,-1,-1,-1,-1,-1,300370,-1,-1,1,0,0,1,0,0,0,0,0,2,0,1,0,2,0,1,0,600,30,0,0,1,0,0,1,0,0,10000000,0,-1,-1,-1,0,0,0,0,0,0,0,0,0,0,0,0,0,0,0,0,0,0,[0|0],0,[0|0|0|0|0|0|0|0],使用仪式壶制作的其中一项道具。\n表面画上鲜血君王徽章的壶。\n\n能丢向敌人，让对方浑身咒血。\n当敌人浑身咒血时，召唤出来的灵魂\n会发了疯似地攻击对方。\n\n那景象，是鲜血君王的儿时记忆。
640,催眠壶,0,0,[0|0|0],10064000,-1,0,0,-1,0,-1,2150,-1,-1,0,1,0,213,0,-1,-1,-1,10,0,50,0,1,0,0,42,0,0,0,[0|0],1,1,1,1,1,0,1,1,0,0,0,1,1,0,0,0,0,0,0,1,0,0,0,1,0,-1,864000,-1,-1,-1,300210,-1,-1,1,0,0,1,0,0,0,0,0,2,0,1,0,2,0,1,0,600,30,0,0,1,0,0,1,0,0,10000000,9,-1,-1,-1,0,0,0,0,0,0,0,0,0,0,0,0,0,0,0,0,0,0,[0|0],0,[0|0|0|0|0|0|0|0],使用龟裂壶制作的其中一项道具。\n执行过圣女托莉娜祷告的壶。\n\n能消耗专注值丢向敌人，累积催眠量表。\n\n那淡紫色的烟雾，仿佛是摇篮曲──\n陷入如泥般的酣眠吧。
650,怨魂壶,1,0,[0|0|0],10065000,17,0,0,-1,0,-1,2170,-1,-1,0,1,0,196,0,-1,-1,-1,10,0,50,0,1,0,0,42,0,0,0,[0|0],1,1,1,1,1,0,1,1,0,0,0,1,1,0,0,0,0,0,0,1,0,0,0,1,0,-1,865000,-1,-1,-1,300220,-1,-1,1,0,0,1,0,0,0,0,0,2,0,1,0,2,0,1,0,600,30,0,0,1,0,0,0,0,0,10000000,5,-1,-1,-1,0,0,0,0,0,0,0,0,0,0,0,0,0,0,0,0,0,0,[0|0],710580,[0|0|0|0|0|0|0|0],使用龟裂壶制作的其中一项道具。\n执行过古老死亡咒术的壶。\n\n能消耗专注值丢向敌人，\n形成穷追不舍的怨魂群。\n\n在远古时代，死亡会受灵火洗礼，\n据说怨魂是灵火燃烧后的残渣。
660,魔力壶,1,0,[0|0|0],10066000,17,0,0,-1,0,-1,2040,-1,-1,0,1,0,197,0,-1,-1,-1,10,0,50,0,1,0,0,42,0,0,0,[0|0],1,1,1,1,1,0,1,1,0,0,0,1,1,0,0,0,0,0,0,1,0,0,0,1,0,-1,866000,-1,-1,-1,300230,-1,-1,1,0,0,1,0,0,0,0,0,2,0,1,0,2,0,1,0,600,30,0,0,1,0,0,0,0,0,10000000,3,-1,-1,-1,0,0,0,0,0,0,0,0,0,0,0,0,0,0,0,0,0,0,[0|0],710580,[0|0|0|0|0|0|0|0],使用龟裂壶制作的其中一项道具。\n壶内封着各种混和材料，能借此产生魔力。\n在雷亚卢卡利亚被称为“仿造魔法”。\n\n能消耗专注值丢向敌人，给予魔力属性伤害。
661,学院魔力壶,1,0,[0|0|0],10066100,17,0,0,-1,0,-1,2050,-1,-1,0,3,0,559,0,-1,-1,-1,10,0,50,0,1,0,0,42,0,0,0,[0|0],1,1,1,1,1,0,1,1,0,0,0,1,1,0,0,0,0,0,0,1,0,0,0,1,0,-1,866100,-1,-1,-1,300235,-1,-1,1,0,0,1,0,0,0,0,0,2,0,1,0,2,0,1,0,600,30,0,0,1,0,0,0,0,0,10000000,6,-1,-1,-1,0,0,0,0,0,0,0,0,0,0,0,0,0,0,0,0,0,0,[0|0],710580,[0|0|0|0|0|0|0|0],使用仪式壶制作的其中一项道具。\n施展过雷亚卢卡利亚魔法的壶。\n\n能消耗专注值丢向敌人，\n给予大幅魔力属性伤害。\n\n这也是“仿造魔法”的产物之一，\n被运用在学院的警备用途等等。
670,腐败壶,1,0,[0|0|0],10067000,5,0,0,-1,0,-1,2120,-1,-1,0,3,0,611,0,-1,-1,-1,10,0,50,0,1,0,0,3,0,0,0,[0|0],1,1,1,1,1,0,1,1,0,0,0,1,1,0,0,0,0,0,0,1,0,0,0,1,0,-1,-1,-1,-1,-1,300380,-1,-1,1,0,0,1,0,0,0,0,0,2,0,1,0,2,0,1,0,600,30,0,0,1,0,0,1,0,0,10000000,0,-1,-1,-1,0,0,0,0,0,0,0,0,0,0,0,0,0,0,0,0,0,0,[0|0],710580,[0|0|0|0|0|0|0|0],使用仪式壶制作的其中一项道具。\n表面画上猩红飞翼徽章的壶。\n\n能丢向敌人，累积猩红腐败量表。\n\n源自艾奥尼亚沼泽的产物。\n拥有侵蚀生命的作用，犹如恐怖的瘟疫。
810,罗亚果干,0,0,[0|0|0],10081000,1,0,0,10,0,-1,7000,-1,-1,0,-1,0,595,0,-1,-1,-1,30,0,50,0,1,0,0,56,0,0,0,[0|0],1,1,1,1,1,0,1,1,0,0,0,1,1,0,0,0,0,0,0,0,1,0,0,0,0,-1,-1,-1,-1,-1,-1,-1,-1,1,0,0,1,0,0,0,0,0,2,1,1,0,2,0,1,1,600,80,1,0,1,0,0,0,0,0,-1,0,-1,-1,-1,0,0,0,0,0,0,0,0,0,0,0,0,0,0,0,0,0,0,[0|0],0,[0|0|0|0|0|0|0|0],曝晒罗亚果实，干燥处理后的成品。\n能够制作的其中一项道具。\n\n在骑马时喂给灵马托雷特，能恢复它的血量。\n\n人类食用也无法消化。\n托雷特看起来很满意。
811,甜酿果干,1,0,[0|0|0],10081100,1,0,0,10,0,-1,7010,-1,-1,0,-1,0,607,0,-1,-1,-1,30,0,50,0,1,0,0,56,0,0,0,[0|0],1,1,1,1,1,0,1,1,0,0,0,1,1,0,0,0,0,0,0,0,1,0,0,0,0,-1,-1,-1,-1,-1,-1,-1,-1,1,0,0,1,0,0,0,0,0,2,1,1,0,2,0,1,1,600,80,1,0,1,0,0,0,0,0,-1,0,-1,-1,-1,0,0,0,0,0,0,0,0,0,0,0,0,0,0,0,0,0,0,[0|0],0,[0|0|0|0|0|0|0|0],曝晒黄金罗亚果实，干燥处理后的成品。\n能够制作的其中一项道具。\n\n在骑马时喂给灵马托雷特，\n能大幅恢复它的血量。\n\n罗亚果实的金黄部分甘甜如蜜，\n托雷特看起来很满意。
812,冰冻果干,1,0,[0|0|0],10081200,1,0,0,10,0,-1,7020,-1,-1,0,-1,0,608,0,-1,-1,-1,30,0,50,0,1,0,0,56,0,0,0,[0|0],1,1,1,1,1,0,1,1,0,0,0,1,1,0,0,0,0,0,0,0,1,0,0,0,0,-1,-1,-1,-1,-1,-1,-1,-1,1,0,0,1,0,0,0,0,0,2,1,1,0,2,0,1,1,600,80,1,0,1,0,0,0,0,0,-1,0,-1,-1,-1,0,0,0,0,0,0,0,0,0,0,0,0,0,0,0,0,0,0,[0|0],0,[0|0|0|0|0|0|0|0],曝晒罗亚原种果实，干燥处理后的成品。\n能够制作的其中一项道具。\n\n在骑马时喂给灵马托雷特，\n能极大幅恢复它的血量。\n\n干燥过后再经过冰冻处理，口感更为丰富。\n托雷特看起来很满意。
820,煮熟螃蟹,1,0,[0|0|0],500820,12,0,0,50,0,-1,1240,-1,-1,0,-1,0,638,0,-1,-1,-1,99,0,50,0,2,0,0,26,0,0,0,[0|0],1,1,1,1,1,0,1,1,0,0,0,1,1,0,0,0,0,0,0,0,0,0,0,0,0,-1,-1,-1,-1,-1,301350,-1,-1,1,0,1,1,0,0,0,0,0,2,1,1,0,2,0,1,0,600,20,1,0,0,0,0,0,0,0,30000000,0,-1,-1,-1,0,0,0,0,0,0,0,0,0,0,0,0,0,0,0,0,0,0,[0|0],0,[0|0|0|0|0|0|0|0],煮熟的螃蟹肉，滑嫩多汁的美食。\n据说盐的用量多寡也是有诀窍。\n\n一定时间内，能大幅提升物理减伤率。\n\n跟煮熟虾子的情况不同，\n这道料理用的是货真价实的螃蟹。\n总而言之，食物好吃就好。
830,煮熟虾子,1,0,[0|0|0],500830,12,0,0,50,0,-1,1230,-1,-1,0,-1,0,639,0,-1,-1,-1,99,0,50,0,2,0,0,26,0,0,0,[0|0],1,1,1,1,1,0,1,1,0,0,0,1,1,0,0,0,0,0,0,0,0,0,0,0,0,-1,-1,-1,-1,-1,301360,-1,-1,1,0,1,1,0,0,0,0,0,2,1,1,0,2,0,1,0,600,20,1,0,0,0,0,0,0,0,30000000,0,-1,-1,-1,0,0,0,0,0,0,0,0,0,0,0,0,0,0,0,0,0,0,[0|0],0,[0|0|0|0|0|0|0|0],煮熟的虾子肉，滑嫩多汁的美食。\n据说盐的用量多寡有诀窍。\n\n一定时间内，能提升物理减伤率。\n\n但这其实是螯虾肉。\n总而言之，食物好吃就好。
900,中毒苔药,0,0,[0|0|0],3060,12,0,0,100,0,-1,1000,-1,-1,0,-1,0,43,0,-1,-1,-1,99,0,50,0,2,0,0,0,0,0,0,[0|0],1,1,1,1,1,0,1,1,0,0,0,1,1,0,0,0,0,0,0,0,0,0,0,0,0,-1,-1,-1,-1,-1,-1,301033,-1,1,0,1,1,0,0,0,0,0,2,1,1,0,2,0,1,0,600,20,1,0,1,0,0,0,0,0,-1,0,-1,-1,-1,0,0,0,0,0,0,0,0,0,0,0,0,0,0,0,0,0,0,[0|0],0,[0|0|0|0|0|0|0|0],使用洞窟苔藓制成的绿色药丸。\n能够制作的其中一项道具。\n\n能减轻中毒量表的累积，治愈中毒状态。\n\n中毒的量表会持续累积，\n突破界限后会引发异常状态中毒。\n在中毒状态时，一定时间内会持续减少血量。
910,出血苔药,0,0,[0|0|0],3050,11,0,0,100,0,-1,1020,-1,-1,0,-1,0,44,0,-1,-1,-1,99,0,50,0,2,0,0,0,0,0,0,[0|0],1,1,1,1,1,0,1,1,0,0,0,1,1,0,0,0,0,0,0,0,0,0,0,0,0,-1,-1,-1,-1,-1,-1,301031,-1,1,0,1,1,0,0,0,0,0,2,1,1,0,2,0,1,0,600,20,1,0,1,0,0,0,0,0,-1,0,-1,-1,-1,0,0,0,0,0,0,0,0,0,0,0,0,0,0,0,0,0,0,[0|0],0,[0|0|0|0|0|0|0|0],使用洞窟苔藓制成的红色药丸。\n能够制作的其中一项道具。\n\n能减轻出血量表的累积。\n\n出血的量表会逐渐累积，\n突破界限后会受到大损伤。\n在陷入窘境之前，最好先行服用药丸。
920,冻伤苔药,1,0,[0|0|0],3092,12,0,0,100,0,-1,1030,-1,-1,0,-1,0,45,0,-1,-1,-1,99,0,50,0,2,0,0,0,0,0,0,[0|0],1,1,1,1,1,0,1,1,0,0,0,1,1,0,0,0,0,0,0,0,0,0,0,0,0,-1,-1,-1,-1,-1,-1,301039,-1,1,0,1,1,0,0,0,0,0,2,1,1,0,2,0,1,0,600,20,1,0,1,0,0,0,0,0,-1,0,-1,-1,-1,0,0,0,0,0,0,0,0,0,0,0,0,0,0,0,0,0,0,[0|0],0,[0|0|0|0|0|0|0|0],使用洞窟苔藓制成的冰白色药丸。\n能够制作的其中一项道具。\n\n能减轻冻伤量表的累积，治愈冻伤状态。\n\n冻伤的量表会逐渐累积，\n突破界限后会陷入冻伤、受到损伤，\n并在一定时间内，受到攻击时的损伤加剧。
930,催眠苔药,1,0,[0|0|0],3055,12,0,0,100,0,-1,1040,-1,-1,0,-1,0,46,0,-1,-1,-1,99,0,50,0,2,0,0,0,0,0,0,[0|0],1,1,1,1,1,0,1,1,0,0,0,1,1,0,0,0,0,0,0,0,0,0,0,0,0,-1,-1,-1,-1,-1,-1,301037,-1,1,0,1,1,0,0,0,0,0,2,1,1,0,2,0,1,0,600,20,1,0,1,0,0,0,0,0,-1,0,-1,-1,-1,0,0,0,0,0,0,0,0,0,0,0,0,0,0,0,0,0,0,[0|0],0,[0|0|0|0|0|0|0|0],使用洞窟苔藓制成的淡紫色药丸。\n能够制作的其中一项道具。\n\n能减轻催眠量表的累积。\n\n催眠的量表会逐渐累积，\n突破界限后虽然不会沉睡，\n但意识会瞬间模糊，也会减少专注值。\n\n在陷入窘境之前，最好先行服用药丸。
940,腐败苔药,1,0,[0|0|0],3070,13,0,0,200,0,-1,1010,-1,-1,0,-1,0,47,0,-1,-1,-1,99,0,50,0,2,0,0,0,0,0,0,[0|0],1,1,1,1,1,0,1,1,0,0,0,1,1,0,0,0,0,0,0,0,0,0,0,0,0,-1,-1,-1,-1,-1,-1,301035,-1,1,0,1,1,0,0,0,0,0,2,1,1,0,2,0,1,0,600,20,1,0,1,0,0,1,0,0,-1,0,-1,-1,-1,0,0,0,0,0,0,0,0,0,0,0,0,0,0,0,0,0,0,[0|0],0,[0|0|0|0|0|0|0|0],使用洞窟苔藓制成的猩红色药丸。\n能够制作的其中一项道具。\n\n能减轻猩红腐败量表的累积，治愈腐败状态。\n\n猩红腐败的量表会逐渐累积，\n突破界限后会引发异常状态猩红腐败。\n在腐败状态时，一定时间内会持续大幅减少血量。
950,死亡苔药,1,0,[0|0|0],3090,15,0,0,200,0,-1,1060,-1,-1,0,-1,0,950,0,-1,-1,-1,99,0,50,0,2,0,0,0,0,0,0,[0|0],1,1,1,1,1,0,1,1,0,0,0,1,1,0,0,0,0,0,0,0,0,0,0,0,0,-1,-1,-1,-1,-1,-1,301041,-1,1,0,1,1,0,0,0,0,0,2,1,1,0,2,0,1,0,600,20,1,0,1,0,0,1,0,0,-1,0,-1,-1,-1,0,0,0,0,0,0,0,0,0,0,0,0,0,0,0,0,0,0,[0|0],0,[0|0|0|0|0|0|0|0],使用洞窟苔藓制成的黑色药丸。\n能够制作的其中一项道具。\n\n能减轻死亡量表的累积。\n\n死亡的量表会逐渐累积，\n突破界限后会立刻死亡。\n在陷入窘境之前，最好先行服用药丸。
960,发狂苔药,1,0,[0|0|0],3065,12,0,0,200,0,-1,1050,-1,-1,0,-1,0,49,0,-1,-1,-1,99,0,50,0,2,0,0,0,0,0,0,[0|0],1,1,1,1,1,0,1,1,0,0,0,1,1,0,0,0,0,0,0,0,0,0,0,0,0,-1,-1,-1,-1,-1,-1,301043,-1,1,0,1,1,0,0,0,0,0,2,1,1,0,2,0,1,0,600,20,1,0,1,0,0,1,0,0,-1,0,-1,-1,-1,0,0,0,0,0,0,0,0,0,0,0,0,0,0,0,0,0,0,[0|0],0,[0|0|0|0|0|0|0|0],使用洞窟苔藓制成的黄色药丸。\n能够制作的其中一项道具。\n\n能减轻发狂量表的累积。\n\n发狂的量表会逐渐累积，\n突破界限后会受到大损伤，专注值也会减少。\n\n在陷入窘境之前，最好先行服用药丸。
1000,红露滴圣杯瓶,0,0,[0|0|0],-1,1,0,0,-1,0,1001,0,-1,-1,0,-1,0,15,0,-1,-1,-1,1,0,50,0,0,0,1,254,0,0,0,[0|0],1,1,1,1,1,0,1,0,1,0,0,0,0,0,0,1,0,0,0,1,1,0,0,0,0,-1,-1,-1,-1,-1,301001,-1,-1,1,0,1,1,0,0,0,0,1,0,0,1,0,2,0,1,0,1,10,1,0,0,0,0,3,0,0,-1,0,-1,-1,-1,0,0,0,0,0,0,0,0,0,0,0,0,0,0,0,0,0,0,[0|0],0,[0|0|0|0|0|0|0|0],据说黄金圣杯承接过恩惠露滴，\n此为参考黄金圣杯制成的瓶子。\n\n装满红色露滴之后，使用能恢复血量。\n目前里头空无一物，在赐福休息能获得补充。\n\n为了追求艾尔登法环，漂流至墓地──\n那逐渐步向死亡的身体，\n有了此物想必也能为之痊愈。
1001,红露滴圣杯瓶,0,0,[0|0|0],501000,1,0,0,-1,0,1000,0,-1,-1,0,-1,0,16,0,-1,-1,-1,20,0,50,0,2,0,1,10,0,0,0,[0|0],1,1,1,1,1,0,1,1,1,0,0,0,0,0,0,0,1,0,0,1,1,0,0,0,1,-1,-1,-1,-1,-1,301000,-1,301002,1,0,1,1,0,0,0,0,1,0,0,1,0,2,0,1,0,20,10,1,0,0,0,0,3,0,0,-1,0,-1,-1,-1,0,0,0,0,0,0,0,0,0,0,0,0,0,0,0,0,0,0,[0|0],0,[0|0|0|0|0|0|0|0],据说黄金圣杯承接过恩惠露滴，\n此为参考黄金圣杯制成的瓶子。\n\n装满红色露滴之后，使用能恢复血量。\n在赐福休息能获得补充。\n\n为了追求艾尔登法环，漂流至墓地──\n那逐渐步向死亡的身体，\n有了此物想必也能为之痊愈。
1002,红露滴圣杯瓶＋１,0,0,[0|0|0],-1,1,0,0,-1,0,1003,0,-1,-1,0,-1,0,15,0,-1,-1,-1,1,0,50,0,0,0,1,254,0,0,0,[0|0],1,1,1,1,1,0,1,0,1,0,0,0,0,0,0,1,0,0,0,1,1,0,0,0,0,-1,-1,-1,-1,-1,301001,-1,-1,1,0,1,1,0,0,0,0,1,0,0,1,0,2,0,1,0,1,10,1,0,0,0,0,3,0,0,-1,0,-1,-1,-1,0,0,0,0,0,0,0,0,0,0,0,0,0,0,0,0,0,0,[0|0],0,[0|0|0|0|0|0|0|0],据说黄金圣杯承接过恩惠露滴，\n此为参考黄金圣杯制成的瓶子。\n\n装满红色露滴之后，使用能恢复血量。\n目前里头空无一物，在赐福休息能获得补充。\n\n为了追求艾尔登法环，漂流至墓地──\n那逐渐步向死亡的身体，\n有了此物想必也能为之痊愈。
1003,红露滴圣杯瓶＋１,0,0,[0|0|0],501001,1,0,0,-1,0,1002,0,-1,-1,0,-1,0,16,0,-1,-1,-1,20,0,50,0,2,0,1,10,0,0,0,[0|0],1,1,1,1,1,0,1,1,1,0,0,0,0,0,0,0,1,0,0,1,1,0,0,0,1,-1,-1,-1,-1,-1,301000,-1,301002,1,0,1,1,0,0,0,0,1,0,0,1,0,2,0,1,0,20,10,1,0,0,0,0,3,0,0,-1,0,-1,-1,-1,0,0,0,0,0,0,0,0,0,0,0,0,0,0,0,0,0,0,[0|0],0,[0|0|0|0|0|0|0|0],据说黄金圣杯承接过恩惠露滴，\n此为参考黄金圣杯制成的瓶子。\n\n装满红色露滴之后，使用能恢复血量。\n在赐福休息能获得补充。\n\n为了追求艾尔登法环，漂流至墓地──\n那逐渐步向死亡的身体，\n有了此物想必也能为之痊愈。
1004,红露滴圣杯瓶＋２,0,0,[0|0|0],-1,1,0,0,-1,0,1005,0,-1,-1,0,-1,0,15,0,-1,-1,-1,1,0,50,0,0,0,1,254,0,0,0,[0|0],1,1,1,1,1,0,1,0,1,0,0,0,0,0,0,1,0,0,0,1,1,0,0,0,0,-1,-1,-1,-1,-1,301001,-1,-1,1,0,1,1,0,0,0,0,1,0,0,1,0,2,0,1,0,1,10,1,0,0,0,0,3,0,0,-1,0,-1,-1,-1,0,0,0,0,0,0,0,0,0,0,0,0,0,0,0,0,0,0,[0|0],0,[0|0|0|0|0|0|0|0],据说黄金圣杯承接过恩惠露滴，\n此为参考黄金圣杯制成的瓶子。\n\n装满红色露滴之后，使用能恢复血量。\n目前里头空无一物，在赐福休息能获得补充。\n\n为了追求艾尔登法环，漂流至墓地──\n那逐渐步向死亡的身体，\n有了此物想必也能为之痊愈。
1005,红露滴圣杯瓶＋２,0,0,[0|0|0],501002,1,0,0,-1,0,1004,0,-1,-1,0,-1,0,16,0,-1,-1,-1,20,0,50,0,2,0,1,10,0,0,0,[0|0],1,1,1,1,1,0,1,1,1,0,0,0,0,0,0,0,1,0,0,1,1,0,0,0,1,-1,-1,-1,-1,-1,301000,-1,301002,1,0,1,1,0,0,0,0,1,0,0,1,0,2,0,1,0,20,10,1,0,0,0,0,3,0,0,-1,0,-1,-1,-1,0,0,0,0,0,0,0,0,0,0,0,0,0,0,0,0,0,0,[0|0],0,[0|0|0|0|0|0|0|0],据说黄金圣杯承接过恩惠露滴，\n此为参考黄金圣杯制成的瓶子。\n\n装满红色露滴之后，使用能恢复血量。\n在赐福休息能获得补充。\n\n为了追求艾尔登法环，漂流至墓地──\n那逐渐步向死亡的身体，\n有了此物想必也能为之痊愈。
1006,红露滴圣杯瓶＋３,0,0,[0|0|0],-1,1,0,0,-1,0,1007,0,-1,-1,0,-1,0,15,0,-1,-1,-1,1,0,50,0,0,0,1,254,0,0,0,[0|0],1,1,1,1,1,0,1,0,1,0,0,0,0,0,0,1,0,0,0,1,1,0,0,0,0,-1,-1,-1,-1,-1,301001,-1,-1,1,0,1,1,0,0,0,0,1,0,0,1,0,2,0,1,0,1,10,1,0,0,0,0,3,0,0,-1,0,-1,-1,-1,0,0,0,0,0,0,0,0,0,0,0,0,0,0,0,0,0,0,[0|0],0,[0|0|0|0|0|0|0|0],据说黄金圣杯承接过恩惠露滴，\n此为参考黄金圣杯制成的瓶子。\n\n装满红色露滴之后，使用能恢复血量。\n目前里头空无一物，在赐福休息能获得补充。\n\n为了追求艾尔登法环，漂流至墓地──\n那逐渐步向死亡的身体，\n有了此物想必也能为之痊愈。
1007,红露滴圣杯瓶＋３,0,0,[0|0|0],501003,1,0,0,-1,0,1006,0,-1,-1,0,-1,0,16,0,-1,-1,-1,20,0,50,0,2,0,1,10,0,0,0,[0|0],1,1,1,1,1,0,1,1,1,0,0,0,0,0,0,0,1,0,0,1,1,0,0,0,1,-1,-1,-1,-1,-1,301000,-1,301002,1,0,1,1,0,0,0,0,1,0,0,1,0,2,0,1,0,20,10,1,0,0,0,0,3,0,0,-1,0,-1,-1,-1,0,0,0,0,0,0,0,0,0,0,0,0,0,0,0,0,0,0,[0|0],0,[0|0|0|0|0|0|0|0],据说黄金圣杯承接过恩惠露滴，\n此为参考黄金圣杯制成的瓶子。\n\n装满红色露滴之后，使用能恢复血量。\n在赐福休息能获得补充。\n\n为了追求艾尔登法环，漂流至墓地──\n那逐渐步向死亡的身体，\n有了此物想必也能为之痊愈。
1008,红露滴圣杯瓶＋４,0,0,[0|0|0],-1,1,0,0,-1,0,1009,0,-1,-1,0,-1,0,15,0,-1,-1,-1,1,0,50,0,0,0,1,254,0,0,0,[0|0],1,1,1,1,1,0,1,0,1,0,0,0,0,0,0,1,0,0,0,1,1,0,0,0,0,-1,-1,-1,-1,-1,301001,-1,-1,1,0,1,1,0,0,0,0,1,0,0,1,0,2,0,1,0,1,10,1,0,0,0,0,3,0,0,-1,0,-1,-1,-1,0,0,0,0,0,0,0,0,0,0,0,0,0,0,0,0,0,0,[0|0],0,[0|0|0|0|0|0|0|0],据说黄金圣杯承接过恩惠露滴，\n此为参考黄金圣杯制成的瓶子。\n\n装满红色露滴之后，使用能恢复血量。\n目前里头空无一物，在赐福休息能获得补充。\n\n为了追求艾尔登法环，漂流至墓地──\n那逐渐步向死亡的身体，\n有了此物想必也能为之痊愈。
1009,红露滴圣杯瓶＋４,0,0,[0|0|0],501004,1,0,0,-1,0,1008,0,-1,-1,0,-1,0,16,0,-1,-1,-1,20,0,50,0,2,0,1,10,0,0,0,[0|0],1,1,1,1,1,0,1,1,1,0,0,0,0,0,0,0,1,0,0,1,1,0,0,0,1,-1,-1,-1,-1,-1,301000,-1,301002,1,0,1,1,0,0,0,0,1,0,0,1,0,2,0,1,0,20,10,1,0,0,0,0,3,0,0,-1,0,-1,-1,-1,0,0,0,0,0,0,0,0,0,0,0,0,0,0,0,0,0,0,[0|0],0,[0|0|0|0|0|0|0|0],据说黄金圣杯承接过恩惠露滴，\n此为参考黄金圣杯制成的瓶子。\n\n装满红色露滴之后，使用能恢复血量。\n在赐福休息能获得补充。\n\n为了追求艾尔登法环，漂流至墓地──\n那逐渐步向死亡的身体，\n有了此物想必也能为之痊愈。
1010,红露滴圣杯瓶＋５,0,0,[0|0|0],-1,1,0,0,-1,0,1011,0,-1,-1,0,-1,0,15,0,-1,-1,-1,1,0,50,0,0,0,1,254,0,0,0,[0|0],1,1,1,1,1,0,1,0,1,0,0,0,0,0,0,1,0,0,0,1,1,0,0,0,0,-1,-1,-1,-1,-1,301001,-1,-1,1,0,1,1,0,0,0,0,1,0,0,1,0,2,0,1,0,1,10,1,0,0,0,0,3,0,0,-1,0,-1,-1,-1,0,0,0,0,0,0,0,0,0,0,0,0,0,0,0,0,0,0,[0|0],0,[0|0|0|0|0|0|0|0],据说黄金圣杯承接过恩惠露滴，\n此为参考黄金圣杯制成的瓶子。\n\n装满红色露滴之后，使用能恢复血量。\n目前里头空无一物，在赐福休息能获得补充。\n\n为了追求艾尔登法环，漂流至墓地──\n那逐渐步向死亡的身体，\n有了此物想必也能为之痊愈。
1011,红露滴圣杯瓶＋５,0,0,[0|0|0],501005,1,0,0,-1,0,1010,0,-1,-1,0,-1,0,16,0,-1,-1,-1,20,0,50,0,2,0,1,10,0,0,0,[0|0],1,1,1,1,1,0,1,1,1,0,0,0,0,0,0,0,1,0,0,1,1,0,0,0,1,-1,-1,-1,-1,-1,301000,-1,301002,1,0,1,1,0,0,0,0,1,0,0,1,0,2,0,1,0,20,10,1,0,0,0,0,3,0,0,-1,0,-1,-1,-1,0,0,0,0,0,0,0,0,0,0,0,0,0,0,0,0,0,0,[0|0],0,[0|0|0|0|0|0|0|0],据说黄金圣杯承接过恩惠露滴，\n此为参考黄金圣杯制成的瓶子。\n\n装满红色露滴之后，使用能恢复血量。\n在赐福休息能获得补充。\n\n为了追求艾尔登法环，漂流至墓地──\n那逐渐步向死亡的身体，\n有了此物想必也能为之痊愈。
1012,红露滴圣杯瓶＋６,0,0,[0|0|0],-1,1,0,0,-1,0,1013,0,-1,-1,0,-1,0,15,0,-1,-1,-1,1,0,50,0,0,0,1,254,0,0,0,[0|0],1,1,1,1,1,0,1,0,1,0,0,0,0,0,0,1,0,0,0,1,1,0,0,0,0,-1,-1,-1,-1,-1,301001,-1,-1,1,0,1,1,0,0,0,0,1,0,0,1,0,2,0,1,0,1,10,1,0,0,0,0,3,0,0,-1,0,-1,-1,-1,0,0,0,0,0,0,0,0,0,0,0,0,0,0,0,0,0,0,[0|0],0,[0|0|0|0|0|0|0|0],据说黄金圣杯承接过恩惠露滴，\n此为参考黄金圣杯制成的瓶子。\n\n装满红色露滴之后，使用能恢复血量。\n目前里头空无一物，在赐福休息能获得补充。\n\n为了追求艾尔登法环，漂流至墓地──\n那逐渐步向死亡的身体，\n有了此物想必也能为之痊愈。
1013,红露滴圣杯瓶＋６,0,0,[0|0|0],501006,1,0,0,-1,0,1012,0,-1,-1,0,-1,0,16,0,-1,-1,-1,20,0,50,0,2,0,1,10,0,0,0,[0|0],1,1,1,1,1,0,1,1,1,0,0,0,0,0,0,0,1,0,0,1,1,0,0,0,1,-1,-1,-1,-1,-1,301000,-1,301002,1,0,1,1,0,0,0,0,1,0,0,1,0,2,0,1,0,20,10,1,0,0,0,0,3,0,0,-1,0,-1,-1,-1,0,0,0,0,0,0,0,0,0,0,0,0,0,0,0,0,0,0,[0|0],0,[0|0|0|0|0|0|0|0],据说黄金圣杯承接过恩惠露滴，\n此为参考黄金圣杯制成的瓶子。\n\n装满红色露滴之后，使用能恢复血量。\n在赐福休息能获得补充。\n\n为了追求艾尔登法环，漂流至墓地──\n那逐渐步向死亡的身体，\n有了此物想必也能为之痊愈。
1014,红露滴圣杯瓶＋７,0,0,[0|0|0],-1,1,0,0,-1,0,1015,0,-1,-1,0,-1,0,15,0,-1,-1,-1,1,0,50,0,0,0,1,254,0,0,0,[0|0],1,1,1,1,1,0,1,0,1,0,0,0,0,0,0,1,0,0,0,1,1,0,0,0,0,-1,-1,-1,-1,-1,301001,-1,-1,1,0,1,1,0,0,0,0,1,0,0,1,0,2,0,1,0,1,10,1,0,0,0,0,3,0,0,-1,0,-1,-1,-1,0,0,0,0,0,0,0,0,0,0,0,0,0,0,0,0,0,0,[0|0],0,[0|0|0|0|0|0|0|0],据说黄金圣杯承接过恩惠露滴，\n此为参考黄金圣杯制成的瓶子。\n\n装满红色露滴之后，使用能恢复血量。\n目前里头空无一物，在赐福休息能获得补充。\n\n为了追求艾尔登法环，漂流至墓地──\n那逐渐步向死亡的身体，\n有了此物想必也能为之痊愈。
1015,红露滴圣杯瓶＋７,0,0,[0|0|0],501007,1,0,0,-1,0,1014,0,-1,-1,0,-1,0,16,0,-1,-1,-1,20,0,50,0,2,0,1,10,0,0,0,[0|0],1,1,1,1,1,0,1,1,1,0,0,0,0,0,0,0,1,0,0,1,1,0,0,0,1,-1,-1,-1,-1,-1,301000,-1,301002,1,0,1,1,0,0,0,0,1,0,0,1,0,2,0,1,0,20,10,1,0,0,0,0,3,0,0,-1,0,-1,-1,-1,0,0,0,0,0,0,0,0,0,0,0,0,0,0,0,0,0,0,[0|0],0,[0|0|0|0|0|0|0|0],据说黄金圣杯承接过恩惠露滴，\n此为参考黄金圣杯制成的瓶子。\n\n装满红色露滴之后，使用能恢复血量。\n在赐福休息能获得补充。\n\n为了追求艾尔登法环，漂流至墓地──\n那逐渐步向死亡的身体，\n有了此物想必也能为之痊愈。
1016,红露滴圣杯瓶＋８,0,0,[0|0|0],-1,1,0,0,-1,0,1017,0,-1,-1,0,-1,0,15,0,-1,-1,-1,1,0,50,0,0,0,1,254,0,0,0,[0|0],1,1,1,1,1,0,1,0,1,0,0,0,0,0,0,1,0,0,0,1,1,0,0,0,0,-1,-1,-1,-1,-1,301001,-1,-1,1,0,1,1,0,0,0,0,1,0,0,1,0,2,0,1,0,1,10,1,0,0,0,0,3,0,0,-1,0,-1,-1,-1,0,0,0,0,0,0,0,0,0,0,0,0,0,0,0,0,0,0,[0|0],0,[0|0|0|0|0|0|0|0],据说黄金圣杯承接过恩惠露滴，\n此为参考黄金圣杯制成的瓶子。\n\n装满红色露滴之后，使用能恢复血量。\n目前里头空无一物，在赐福休息能获得补充。\n\n为了追求艾尔登法环，漂流至墓地──\n那逐渐步向死亡的身体，\n有了此物想必也能为之痊愈。
1017,红露滴圣杯瓶＋８,0,0,[0|0|0],501008,1,0,0,-1,0,1016,0,-1,-1,0,-1,0,16,0,-1,-1,-1,20,0,50,0,2,0,1,10,0,0,0,[0|0],1,1,1,1,1,0,1,1,1,0,0,0,0,0,0,0,1,0,0,1,1,0,0,0,1,-1,-1,-1,-1,-1,301000,-1,301002,1,0,1,1,0,0,0,0,1,0,0,1,0,2,0,1,0,20,10,1,0,0,0,0,3,0,0,-1,0,-1,-1,-1,0,0,0,0,0,0,0,0,0,0,0,0,0,0,0,0,0,0,[0|0],0,[0|0|0|0|0|0|0|0],据说黄金圣杯承接过恩惠露滴，\n此为参考黄金圣杯制成的瓶子。\n\n装满红色露滴之后，使用能恢复血量。\n在赐福休息能获得补充。\n\n为了追求艾尔登法环，漂流至墓地──\n那逐渐步向死亡的身体，\n有了此物想必也能为之痊愈。
1018,红露滴圣杯瓶＋９,0,0,[0|0|0],-1,1,0,0,-1,0,1019,0,-1,-1,0,-1,0,15,0,-1,-1,-1,1,0,50,0,0,0,1,254,0,0,0,[0|0],1,1,1,1,1,0,1,0,1,0,0,0,0,0,0,1,0,0,0,1,1,0,0,0,0,-1,-1,-1,-1,-1,301001,-1,-1,1,0,1,1,0,0,0,0,1,0,0,1,0,2,0,1,0,1,10,1,0,0,0,0,3,0,0,-1,0,-1,-1,-1,0,0,0,0,0,0,0,0,0,0,0,0,0,0,0,0,0,0,[0|0],0,[0|0|0|0|0|0|0|0],据说黄金圣杯承接过恩惠露滴，\n此为参考黄金圣杯制成的瓶子。\n\n装满红色露滴之后，使用能恢复血量。\n目前里头空无一物，在赐福休息能获得补充。\n\n为了追求艾尔登法环，漂流至墓地──\n那逐渐步向死亡的身体，\n有了此物想必也能为之痊愈。
1019,红露滴圣杯瓶＋９,0,0,[0|0|0],501009,1,0,0,-1,0,1018,0,-1,-1,0,-1,0,16,0,-1,-1,-1,20,0,50,0,2,0,1,10,0,0,0,[0|0],1,1,1,1,1,0,1,1,1,0,0,0,0,0,0,0,1,0,0,1,1,0,0,0,1,-1,-1,-1,-1,-1,301000,-1,301002,1,0,1,1,0,0,0,0,1,0,0,1,0,2,0,1,0,20,10,1,0,0,0,0,3,0,0,-1,0,-1,-1,-1,0,0,0,0,0,0,0,0,0,0,0,0,0,0,0,0,0,0,[0|0],0,[0|0|0|0|0|0|0|0],据说黄金圣杯承接过恩惠露滴，\n此为参考黄金圣杯制成的瓶子。\n\n装满红色露滴之后，使用能恢复血量。\n在赐福休息能获得补充。\n\n为了追求艾尔登法环，漂流至墓地──\n那逐渐步向死亡的身体，\n有了此物想必也能为之痊愈。
1020,红露滴圣杯瓶＋１０,0,0,[0|0|0],-1,1,0,0,-1,0,1021,0,-1,-1,0,-1,0,15,0,-1,-1,-1,1,0,50,0,0,0,1,254,0,0,0,[0|0],1,1,1,1,1,0,1,0,1,0,0,0,0,0,0,1,0,0,0,1,1,0,0,0,0,-1,-1,-1,-1,-1,301001,-1,-1,1,0,1,1,0,0,0,0,1,0,0,1,0,2,0,1,0,1,10,1,0,0,0,0,3,0,0,-1,0,-1,-1,-1,0,0,0,0,0,0,0,0,0,0,0,0,0,0,0,0,0,0,[0|0],0,[0|0|0|0|0|0|0|0],据说黄金圣杯承接过恩惠露滴，\n此为参考黄金圣杯制成的瓶子。\n\n装满红色露滴之后，使用能恢复血量。\n目前里头空无一物，在赐福休息能获得补充。\n\n为了追求艾尔登法环，漂流至墓地──\n那逐渐步向死亡的身体，\n有了此物想必也能为之痊愈。
1021,红露滴圣杯瓶＋１０,0,0,[0|0|0],501010,1,0,0,-1,0,1020,0,-1,-1,0,-1,0,16,0,-1,-1,-1,20,0,50,0,2,0,1,10,0,0,0,[0|0],1,1,1,1,1,0,1,1,1,0,0,0,0,0,0,0,1,0,0,1,1,0,0,0,1,-1,-1,-1,-1,-1,301000,-1,301002,1,0,1,1,0,0,0,0,1,0,0,1,0,2,0,1,0,20,10,1,0,0,0,0,3,0,0,-1,0,-1,-1,-1,0,0,0,0,0,0,0,0,0,0,0,0,0,0,0,0,0,0,[0|0],0,[0|0|0|0|0|0|0|0],据说黄金圣杯承接过恩惠露滴，\n此为参考黄金圣杯制成的瓶子。\n\n装满红色露滴之后，使用能恢复血量。\n在赐福休息能获得补充。\n\n为了追求艾尔登法环，漂流至墓地──\n那逐渐步向死亡的身体，\n有了此物想必也能为之痊愈。
1022,红露滴圣杯瓶＋１１,0,0,[0|0|0],-1,1,0,0,-1,0,1023,0,-1,-1,0,-1,0,15,0,-1,-1,-1,1,0,50,0,0,0,1,254,0,0,0,[0|0],1,1,1,1,1,0,1,0,1,0,0,0,0,0,0,1,0,0,0,1,1,0,0,0,0,-1,-1,-1,-1,-1,301001,-1,-1,1,0,1,1,0,0,0,0,1,0,0,1,0,2,0,1,0,1,10,1,0,0,0,0,3,0,0,-1,0,-1,-1,-1,0,0,0,0,0,0,0,0,0,0,0,0,0,0,0,0,0,0,[0|0],0,[0|0|0|0|0|0|0|0],据说黄金圣杯承接过恩惠露滴，\n此为参考黄金圣杯制成的瓶子。\n\n装满红色露滴之后，使用能恢复血量。\n目前里头空无一物，在赐福休息能获得补充。\n\n为了追求艾尔登法环，漂流至墓地──\n那逐渐步向死亡的身体，\n有了此物想必也能为之痊愈。
1023,红露滴圣杯瓶＋１１,0,0,[0|0|0],501011,1,0,0,-1,0,1022,0,-1,-1,0,-1,0,16,0,-1,-1,-1,20,0,50,0,2,0,1,10,0,0,0,[0|0],1,1,1,1,1,0,1,1,1,0,0,0,0,0,0,0,1,0,0,1,1,0,0,0,1,-1,-1,-1,-1,-1,301000,-1,301002,1,0,1,1,0,0,0,0,1,0,0,1,0,2,0,1,0,20,10,1,0,0,0,0,3,0,0,-1,0,-1,-1,-1,0,0,0,0,0,0,0,0,0,0,0,0,0,0,0,0,0,0,[0|0],0,[0|0|0|0|0|0|0|0],据说黄金圣杯承接过恩惠露滴，\n此为参考黄金圣杯制成的瓶子。\n\n装满红色露滴之后，使用能恢复血量。\n在赐福休息能获得补充。\n\n为了追求艾尔登法环，漂流至墓地──\n那逐渐步向死亡的身体，\n有了此物想必也能为之痊愈。
1024,红露滴圣杯瓶＋１２,0,0,[0|0|0],-1,1,0,0,-1,0,1025,0,-1,-1,0,-1,0,15,0,-1,-1,-1,1,0,50,0,0,0,1,254,0,0,0,[0|0],1,1,1,1,1,0,1,0,1,0,0,0,0,0,0,1,0,0,0,1,1,0,0,0,0,-1,-1,-1,-1,-1,301001,-1,-1,1,0,1,1,0,0,0,0,1,0,0,1,0,2,0,1,0,1,10,1,0,0,0,0,3,0,0,-1,0,-1,-1,-1,0,0,0,0,0,0,0,0,0,0,0,0,0,0,0,0,0,0,[0|0],0,[0|0|0|0|0|0|0|0],据说黄金圣杯承接过恩惠露滴，\n此为参考黄金圣杯制成的瓶子。\n\n装满红色露滴之后，使用能恢复血量。\n目前里头空无一物，在赐福休息能获得补充。\n\n为了追求艾尔登法环，漂流至墓地──\n那逐渐步向死亡的身体，\n有了此物想必也能为之痊愈。
1025,红露滴圣杯瓶＋１２,0,0,[0|0|0],501012,1,0,0,-1,0,1024,0,-1,-1,0,-1,0,16,0,-1,-1,-1,20,0,50,0,2,0,1,10,0,0,0,[0|0],1,1,1,1,1,0,1,1,1,0,0,0,0,0,0,0,1,0,0,1,1,0,0,0,1,-1,-1,-1,-1,-1,301000,-1,301002,1,0,1,1,0,0,0,0,1,0,0,1,0,2,0,1,0,20,10,1,0,0,0,0,3,0,0,-1,0,-1,-1,-1,0,0,0,0,0,0,0,0,0,0,0,0,0,0,0,0,0,0,[0|0],0,[0|0|0|0|0|0|0|0],据说黄金圣杯承接过恩惠露滴，\n此为参考黄金圣杯制成的瓶子。\n\n装满红色露滴之后，使用能恢复血量。\n在赐福休息能获得补充。\n\n为了追求艾尔登法环，漂流至墓地──\n那逐渐步向死亡的身体，\n有了此物想必也能为之痊愈。
1050,蓝露滴圣杯瓶,0,0,[0|0|0],-1,1,0,0,-1,0,1051,100,-1,-1,0,-1,0,19,0,-1,-1,-1,1,0,50,0,0,0,0,254,0,0,0,[0|0],1,1,1,1,1,0,1,0,1,0,0,0,0,0,0,1,0,0,0,1,0,0,0,0,0,-1,-1,-1,-1,-1,301051,-1,-1,1,0,1,1,0,0,0,0,2,0,0,1,0,2,0,1,0,1,10,1,0,0,0,0,3,0,0,-1,0,-1,-1,-1,0,0,0,0,0,0,0,0,0,0,0,0,0,0,0,0,0,0,[0|0],0,[0|0|0|0|0|0|0|0],据说黄金圣杯承接过恩惠露滴，\n此为参考黄金圣杯制成的瓶子。\n\n装满蓝色露滴之后，使用能恢复专注值。\n目前里头空无一物，在赐福休息能获得补充。\n\n为了追求艾尔登法环，漂流至墓地──\n那逐渐步向死亡的身体，\n有了此物想必也能为之痊愈。
1051,蓝露滴圣杯瓶,0,0,[0|0|0],501050,1,0,0,-1,0,1050,100,-1,-1,0,-1,0,20,0,-1,-1,-1,20,0,50,0,2,0,0,19,0,0,0,[0|0],1,1,1,1,1,0,1,1,1,0,0,0,0,0,0,0,1,0,0,1,0,0,0,0,2,-1,-1,-1,-1,-1,301050,-1,301052,1,0,1,1,0,0,0,0,2,0,0,1,0,2,0,1,0,20,10,1,0,0,0,0,3,0,0,-1,0,-1,-1,-1,0,0,0,0,0,0,0,0,0,0,0,0,0,0,0,0,0,0,[0|0],0,[0|0|0|0|0|0|0|0],据说黄金圣杯承接过恩惠露滴，\n此为参考黄金圣杯制成的瓶子。\n\n装满蓝色露滴之后，使用能恢复专注值。\n在赐福休息能获得补充。\n\n为了追求艾尔登法环，漂流至墓地──\n那逐渐步向死亡的身体，\n有了此物想必也能为之痊愈。
1052,蓝露滴圣杯瓶＋１,0,0,[0|0|0],-1,1,0,0,-1,0,1053,100,-1,-1,0,-1,0,19,0,-1,-1,-1,1,0,50,0,0,0,0,254,0,0,0,[0|0],1,1,1,1,1,0,1,0,1,0,0,0,0,0,0,1,0,0,0,1,0,0,0,0,0,-1,-1,-1,-1,-1,301051,-1,-1,1,0,1,1,0,0,0,0,2,0,0,1,0,2,0,1,0,1,10,1,0,0,0,0,3,0,0,-1,0,-1,-1,-1,0,0,0,0,0,0,0,0,0,0,0,0,0,0,0,0,0,0,[0|0],0,[0|0|0|0|0|0|0|0],据说黄金圣杯承接过恩惠露滴，\n此为参考黄金圣杯制成的瓶子。\n\n装满蓝色露滴之后，使用能恢复专注值。\n目前里头空无一物，在赐福休息能获得补充。\n\n为了追求艾尔登法环，漂流至墓地──\n那逐渐步向死亡的身体，\n有了此物想必也能为之痊愈。
1053,蓝露滴圣杯瓶＋１,0,0,[0|0|0],501051,1,0,0,-1,0,1052,100,-1,-1,0,-1,0,20,0,-1,-1,-1,20,0,50,0,2,0,0,19,0,0,0,[0|0],1,1,1,1,1,0,1,1,1,0,0,0,0,0,0,0,1,0,0,1,0,0,0,0,2,-1,-1,-1,-1,-1,301050,-1,301052,1,0,1,1,0,0,0,0,2,0,0,1,0,2,0,1,0,20,10,1,0,0,0,0,3,0,0,-1,0,-1,-1,-1,0,0,0,0,0,0,0,0,0,0,0,0,0,0,0,0,0,0,[0|0],0,[0|0|0|0|0|0|0|0],据说黄金圣杯承接过恩惠露滴，\n此为参考黄金圣杯制成的瓶子。\n\n装满蓝色露滴之后，使用能恢复专注值。\n在赐福休息能获得补充。\n\n为了追求艾尔登法环，漂流至墓地──\n那逐渐步向死亡的身体，\n有了此物想必也能为之痊愈。
1054,蓝露滴圣杯瓶＋２,0,0,[0|0|0],-1,1,0,0,-1,0,1055,100,-1,-1,0,-1,0,19,0,-1,-1,-1,1,0,50,0,0,0,0,254,0,0,0,[0|0],1,1,1,1,1,0,1,0,1,0,0,0,0,0,0,1,0,0,0,1,0,0,0,0,0,-1,-1,-1,-1,-1,301051,-1,-1,1,0,1,1,0,0,0,0,2,0,0,1,0,2,0,1,0,1,10,1,0,0,0,0,3,0,0,-1,0,-1,-1,-1,0,0,0,0,0,0,0,0,0,0,0,0,0,0,0,0,0,0,[0|0],0,[0|0|0|0|0|0|0|0],据说黄金圣杯承接过恩惠露滴，\n此为参考黄金圣杯制成的瓶子。\n\n装满蓝色露滴之后，使用能恢复专注值。\n目前里头空无一物，在赐福休息能获得补充。\n\n为了追求艾尔登法环，漂流至墓地──\n那逐渐步向死亡的身体，\n有了此物想必也能为之痊愈。
1055,蓝露滴圣杯瓶＋２,0,0,[0|0|0],501052,1,0,0,-1,0,1054,100,-1,-1,0,-1,0,20,0,-1,-1,-1,20,0,50,0,2,0,0,19,0,0,0,[0|0],1,1,1,1,1,0,1,1,1,0,0,0,0,0,0,0,1,0,0,1,0,0,0,0,2,-1,-1,-1,-1,-1,301050,-1,301052,1,0,1,1,0,0,0,0,2,0,0,1,0,2,0,1,0,20,10,1,0,0,0,0,3,0,0,-1,0,-1,-1,-1,0,0,0,0,0,0,0,0,0,0,0,0,0,0,0,0,0,0,[0|0],0,[0|0|0|0|0|0|0|0],据说黄金圣杯承接过恩惠露滴，\n此为参考黄金圣杯制成的瓶子。\n\n装满蓝色露滴之后，使用能恢复专注值。\n在赐福休息能获得补充。\n\n为了追求艾尔登法环，漂流至墓地──\n那逐渐步向死亡的身体，\n有了此物想必也能为之痊愈。
1056,蓝露滴圣杯瓶＋３,0,0,[0|0|0],-1,1,0,0,-1,0,1057,100,-1,-1,0,-1,0,19,0,-1,-1,-1,1,0,50,0,0,0,0,254,0,0,0,[0|0],1,1,1,1,1,0,1,0,1,0,0,0,0,0,0,1,0,0,0,1,0,0,0,0,0,-1,-1,-1,-1,-1,301051,-1,-1,1,0,1,1,0,0,0,0,2,0,0,1,0,2,0,1,0,1,10,1,0,0,0,0,3,0,0,-1,0,-1,-1,-1,0,0,0,0,0,0,0,0,0,0,0,0,0,0,0,0,0,0,[0|0],0,[0|0|0|0|0|0|0|0],据说黄金圣杯承接过恩惠露滴，\n此为参考黄金圣杯制成的瓶子。\n\n装满蓝色露滴之后，使用能恢复专注值。\n目前里头空无一物，在赐福休息能获得补充。\n\n为了追求艾尔登法环，漂流至墓地──\n那逐渐步向死亡的身体，\n有了此物想必也能为之痊愈。
1057,蓝露滴圣杯瓶＋３,0,0,[0|0|0],501053,1,0,0,-1,0,1056,100,-1,-1,0,-1,0,20,0,-1,-1,-1,20,0,50,0,2,0,0,19,0,0,0,[0|0],1,1,1,1,1,0,1,1,1,0,0,0,0,0,0,0,1,0,0,1,0,0,0,0,2,-1,-1,-1,-1,-1,301050,-1,301052,1,0,1,1,0,0,0,0,2,0,0,1,0,2,0,1,0,20,10,1,0,0,0,0,3,0,0,-1,0,-1,-1,-1,0,0,0,0,0,0,0,0,0,0,0,0,0,0,0,0,0,0,[0|0],0,[0|0|0|0|0|0|0|0],据说黄金圣杯承接过恩惠露滴，\n此为参考黄金圣杯制成的瓶子。\n\n装满蓝色露滴之后，使用能恢复专注值。\n在赐福休息能获得补充。\n\n为了追求艾尔登法环，漂流至墓地──\n那逐渐步向死亡的身体，\n有了此物想必也能为之痊愈。
1058,蓝露滴圣杯瓶＋４,0,0,[0|0|0],-1,1,0,0,-1,0,1059,100,-1,-1,0,-1,0,19,0,-1,-1,-1,1,0,50,0,0,0,0,254,0,0,0,[0|0],1,1,1,1,1,0,1,0,1,0,0,0,0,0,0,1,0,0,0,1,0,0,0,0,0,-1,-1,-1,-1,-1,301051,-1,-1,1,0,1,1,0,0,0,0,2,0,0,1,0,2,0,1,0,1,10,1,0,0,0,0,3,0,0,-1,0,-1,-1,-1,0,0,0,0,0,0,0,0,0,0,0,0,0,0,0,0,0,0,[0|0],0,[0|0|0|0|0|0|0|0],据说黄金圣杯承接过恩惠露滴，\n此为参考黄金圣杯制成的瓶子。\n\n装满蓝色露滴之后，使用能恢复专注值。\n目前里头空无一物，在赐福休息能获得补充。\n\n为了追求艾尔登法环，漂流至墓地──\n那逐渐步向死亡的身体，\n有了此物想必也能为之痊愈。
1059,蓝露滴圣杯瓶＋４,0,0,[0|0|0],501054,1,0,0,-1,0,1058,100,-1,-1,0,-1,0,20,0,-1,-1,-1,20,0,50,0,2,0,0,19,0,0,0,[0|0],1,1,1,1,1,0,1,1,1,0,0,0,0,0,0,0,1,0,0,1,0,0,0,0,2,-1,-1,-1,-1,-1,301050,-1,301052,1,0,1,1,0,0,0,0,2,0,0,1,0,2,0,1,0,20,10,1,0,0,0,0,3,0,0,-1,0,-1,-1,-1,0,0,0,0,0,0,0,0,0,0,0,0,0,0,0,0,0,0,[0|0],0,[0|0|0|0|0|0|0|0],据说黄金圣杯承接过恩惠露滴，\n此为参考黄金圣杯制成的瓶子。\n\n装满蓝色露滴之后，使用能恢复专注值。\n在赐福休息能获得补充。\n\n为了追求艾尔登法环，漂流至墓地──\n那逐渐步向死亡的身体，\n有了此物想必也能为之痊愈。
1060,蓝露滴圣杯瓶＋５,0,0,[0|0|0],-1,1,0,0,-1,0,1061,100,-1,-1,0,-1,0,19,0,-1,-1,-1,1,0,50,0,0,0,0,254,0,0,0,[0|0],1,1,1,1,1,0,1,0,1,0,0,0,0,0,0,1,0,0,0,1,0,0,0,0,0,-1,-1,-1,-1,-1,301051,-1,-1,1,0,1,1,0,0,0,0,2,0,0,1,0,2,0,1,0,1,10,1,0,0,0,0,3,0,0,-1,0,-1,-1,-1,0,0,0,0,0,0,0,0,0,0,0,0,0,0,0,0,0,0,[0|0],0,[0|0|0|0|0|0|0|0],据说黄金圣杯承接过恩惠露滴，\n此为参考黄金圣杯制成的瓶子。\n\n装满蓝色露滴之后，使用能恢复专注值。\n目前里头空无一物，在赐福休息能获得补充。\n\n为了追求艾尔登法环，漂流至墓地──\n那逐渐步向死亡的身体，\n有了此物想必也能为之痊愈。
1061,蓝露滴圣杯瓶＋５,0,0,[0|0|0],501055,1,0,0,-1,0,1060,100,-1,-1,0,-1,0,20,0,-1,-1,-1,20,0,50,0,2,0,0,19,0,0,0,[0|0],1,1,1,1,1,0,1,1,1,0,0,0,0,0,0,0,1,0,0,1,0,0,0,0,2,-1,-1,-1,-1,-1,301050,-1,301052,1,0,1,1,0,0,0,0,2,0,0,1,0,2,0,1,0,20,10,1,0,0,0,0,3,0,0,-1,0,-1,-1,-1,0,0,0,0,0,0,0,0,0,0,0,0,0,0,0,0,0,0,[0|0],0,[0|0|0|0|0|0|0|0],据说黄金圣杯承接过恩惠露滴，\n此为参考黄金圣杯制成的瓶子。\n\n装满蓝色露滴之后，使用能恢复专注值。\n在赐福休息能获得补充。\n\n为了追求艾尔登法环，漂流至墓地──\n那逐渐步向死亡的身体，\n有了此物想必也能为之痊愈。
1062,蓝露滴圣杯瓶＋６,0,0,[0|0|0],-1,1,0,0,-1,0,1063,100,-1,-1,0,-1,0,19,0,-1,-1,-1,1,0,50,0,0,0,0,254,0,0,0,[0|0],1,1,1,1,1,0,1,0,1,0,0,0,0,0,0,1,0,0,0,1,0,0,0,0,0,-1,-1,-1,-1,-1,301051,-1,-1,1,0,1,1,0,0,0,0,2,0,0,1,0,2,0,1,0,1,10,1,0,0,0,0,3,0,0,-1,0,-1,-1,-1,0,0,0,0,0,0,0,0,0,0,0,0,0,0,0,0,0,0,[0|0],0,[0|0|0|0|0|0|0|0],据说黄金圣杯承接过恩惠露滴，\n此为参考黄金圣杯制成的瓶子。\n\n装满蓝色露滴之后，使用能恢复专注值。\n目前里头空无一物，在赐福休息能获得补充。\n\n为了追求艾尔登法环，漂流至墓地──\n那逐渐步向死亡的身体，\n有了此物想必也能为之痊愈。
1063,蓝露滴圣杯瓶＋６,0,0,[0|0|0],501056,1,0,0,-1,0,1062,100,-1,-1,0,-1,0,20,0,-1,-1,-1,20,0,50,0,2,0,0,19,0,0,0,[0|0],1,1,1,1,1,0,1,1,1,0,0,0,0,0,0,0,1,0,0,1,0,0,0,0,2,-1,-1,-1,-1,-1,301050,-1,301052,1,0,1,1,0,0,0,0,2,0,0,1,0,2,0,1,0,20,10,1,0,0,0,0,3,0,0,-1,0,-1,-1,-1,0,0,0,0,0,0,0,0,0,0,0,0,0,0,0,0,0,0,[0|0],0,[0|0|0|0|0|0|0|0],据说黄金圣杯承接过恩惠露滴，\n此为参考黄金圣杯制成的瓶子。\n\n装满蓝色露滴之后，使用能恢复专注值。\n在赐福休息能获得补充。\n\n为了追求艾尔登法环，漂流至墓地──\n那逐渐步向死亡的身体，\n有了此物想必也能为之痊愈。
1064,蓝露滴圣杯瓶＋７,0,0,[0|0|0],-1,1,0,0,-1,0,1065,100,-1,-1,0,-1,0,19,0,-1,-1,-1,1,0,50,0,0,0,0,254,0,0,0,[0|0],1,1,1,1,1,0,1,0,1,0,0,0,0,0,0,1,0,0,0,1,0,0,0,0,0,-1,-1,-1,-1,-1,301051,-1,-1,1,0,1,1,0,0,0,0,2,0,0,1,0,2,0,1,0,1,10,1,0,0,0,0,3,0,0,-1,0,-1,-1,-1,0,0,0,0,0,0,0,0,0,0,0,0,0,0,0,0,0,0,[0|0],0,[0|0|0|0|0|0|0|0],据说黄金圣杯承接过恩惠露滴，\n此为参考黄金圣杯制成的瓶子。\n\n装满蓝色露滴之后，使用能恢复专注值。\n目前里头空无一物，在赐福休息能获得补充。\n\n为了追求艾尔登法环，漂流至墓地──\n那逐渐步向死亡的身体，\n有了此物想必也能为之痊愈。
1065,蓝露滴圣杯瓶＋７,0,0,[0|0|0],501057,1,0,0,-1,0,1064,100,-1,-1,0,-1,0,20,0,-1,-1,-1,20,0,50,0,2,0,0,19,0,0,0,[0|0],1,1,1,1,1,0,1,1,1,0,0,0,0,0,0,0,1,0,0,1,0,0,0,0,2,-1,-1,-1,-1,-1,301050,-1,301052,1,0,1,1,0,0,0,0,2,0,0,1,0,2,0,1,0,20,10,1,0,0,0,0,3,0,0,-1,0,-1,-1,-1,0,0,0,0,0,0,0,0,0,0,0,0,0,0,0,0,0,0,[0|0],0,[0|0|0|0|0|0|0|0],据说黄金圣杯承接过恩惠露滴，\n此为参考黄金圣杯制成的瓶子。\n\n装满蓝色露滴之后，使用能恢复专注值。\n在赐福休息能获得补充。\n\n为了追求艾尔登法环，漂流至墓地──\n那逐渐步向死亡的身体，\n有了此物想必也能为之痊愈。
1066,蓝露滴圣杯瓶＋８,0,0,[0|0|0],-1,1,0,0,-1,0,1067,100,-1,-1,0,-1,0,19,0,-1,-1,-1,1,0,50,0,0,0,0,254,0,0,0,[0|0],1,1,1,1,1,0,1,0,1,0,0,0,0,0,0,1,0,0,0,1,0,0,0,0,0,-1,-1,-1,-1,-1,301051,-1,-1,1,0,1,1,0,0,0,0,2,0,0,1,0,2,0,1,0,1,10,1,0,0,0,0,3,0,0,-1,0,-1,-1,-1,0,0,0,0,0,0,0,0,0,0,0,0,0,0,0,0,0,0,[0|0],0,[0|0|0|0|0|0|0|0],据说黄金圣杯承接过恩惠露滴，\n此为参考黄金圣杯制成的瓶子。\n\n装满蓝色露滴之后，使用能恢复专注值。\n目前里头空无一物，在赐福休息能获得补充。\n\n为了追求艾尔登法环，漂流至墓地──\n那逐渐步向死亡的身体，\n有了此物想必也能为之痊愈。
1067,蓝露滴圣杯瓶＋８,0,0,[0|0|0],501058,1,0,0,-1,0,1066,100,-1,-1,0,-1,0,20,0,-1,-1,-1,20,0,50,0,2,0,0,19,0,0,0,[0|0],1,1,1,1,1,0,1,1,1,0,0,0,0,0,0,0,1,0,0,1,0,0,0,0,2,-1,-1,-1,-1,-1,301050,-1,301052,1,0,1,1,0,0,0,0,2,0,0,1,0,2,0,1,0,20,10,1,0,0,0,0,3,0,0,-1,0,-1,-1,-1,0,0,0,0,0,0,0,0,0,0,0,0,0,0,0,0,0,0,[0|0],0,[0|0|0|0|0|0|0|0],据说黄金圣杯承接过恩惠露滴，\n此为参考黄金圣杯制成的瓶子。\n\n装满蓝色露滴之后，使用能恢复专注值。\n在赐福休息能获得补充。\n\n为了追求艾尔登法环，漂流至墓地──\n那逐渐步向死亡的身体，\n有了此物想必也能为之痊愈。
1068,蓝露滴圣杯瓶＋９,0,0,[0|0|0],-1,1,0,0,-1,0,1069,100,-1,-1,0,-1,0,19,0,-1,-1,-1,1,0,50,0,0,0,0,254,0,0,0,[0|0],1,1,1,1,1,0,1,0,1,0,0,0,0,0,0,1,0,0,0,1,0,0,0,0,0,-1,-1,-1,-1,-1,301051,-1,-1,1,0,1,1,0,0,0,0,2,0,0,1,0,2,0,1,0,1,10,1,0,0,0,0,3,0,0,-1,0,-1,-1,-1,0,0,0,0,0,0,0,0,0,0,0,0,0,0,0,0,0,0,[0|0],0,[0|0|0|0|0|0|0|0],据说黄金圣杯承接过恩惠露滴，\n此为参考黄金圣杯制成的瓶子。\n\n装满蓝色露滴之后，使用能恢复专注值。\n目前里头空无一物，在赐福休息能获得补充。\n\n为了追求艾尔登法环，漂流至墓地──\n那逐渐步向死亡的身体，\n有了此物想必也能为之痊愈。
1069,蓝露滴圣杯瓶＋９,0,0,[0|0|0],501059,1,0,0,-1,0,1068,100,-1,-1,0,-1,0,20,0,-1,-1,-1,20,0,50,0,2,0,0,19,0,0,0,[0|0],1,1,1,1,1,0,1,1,1,0,0,0,0,0,0,0,1,0,0,1,0,0,0,0,2,-1,-1,-1,-1,-1,301050,-1,301052,1,0,1,1,0,0,0,0,2,0,0,1,0,2,0,1,0,20,10,1,0,0,0,0,3,0,0,-1,0,-1,-1,-1,0,0,0,0,0,0,0,0,0,0,0,0,0,0,0,0,0,0,[0|0],0,[0|0|0|0|0|0|0|0],据说黄金圣杯承接过恩惠露滴，\n此为参考黄金圣杯制成的瓶子。\n\n装满蓝色露滴之后，使用能恢复专注值。\n在赐福休息能获得补充。\n\n为了追求艾尔登法环，漂流至墓地──\n那逐渐步向死亡的身体，\n有了此物想必也能为之痊愈。
1070,蓝露滴圣杯瓶＋１０,0,0,[0|0|0],-1,1,0,0,-1,0,1071,100,-1,-1,0,-1,0,19,0,-1,-1,-1,1,0,50,0,0,0,0,254,0,0,0,[0|0],1,1,1,1,1,0,1,0,1,0,0,0,0,0,0,1,0,0,0,1,0,0,0,0,0,-1,-1,-1,-1,-1,301051,-1,-1,1,0,1,1,0,0,0,0,2,0,0,1,0,2,0,1,0,1,10,1,0,0,0,0,3,0,0,-1,0,-1,-1,-1,0,0,0,0,0,0,0,0,0,0,0,0,0,0,0,0,0,0,[0|0],0,[0|0|0|0|0|0|0|0],据说黄金圣杯承接过恩惠露滴，\n此为参考黄金圣杯制成的瓶子。\n\n装满蓝色露滴之后，使用能恢复专注值。\n目前里头空无一物，在赐福休息能获得补充。\n\n为了追求艾尔登法环，漂流至墓地──\n那逐渐步向死亡的身体，\n有了此物想必也能为之痊愈。
1071,蓝露滴圣杯瓶＋１０,0,0,[0|0|0],501060,1,0,0,-1,0,1070,100,-1,-1,0,-1,0,20,0,-1,-1,-1,20,0,50,0,2,0,0,19,0,0,0,[0|0],1,1,1,1,1,0,1,1,1,0,0,0,0,0,0,0,1,0,0,1,0,0,0,0,2,-1,-1,-1,-1,-1,301050,-1,301052,1,0,1,1,0,0,0,0,2,0,0,1,0,2,0,1,0,20,10,1,0,0,0,0,3,0,0,-1,0,-1,-1,-1,0,0,0,0,0,0,0,0,0,0,0,0,0,0,0,0,0,0,[0|0],0,[0|0|0|0|0|0|0|0],据说黄金圣杯承接过恩惠露滴，\n此为参考黄金圣杯制成的瓶子。\n\n装满蓝色露滴之后，使用能恢复专注值。\n在赐福休息能获得补充。\n\n为了追求艾尔登法环，漂流至墓地──\n那逐渐步向死亡的身体，\n有了此物想必也能为之痊愈。
1072,蓝露滴圣杯瓶＋１１,0,0,[0|0|0],-1,1,0,0,-1,0,1073,100,-1,-1,0,-1,0,19,0,-1,-1,-1,1,0,50,0,0,0,0,254,0,0,0,[0|0],1,1,1,1,1,0,1,0,1,0,0,0,0,0,0,1,0,0,0,1,0,0,0,0,0,-1,-1,-1,-1,-1,301051,-1,-1,1,0,1,1,0,0,0,0,2,0,0,1,0,2,0,1,0,1,10,1,0,0,0,0,3,0,0,-1,0,-1,-1,-1,0,0,0,0,0,0,0,0,0,0,0,0,0,0,0,0,0,0,[0|0],0,[0|0|0|0|0|0|0|0],据说黄金圣杯承接过恩惠露滴，\n此为参考黄金圣杯制成的瓶子。\n\n装满蓝色露滴之后，使用能恢复专注值。\n目前里头空无一物，在赐福休息能获得补充。\n\n为了追求艾尔登法环，漂流至墓地──\n那逐渐步向死亡的身体，\n有了此物想必也能为之痊愈。
1073,蓝露滴圣杯瓶＋１１,0,0,[0|0|0],501061,1,0,0,-1,0,1072,100,-1,-1,0,-1,0,20,0,-1,-1,-1,20,0,50,0,2,0,0,19,0,0,0,[0|0],1,1,1,1,1,0,1,1,1,0,0,0,0,0,0,0,1,0,0,1,0,0,0,0,2,-1,-1,-1,-1,-1,301050,-1,301052,1,0,1,1,0,0,0,0,2,0,0,1,0,2,0,1,0,20,10,1,0,0,0,0,3,0,0,-1,0,-1,-1,-1,0,0,0,0,0,0,0,0,0,0,0,0,0,0,0,0,0,0,[0|0],0,[0|0|0|0|0|0|0|0],据说黄金圣杯承接过恩惠露滴，\n此为参考黄金圣杯制成的瓶子。\n\n装满蓝色露滴之后，使用能恢复专注值。\n在赐福休息能获得补充。\n\n为了追求艾尔登法环，漂流至墓地──\n那逐渐步向死亡的身体，\n有了此物想必也能为之痊愈。
1074,蓝露滴圣杯瓶＋１２,0,0,[0|0|0],-1,1,0,0,-1,0,1075,100,-1,-1,0,-1,0,19,0,-1,-1,-1,1,0,50,0,0,0,0,254,0,0,0,[0|0],1,1,1,1,1,0,1,0,1,0,0,0,0,0,0,1,0,0,0,1,0,0,0,0,0,-1,-1,-1,-1,-1,301051,-1,-1,1,0,1,1,0,0,0,0,2,0,0,1,0,2,0,1,0,1,10,1,0,0,0,0,3,0,0,-1,0,-1,-1,-1,0,0,0,0,0,0,0,0,0,0,0,0,0,0,0,0,0,0,[0|0],0,[0|0|0|0|0|0|0|0],据说黄金圣杯承接过恩惠露滴，\n此为参考黄金圣杯制成的瓶子。\n\n装满蓝色露滴之后，使用能恢复专注值。\n目前里头空无一物，在赐福休息能获得补充。\n\n为了追求艾尔登法环，漂流至墓地──\n那逐渐步向死亡的身体，\n有了此物想必也能为之痊愈。
1075,蓝露滴圣杯瓶＋１２,0,0,[0|0|0],501062,1,0,0,-1,0,1074,100,-1,-1,0,-1,0,20,0,-1,-1,-1,20,0,50,0,2,0,0,19,0,0,0,[0|0],1,1,1,1,1,0,1,1,1,0,0,0,0,0,0,0,1,0,0,1,0,0,0,0,2,-1,-1,-1,-1,-1,301050,-1,301052,1,0,1,1,0,0,0,0,2,0,0,1,0,2,0,1,0,20,10,1,0,0,0,0,3,0,0,-1,0,-1,-1,-1,0,0,0,0,0,0,0,0,0,0,0,0,0,0,0,0,0,0,[0|0],0,[0|0|0|0|0|0|0|0],据说黄金圣杯承接过恩惠露滴，\n此为参考黄金圣杯制成的瓶子。\n\n装满蓝色露滴之后，使用能恢复专注值。\n在赐福休息能获得补充。\n\n为了追求艾尔登法环，漂流至墓地──\n那逐渐步向死亡的身体，\n有了此物想必也能为之痊愈。
1100,腌制龟颈肉,0,0,[0|0|0],3953,65,0,0,200,0,-1,1190,-1,-1,0,-1,0,50,0,-1,-1,-1,10,0,50,0,2,0,0,26,0,0,0,[0|0],1,1,1,1,1,0,1,1,0,0,0,1,1,0,0,0,0,0,0,0,0,0,0,0,0,-1,-1,-1,-1,-1,301200,301201,-1,1,0,1,1,0,0,0,0,0,2,1,1,0,2,0,1,0,999,20,1,0,1,0,0,0,0,0,-1,0,-1,-1,-1,0,0,0,0,0,0,0,0,0,0,0,0,0,0,0,0,0,0,[0|0],0,[0|0|0|0|0|0|0|0],浸泡过苦味药水的乌龟脖子肉。\n能够制作的其中一项道具。\n\n能暂时提升精力的恢复速度。\n\n其中含有的营养能让人精力无穷。
1110,免疫肉干,0,0,[0|0|0],3960,65,0,0,100,0,-1,1110,-1,-1,0,-1,0,52,0,-1,-1,-1,10,0,50,0,2,0,0,26,0,0,0,[0|0],1,1,1,1,1,0,1,1,0,0,0,1,1,0,0,0,0,0,0,0,0,0,0,0,0,-1,-1,-1,-1,-1,301210,301211,-1,1,0,1,1,0,0,0,0,0,2,1,1,0,2,0,1,0,999,20,1,0,1,0,0,0,0,0,30000000,0,-1,-1,-1,0,0,0,0,0,0,0,0,0,0,0,0,0,0,0,0,0,0,[0|0],0,[0|0|0|0|0|0|0|0],浸泡绿色药水，干燥处理后的肉片。\n能够制作的其中一项道具。\n\n能暂时提升免疫力。\n\n当碰上各种毒性、猩红腐败的时候，\n免疫力越强，量表累积的速度越慢。
1120,健壮肉干,1,0,[0|0|0],3961,65,0,0,100,0,-1,1120,-1,-1,0,-1,0,53,0,-1,-1,-1,10,0,50,0,2,0,0,26,0,0,0,[0|0],1,1,1,1,1,0,1,1,0,0,0,1,1,0,0,0,0,0,0,0,0,0,0,0,0,-1,-1,-1,-1,-1,301220,301221,-1,1,0,1,1,0,0,0,0,0,2,1,1,0,2,0,1,0,999,20,1,0,1,0,0,0,0,0,30000000,0,-1,-1,-1,0,0,0,0,0,0,0,0,0,0,0,0,0,0,0,0,0,0,[0|0],0,[0|0|0|0|0|0|0|0],浸泡红色药水，干燥处理后的肉片。\n能够制作的其中一项道具。\n\n能暂时提升健壮度。\n\n健壮度是对出血、冻伤的抵抗力。\n越是健壮，量表累积的速度越慢。
1130,理智肉干,1,0,[0|0|0],3962,65,0,0,100,0,-1,1130,-1,-1,0,-1,0,54,0,-1,-1,-1,10,0,50,0,2,0,0,26,0,0,0,[0|0],1,1,1,1,1,0,1,1,0,0,0,1,1,0,0,0,0,0,0,0,0,0,0,0,0,-1,-1,-1,-1,-1,301230,301231,-1,1,0,1,1,0,0,0,0,0,2,1,1,0,2,0,1,0,999,20,1,0,1,0,0,1,0,0,30000000,0,-1,-1,-1,0,0,0,0,0,0,0,0,0,0,0,0,0,0,0,0,0,0,[0|0],0,[0|0|0|0|0|0|0|0],浸泡紫色药水，干燥处理后的肉片。\n能够制作的其中一项道具。\n\n能暂时提升理智度。\n\n理智度是对催眠、发狂的抵抗力。\n越是理智，量表累积的速度越慢。
1140,斑斓肉干,1,0,[0|0|0],3963,65,0,0,200,0,-1,1140,-1,-1,0,-1,0,55,0,-1,-1,-1,10,0,50,0,2,0,0,26,0,0,0,[0|0],1,1,1,1,1,0,1,1,0,0,0,1,1,0,0,0,0,0,0,0,0,0,0,0,0,-1,-1,-1,-1,-1,301240,301241,-1,1,0,1,1,0,0,0,0,0,2,1,1,0,2,0,1,0,999,20,1,0,1,0,0,1,0,0,30000000,0,-1,-1,-1,0,0,0,0,0,0,0,0,0,0,0,0,0,0,0,0,0,0,[0|0],0,[0|0|0|0|0|0|0|0],浸泡色彩斑斓的药水，干燥处理后的肉片。\n能够制作的其中一项道具。\n\n能暂时提升免疫力、健壮度、理智度。
1150,抗魔肝脏干,1,0,[0|0|0],3910,65,0,0,100,0,-1,1070,-1,-1,0,-1,0,56,0,-1,-1,-1,5,0,50,0,2,0,0,0,0,0,0,[0|0],1,1,1,1,1,0,1,1,0,0,0,1,1,0,0,0,0,0,0,0,0,0,0,0,0,-1,-1,-1,-1,-1,301280,301281,-1,1,0,1,1,0,0,0,0,0,2,1,1,0,2,0,1,0,999,20,1,0,1,0,0,0,0,0,30000000,0,-1,-1,-1,0,0,0,0,0,0,0,0,0,0,0,0,0,0,0,0,0,0,[0|0],0,[0|0|0|0|0|0|0|0],浸泡蓝色药水，干燥处理后的野兽肝脏。\n能够制作的其中一项道具。\n\n能暂时提升魔力属性减伤率，\n减轻魔力属性攻击所造成的损伤。
1160,抗火肝脏干,0,0,[0|0|0],3920,65,0,0,100,0,-1,1080,-1,-1,0,-1,0,57,0,-1,-1,-1,5,0,50,0,2,0,0,0,0,0,0,[0|0],1,1,1,1,1,0,1,1,0,0,0,1,1,0,0,0,0,0,0,0,0,0,0,0,0,-1,-1,-1,-1,-1,-1,302301,-1,1,0,1,1,0,0,0,0,0,2,1,1,0,2,0,1,0,999,20,1,0,1,0,0,0,0,0,30000000,0,-1,-1,-1,0,0,0,0,0,0,0,0,0,0,0,0,0,0,0,0,0,0,[0|0],0,[0|0|0|0|0|0|0|0],浸泡红色药水，干燥处理后的野兽肝脏。\n能够制作的其中一项道具。\n\n能暂时提升火属性减伤率，\n减轻火属性攻击所造成的损伤。
1170,抗雷肝脏干,1,0,[0|0|0],3930,65,0,0,100,0,-1,1090,-1,-1,0,-1,0,58,0,-1,-1,-1,5,0,50,0,2,0,0,0,0,0,0,[0|0],1,1,1,1,1,0,1,1,0,0,0,1,1,0,0,0,0,0,0,0,0,0,0,0,0,-1,-1,-1,-1,-1,301290,301291,-1,1,0,1,1,0,0,0,0,0,2,1,1,0,2,0,1,0,999,20,1,0,1,0,0,0,0,0,30000000,0,-1,-1,-1,0,0,0,0,0,0,0,0,0,0,0,0,0,0,0,0,0,0,[0|0],0,[0|0|0|0|0|0|0|0],浸泡黄色药水，干燥处理后的野兽肝脏。\n能够制作的其中一项道具。\n\n能暂时提升雷属性减伤率，\n减轻雷属性攻击所造成的损伤。
1180,抗圣肝脏干,1,0,[0|0|0],501180,65,0,0,100,0,-1,1100,-1,-1,0,-1,0,59,0,-1,-1,-1,5,0,50,0,2,0,0,0,0,0,0,[0|0],1,1,1,1,1,0,1,1,0,0,0,1,1,0,0,0,0,0,0,0,0,0,0,0,0,-1,-1,-1,-1,-1,301310,301311,-1,1,0,1,1,0,0,0,0,0,2,1,1,0,2,0,1,0,999,20,1,0,1,0,0,0,0,0,30000000,0,-1,-1,-1,0,0,0,0,0,0,0,0,0,0,0,0,0,0,0,0,0,0,[0|0],0,[0|0|0|0|0|0|0|0],浸泡金色药水，干燥处理后的野兽肝脏。\n能够制作的其中一项道具。\n\n能暂时提升圣属性减伤率，\n减轻圣属性攻击所造成的损伤。
1190,腌制白银鸟爪,1,0,[0|0|0],3970,65,0,0,100,0,-1,1210,-1,-1,0,-1,0,60,0,-1,-1,-1,10,0,50,0,2,0,0,26,0,0,0,[0|0],1,1,1,1,1,0,1,1,0,0,0,1,1,0,0,0,0,0,0,0,0,0,0,0,0,-1,-1,-1,-1,-1,301250,301251,-1,1,0,1,1,0,0,0,0,0,2,1,1,0,2,0,1,0,999,20,1,0,1,0,0,1,0,0,-1,0,-1,-1,-1,0,0,0,0,0,0,0,0,0,0,0,0,0,0,0,0,0,0,[0|0],0,[0|0|0|0|0|0|0|0],浸泡过银白色药水的四趾鸟爪。\n能够制作的其中一项道具。\n\n能暂时提升观察力。\n\n自古以来想发财致富的人，\n斤斤计较得连鸟爪上的肉也不放过。
1200,腌制黄金鸟爪,0,0,[0|0|0],3971,65,0,0,200,0,-1,1220,-1,-1,0,-1,0,62,0,-1,-1,-1,10,0,50,0,2,0,0,26,0,0,0,[0|0],1,1,1,1,1,0,1,1,0,0,0,1,1,0,0,0,0,0,0,0,0,0,0,0,0,-1,-1,-1,-1,-1,301260,301261,-1,1,0,1,1,0,0,0,0,0,2,1,1,0,2,0,1,0,999,20,1,0,1,0,0,1,0,0,-1,0,-1,-1,-1,0,0,0,0,0,0,0,0,0,0,0,0,0,0,0,0,0,0,[0|0],0,[0|0|0|0|0|0|0|0],浸泡过金黄色药水的四趾鸟爪。\n能够制作的其中一项道具。\n\n一定时间内，\n增加打倒敌人后获得的卢恩。\n\n自古以来想发财致富的人，\n斤斤计较得连鸟爪上的肉也不放过。
1210,勇者肉块,0,0,[0|0|0],3950,65,0,0,200,0,-1,1200,-1,-1,0,-1,0,63,0,-1,-1,-1,10,0,50,0,2,0,0,26,0,0,0,[0|0],1,1,1,1,1,0,1,1,0,0,0,1,1,0,0,0,0,0,0,0,0,0,0,0,0,-1,-1,-1,-1,-1,301270,301271,-1,1,0,1,1,0,0,0,0,0,2,1,1,0,2,0,1,0,999,20,1,0,1,0,0,1,0,0,30000000,0,-1,-1,-1,0,0,0,0,0,0,0,0,0,0,0,0,0,0,0,0,0,0,[0|0],0,[0|0|0|0|0|0|0|0],浸泡过辛香料与药水的野兽肉块。\n能够制作的其中一项道具。\n\n能暂时提升物理攻击力。\n\n在蛮荒地被视为最高级的食物，\n勇者才有资格享用。
1220,[ERROR]抗死肉干,1,0,[0|0|0],501220,65,0,0,200,0,-1,0,-1,-1,0,-1,0,0,0,-1,-1,-1,10,0,50,0,2,0,0,26,0,0,0,[0|0],1,1,1,1,1,0,1,1,0,0,0,1,1,0,0,0,0,0,0,0,0,0,0,0,0,-1,-1,-1,-1,-1,301330,301331,-1,1,0,1,1,0,0,0,0,0,2,0,1,0,2,0,1,0,999,255,1,0,0,0,0,1,0,0,30000000,0,-1,-1,-1,0,0,0,0,0,0,0,0,0,0,0,0,0,0,0,0,0,0,[0|0],0,[0|0|0|0|0|0|0|0],
1235,生肉丸,1,0,[0|0|0],501235,65,0,0,100,0,-1,1250,-1,-1,0,-1,0,564,0,-1,-1,-1,3,0,50,0,2,0,7,0,0,0,0,[0|0],1,1,1,1,1,0,1,1,0,0,0,1,1,0,0,0,0,0,0,1,0,0,0,0,0,-1,-1,-1,-1,-1,-1,301340,-1,1,0,1,1,0,0,0,0,0,2,1,1,0,2,0,1,0,999,20,1,0,0,0,0,0,0,0,30000000,0,-1,-1,-1,0,0,0,0,0,0,0,0,0,0,0,0,0,0,0,0,0,0,[0|0],0,[0|0|0|0|0|0|0|0],味道很重的生肉丸。\n快要腐坏，正是享用的时机。\n\n能恢复血量，但会陷入中毒状态。\n\n不清楚是用什么肉制成的。\n要是不放心，就不要吃下肚。
1240,夏玻利利葡萄,1,0,[0|0|0],-1,65,0,0,-1,0,-1,204030,-1,-1,0,-1,0,3052,0,-1,-1,-1,99,0,50,1,0,0,0,0,0,0,0,[0|0],0,0,0,0,0,0,0,1,0,0,0,0,0,0,1,0,0,0,0,0,0,0,0,0,0,-1,-1,-1,-1,-1,-1,-1,-1,1,0,0,0,0,0,0,0,0,0,0,1,0,2,0,0,0,999,50,1,0,0,0,0,2,0,0,-1,0,-1,-1,-1,0,0,0,0,0,0,0,0,0,0,0,0,0,0,0,0,0,0,[0|0],0,[0|0|0|0|0|0|0|0],发黄腐烂的罹病者眼球。\n表皮就要脱落，内层浓稠柔软，\n类似熟成的大颗葡萄。\n\n只要献给盲眼的女巫，\n就能引导她走向彼岸灯火。
1290,星光碎片,1,0,[0|0|0],501290,65,0,0,50,0,-1,530,-1,-1,0,-1,0,3282,0,-1,-1,-1,10,0,50,0,2,0,0,65,0,0,0,[0|0],1,1,1,1,1,0,1,1,0,0,0,1,1,0,0,0,0,0,0,0,0,0,0,0,0,-1,-1,-1,-1,-1,302220,302221,-1,1,0,1,1,0,0,0,0,0,2,1,1,0,2,0,1,0,999,10,1,0,0,0,0,2,0,0,30000000,0,-1,-1,-1,0,0,0,0,0,0,0,0,0,0,0,0,0,0,0,0,0,0,[0|0],0,[0|0|0|0|0|0|0|0],瞬间流逝而过的星光所产生的碎屑，\n发出蓝光的虚幻碎片。\n\n使用后能缓慢恢复专注值。\n\n据说在过去的永恒之城，\n是用在制作药水的珍贵材料。
1310,免疫白肉干,1,0,[0|0|0],501310,65,0,0,100,0,-1,1150,-1,-1,0,-1,0,568,0,-1,-1,-1,10,0,50,0,2,0,0,26,0,0,0,[0|0],1,1,1,1,1,0,1,1,0,0,0,1,1,0,0,0,0,0,0,0,0,0,0,0,0,-1,-1,-1,-1,-1,301210,301211,-1,1,0,1,1,0,0,0,0,0,2,1,1,0,2,0,1,0,999,20,1,0,1,0,0,0,0,0,30000000,0,-1,-1,-1,0,0,0,0,0,0,0,0,0,0,0,0,0,0,0,0,0,0,[0|0],0,[0|0|0|0|0|0|0|0],浸泡绿色药水，干燥处理后的白色肉片。\n能够制作的其中一项道具。\n\n能暂时提升免疫力。\n\n和一般的肉干相比，有效时间较长，\n但是提升免疫力的效果稍微降低。
1320,健壮白肉干,1,0,[0|0|0],501320,65,0,0,100,0,-1,1160,-1,-1,0,-1,0,569,0,-1,-1,-1,10,0,50,0,2,0,0,26,0,0,0,[0|0],1,1,1,1,1,0,1,1,0,0,0,1,1,0,0,0,0,0,0,0,0,0,0,0,0,-1,-1,-1,-1,-1,301220,301221,-1,1,0,1,1,0,0,0,0,0,2,1,1,0,2,0,1,0,999,20,1,0,1,0,0,0,0,0,30000000,0,-1,-1,-1,0,0,0,0,0,0,0,0,0,0,0,0,0,0,0,0,0,0,[0|0],0,[0|0|0|0|0|0|0|0],浸泡红色药水，干燥处理后的白色肉片。\n能够制作的其中一项道具。\n\n能暂时提升健壮度。\n\n和一般的肉干相比，有效时间较长，\n但是提升健壮度的效果稍微降低。
1330,理智白肉干,1,0,[0|0|0],501330,65,0,0,100,0,-1,1170,-1,-1,0,-1,0,570,0,-1,-1,-1,10,0,50,0,2,0,0,26,0,0,0,[0|0],1,1,1,1,1,0,1,1,0,0,0,1,1,0,0,0,0,0,0,0,0,0,0,0,0,-1,-1,-1,-1,-1,301230,301231,-1,1,0,1,1,0,0,0,0,0,2,1,1,0,2,0,1,0,999,20,1,0,1,0,0,1,0,0,30000000,0,-1,-1,-1,0,0,0,0,0,0,0,0,0,0,0,0,0,0,0,0,0,0,[0|0],0,[0|0|0|0|0|0|0|0],浸泡紫色药水，干燥处理后的白色肉片。\n能够制作的其中一项道具。\n\n能暂时提升理智度。\n\n和一般的肉干相比，有效时间较长，\n但是提升理智度的效果稍微降低。
1340,斑斓白肉干,1,0,[0|0|0],501340,65,0,0,100,0,-1,1180,-1,-1,0,-1,0,571,0,-1,-1,-1,10,0,50,0,2,0,0,26,0,0,0,[0|0],1,1,1,1,1,0,1,1,0,0,0,1,1,0,0,0,0,0,0,0,0,0,0,0,0,-1,-1,-1,-1,-1,301240,301241,-1,1,0,1,1,0,0,0,0,0,2,1,1,0,2,0,1,0,999,20,1,0,1,0,0,1,0,0,30000000,0,-1,-1,-1,0,0,0,0,0,0,0,0,0,0,0,0,0,0,0,0,0,0,[0|0],0,[0|0|0|0|0|0|0|0],浸泡色彩斑斓的药水，干燥处理后的白色肉片。\n能够制作的其中一项道具。\n\n能暂时提升免疫力、健壮度、理智度。\n\n和一般的肉干相比，有效时间较长，\n但是提升抵抗力的效果稍微降低。
1350,[ERROR]抗死白肉干,1,0,[0|0|0],501350,65,0,0,200,0,-1,0,-1,-1,0,-1,0,0,0,-1,-1,-1,10,0,50,0,2,0,0,26,0,0,0,[0|0],1,1,1,1,1,0,1,1,0,0,0,1,1,0,0,0,0,0,0,0,0,0,0,0,0,-1,-1,-1,-1,-1,301330,301331,-1,1,0,1,1,0,0,0,0,0,2,0,1,0,2,0,1,0,999,255,1,0,0,0,0,1,0,0,30000000,0,-1,-1,-1,0,0,0,0,0,0,0,0,0,0,0,0,0,0,0,0,0,0,[0|0],0,[0|0|0|0|0|0|0|0],
1400,火油脂,0,0,[0|0|0],3160,23,0,0,100,0,-1,6000,-1,-1,0,-1,0,64,0,-1,-1,-1,10,0,50,0,2,0,0,1,0,0,0,[0|0],1,1,1,1,1,0,1,1,0,0,0,1,1,1,0,0,0,1,0,0,0,0,0,0,0,3162,-1,-1,-1,-1,-1,303000,-1,1,0,0,1,0,0,0,0,0,2,1,1,0,2,0,1,0,600,70,1,0,1,0,0,0,0,0,30010000,0,-1,-1,-1,0,0,0,0,0,0,0,0,0,0,0,0,0,0,0,0,0,0,[0|0],0,[0|0|0|0|0|0|0|0],混和能产生火焰的材料制成的根脂。\n能够制作的其中一项道具。\n\n能涂在武器上，附加火属性攻击力。\n一定时间后，效果会消失。
1410,雷油脂,1,0,[0|0|0],3165,24,0,0,100,0,-1,6020,-1,-1,0,-1,0,65,0,-1,-1,-1,10,0,50,0,2,0,0,1,0,0,0,[0|0],1,1,1,1,1,0,1,1,0,0,0,1,1,1,0,0,0,1,0,0,0,0,0,0,0,3167,-1,-1,-1,-1,-1,303010,-1,1,0,0,1,0,0,0,0,0,2,1,1,0,2,0,1,0,600,70,1,0,1,0,0,0,0,0,30010000,0,-1,-1,-1,0,0,0,0,0,0,0,0,0,0,0,0,0,0,0,0,0,0,[0|0],0,[0|0|0|0|0|0|0|0],混和能产生雷电的材料制成的根脂。\n能够制作的其中一项道具。\n\n能涂在武器上，附加雷属性攻击力。\n一定时间后，效果会消失。
1420,魔力油脂,1,0,[0|0|0],3170,26,0,0,100,0,-1,6010,-1,-1,0,-1,0,66,0,-1,-1,-1,10,0,50,0,2,0,0,1,0,0,0,[0|0],1,1,1,1,1,0,1,1,0,0,0,1,1,1,0,0,0,1,0,0,0,0,0,0,0,3172,-1,-1,-1,-1,-1,303070,-1,1,0,0,1,0,0,0,0,0,2,1,1,0,2,0,1,0,600,70,1,0,1,0,0,0,0,0,30010000,0,-1,-1,-1,0,0,0,0,0,0,0,0,0,0,0,0,0,0,0,0,0,0,[0|0],0,[0|0|0|0|0|0|0|0],混和能产生魔力的材料制成的根脂。\n能够制作的其中一项道具。\n\n能涂在武器上，附加魔力属性攻击力。\n一定时间后，效果会消失。
1430,圣油脂,1,0,[0|0|0],3185,26,0,0,100,0,-1,6030,-1,-1,0,-1,0,605,0,-1,-1,-1,10,0,50,0,2,0,0,1,0,0,0,[0|0],1,1,1,1,1,0,1,1,0,0,0,1,1,1,0,0,0,1,0,0,0,0,0,0,0,3187,-1,-1,-1,-1,-1,303130,-1,1,0,0,1,0,0,0,0,0,2,1,1,0,2,0,1,0,600,70,1,0,1,0,0,0,0,0,30010000,0,-1,-1,-1,0,0,0,0,0,0,0,0,0,0,0,0,0,0,0,0,0,0,[0|0],0,[0|0|0|0|0|0|0|0],混和能产生神圣性的材料制成的根脂。\n能够制作的其中一项道具。\n\n能涂在武器上，附加圣属性攻击力。\n一定时间后，效果会消失。
1440,出血油脂,1,0,[0|0|0],3190,26,0,0,100,0,-1,6060,-1,-1,0,-1,0,68,0,-1,-1,-1,10,0,50,0,2,0,0,1,0,0,0,[0|0],1,1,1,1,1,0,1,1,0,0,0,1,1,1,0,0,0,1,0,0,0,0,0,0,0,3194,-1,-1,-1,-1,-1,303090,-1,1,0,0,1,0,0,0,0,0,2,1,1,0,2,0,1,0,600,70,1,0,1,0,0,0,0,0,30010000,0,-1,-1,-1,0,0,0,0,0,0,0,0,0,0,0,0,0,0,0,0,0,0,[0|0],0,[0|0|0|0|0|0|0|0],混和血红色材料制成的根脂。\n能够制作的其中一项道具。\n\n能涂在武器上，附加异常状态出血。\n一定时间后，效果会消失。
1450,催眠油脂,1,0,[0|0|0],3150,26,0,0,200,0,-1,6080,-1,-1,0,-1,0,69,0,-1,-1,-1,10,0,50,0,2,0,0,1,0,0,0,[0|0],1,1,1,1,1,0,1,1,0,0,0,1,1,1,0,0,0,1,0,0,0,0,0,0,0,3154,-1,-1,-1,-1,-1,303100,-1,1,0,0,1,0,0,0,0,0,2,1,1,0,2,0,1,0,600,70,1,0,1,0,0,1,0,0,30010000,0,-1,-1,-1,0,0,0,0,0,0,0,0,0,0,0,0,0,0,0,0,0,0,[0|0],0,[0|0|0|0|0|0|0|0],混和淡紫色材料制成的根脂。\n能够制作的其中一项道具。\n\n能涂在武器上，附加异常状态催眠。\n一定时间后，效果会消失。
1460,中毒油脂,1,0,[0|0|0],3175,26,0,0,100,0,-1,6040,-1,-1,0,-1,0,70,0,-1,-1,-1,10,0,50,0,2,0,0,1,0,0,0,[0|0],1,1,1,1,1,0,1,1,0,0,0,1,1,1,0,0,0,1,0,0,0,0,0,0,0,3179,-1,-1,-1,-1,-1,303060,-1,1,0,0,1,0,0,0,0,0,2,1,1,0,2,0,1,0,600,70,1,0,1,0,0,0,0,0,30010000,0,-1,-1,-1,0,0,0,0,0,0,0,0,0,0,0,0,0,0,0,0,0,0,[0|0],0,[0|0|0|0|0|0|0|0],混和毒绿色材料制成的根脂。\n能够制作的其中一项道具。\n\n能涂在武器上，附加异常状态中毒。\n一定时间后，效果会消失。
1470,结冰油脂,1,0,[0|0|0],3140,26,0,0,100,0,-1,6070,-1,-1,0,-1,0,71,0,-1,-1,-1,10,0,50,0,2,0,0,1,0,0,0,[0|0],1,1,1,1,1,0,1,1,0,0,0,1,1,1,0,0,0,1,0,0,0,0,0,0,0,3144,-1,-1,-1,-1,-1,303110,-1,1,0,0,1,0,0,0,0,0,2,1,1,0,2,0,1,0,600,70,1,0,1,0,0,0,0,0,30010000,0,-1,-1,-1,0,0,0,0,0,0,0,0,0,0,0,0,0,0,0,0,0,0,[0|0],0,[0|0|0|0|0|0|0|0],混和结冰材料制成的根脂。\n能够制作的其中一项道具。\n\n能涂在武器上，附加异常状态冻伤。\n一定时间后，效果会消失。
1480,伤龙油脂,1,0,[0|0|0],3260,26,0,0,200,0,-1,6090,-1,-1,0,-1,0,621,0,-1,-1,-1,10,0,50,0,2,0,0,1,0,0,0,[0|0],1,1,1,1,1,0,1,1,0,0,0,1,1,1,0,0,0,1,0,0,0,0,0,0,0,3262,-1,-1,-1,-1,-1,303180,-1,1,0,0,1,0,0,0,0,0,2,1,1,0,2,0,1,0,600,70,1,0,1,0,0,1,0,0,30010000,0,-1,-1,-1,0,0,0,0,0,0,0,0,0,0,0,0,0,0,0,0,0,0,[0|0],0,[0|0|0|0|0|0|0|0],混和碎石制成的根脂。\n能够制作的其中一项道具。\n\n能涂在武器上，额外增加对龙的伤害。\n一定时间后，效果会消失。\n\n从诞生自古龙的那一刻起，龙失去了岩石鳞片。\n因此才有办法给予龙致命伤。
1490,腐败油脂,1,0,[0|0|0],3310,26,0,0,200,0,-1,6050,-1,-1,0,-1,0,612,0,-1,-1,-1,10,0,50,0,2,0,0,1,0,0,0,[0|0],1,1,1,1,1,0,1,1,0,0,0,1,1,1,0,0,0,1,0,0,0,0,0,0,0,3314,-1,-1,-1,-1,-1,303190,-1,1,0,0,1,0,0,0,0,0,2,1,1,0,2,0,1,0,600,70,1,0,1,0,0,1,0,0,30010000,0,-1,-1,-1,0,0,0,0,0,0,0,0,0,0,0,0,0,0,0,0,0,0,[0|0],0,[0|0|0|0|0|0|0|0],混和腐败材料制成的根脂。\n能够制作的其中一项道具。\n\n能涂在武器上，附加异常状态猩红腐败。\n一定时间后，效果会消失。
1500,附绳火油脂,0,0,[0|0|0],3161,23,0,0,100,0,-1,6110,-1,-1,0,-1,0,72,0,-1,-1,-1,30,0,50,0,2,0,0,16,0,0,0,[0|0],1,1,1,1,1,0,1,1,0,0,0,1,1,1,0,0,0,1,0,0,0,0,1,0,0,3163,-1,-1,-1,-1,-1,303000,-1,1,0,0,1,0,0,0,0,0,2,1,1,0,2,0,1,0,600,70,1,0,1,0,0,0,0,0,31000000,0,-1,-1,-1,0,0,0,0,0,0,0,0,0,0,0,0,0,0,0,0,0,0,[0|0],0,[0|0|0|0|0|0|0|0],混和能产生火焰的材料制成的根脂。\n能够制作的其中一项道具。\n\n根脂附有短小的绳索，\n能快速涂在武器上，附加火属性攻击力。\n由于脂块较小，有效时间偏短。
1510,附绳雷油脂,1,0,[0|0|0],3166,24,0,0,100,0,-1,6130,-1,-1,0,-1,0,73,0,-1,-1,-1,30,0,50,0,2,0,0,16,0,0,0,[0|0],1,1,1,1,1,0,1,1,0,0,0,1,1,1,0,0,0,1,0,0,0,0,1,0,0,3168,-1,-1,-1,-1,-1,303010,-1,1,0,0,1,0,0,0,0,0,2,1,1,0,2,0,1,0,600,70,1,0,1,0,0,0,0,0,31000000,0,-1,-1,-1,0,0,0,0,0,0,0,0,0,0,0,0,0,0,0,0,0,0,[0|0],0,[0|0|0|0|0|0|0|0],混和能产生雷电的材料制成的根脂。\n能够制作的其中一项道具。\n\n根脂附有短小的绳索，\n能快速涂在武器上，附加雷属性攻击力。\n由于脂块较小，有效时间偏短。
1520,附绳魔力油脂,1,0,[0|0|0],3171,24,0,0,100,0,-1,6120,-1,-1,0,-1,0,74,0,-1,-1,-1,30,0,50,0,2,0,0,16,0,0,0,[0|0],1,1,1,1,1,0,1,1,0,0,0,1,1,1,0,0,0,1,0,0,0,0,1,0,0,3173,-1,-1,-1,-1,-1,303070,-1,1,0,0,1,0,0,0,0,0,2,1,1,0,2,0,1,0,600,70,1,0,1,0,0,0,0,0,31000000,0,-1,-1,-1,0,0,0,0,0,0,0,0,0,0,0,0,0,0,0,0,0,0,[0|0],0,[0|0|0|0|0|0|0|0],混和能产生魔力的材料制成的根脂。\n能够制作的其中一项道具。\n\n根脂附有短小的绳索，\n能快速涂在武器上，附加魔力属性攻击力。\n由于脂块较小，有效时间偏短。
1530,附绳圣油脂,1,0,[0|0|0],3186,24,0,0,100,0,-1,6140,-1,-1,0,-1,0,614,0,-1,-1,-1,30,0,50,0,2,0,0,16,0,0,0,[0|0],1,1,1,1,1,0,1,1,0,0,0,1,1,1,0,0,0,1,0,0,0,0,1,0,0,3188,-1,-1,-1,-1,-1,303130,-1,1,0,0,1,0,0,0,0,0,2,1,1,0,2,0,1,0,600,70,1,0,1,0,0,0,0,0,31000000,0,-1,-1,-1,0,0,0,0,0,0,0,0,0,0,0,0,0,0,0,0,0,0,[0|0],0,[0|0|0|0|0|0|0|0],混和能产生神圣性的材料制成的根脂。\n能够制作的其中一项道具。\n\n根脂附有短小的绳索，\n能快速涂在武器上，附加圣属性攻击力。\n由于脂块较小，有效时间偏短。
1540,附绳出血油脂,1,0,[0|0|0],3192,24,0,0,100,0,-1,6170,-1,-1,0,-1,0,76,0,-1,-1,-1,30,0,50,0,2,0,0,16,0,0,0,[0|0],1,1,1,1,1,0,1,1,0,0,0,1,1,1,0,0,0,1,0,0,0,0,1,0,0,3196,-1,-1,-1,-1,-1,303090,-1,1,0,0,1,0,0,0,0,0,2,1,1,0,2,0,1,0,600,70,1,0,1,0,0,0,0,0,31000000,0,-1,-1,-1,0,0,0,0,0,0,0,0,0,0,0,0,0,0,0,0,0,0,[0|0],0,[0|0|0|0|0|0|0|0],混和血红色材料制成的根脂。\n能够制作的其中一项道具。\n\n根脂附有短小的绳索，\n能快速涂在武器上，附加异常状态出血。\n由于脂块较小，有效时间偏短。
1550,附绳催眠油脂,1,0,[0|0|0],3152,24,0,0,200,0,-1,6180,-1,-1,0,-1,0,77,0,-1,-1,-1,30,0,50,0,2,0,0,16,0,0,0,[0|0],1,1,1,1,1,0,1,1,0,0,0,1,1,1,0,0,0,1,0,0,0,0,1,0,0,3156,-1,-1,-1,-1,-1,303100,-1,1,0,0,1,0,0,0,0,0,2,1,1,0,2,0,1,0,600,70,1,0,1,0,0,1,0,0,31000000,0,-1,-1,-1,0,0,0,0,0,0,0,0,0,0,0,0,0,0,0,0,0,0,[0|0],0,[0|0|0|0|0|0|0|0],混和淡紫色材料制成的根脂。\n能够制作的其中一项道具。\n\n根脂附有短小的绳索，\n能快速涂在武器上，附加异常状态催眠。\n由于脂块较小，有效时间偏短。
1560,附绳中毒油脂,1,0,[0|0|0],3177,23,0,0,100,0,-1,6150,-1,-1,0,-1,0,78,0,-1,-1,-1,30,0,50,0,2,0,0,16,0,0,0,[0|0],1,1,1,1,1,0,1,1,0,0,0,1,1,1,0,0,0,1,0,0,0,0,1,0,0,3181,-1,-1,-1,-1,-1,303060,-1,1,0,0,1,0,0,0,0,0,2,1,1,0,2,0,1,0,600,70,1,0,1,0,0,0,0,0,31000000,0,-1,-1,-1,0,0,0,0,0,0,0,0,0,0,0,0,0,0,0,0,0,0,[0|0],0,[0|0|0|0|0|0|0|0],混和毒绿色材料制成的根脂。\n能够制作的其中一项道具。\n\n根脂附有短小的绳索，\n能快速涂在武器上，附加异常状态中毒。\n由于脂块较小，有效时间偏短。
1570,[ERROR]附绳结冰油脂,1,0,[0|0|0],3142,24,0,0,100,0,-1,999999,-1,-1,0,-1,0,79,0,-1,-1,-1,30,0,50,0,2,0,0,16,0,0,0,[0|0],1,1,1,1,1,0,1,1,0,0,0,1,1,1,0,0,0,1,0,0,0,0,1,0,0,3146,-1,-1,-1,-1,-1,303110,-1,1,0,0,1,0,0,0,0,0,2,0,1,0,2,0,1,0,600,255,1,0,1,0,0,0,0,0,31000000,0,-1,-1,-1,0,0,0,0,0,0,0,0,0,0,0,0,0,0,0,0,0,0,[0|0],0,[0|0|0|0|0|0|0|0],混和结冰材料制成的根脂。\n能够制作的其中一项道具。\n\n根脂附有短小的绳索，\n能快速涂在武器上，附加异常状态冻伤。\n由于脂块较小，有效时间偏短。
1590,附绳腐败油脂,1,0,[0|0|0],3312,24,0,0,200,0,-1,6160,-1,-1,0,-1,0,613,0,-1,-1,-1,30,0,50,0,2,0,0,16,0,0,0,[0|0],1,1,1,1,1,0,1,1,0,0,0,1,1,1,0,0,0,1,0,0,0,0,1,0,0,3316,-1,-1,-1,-1,-1,303190,-1,1,0,0,1,0,0,0,0,0,2,1,1,0,2,0,1,0,600,70,1,0,1,0,0,1,0,0,31000000,0,-1,-1,-1,0,0,0,0,0,0,0,0,0,0,0,0,0,0,0,0,0,0,[0|0],0,[0|0|0|0|0|0|0|0],混和腐败材料制成的根脂。\n能够制作的其中一项道具。\n\n根脂附有短小的绳索，\n能快速涂在武器上，附加异常状态猩红腐败。\n由于脂块较小，有效时间偏短。
1690,坚盾油脂,1,0,[0|0|0],501690,23,0,0,100,0,-1,6100,-1,-1,0,-1,0,590,0,-1,-1,-1,10,0,50,0,2,0,0,50,0,0,0,[0|0],1,1,1,1,1,0,1,1,0,0,0,1,1,0,0,0,0,0,0,0,0,0,0,0,0,501691,-1,-1,-1,-1,-1,303070,-1,1,0,0,1,0,1,0,0,0,2,1,1,0,2,0,0,0,600,70,1,0,1,0,0,0,0,0,-1,0,-1,-1,-1,0,0,0,0,0,0,0,0,0,0,0,0,0,0,0,0,0,0,[0|0],0,[0|0|0|0|0|0|0|0],混和能产生魔力的材料制成的根脂。\n能够制作的其中一项道具。\n\n能涂在左手武器，\n提升所有的减伤率，以及防御强度。\n一定时间后，效果会消失。\n\n主要会涂在盾牌上。
1700,投掷匕首,0,0,[0|0|0],10170000,17,0,0,10,0,-1,4030,-1,-1,0,-1,0,80,0,-1,-1,-1,40,0,50,0,1,0,0,17,0,0,0,[0|0],1,1,1,1,1,0,1,1,0,0,0,1,1,0,0,0,0,0,0,0,0,0,1,1,0,-1,170000,-1,-1,-1,300000,-1,-1,1,0,0,1,0,0,0,0,0,2,1,1,0,2,0,1,0,600,50,0,0,0,0,0,0,0,0,10000001,0,-1,-1,-1,0,0,0,0,0,0,0,0,0,0,0,0,0,0,0,0,0,0,[0|0],0,[0|0|0|0|0|0|0|0],没有护手的投掷用匕首。\n经过细心磨利、调整的高级品。\n\n能射向敌人，给予伤害。\n\n基本上是用于牵制的辅助武器，\n透过熟练者之手也能化为恐怖利刃。
1710,兽骨飞刀,0,0,[0|0|0],10171000,17,0,0,10,0,-1,4000,-1,-1,0,-1,0,82,0,-1,-1,-1,40,0,50,0,1,0,0,17,0,0,0,[0|0],1,1,1,1,1,0,1,1,0,0,0,1,1,0,0,0,0,0,0,0,0,0,1,1,0,-1,171000,-1,-1,-1,300070,-1,-1,1,0,0,1,0,0,0,0,0,2,1,1,0,2,0,1,0,600,50,0,0,1,0,0,0,0,0,10000001,0,-1,-1,-1,0,0,0,0,0,0,0,0,0,0,0,0,0,0,0,0,0,0,[0|0],0,[0|0|0|0|0|0|0|0],将兽骨切割成锐角的投掷用小刀。\n能够制作的其中一项道具。\n\n能射向敌人，给予伤害。
1720,兽骨毒飞刀,1,0,[0|0|0],10172000,18,0,0,10,0,-1,4010,-1,-1,0,-1,0,83,0,-1,-1,-1,40,0,50,0,1,0,0,17,0,0,0,[0|0],1,1,1,1,1,0,1,1,0,0,0,1,1,0,0,0,0,0,0,0,0,0,1,1,0,-1,172000,-1,-1,-1,300620,-1,-1,1,0,0,1,0,0,0,0,0,2,1,1,0,2,0,1,0,600,50,0,0,1,0,0,0,0,0,10000001,0,-1,-1,-1,0,0,0,0,0,0,0,0,0,0,0,0,0,0,0,0,0,0,[0|0],0,[0|0|0|0|0|0|0|0],将兽骨切割成锐角的投掷用小刀。\n刀尖涂满毒液，能够制作的其中一项道具。\n\n能射向敌人给予伤害，累积中毒量表。
1730,廓尔喀弯刀,1,0,[0|0|0],10173000,17,0,0,10,0,-1,4040,-1,-1,0,-1,0,84,0,-1,-1,-1,30,0,50,0,1,0,0,2,0,0,0,[0|0],1,1,1,1,1,0,1,1,0,0,0,1,1,0,0,0,0,0,0,0,0,0,0,1,0,-1,173000,-1,-1,-1,300080,-1,-1,1,0,0,1,0,0,0,0,0,2,1,1,0,2,0,1,0,600,50,0,0,0,0,0,0,0,0,10000001,0,-1,-1,-1,0,0,0,0,0,0,0,0,0,0,0,0,0,0,0,0,0,0,[0|0],0,[0|0|0|0|0|0|0|0],偏大型的投掷用小刀。\n弯曲的刀身相当锋利。\n\n能射向敌人给予伤害，累积出血量表。\n\n无法快速投掷的重型投掷武器，\n能给予敌人较大的伤害。
1740,结晶飞刀,1,0,[0|0|0],10174000,17,0,0,20,0,-1,4020,-1,-1,0,-1,0,85,0,-1,-1,-1,40,0,50,0,1,0,0,17,0,0,0,[0|0],1,1,1,1,1,0,1,1,0,0,0,1,1,0,0,0,0,0,0,0,0,0,1,1,0,-1,174000,-1,-1,-1,300060,-1,-1,1,0,0,1,0,0,0,0,0,2,1,1,0,2,0,1,0,600,50,0,0,1,0,0,0,0,0,10000001,1,-1,-1,-1,0,0,0,0,0,0,0,0,0,0,0,0,0,0,0,0,0,0,[0|0],0,[0|0|0|0|0|0|0|0],切割纯度较低的结晶制成的投掷用武器。\n能够制作的其中一项道具。\n\n能消耗专注值射向敌人，给予魔力属性伤害。\n\n据说魔像技师曾使用过类似的结晶道具。
1750,扇形暗器,1,0,[0|0|0],10175000,17,0,0,20,0,-1,4050,-1,-1,0,-1,0,622,0,-1,-1,-1,40,0,50,0,1,0,0,17,0,0,0,[0|0],1,1,1,1,1,0,1,1,0,0,0,1,1,0,0,0,0,0,0,0,0,0,1,1,0,-1,175000,-1,-1,-1,300090,-1,-1,1,0,0,1,0,0,0,0,0,2,1,1,0,2,0,1,0,600,50,0,0,0,0,0,0,0,0,10000001,0,-1,-1,-1,0,0,0,0,0,0,0,0,0,0,0,0,0,0,0,0,0,0,[0|0],0,[0|0|0|0|0|0|0|0],将５把刀绑成一束的投掷用武器。\n自比猛禽的杀手常用的暗器。\n\n能将小刀以扇形射向敌人，给予伤害。\n\n每一把刀个别能造成的伤害不高，\n但因为攻击范围大，适合用在牵制敌人。
1760,遗迹石,0,0,[0|0|0],10176000,-1,0,0,10,0,-1,4060,-1,-1,0,-1,0,523,0,-1,-1,-1,999,0,50,0,1,5,0,3,0,0,0,[0|0],1,1,1,1,1,0,1,1,0,0,0,1,1,0,0,0,0,0,0,0,0,0,0,0,0,-1,176000,-1,-1,-1,302140,-1,-1,1,0,0,1,0,0,0,0,0,2,1,1,0,2,0,1,0,999,50,0,0,0,0,0,0,0,0,10000002,0,-1,-1,-1,0,0,0,0,0,0,0,0,0,0,0,0,0,0,0,0,0,0,[0|0],0,[0|0|0|0|0|0|0|0],在天降遗迹的地区发现的小碎片。\n用于制作道具的其中一项材料，\n也能直接丢出。\n\n据说是空中神殿的一部分，\n具有容易附着光芒的特性。
1830,爆炸石,1,0,[0|0|0],10183000,17,0,0,50,0,-1,4090,-1,-1,0,-1,0,702,0,-1,-1,-1,20,0,50,0,1,5,0,3,0,0,0,[0|0],1,1,1,1,1,0,1,1,0,0,0,1,1,0,0,0,0,0,0,0,0,0,0,0,0,-1,183000,-1,-1,-1,300600,-1,-1,1,0,0,1,0,0,0,0,0,2,1,1,0,2,0,1,0,600,50,0,0,0,0,0,0,0,0,10000002,0,-1,-1,-1,0,0,0,0,0,0,0,0,0,0,0,0,0,0,0,0,0,0,[0|0],0,[0|0|0|0|0|0|0|0],内部有火苗熏烧的小石头。\n\n能丢向敌人，引发爆炸给予火属性伤害。\n\n挖石矿工们用来炸开岩盘的道具。\n制作方法早已失传。
1831,爆炸石块,1,0,[0|0|0],10183100,17,0,0,50,0,-1,4100,-1,-1,0,-1,0,703,0,-1,-1,-1,20,0,50,0,1,5,0,3,0,0,0,[0|0],1,1,1,1,1,0,1,1,0,0,0,1,1,0,0,0,0,0,0,0,0,0,0,0,0,-1,183100,-1,-1,-1,300650,-1,-1,1,0,0,1,0,0,0,0,0,2,1,1,0,2,0,1,0,600,50,0,0,0,0,0,0,0,0,10000002,0,-1,-1,-1,0,0,0,0,0,0,0,0,0,0,0,0,0,0,0,0,0,0,[0|0],0,[0|0|0|0|0|0|0|0],多个内部有火苗熏烧的小石头，\n合而为一的石块。\n\n能将石块丢向敌人，\n引发爆炸给予火属性伤害。\n\n挖石矿工们用来炸开岩盘的道具。\n制作方法早已失传。
1840,毒石,1,0,[0|0|0],10184000,17,0,0,50,0,-1,4070,-1,-1,0,-1,0,704,0,-1,-1,-1,20,0,50,0,1,5,0,3,0,0,0,[0|0],1,1,1,1,1,0,1,1,0,0,0,1,1,0,0,0,0,0,0,0,0,0,0,0,0,-1,184000,-1,-1,-1,300610,-1,-1,1,0,0,1,0,0,0,0,0,2,1,1,0,2,0,1,0,600,50,0,0,0,0,0,0,0,0,10000002,0,-1,-1,-1,0,0,0,0,0,0,0,0,0,0,0,0,0,0,0,0,0,0,[0|0],0,[0|0|0|0|0|0|0|0],内部注满毒素的小石头。\n\n能丢向敌人，累积中毒量表。\n\n挖石矿工们用来驱除害虫的道具。\n制作方法早已失传。
1841,毒石块,1,0,[0|0|0],10184100,17,0,0,50,0,-1,4080,-1,-1,0,-1,0,705,0,-1,-1,-1,20,0,50,0,1,5,0,3,0,0,0,[0|0],1,1,1,1,1,0,1,1,0,0,0,1,1,0,0,0,0,0,0,0,0,0,0,0,0,-1,184100,-1,-1,-1,300660,-1,-1,1,0,0,1,0,0,0,0,0,2,1,1,0,2,0,1,0,600,50,0,0,0,0,0,0,0,0,10000002,0,-1,-1,-1,0,0,0,0,0,0,0,0,0,0,0,0,0,0,0,0,0,0,[0|0],0,[0|0|0|0|0|0|0|0],多个内部注满毒素的小石头，\n合而为一的石块。\n\n能将石块丢向敌人，累积中毒量表。\n\n挖石矿工们用来驱除害虫的道具。\n制作方法早已失传。
2020,虹彩石,0,0,[0|0|0],130,-1,0,0,10,0,-1,7030,-1,-1,0,-1,0,90,0,-1,-1,-1,99,0,50,0,1,5,0,7,0,0,0,[0|0],1,1,1,1,1,0,1,1,0,1,0,1,1,0,0,0,0,0,0,0,0,0,0,0,0,-1,-1,-1,-1,-1,302020,-1,-1,1,0,0,1,0,0,0,0,0,2,1,1,0,2,0,1,0,600,80,1,0,1,0,0,0,0,0,-1,0,-1,-1,-1,0,0,0,0,0,0,0,0,0,0,0,0,0,0,0,0,0,0,[0|0],0,[0|0|0|0|0|0|0|0],用遗迹石简单加工后的成品。\n能够制作的其中一项道具。\n\n放置后能发出七色中任一颜色，成为发光路标。\n\n此外，也能用在推测距离地面的高度。\n丢下之后如果听到尖锐的声音，\n代表跳下去必死无疑。\n\n在交界地的边境区域，是孩子们的玩具。
2030,照明石,0,0,[0|0|0],10203000,-1,0,0,10,0,-1,7040,-1,-1,0,-1,0,91,0,-1,-1,-1,99,0,50,0,1,5,0,7,0,0,0,[0|0],1,1,1,1,1,0,1,1,0,1,0,1,1,0,0,0,0,0,0,0,0,0,0,0,0,-1,-1,-1,-1,-1,302030,-1,-1,1,0,0,1,0,0,0,0,0,2,1,1,0,2,0,1,0,600,80,1,0,1,0,0,0,0,0,-1,0,-1,-1,-1,0,0,0,0,0,0,0,0,0,0,0,0,0,0,0,0,0,0,[0|0],0,[0|0|0|0|0|0|0|0],用遗迹石加工后的成品，\n会发出比虹彩石更强烈的光芒。\n能够制作的其中一项道具。\n\n放置后能散发光芒，照亮四周。\n但一定时间后效果会消失，颜色也不再多彩。\n\n效果虽短暂，在黑夜或身在暗处时善加利用吧。
2040,望远镜,0,0,[0|0|0],3240,41,0,0,-1,0,-1,7100,-1,-1,0,-1,0,92,0,-1,-1,-1,1,0,50,0,2,0,0,4,0,0,0,[0|0],1,1,1,1,1,0,1,0,0,0,0,0,1,0,0,0,0,0,0,1,0,0,0,0,0,-1,-1,-1,-1,-1,302050,-1,-1,1,0,0,1,0,0,0,0,0,0,0,1,0,2,0,1,0,600,80,1,0,0,0,0,2,0,0,-1,0,-1,-1,-1,0,0,0,0,0,0,0,0,0,0,0,0,0,0,0,0,0,0,[0|0],0,[0|0|0|0|0|0|0|0],卡利亚王室的观星道具。\n此为被拆除、流到外头的部分零件。\n\n能够清楚看见远方的景色。\n\n在黄金树时代，卡利亚的观星术没落──\n因为存在于夜空的命运，已经受黄金律法束缚。
2050,拟态赐福,1,0,[0|0|0],10205000,-1,0,0,10,0,-1,7070,-1,-1,0,-1,0,572,0,-1,-1,-1,99,0,50,0,1,5,0,7,0,0,0,[0|0],1,1,1,1,1,0,1,1,0,1,0,1,1,0,0,0,0,0,0,0,0,0,0,0,0,-1,-1,-1,-1,-1,302710,-1,-1,1,0,0,1,0,0,0,0,0,2,1,1,0,2,0,1,0,600,80,1,0,1,0,0,0,0,0,-1,0,-1,-1,-1,0,0,0,0,0,0,0,0,0,0,0,0,0,0,0,0,0,0,[0|0],0,[0|0|0|0|0|0|0|0],仿造赐福指引的诅咒物。\n能够制作的其中一项道具。\n\n和赐福一样能发出光芒引路，\n但那光芒没有规律可言。\n\n此为迷途者最后的救命稻草──\n说不定那没有规律的指引，\n反而会歪打正着，引导自己找到正路。
2070,携带照明灯,1,0,[0|0|0],3245,41,0,0,-1,0,-1,7090,-1,-1,0,-1,0,93,0,-1,-1,-1,1,0,50,0,2,0,0,27,0,0,0,[0|0],1,1,1,1,1,0,1,0,0,0,0,0,1,0,0,0,0,0,0,1,0,0,0,0,0,3246,-1,-1,-1,-1,302050,-1,-1,1,0,0,1,0,0,0,0,0,0,0,1,0,2,0,1,0,600,80,1,0,0,0,0,2,0,0,-1,0,-1,-1,-1,0,0,0,0,0,0,0,0,0,0,0,0,0,0,0,0,0,0,[0|0],0,[0|0|0|0|0|0|0|0],挂在腰上，能照亮四周的携带型照明灯。\n\n使用后能点亮灯，再使用一次能熄灯。\n\n照明范围比火把还要小，\n但具有不必用手拿的优点。
2080,亵渎兽爪,1,0,[0|0|0],10208000,98,0,0,-1,0,-1,5100,-1,-1,0,-1,0,94,0,-1,-1,-1,1,0,50,0,1,0,0,62,0,0,0,[0|0],1,1,1,1,1,0,1,0,0,0,0,0,1,0,0,0,0,0,0,1,0,0,0,0,0,-1,-1,-1,-1,-1,-1,-1,-1,1,0,0,1,0,0,0,0,0,0,0,1,0,2,0,0,0,600,60,0,0,0,0,0,3,0,0,-1,0,-1,-1,-1,0,0,0,0,0,0,0,0,0,0,0,0,0,0,0,0,0,0,[0|0],0,[0|0|0|0|0|0|0|0],嵌上死亡卢恩碎片的石片。\n\n能拨开黑剑的力量。\n\n在阴谋之夜，拉卡德司法官以谢礼的名义，\n从菈妮手中收下此物。\n打算在往后的亵渎时刻，挑战命定之死的黑兽──\n“黑剑”玛利喀斯时，作为杀手锏使用。
2090,死根,1,0,[0|0|0],-1,98,0,0,-1,0,-1,204300,-1,-1,0,-1,0,557,0,-1,-1,-1,99,0,50,1,0,0,0,0,0,0,0,[0|0],1,1,1,1,1,0,0,1,0,0,0,0,1,0,1,0,0,0,0,0,0,0,0,0,0,-1,-1,-1,-1,-1,-1,-1,-1,1,0,0,1,0,0,0,0,0,0,0,1,0,2,0,0,0,600,50,1,0,0,0,0,2,0,0,-1,0,-1,-1,-1,0,0,0,0,0,0,0,0,0,0,0,0,0,0,0,0,0,0,[0|0],0,[0|0|0|0|0|0|0|0],催生出死诞者的起源。\n\n在东方尽头的野兽神殿里，\n其中的野兽祭司在收集、吞噬此物。\n\n在阴谋之夜，当被偷走的死亡卢恩\n促成半神最初的死亡之后，便化为死根，\n透过地底的大树根，在交界地各处萌生。
2100,柔软棉花,1,0,[0|0|0],10210000,-1,0,0,10,0,-1,7050,-1,-1,0,-1,0,591,0,-1,-1,-1,99,0,50,0,1,5,0,66,0,0,0,[0|0],1,1,1,1,1,0,1,1,0,0,0,1,1,0,0,0,0,0,0,0,0,0,0,0,0,-1,-1,-1,-1,-1,-1,302211,302210,1,0,0,1,0,0,0,0,0,2,1,1,0,2,0,1,0,600,80,1,0,1,0,0,0,0,0,-1,0,-1,-1,-1,0,0,0,0,0,0,0,0,0,0,0,0,0,0,0,0,0,0,[0|0],0,[0|0|0|0|0|0|0|0],用特殊方式，让罗亚果实爆裂开来的产物。\n柔软又坚韧的棉絮块。\n能够制作的其中一项道具。\n\n能粘在脚底，暂时降低落下损伤、落地声响，\n以及脚步声的声响。\n\n如果要硬着头皮往下跳，\n不如试试看飘然落地吧。
2120,肥皂,1,0,[0|0|0],502120,-1,0,0,10,0,-1,7060,-1,-1,0,-1,0,592,0,-1,-1,-1,99,0,50,0,2,0,0,5,0,0,0,[0|0],1,1,1,1,1,0,1,1,0,0,0,1,1,0,0,0,0,0,0,0,0,0,0,0,0,-1,-1,-1,-1,-1,300640,-1,-1,1,0,0,1,0,0,0,0,0,2,1,1,0,2,0,1,0,600,80,1,0,1,0,0,0,0,0,-1,0,-1,-1,-1,0,0,0,0,0,0,0,0,0,0,0,0,0,0,0,0,0,0,[0|0],0,[0|0|0|0|0|0|0|0],用蘑菇漫出的汁液制成的植物性肥皂。\n能够制作的其中一项道具。\n\n在浑身沾上某物时，能去除全身的脏污。\n也能些微减轻中毒量表的累积。\n\n满身脏污不洗，迟早连心也会变得污浊。
2130,星星泪滴,1,0,[0|0|0],-1,-1,0,0,100,0,-1,204340,-1,-1,0,-1,0,624,0,-1,-1,-1,99,0,50,1,0,0,0,0,0,0,0,[0|0],1,1,1,1,1,0,0,1,0,0,0,0,1,0,0,0,0,0,0,0,0,0,0,0,0,-1,-1,-1,-1,-1,-1,-1,-1,1,0,0,1,0,0,0,0,0,0,0,1,0,2,0,1,0,600,50,1,0,0,0,0,2,0,0,-1,0,-1,-1,-1,0,0,0,0,0,0,0,0,0,0,0,0,0,0,0,0,0,0,[0|0],0,[0|0|0|0|0|0|0|0],在永恒之城取得的秘密泪滴。\n别名为“黑夜泪滴”。\n\n能在结缘教堂用于赎罪，\n所有的敌对状态会一笔勾消。\n\n在过去，夜空里的星星掌管着命运，\n此为流传下来的历史遗物。
2140,玛尔基特的囚具,0,0,[0|0|0],10214000,-1,0,0,-1,0,-1,5080,-1,-1,0,-1,0,597,0,-1,-1,-1,1,0,50,0,1,0,0,64,0,0,0,[0|0],1,1,1,1,1,0,1,0,0,0,0,0,1,0,0,0,0,0,0,1,0,0,0,0,0,-1,-1,-1,-1,-1,-1,-1,-1,1,0,0,1,0,0,0,0,0,0,0,1,0,2,0,0,0,600,60,0,0,0,0,0,2,0,0,-1,0,-1,-1,-1,0,0,0,0,0,0,0,0,0,0,0,0,0,0,0,0,0,0,[0|0],0,[0|0|0|0|0|0|0|0],带有黄金魔力的诅咒物。\n在蒙受诅咒的多位恶兆之子中，\n用于其中一位须严加管束的人物身上。\n\n如今仍有些微束缚用的魔力。\n用在曾被囚禁的玛尔基特身上，\n应该能将他暂时压制在地。
2150,蒙格的囚具,1,0,[0|0|0],10215000,-1,0,0,-1,0,-1,5090,-1,-1,0,-1,0,598,0,-1,-1,-1,1,0,50,0,1,0,0,64,0,0,0,[0|0],1,1,1,1,1,0,1,0,0,0,0,0,1,0,0,0,0,0,0,1,0,0,0,0,0,-1,-1,-1,-1,-1,-1,-1,-1,1,0,0,1,0,0,0,0,0,0,0,1,0,2,0,0,0,600,60,0,0,0,0,0,2,0,0,-1,0,-1,-1,-1,0,0,0,0,0,0,0,0,0,0,0,0,0,0,0,0,0,0,[0|0],0,[0|0|0|0|0|0|0|0],带有黄金魔力的诅咒物。\n在蒙受诅咒的多位恶兆之子中，\n用于其中一位须严加管束的人物身上。\n\n如今仍有些微束缚用的魔力。\n用在曾被囚禁的蒙格身上，\n应该能将他暂时压制在地。
2160,纯血骑士勋章,1,0,[0|0|0],502161,-1,0,0,-1,0,-1,8000,-1,10010840,0,-1,0,625,0,-1,-1,-1,1,0,50,0,2,0,0,40,1,0,0,[0|0],1,0,0,0,0,0,1,0,0,0,0,0,1,0,1,0,0,0,0,1,0,0,0,0,0,-1,-1,-1,-1,-1,-1,302200,-1,1,0,0,0,0,0,1,0,0,0,0,1,0,2,0,1,0,600,90,1,0,0,0,0,2,0,0,-1,0,-1,-1,-1,0,0,0,0,0,0,0,0,0,0,0,0,0,0,0,0,0,0,[0|0],0,[0|0|0|0|0|0|0|0],鲜血君王准备开创的新王朝“蒙格温”，\n其中具有荣誉作为的骑士，拥有的证明。\n\n使用后能觐见蒙格，但现在时机未到。\n\n蒙格仍在与神共度良宵。\n静待王朝开创之时到来吧。
2190,米凯拉的针,1,0,[0|0|0],502190,-1,0,0,-1,0,-1,8010,-1,10010830,468,-1,0,630,0,-1,-1,-1,1,0,50,0,2,0,0,43,1,0,0,[0|0],1,0,0,0,0,0,1,1,0,0,0,0,1,0,1,0,0,0,0,1,0,0,0,0,0,-1,-1,-1,-1,-1,302190,302191,-1,1,0,0,0,0,0,0,0,0,0,0,1,0,2,0,1,0,600,90,1,0,0,0,0,3,0,0,-1,0,-1,-1,-1,0,0,0,0,0,0,0,0,0,0,0,0,0,0,0,0,0,0,[0|0],0,[0|0|0|0|0|0|0|0],为了驱退外在神祇的干涉，\n米凯拉精心制作的其中一根纯净金针。\n\n受赐癫火后，能用此物镇定癫火，\n逃离成为癫火之王的命运。\n\n然而此针是未完成的物品，\n要使用此物，只能前往法姆·亚兹拉，\n据说位在该地的时空夹缝、风暴中心使用。
2200,唤声泥颅“你好”,1,0,[0|0|0],10220000,-1,0,0,-1,0,-1,7110,-1,-1,0,-1,0,95,0,-1,-1,-1,1,0,50,0,1,5,0,31,0,0,0,[0|0],1,1,1,1,1,0,1,0,0,0,0,0,1,0,0,0,0,0,0,1,0,0,0,0,0,-1,-1,-1,-1,-1,302500,302501,-1,1,0,0,1,0,0,0,0,0,0,0,1,0,2,0,1,0,600,80,1,0,0,0,0,1,0,0,-1,0,-1,-1,-1,0,0,0,0,0,0,0,0,0,0,0,0,0,0,0,0,0,0,[0|0],0,[0|0|0|0|0|0|0|0],仿造人头的歪扭泥土艺品。\n能发出“你好”的声音。\n\n此为将声音、话语寄情于永恒，\n充满乡愁的诅咒物。
2201,唤声泥颅“谢谢”,1,0,[0|0|0],10220100,-1,0,0,-1,0,-1,7120,-1,-1,0,-1,0,96,0,-1,-1,-1,1,0,50,0,1,5,0,31,0,0,0,[0|0],1,1,1,1,1,0,1,0,0,0,0,0,1,0,0,0,0,0,0,1,0,0,0,0,0,-1,-1,-1,-1,-1,302510,302511,-1,1,0,0,1,0,0,0,0,0,0,0,1,0,2,0,1,0,600,80,1,0,0,0,0,1,0,0,-1,0,-1,-1,-1,0,0,0,0,0,0,0,0,0,0,0,0,0,0,0,0,0,0,[0|0],0,[0|0|0|0|0|0|0|0],仿造人头的歪扭泥土艺品。\n能发出“谢谢”的声音。\n\n此为将声音、话语寄情于永恒，\n充满乡愁的诅咒物。
2202,唤声泥颅“对不起”,1,0,[0|0|0],10220200,-1,0,0,-1,0,-1,7130,-1,-1,0,-1,0,97,0,-1,-1,-1,1,0,50,0,1,5,0,31,0,0,0,[0|0],1,1,1,1,1,0,1,0,0,0,0,0,1,0,0,0,0,0,0,1,0,0,0,0,0,-1,-1,-1,-1,-1,302520,302521,-1,1,0,0,1,0,0,0,0,0,0,0,1,0,2,0,1,0,600,80,1,0,0,0,0,1,0,0,-1,0,-1,-1,-1,0,0,0,0,0,0,0,0,0,0,0,0,0,0,0,0,0,0,[0|0],0,[0|0|0|0|0|0|0|0],仿造人头的歪扭泥土艺品。\n能发出“对不起”的声音。\n\n此为将声音、话语寄情于永恒，\n充满乡愁的诅咒物。
2203,唤声泥颅“太棒了！”,1,0,[0|0|0],10220300,-1,0,0,-1,0,-1,7140,-1,-1,0,-1,0,98,0,-1,-1,-1,1,0,50,0,1,5,0,31,0,0,0,[0|0],1,1,1,1,1,0,1,0,0,0,0,0,1,0,0,0,0,0,0,1,0,0,0,0,0,-1,-1,-1,-1,-1,302530,302531,-1,1,0,0,1,0,0,0,0,0,0,0,1,0,2,0,1,0,600,80,1,0,0,0,0,1,0,0,-1,0,-1,-1,-1,0,0,0,0,0,0,0,0,0,0,0,0,0,0,0,0,0,0,[0|0],0,[0|0|0|0|0|0|0|0],仿造人头的歪扭泥土艺品。\n能发出“太棒了！”的声音。\n\n此为将声音、话语寄情于永恒，\n充满乡愁的诅咒物。
2204,唤声泥颅“救命啊……”,1,0,[0|0|0],10220400,-1,0,0,-1,0,-1,7150,-1,-1,0,-1,0,99,0,-1,-1,-1,1,0,50,0,1,5,0,31,0,0,0,[0|0],1,1,1,1,1,0,1,0,0,0,0,0,1,0,0,0,0,0,0,1,0,0,0,0,0,-1,-1,-1,-1,-1,302540,302541,-1,1,0,0,1,0,0,0,0,0,0,0,1,0,2,0,1,0,600,80,1,0,0,0,0,1,0,0,-1,0,-1,-1,-1,0,0,0,0,0,0,0,0,0,0,0,0,0,0,0,0,0,0,[0|0],0,[0|0|0|0|0|0|0|0],仿造人头的歪扭泥土艺品。\n能发出“救命啊……”的声音。\n\n此为将声音、话语寄情于永恒，\n充满乡愁的诅咒物。
2205,唤声泥颅“我爱你”,1,0,[0|0|0],10220500,-1,0,0,-1,0,-1,7160,-1,-1,0,-1,0,100,0,-1,-1,-1,1,0,50,0,1,5,0,31,0,0,0,[0|0],1,1,1,1,1,0,1,0,0,0,0,0,1,0,0,0,0,0,0,1,0,0,0,0,0,-1,-1,-1,-1,-1,302550,302551,-1,1,0,0,1,0,0,0,0,0,0,0,1,0,2,0,1,0,600,80,1,0,0,0,0,1,0,0,-1,0,-1,-1,-1,0,0,0,0,0,0,0,0,0,0,0,0,0,0,0,0,0,0,[0|0],0,[0|0|0|0|0|0|0|0],仿造人头的歪扭泥土艺品。\n能发出“我爱你”的声音。\n\n此为将声音、话语寄情于永恒，\n充满乡愁的诅咒物。\n\n而其中，表现爱意的话语最容易生变。
2206,唤声泥颅“我们开始吧”,1,0,[0|0|0],10220600,-1,0,0,-1,0,-1,7170,-1,-1,0,-1,0,101,0,-1,-1,-1,1,0,50,0,1,5,0,31,0,0,0,[0|0],1,1,1,1,1,0,1,0,0,0,0,0,1,0,0,0,0,0,0,1,0,0,0,0,0,-1,-1,-1,-1,-1,302560,302561,-1,1,0,0,1,0,0,0,0,0,0,0,1,0,2,0,1,0,600,80,1,0,0,0,0,1,0,0,-1,0,-1,-1,-1,0,0,0,0,0,0,0,0,0,0,0,0,0,0,0,0,0,0,[0|0],0,[0|0|0|0|0|0|0|0],仿造人头的歪扭泥土艺品。\n能发出“我们开始吧”的声音。\n\n此为将声音、话语寄情于永恒，\n充满乡愁的诅咒物。
2207,唤声泥颅“你长得很好看”,1,0,[0|0|0],9690,-1,0,0,-1,0,-1,7180,-1,-1,0,-1,0,631,0,-1,-1,-1,1,0,50,0,2,5,0,31,0,0,0,[0|0],1,1,1,1,1,0,1,0,0,0,0,0,1,0,0,0,0,0,0,1,0,0,0,0,0,-1,-1,-1,-1,-1,302570,302571,-1,1,0,0,1,0,0,0,0,0,0,0,1,0,2,0,1,0,600,80,1,0,0,0,0,2,0,0,-1,0,-1,-1,-1,0,0,0,0,0,0,0,0,0,0,0,0,0,0,0,0,0,0,[0|0],0,[0|0|0|0|0|0|0|0],仿造亚人头的歪扭泥土艺品。\n能发出“你长得很好看”的声音。\n\n此为将声音、话语寄情于永恒，\n充满乡愁的诅咒物。\n\n不求回报的爱、无条件地肯定──\n这一定是来自母亲的话语。
2900,黄金卢恩【１】,0,0,[0|0|0],3269,60,0,0,200,0,-1,9010,-1,-1,0,-1,0,143,0,-1,-1,-1,99,0,50,0,2,0,0,9,0,0,0,[0|0],1,1,1,1,1,0,1,1,0,0,0,1,1,0,0,0,0,0,0,0,0,0,0,0,0,-1,-1,-1,-1,-1,304000,304001,304002,1,0,1,1,1,0,0,0,0,1,1,1,0,2,0,1,0,600,100,1,0,0,0,0,0,0,0,-1,0,-1,-1,-1,0,0,0,0,0,0,0,0,0,0,0,0,0,0,0,0,0,0,[0|0],0,[0|0|0|0|0|0|0|0],蕴藏在交界地居民身上的赐福，\n所残存下来的黄金余韵。\n\n使用后能获得２００卢恩。\n\n卢恩能成为褪色者的力量──\n前提是需要指头女巫的协助……
2901,黄金卢恩【２】,0,0,[0|0|0],3270,60,0,0,400,0,-1,9020,-1,-1,0,-1,0,144,0,-1,-1,-1,99,0,50,0,2,0,0,9,0,0,0,[0|0],1,1,1,1,1,0,1,1,0,0,0,1,1,0,0,0,0,0,0,0,0,0,0,0,0,-1,-1,-1,-1,-1,304010,304011,304012,1,0,1,1,1,0,0,0,0,1,1,1,0,2,0,1,0,600,100,1,0,0,0,0,0,0,0,-1,0,-1,-1,-1,0,0,0,0,0,0,0,0,0,0,0,0,0,0,0,0,0,0,[0|0],0,[0|0|0|0|0|0|0|0],蕴藏在交界地居民身上的赐福，\n所残存下来的黄金余韵。\n\n使用后能获得４００卢恩。\n\n卢恩能成为褪色者的力量──\n前提是需要指头女巫的协助……
2902,黄金卢恩【３】,0,0,[0|0|0],3271,60,0,0,800,0,-1,9030,-1,-1,0,-1,0,145,0,-1,-1,-1,99,0,50,0,2,0,0,9,0,0,0,[0|0],1,1,1,1,1,0,1,1,0,0,0,1,1,0,0,0,0,0,0,0,0,0,0,0,0,-1,-1,-1,-1,-1,304010,304011,304012,1,0,1,1,1,0,0,0,0,1,1,1,0,2,0,1,0,600,100,1,0,0,0,0,0,0,0,-1,0,-1,-1,-1,0,0,0,0,0,0,0,0,0,0,0,0,0,0,0,0,0,0,[0|0],0,[0|0|0|0|0|0|0|0],蕴藏在交界地居民身上的赐福，\n所残存下来的黄金余韵。\n\n使用后能获得８００卢恩。\n\n直到现在，卢恩依旧保有生命的力量。\n那巍然耸立的黄金树，你也有看见吧？
2903,黄金卢恩【４】,0,0,[0|0|0],3272,61,0,0,1200,0,-1,9040,-1,-1,0,-1,0,146,0,-1,-1,-1,99,0,50,0,2,0,0,9,0,0,0,[0|0],1,1,1,1,1,0,1,1,0,0,0,1,1,0,0,0,0,0,0,0,0,0,0,0,0,-1,-1,-1,-1,-1,304010,304011,304012,1,0,1,1,1,0,0,0,0,1,1,1,0,2,0,1,0,600,100,1,0,0,0,0,0,0,0,-1,0,-1,-1,-1,0,0,0,0,0,0,0,0,0,0,0,0,0,0,0,0,0,0,[0|0],0,[0|0|0|0|0|0|0|0],蕴藏在交界地居民身上的赐福，\n所残存下来的黄金余韵。\n\n使用后能获得１２００卢恩。\n\n直到现在，卢恩依旧保有生命的力量。\n那巍然耸立的黄金树，你也有看见吧？
2904,黄金卢恩【５】,0,0,[0|0|0],3273,61,0,0,1600,0,-1,9050,-1,-1,0,-1,0,147,0,-1,-1,-1,99,0,50,0,2,0,0,9,0,0,0,[0|0],1,1,1,1,1,0,1,1,0,0,0,1,1,0,0,0,0,0,0,0,0,0,0,0,0,-1,-1,-1,-1,-1,304010,304011,304012,1,0,1,1,1,0,0,0,0,1,1,1,0,2,0,1,0,600,100,1,0,0,0,0,0,0,0,-1,0,-1,-1,-1,0,0,0,0,0,0,0,0,0,0,0,0,0,0,0,0,0,0,[0|0],0,[0|0|0|0|0|0|0|0],蕴藏在交界地居民身上的赐福，\n所残存下来的黄金余韵。\n\n使用后能获得１６００卢恩。\n\n直到现在，卢恩依旧保有生命的力量。\n那巍然耸立的黄金树，你也有看见吧？
2905,黄金卢恩【６】,1,0,[0|0|0],3274,62,0,0,2000,0,-1,9060,-1,-1,0,-1,0,148,0,-1,-1,-1,99,0,50,0,2,0,0,9,0,0,0,[0|0],1,1,1,1,1,0,1,1,0,0,0,1,1,0,0,0,0,0,0,0,0,0,0,0,0,-1,-1,-1,-1,-1,304020,304021,304022,1,0,1,1,1,0,0,0,0,1,1,1,0,2,0,1,0,600,100,1,0,0,0,0,1,0,0,-1,0,-1,-1,-1,0,0,0,0,0,0,0,0,0,0,0,0,0,0,0,0,0,0,[0|0],0,[0|0|0|0|0|0|0|0],蕴藏在交界地居民身上的赐福，\n所残存下来的黄金碎屑。\n\n使用后能获得２０００卢恩。\n\n在黄金树树脚诞生的人，非常特殊──\n高原的居民至今仍如此坚信。
2906,黄金卢恩【７】,1,0,[0|0|0],3275,62,0,0,2500,0,-1,9070,-1,-1,0,-1,0,149,0,-1,-1,-1,99,0,50,0,2,0,0,9,0,0,0,[0|0],1,1,1,1,1,0,1,1,0,0,0,1,1,0,0,0,0,0,0,0,0,0,0,0,0,-1,-1,-1,-1,-1,304020,304021,304022,1,0,1,1,1,0,0,0,0,1,1,1,0,2,0,1,0,600,100,1,0,0,0,0,1,0,0,-1,0,-1,-1,-1,0,0,0,0,0,0,0,0,0,0,0,0,0,0,0,0,0,0,[0|0],0,[0|0|0|0|0|0|0|0],蕴藏在交界地居民身上的赐福，\n所残存下来的黄金碎屑。\n\n使用后能获得２５００卢恩。\n\n在黄金树树脚诞生的人，非常特殊──\n高原的居民至今仍如此坚信。
2907,黄金卢恩【８】,1,0,[0|0|0],3276,63,0,0,3000,0,-1,9080,-1,-1,0,-1,0,150,0,-1,-1,-1,99,0,50,0,2,0,0,9,0,0,0,[0|0],1,1,1,1,1,0,1,1,0,0,0,1,1,0,0,0,0,0,0,0,0,0,0,0,0,-1,-1,-1,-1,-1,304020,304021,304022,1,0,1,1,1,0,0,0,0,1,1,1,0,2,0,1,0,600,100,1,0,0,0,0,1,0,0,-1,0,-1,-1,-1,0,0,0,0,0,0,0,0,0,0,0,0,0,0,0,0,0,0,[0|0],0,[0|0|0|0|0|0|0|0],蕴藏在交界地居民身上的赐福，\n所残存下来的黄金碎屑。\n\n使用后能获得３０００卢恩。\n\n在黄金树树脚诞生的人，非常特殊──\n高原的居民至今仍如此坚信。
2908,黄金卢恩【９】,1,0,[0|0|0],3277,63,0,0,3800,0,-1,9090,-1,-1,0,-1,0,151,0,-1,-1,-1,99,0,50,0,2,0,0,9,0,0,0,[0|0],1,1,1,1,1,0,1,1,0,0,0,1,1,0,0,0,0,0,0,0,0,0,0,0,0,-1,-1,-1,-1,-1,304020,304021,304022,1,0,1,1,1,0,0,0,0,1,1,1,0,2,0,1,0,600,100,1,0,0,0,0,1,0,0,-1,0,-1,-1,-1,0,0,0,0,0,0,0,0,0,0,0,0,0,0,0,0,0,0,[0|0],0,[0|0|0|0|0|0|0|0],蕴藏在交界地居民身上的赐福，\n所残存下来的黄金碎屑。\n\n使用后能获得３８００卢恩。\n\n在黄金树树脚诞生的人，非常特殊──\n高原的居民至今仍如此坚信。
2909,黄金卢恩【１０】,1,0,[0|0|0],3278,64,0,0,5000,0,-1,9100,-1,-1,0,-1,0,152,0,-1,-1,-1,99,0,50,0,2,0,0,9,0,0,0,[0|0],1,1,1,1,1,0,1,1,0,0,0,1,1,0,0,0,0,0,0,0,0,0,0,0,0,-1,-1,-1,-1,-1,304020,304021,304022,1,0,1,1,1,0,0,0,0,1,1,1,0,2,0,1,0,600,100,1,0,0,0,0,1,0,0,-1,0,-1,-1,-1,0,0,0,0,0,0,0,0,0,0,0,0,0,0,0,0,0,0,[0|0],0,[0|0|0|0|0|0|0|0],蕴藏在交界地居民身上的赐福，\n所残存下来的黄金碎屑。\n\n使用后能获得５０００卢恩。\n\n在黄金树之始，\n侍奉者蒙受的黄金树赐福最为鲜明。
2910,黄金卢恩【１１】,1,0,[0|0|0],3279,65,0,0,6250,0,-1,9110,-1,-1,0,-1,0,153,0,-1,-1,-1,99,0,50,0,2,0,0,9,0,0,0,[0|0],1,1,1,1,1,0,1,1,0,0,0,1,1,0,0,0,0,0,0,0,0,0,0,0,0,-1,-1,-1,-1,-1,304030,304031,304032,1,0,1,1,1,0,0,0,0,1,1,1,0,2,0,1,0,600,100,1,0,0,0,0,1,0,0,-1,0,-1,-1,-1,0,0,0,0,0,0,0,0,0,0,0,0,0,0,0,0,0,0,[0|0],0,[0|0|0|0|0|0|0|0],蕴藏在交界地居民身上的赐福，\n所残存下来的黄金碎屑。\n\n使用后能获得６２５０卢恩。\n\n在黄金树之始，\n侍奉者蒙受的黄金树赐福最为鲜明。
2911,黄金卢恩【１２】,1,0,[0|0|0],3280,65,0,0,7500,0,-1,9120,-1,-1,0,-1,0,154,0,-1,-1,-1,99,0,50,0,2,0,0,9,0,0,0,[0|0],1,1,1,1,1,0,1,1,0,0,0,1,1,0,0,0,0,0,0,0,0,0,0,0,0,-1,-1,-1,-1,-1,304030,304031,304032,1,0,1,1,1,0,0,0,0,1,1,1,0,2,0,1,0,600,100,1,0,0,0,0,1,0,0,-1,0,-1,-1,-1,0,0,0,0,0,0,0,0,0,0,0,0,0,0,0,0,0,0,[0|0],0,[0|0|0|0|0|0|0|0],蕴藏在交界地居民身上的赐福，\n所残存下来的黄金碎屑。\n\n使用后能获得７５００卢恩。\n\n在黄金树之始，\n侍奉者蒙受的黄金树赐福最为鲜明。
2912,黄金卢恩【１３】,1,0,[0|0|0],3281,65,0,0,10000,0,-1,9130,-1,-1,0,-1,0,155,0,-1,-1,-1,99,0,50,0,2,0,0,9,0,0,0,[0|0],1,1,1,1,1,0,1,1,0,0,0,1,1,0,0,0,0,0,0,0,0,0,0,0,0,-1,-1,-1,-1,-1,304030,304031,304032,1,0,1,1,1,0,0,0,0,1,1,1,0,2,0,1,0,600,100,1,0,0,0,0,1,0,0,-1,0,-1,-1,-1,0,0,0,0,0,0,0,0,0,0,0,0,0,0,0,0,0,0,[0|0],0,[0|0|0|0|0|0|0|0],蕴藏在交界地居民身上的赐福，\n所残存下来的黄金碎屑。\n\n使用后能获得１００００卢恩。\n\n在黄金树之始，\n侍奉者蒙受的黄金树赐福最为鲜明。
2913,稀人卢恩,1,0,[0|0|0],3282,65,0,0,12500,0,-1,9140,-1,-1,0,-1,0,156,0,-1,-1,-1,99,0,50,0,2,0,0,9,0,0,0,[0|0],1,1,1,1,1,0,1,1,0,0,0,1,1,0,0,0,0,0,0,0,0,0,0,0,0,-1,-1,-1,-1,-1,304040,304041,304042,1,0,1,1,1,0,0,0,0,1,1,1,0,2,0,1,0,600,100,1,0,0,0,0,2,0,0,-1,0,-1,-1,-1,0,0,0,0,0,0,0,0,0,0,0,0,0,0,0,0,0,0,[0|0],0,[0|0|0|0|0|0|0|0],蕴藏在交界地居民身上的赐福，\n所残存下来的黄金碎屑。\n\n使用后能获得１２５００卢恩。\n\n据说稀人来自交界地之外，\n与玛莉卡女王是同族。
2914,英雄卢恩【１】,1,0,[0|0|0],3283,65,0,0,15000,0,-1,9150,-1,-1,0,-1,0,157,0,-1,-1,-1,99,0,50,0,2,0,0,9,0,0,0,[0|0],1,1,1,1,1,0,1,1,0,0,0,1,1,0,0,0,0,0,0,0,0,0,0,0,0,-1,-1,-1,-1,-1,304040,304041,304042,1,0,1,1,1,0,0,0,0,1,1,1,0,2,0,1,0,600,100,1,0,0,0,0,2,0,0,-1,0,-1,-1,-1,0,0,0,0,0,0,0,0,0,0,0,0,0,0,0,0,0,0,[0|0],0,[0|0|0|0|0|0|0|0],蕴藏在交界地居民身上的赐福，\n所残存下来的黄金碎屑。\n\n使用后能获得１５０００卢恩。\n\n过去在战场上，存在着英雄──\n他们蒙受黄金树的强大赐福，\n立下功劳，迎向死亡。
2915,英雄卢恩【２】,1,0,[0|0|0],3284,65,0,0,20000,0,-1,9160,-1,-1,0,-1,0,158,0,-1,-1,-1,99,0,50,0,2,0,0,9,0,0,0,[0|0],1,1,1,1,1,0,1,1,0,0,0,1,1,0,0,0,0,0,0,0,0,0,0,0,0,-1,-1,-1,-1,-1,304040,304041,304042,1,0,1,1,1,0,0,0,0,1,1,1,0,2,0,1,0,600,100,1,0,0,0,0,2,0,0,-1,0,-1,-1,-1,0,0,0,0,0,0,0,0,0,0,0,0,0,0,0,0,0,0,[0|0],0,[0|0|0|0|0|0|0|0],蕴藏在交界地居民身上的赐福，\n所残存下来的黄金碎屑。\n\n使用后能获得２００００卢恩。\n\n过去在战场上，存在着英雄──\n他们蒙受黄金树的强大赐福，\n立下功劳，迎向死亡。
2916,英雄卢恩【３】,1,0,[0|0|0],3285,65,0,0,25000,0,-1,9170,-1,-1,0,-1,0,159,0,-1,-1,-1,99,0,50,0,2,0,0,9,0,0,0,[0|0],1,1,1,1,1,0,1,1,0,0,0,1,1,0,0,0,0,0,0,0,0,0,0,0,0,-1,-1,-1,-1,-1,304040,304041,304042,1,0,1,1,1,0,0,0,0,1,1,1,0,2,0,1,0,600,100,1,0,0,0,0,2,0,0,-1,0,-1,-1,-1,0,0,0,0,0,0,0,0,0,0,0,0,0,0,0,0,0,0,[0|0],0,[0|0|0|0|0|0|0|0],蕴藏在交界地居民身上的赐福，\n所残存下来的黄金碎屑。\n\n使用后能获得２５０００卢恩。\n\n过去在战场上，存在着英雄──\n他们蒙受黄金树的强大赐福，\n立下功劳，迎向死亡。
2917,英雄卢恩【４】,1,0,[0|0|0],3286,65,0,0,30000,0,-1,9180,-1,-1,0,-1,0,160,0,-1,-1,-1,99,0,50,0,2,0,0,9,0,0,0,[0|0],1,1,1,1,1,0,1,1,0,0,0,1,1,0,0,0,0,0,0,0,0,0,0,0,0,-1,-1,-1,-1,-1,304050,304051,304052,1,0,1,1,1,0,0,0,0,1,1,1,0,2,0,1,0,600,100,1,0,0,0,0,2,0,0,-1,0,-1,-1,-1,0,0,0,0,0,0,0,0,0,0,0,0,0,0,0,0,0,0,[0|0],0,[0|0|0|0|0|0|0|0],蕴藏在交界地居民身上的赐福，\n所残存下来的黄金碎屑。\n\n使用后能获得３００００卢恩。\n\n过去在战场上，存在着英雄──\n他们蒙受黄金树的强大赐福，\n立下功劳，迎向死亡。
2918,英雄卢恩【５】,1,0,[0|0|0],3287,65,0,0,35000,0,-1,9190,-1,-1,0,-1,0,161,0,-1,-1,-1,99,0,50,0,2,0,0,9,0,0,0,[0|0],1,1,1,1,1,0,1,1,0,0,0,1,1,0,0,0,0,0,0,0,0,0,0,0,0,-1,-1,-1,-1,-1,304050,304051,304052,1,0,1,1,1,0,0,0,0,1,1,1,0,2,0,1,0,600,100,1,0,0,0,0,2,0,0,-1,0,-1,-1,-1,0,0,0,0,0,0,0,0,0,0,0,0,0,0,0,0,0,0,[0|0],0,[0|0|0|0|0|0|0|0],蕴藏在交界地居民身上的赐福，\n所残存下来的黄金碎屑。\n\n使用后能获得３５０００卢恩。\n\n过去在战场上，存在着英雄──\n他们蒙受黄金树的强大赐福，\n立下功劳，迎向死亡。
2919,王之卢恩,1,0,[0|0|0],3288,65,0,0,50000,0,-1,9200,-1,-1,0,-1,0,162,0,-1,-1,-1,99,0,50,0,2,0,0,9,0,0,0,[0|0],1,1,1,1,1,0,1,1,0,0,0,1,1,0,0,0,0,0,0,0,0,0,0,0,0,-1,-1,-1,-1,-1,304050,304051,304052,1,0,1,1,1,0,0,0,0,1,1,1,0,2,0,1,0,600,100,1,0,0,0,0,3,0,0,-1,0,-1,-1,-1,0,0,0,0,0,0,0,0,0,0,0,0,0,0,0,0,0,0,[0|0],0,[0|0|0|0|0|0|0|0],蕴藏在交界地居民身上的赐福，\n所残存下来的黄金遗物。\n\n使用后能获得５００００卢恩。\n\n曾肩负着为王的命运，\n然而当艾尔登法环破碎，\n那使命变得遥不可及。
2950,接肢的追忆,1,0,[0|0|0],3720,66,0,0,20000,0,-1,10040,-1,10010801,0,-1,0,163,0,-1,-1,-1,99,0,50,3,2,0,0,9,1,0,0,[0|0],1,1,1,1,1,0,1,1,0,0,0,0,1,0,0,0,0,0,0,1,0,0,0,0,0,-1,-1,-1,-1,-1,304070,304071,304072,1,0,1,1,0,0,0,0,0,0,0,1,0,2,0,1,0,600,110,1,0,0,0,0,3,0,0,-1,0,-1,-1,-1,0,0,0,0,0,0,0,0,0,0,0,0,0,0,0,0,0,0,[0|0],0,[0|0|0|0|0|0|0|0],受黄金树雕琢的\n“接肢”葛瑞克的追忆。\n\n透过解指的帮助，能获得追忆之主的力量。\n如果直接使用，能获得巨量的卢恩。\n\n软弱的男人利用恐怖的接肢，渴求着力量：\n　众士兵啊──终有一天，我等将返家。\n　一同返回黄金树脚的故乡。
2951,碎星的追忆,1,0,[0|0|0],3721,66,0,0,40000,0,-1,10070,-1,10010802,0,-1,0,164,0,-1,-1,-1,99,0,50,3,2,0,0,9,1,0,0,[0|0],1,1,1,1,1,0,1,1,0,0,0,0,1,0,0,0,0,0,0,1,0,0,0,0,0,-1,-1,-1,-1,-1,304070,304071,304072,1,0,1,1,0,0,0,0,0,0,0,1,0,2,0,1,0,600,110,1,0,0,0,0,3,0,0,-1,0,-1,-1,-1,0,0,0,0,0,0,0,0,0,0,0,0,0,0,0,0,0,0,[0|0],0,[0|0|0|0|0|0|0|0],受黄金树雕琢的\n“碎星”拉塔恩的追忆。\n\n透过解指的帮助，能获得追忆之主的力量。\n如果直接使用，能获得巨量的卢恩。\n\n红狮子将军能够操作重力──\n在拉塔恩的年轻时期，\n他前往瑟利亚学习重力魔法，\n为的是和那匹瘦马一起出生入死。
2952,恶兆王的追忆,1,0,[0|0|0],3722,67,0,0,30000,0,-1,10080,-1,10010803,0,-1,0,165,0,-1,-1,-1,99,0,50,3,2,0,0,9,1,0,0,[0|0],1,1,1,1,1,0,1,1,0,0,0,0,1,0,0,0,0,0,0,1,0,0,0,0,0,-1,-1,-1,-1,-1,304070,304071,304072,1,0,1,1,0,0,0,0,0,0,0,1,0,2,0,1,0,600,110,1,0,0,0,0,3,0,0,-1,0,-1,-1,-1,0,0,0,0,0,0,0,0,0,0,0,0,0,0,0,0,0,0,[0|0],0,[0|0|0|0|0|0|0|0],受黄金树雕琢的\n“恶兆王”蒙葛特的追忆。\n\n透过解指的帮助，能获得追忆之主的力量。\n如果直接使用，能获得巨量的卢恩。\n\n即使生为与赐福无缘的恶兆之子，\n蒙葛特仍愿意成为黄金树的守卫──\n不是因为被爱，想要回馈，\n而是他单纯希望去爱。
2953,亵渎君王的追忆,1,0,[0|0|0],3723,66,0,0,50000,0,-1,10060,-1,10010804,0,-1,0,166,0,-1,-1,-1,99,0,50,3,2,0,0,9,1,0,0,[0|0],1,1,1,1,1,0,1,1,0,0,0,0,1,0,0,0,0,0,0,1,0,0,0,0,0,-1,-1,-1,-1,-1,304070,304071,304072,1,0,1,1,0,0,0,0,0,0,0,1,0,2,0,1,0,600,110,1,0,0,0,0,3,0,0,-1,0,-1,-1,-1,0,0,0,0,0,0,0,0,0,0,0,0,0,0,0,0,0,0,[0|0],0,[0|0|0|0|0|0|0|0],受黄金树雕琢的\n“亵渎君王”拉卡德的追忆。\n\n透过解指的帮助，能获得追忆之主的力量。\n如果直接使用，能获得巨量的卢恩。\n\n为了永远地生存、吞噬，不停地成长，\n拉卡德成为了大蛇：\n　我很明了，亵渎之路有多么险峻──\n　害怕犯下罪孽，哪能走这条路？
2954,腐败女神的追忆,1,0,[0|0|0],3724,66,0,0,50000,0,-1,10100,-1,10010805,0,-1,0,167,0,-1,-1,-1,99,0,50,3,2,0,0,9,1,0,0,[0|0],1,1,1,1,1,0,1,1,0,0,0,0,1,0,0,0,0,0,0,1,0,0,0,0,0,-1,-1,-1,-1,-1,304070,304071,304072,1,0,1,1,0,0,0,0,0,0,0,1,0,2,0,1,0,600,110,1,0,0,0,0,3,0,0,-1,0,-1,-1,-1,0,0,0,0,0,0,0,0,0,0,0,0,0,0,0,0,0,0,[0|0],0,[0|0|0|0|0|0|0|0],受黄金树雕琢的\n“腐败女神”玛莲妮亚的追忆。\n\n透过解指的帮助，能获得追忆之主的力量。\n如果直接使用，能获得巨量的卢恩。\n\n米凯拉与玛莲妮亚是由单一神祇所生的子嗣，\n因此他们都是神人，但那生命却十分脆弱──\n其中一人永远年幼；其中一人腐败寄生。
2955,鲜血君王的追忆,1,0,[0|0|0],3725,66,0,0,30000,0,-1,10090,-1,10010806,0,-1,0,168,0,-1,-1,-1,99,0,50,3,2,0,0,9,1,0,0,[0|0],1,1,1,1,1,0,1,1,0,0,0,0,1,0,0,0,0,0,0,1,0,0,0,0,0,-1,-1,-1,-1,-1,304070,304071,304072,1,0,1,1,0,0,0,0,0,0,0,1,0,2,0,1,0,600,110,1,0,0,0,0,3,0,0,-1,0,-1,-1,-1,0,0,0,0,0,0,0,0,0,0,0,0,0,0,0,0,0,0,[0|0],0,[0|0|0|0|0|0|0|0],受黄金树雕琢的\n“鲜血君王”蒙格的追忆。\n\n透过解指的帮助，能获得追忆之主的力量。\n如果直接使用，能获得巨量的卢恩。\n\n蒙格视米凯拉为神，\n并且想当上神的伴侣，也就是王。\n为此他与米凯拉同住鲜血闺阁，\n花费了无数时日，然而年幼的神人却不为所动。
2956,黑剑的追忆,1,0,[0|0|0],3726,66,0,0,30000,0,-1,10110,-1,10010807,0,-1,0,169,0,-1,-1,-1,99,0,50,3,2,0,0,9,1,0,0,[0|0],1,1,1,1,1,0,1,1,0,0,0,0,1,0,0,0,0,0,0,1,0,0,0,0,0,-1,-1,-1,-1,-1,304070,304071,304072,1,0,1,1,0,0,0,0,0,0,0,1,0,2,0,1,0,600,110,1,0,0,0,0,3,0,0,-1,0,-1,-1,-1,0,0,0,0,0,0,0,0,0,0,0,0,0,0,0,0,0,0,[0|0],0,[0|0|0|0|0|0|0|0],受黄金树雕琢的\n“黑剑”玛利喀斯的追忆。\n\n透过解指的帮助，能获得追忆之主的力量。\n如果直接使用，能获得巨量的卢恩。\n\n玛利喀斯是赐给神人的影子野兽──\n玛莉卡希望她的影子成为命定之死的封印。\n然而最后，她却背叛了影子。
2957,荷莱·露的追忆,1,0,[0|0|0],3727,66,0,0,30000,0,-1,10120,-1,10010808,0,-1,0,170,0,-1,-1,-1,99,0,50,3,2,0,0,9,1,0,0,[0|0],1,1,1,1,1,0,1,1,0,0,0,0,1,0,0,0,0,0,0,1,0,0,0,0,0,-1,-1,-1,-1,-1,304070,304071,304072,1,0,1,1,0,0,0,0,0,0,0,1,0,2,0,1,0,600,110,1,0,0,0,0,3,0,0,-1,0,-1,-1,-1,0,0,0,0,0,0,0,0,0,0,0,0,0,0,0,0,0,0,[0|0],0,[0|0|0|0|0|0|0|0],受黄金树雕琢的\n战士荷莱·露的追忆。\n\n透过解指的帮助，能获得追忆之主的力量。\n如果直接使用，能获得巨量的卢恩。\n\n“初始艾尔登之王”葛孚雷\n在某个时期被夺走赐福，变成褪色者，\n带着有同样境遇的人们离开交界地。\n\n在褪色者长征的终点，\n他舍弃当王，重回战士的身分。
2958,龙王的追忆,1,0,[0|0|0],3728,66,0,0,30000,0,-1,10130,-1,10010809,0,-1,0,171,0,-1,-1,-1,99,0,50,3,2,0,0,9,1,0,0,[0|0],1,1,1,1,1,0,1,1,0,0,0,0,1,0,0,0,0,0,0,1,0,0,0,0,0,-1,-1,-1,-1,-1,304070,304071,304072,1,0,1,1,0,0,0,0,0,0,0,1,0,2,0,1,0,600,110,1,0,0,0,0,3,0,0,-1,0,-1,-1,-1,0,0,0,0,0,0,0,0,0,0,0,0,0,0,0,0,0,0,[0|0],0,[0|0|0|0|0|0|0|0],受黄金树雕琢的\n“龙王”普拉顿桑克斯的追忆。\n\n透过解指的帮助，能获得追忆之主的力量。\n如果直接使用，能获得巨量的卢恩。\n\n龙王坐镇时空夹缝、风暴中心──\n据说它是黄金树时代之前的艾尔登之王。\n然而神祇已经离去，王依旧等着祂的归来。
2959,满月女王的追忆,1,0,[0|0|0],3729,66,0,0,20000,0,-1,10050,-1,10010810,0,-1,0,172,0,-1,-1,-1,99,0,50,3,2,0,0,9,1,0,0,[0|0],1,1,1,1,1,0,1,1,0,0,0,0,1,0,0,0,0,0,0,1,0,0,0,0,0,-1,-1,-1,-1,-1,304070,304071,304072,1,0,1,1,0,0,0,0,0,0,0,1,0,2,0,1,0,600,110,1,0,0,0,0,3,0,0,-1,0,-1,-1,-1,0,0,0,0,0,0,0,0,0,0,0,0,0,0,0,0,0,0,[0|0],0,[0|0|0|0|0|0|0|0],受黄金树雕琢的\n“满月女王”蕾娜菈的追忆。\n\n透过解指的帮助，能获得追忆之主的力量。\n如果直接使用，能获得巨量的卢恩。\n\n蕾娜菈年轻时是一名出众的英雄──\n她以月之魔法征服学院，当上掌权者，\n并率领众多辉石骑士，将卡利亚推上王室地位。
2960,死龙的追忆,1,0,[0|0|0],3730,66,0,0,30000,0,-1,10020,-1,10010811,0,-1,0,173,0,-1,-1,-1,99,0,50,3,2,0,0,9,1,0,0,[0|0],1,1,1,1,1,0,1,1,0,0,0,0,1,0,0,0,0,0,0,1,0,0,0,0,0,-1,-1,-1,-1,-1,304070,304071,304072,1,0,1,1,0,0,0,0,0,0,0,1,0,2,0,1,0,600,110,1,0,0,0,0,3,0,0,-1,0,-1,-1,-1,0,0,0,0,0,0,0,0,0,0,0,0,0,0,0,0,0,0,[0|0],0,[0|0|0|0|0|0|0|0],受黄金树雕琢的\n“死龙”弗尔桑克斯的追忆。\n\n透过解指的帮助，能获得追忆之主的力量。\n如果直接使用，能获得巨量的卢恩。\n\n当“黄金”葛德文成为死王子之后，\n古龙就待在它的好友体内，不停与死亡搏斗──\n那是场不会获胜的战争，得到的战果只有侵蚀。
2961,火焰巨人的追忆,1,0,[0|0|0],3731,66,0,0,30000,0,-1,10030,-1,10010812,0,-1,0,174,0,-1,-1,-1,99,0,50,3,2,0,0,9,1,0,0,[0|0],1,1,1,1,1,0,1,1,0,0,0,0,1,0,0,0,0,0,0,1,0,0,0,0,0,-1,-1,-1,-1,-1,304070,304071,304072,1,0,1,1,0,0,0,0,0,0,0,1,0,2,0,1,0,600,110,1,0,0,0,0,3,0,0,-1,0,-1,-1,-1,0,0,0,0,0,0,0,0,0,0,0,0,0,0,0,0,0,0,[0|0],0,[0|0|0|0|0|0|0|0],受黄金树雕琢的火焰巨人的追忆。\n\n透过解指的帮助，能获得追忆之主的力量。\n如果直接使用，能获得巨量的卢恩。\n\n火焰巨人是巨人战争的幸存者──\n玛莉卡女王得知大锅的火焰恒久不灭，\n便施展了烙印诅咒。\n\n　卑微的巨人啊，化作火焰的永恒看守者，\n　为此而活吧。
2962,祖灵之王的追忆,1,0,[0|0|0],3732,66,0,0,30000,0,-1,10000,-1,10010813,0,-1,0,175,0,-1,-1,-1,99,0,50,3,2,0,0,9,1,0,0,[0|0],1,1,1,1,1,0,1,1,0,0,0,0,1,0,0,0,0,0,0,1,0,0,0,0,0,-1,-1,-1,-1,-1,304070,304071,304072,1,0,1,1,0,0,0,0,0,0,0,1,0,2,0,1,0,600,110,1,0,0,0,0,3,0,0,-1,0,-1,-1,-1,0,0,0,0,0,0,0,0,0,0,0,0,0,0,0,0,0,0,[0|0],0,[0|0|0|0|0|0|0|0],受黄金树雕琢的祖灵之王的追忆。\n\n透过解指的帮助，能获得追忆之主的力量。\n如果直接使用，能获得巨量的卢恩。\n\n祖灵是存在于黄金树之外的奥秘──\n从死亡萌发生命，亦从生命萌发生命，\n此为祂的生命天性。
2963,艾尔登的追忆,1,0,[0|0|0],3733,66,0,0,50000,0,-1,10140,-1,10010814,0,-1,0,176,0,-1,-1,-1,99,0,50,3,2,0,0,9,1,0,0,[0|0],1,1,1,1,1,0,1,1,0,0,0,0,1,0,0,0,0,0,0,1,0,0,0,0,0,-1,-1,-1,-1,-1,304070,304071,304072,1,0,1,1,0,0,0,0,0,0,0,1,0,2,0,1,0,600,110,1,0,0,0,0,3,0,0,-1,0,-1,-1,-1,0,0,0,0,0,0,0,0,0,0,0,0,0,0,0,0,0,0,[0|0],0,[0|0|0|0|0|0|0|0],受黄金树雕琢的艾尔登之兽的追忆。\n\n透过解指的帮助，能获得追忆之主的力量。\n如果直接使用，能获得巨量的卢恩。\n\n此为隶属无上意志的兽物，\n也是律法概念具现化的模样。
2964,黑暗弃子的追忆,1,0,[0|0|0],3734,66,0,0,30000,0,-1,10010,-1,10010815,0,-1,0,177,0,-1,-1,-1,99,0,50,3,2,0,0,9,1,0,0,[0|0],1,1,1,1,1,0,1,1,0,0,0,0,1,0,0,0,0,0,0,1,0,0,0,0,0,-1,-1,-1,-1,-1,304070,304071,304072,1,0,1,1,0,0,0,0,0,0,0,1,0,2,0,1,0,600,110,1,0,0,0,0,3,0,0,-1,0,-1,-1,-1,0,0,0,0,0,0,0,0,0,0,0,0,0,0,0,0,0,0,[0|0],0,[0|0|0|0|0|0|0|0],受黄金树雕琢的\n“黑暗弃子”艾丝缇的追忆。\n\n透过解指的帮助，能获得追忆之主的力量。\n如果直接使用，能获得巨量的卢恩。\n\n诞生自遥远彼端、无光黑暗中的星星异形──\n此为过去毁灭永恒之都，\n那夺去居民们的天空，充满恶意的流星。
2990,交界地卢恩,1,0,[0|0|0],3276,63,0,0,3000,0,-1,9085,-1,-1,0,-1,0,150,0,-1,-1,-1,99,0,50,0,2,0,0,9,0,0,0,[0|0],1,1,1,1,1,0,1,1,0,0,0,1,1,0,0,0,0,0,0,0,0,0,0,0,0,-1,-1,-1,-1,-1,304020,304021,304022,1,0,1,1,1,0,0,0,0,1,1,1,0,2,0,1,0,600,100,1,0,0,0,0,1,0,0,-1,0,-1,-1,-1,0,0,0,0,0,0,0,0,0,0,0,0,0,0,0,0,0,0,[0|0],0,[0|0|0|0|0|0|0|0],据说是在过去，\n蕴藏交界地居民眼中的赐福，\n所残存下来的黄金碎屑。\n\n使用后能获得３０００卢恩。\n\n褪色者是眼中没有蕴藏赐福，\n或者该说是曾经蕴藏过，\n但最后失去那赐福的人们。
3000,稚幼祖灵头部,1,0,[0|0|0],10300000,17,0,0,-1,0,-1,5010,-1,-1,0,-1,0,193,0,-1,-1,-1,1,0,50,0,1,0,0,55,0,0,0,[0|0],1,1,1,1,1,0,1,0,0,0,0,0,1,0,0,0,0,0,0,1,0,0,0,1,0,-1,300000,-1,-1,-1,300670,300671,-1,1,0,0,1,0,0,0,0,0,0,0,1,0,2,0,1,0,600,60,0,0,0,0,0,2,0,0,10000002,27,-1,-1,-1,0,0,0,0,0,0,0,0,0,0,0,0,0,0,0,0,0,0,[0|0],0,[0|0|0|0|0|0|0|0],十分稚幼的祖灵头部。\n不知会再经历多少次萌发生命的过程。\n\n能消耗专注值，喷出灵魂水雾，\n给予魔力属性伤害。\n\n水雾会暂时化为泉水，在泉水消失以前，\n所有触碰到它的人物会持续受到伤害。
3010,恶兆幼子像,1,0,[0|0|0],10301000,17,0,0,-1,0,-1,5030,-1,-1,0,-1,0,593,0,-1,-1,-1,1,0,50,0,1,0,0,63,0,0,0,[0|0],1,1,1,1,1,0,1,0,0,0,0,0,1,0,0,0,0,0,0,1,0,0,0,1,0,-1,301000,-1,-1,-1,-1,300680,-1,1,0,0,1,0,0,0,0,0,0,0,1,0,2,0,1,0,600,60,0,0,0,0,0,2,0,0,10000001,24,-1,-1,-1,0,0,0,0,0,0,0,0,0,0,0,0,0,0,0,0,0,0,[0|0],0,[0|0|0|0|0|0|0|0],蒙受诅咒而生的幼子像。\n\n能消耗专注值，释放穷追不舍的咒魂。\n\n恶兆幼子会被切除所有丑陋的硬角，\n绝大部分的孩子会因此丧命。\n此为供养用的雕像。\n\n　请别怨恨我、请别诅咒我。
3011,王室恶兆幼子像,1,0,[0|0|0],10301100,17,0,0,-1,0,-1,5040,-1,-1,0,-1,0,677,0,-1,-1,-1,1,0,50,0,1,0,0,63,0,0,0,[0|0],1,1,1,1,1,0,1,0,0,0,0,0,1,0,0,0,0,0,0,1,0,0,0,1,0,-1,301100,-1,-1,-1,-1,300740,-1,1,0,0,1,0,0,0,0,0,0,0,1,0,2,0,1,0,600,60,0,0,0,0,0,3,0,0,10000001,50,-1,-1,-1,0,0,0,0,0,0,0,0,0,0,0,0,0,0,0,0,0,0,[0|0],0,[0|0|0|0|0|0|0|0],在黄金树王室，蒙受诅咒而生的幼子像。\n\n能消耗专注值，释放大量穷追不舍的咒魂。\n\n诞生王室的恶兆幼子虽然不会被切除硬角，\n但取而代之的，是被偷偷丢弃地底，\n受到终生幽禁。\n\n在那之后，人们会悄悄制作供养用的雕像。
3020,[ERROR]米兰达的祈祷,1,0,[0|0|0],10302000,17,0,0,-1,0,-1,5020,-1,-1,0,-1,0,594,0,-1,-1,-1,1,0,50,0,1,0,0,60,0,0,0,[0|0],1,1,1,1,1,0,1,0,0,0,0,0,1,0,0,0,0,0,0,1,0,0,0,0,0,-1,302000,-1,-1,-1,-1,-1,-1,1,0,0,1,0,0,0,0,0,0,0,1,0,2,0,1,0,600,60,0,0,0,0,0,2,0,0,10000003,43,-1,-1,-1,0,0,0,0,0,0,0,0,0,0,0,0,0,0,0,0,0,0,[0|0],0,[0|0|0|0|0|0|0|0],参考会攻击人的恐怖花朵，\n那祈祷的模样制成的人偶。\n\n能消耗专注值，召唤光芒暴雨。\n\n据说“花朵熔炉”的少女米兰达，\n是这种花之中最先绽放的一朵。
3030,杜鹃辉石,1,0,[0|0|0],10303000,17,0,0,50,0,-1,4130,-1,-1,0,-1,0,599,0,-1,-1,-1,10,0,50,0,1,0,0,3,0,0,0,[0|0],1,1,1,1,1,0,1,1,0,0,0,1,1,0,0,0,0,0,0,0,0,0,0,0,0,-1,303000,-1,-1,-1,300700,-1,-1,1,0,0,1,0,0,0,0,0,2,1,1,0,2,0,1,0,600,50,0,0,1,0,0,0,0,0,10000001,6,-1,-1,-1,0,0,0,0,0,0,0,0,0,0,0,0,0,0,0,0,0,0,[0|0],0,[0|0|0|0|0|0|0|0],带有魔力的辉石锐片块。\n杜鹃士兵们使用的“仿造魔法”。\n能够制作的其中一项道具。\n\n能消耗专注值向前方丢出，\n在落点形成魔力球。
3040,拟态面纱,1,0,[0|0|0],10304000,17,0,0,-1,0,-1,5050,-1,-1,0,-1,0,3068,0,-1,-1,-1,1,0,50,0,1,0,0,52,0,0,0,[0|0],1,1,1,1,1,0,1,0,0,0,0,0,1,0,0,0,0,0,0,1,0,0,0,0,0,-1,-1,-1,-1,-1,302600,-1,-1,1,0,0,1,0,0,0,0,0,0,0,1,0,2,0,0,0,600,60,1,0,0,0,0,2,0,0,-1,6,-1,-1,-1,0,0,0,0,0,0,0,0,0,0,0,0,0,0,0,0,0,0,[0|0],0,[0|0|0|0|0|0|0|0],有着纤细设计的亮褐色面纱。\n\n能消耗专注值，拟态成各种物体。\n\n此为葛瑞克被赶出王城罗德尔时，\n大量携出的珍藏品之一。\n以“玛莉卡的玩心”之称闻名。
3050,崩裂辉石,1,0,[0|0|0],10305000,17,0,0,100,0,-1,4110,-1,-1,0,-1,0,198,0,-1,-1,-1,10,0,50,0,1,0,0,57,0,0,0,[0|0],1,1,1,1,1,0,1,1,0,0,0,1,1,0,0,0,0,0,0,0,0,0,0,0,0,-1,305000,-1,-1,-1,300710,300711,-1,1,0,0,1,0,0,0,0,0,2,1,1,0,2,0,1,0,600,50,0,0,0,0,0,0,0,0,10000001,4,-1,-1,-1,0,0,0,0,0,0,0,0,0,0,0,0,0,0,0,0,0,0,[0|0],0,[0|0|0|0|0|0|0|0],带有不稳定魔力的辉石。\n能在结晶坑道发现。\n\n能消耗专注值捏碎，形成魔力球。\n\n品质低劣且易坏的辉石，\n魔法师不会将这类物品放在眼里。
3051,大块崩裂辉石,1,0,[0|0|0],10305100,17,0,0,100,0,-1,4120,-1,-1,0,-1,0,706,0,-1,-1,-1,10,0,50,0,1,0,0,57,0,0,0,[0|0],1,1,1,1,1,0,1,1,0,0,0,1,1,0,0,0,0,0,0,0,0,0,0,0,0,-1,305100,-1,-1,-1,300750,300751,-1,1,0,0,1,0,0,0,0,0,2,1,1,0,2,0,1,0,600,50,0,0,0,0,0,0,0,0,10000001,10,-1,-1,-1,0,0,0,0,0,0,0,0,0,0,0,0,0,0,0,0,0,0,[0|0],0,[0|0|0|0|0|0|0|0],带有不稳定魔力的辉石，其中偏大的物品。\n能在结晶坑道发现。\n\n能消耗专注值捏碎，形成大量魔力球。\n\n品质低劣且易坏的辉石，\n魔法师不会将这类物品放在眼里。
3060,扇形重力石,0,0,[0|0|0],10306000,17,0,0,100,0,-1,4140,-1,-1,0,-1,0,199,0,-1,-1,-1,10,0,50,0,1,0,0,59,0,0,0,[0|0],1,1,1,1,1,0,1,1,0,0,0,1,1,0,0,0,0,0,0,0,0,0,0,0,0,-1,306000,-1,-1,-1,302460,302461,-1,1,0,0,1,0,0,0,0,0,2,1,1,0,2,0,1,0,600,50,0,0,0,0,0,0,0,0,10000001,13,-1,-1,-1,0,0,0,0,0,0,0,0,0,0,0,0,0,0,0,0,0,0,[0|0],0,[0|0|0|0|0|0|0|0],在陨石坠落的地方发现的碎片。\n其中一种带有重量魔力的特殊碎片。\n\n能消耗专注值，引发扇形的重力冲击波。\n\n一群遍地寻找此物，外表穷酸的人们，\n称自己为“唤星者”。
3070,块状重力石,1,0,[0|0|0],10307000,17,0,0,100,0,-1,4150,-1,-1,0,-1,0,200,0,-1,-1,-1,10,0,50,0,1,0,0,58,0,0,0,[0|0],1,1,1,1,1,0,1,1,0,0,0,1,1,0,0,0,0,0,0,0,0,0,0,0,0,-1,307000,-1,-1,-1,300720,300721,-1,1,0,0,1,0,0,0,0,0,2,1,1,0,2,0,1,0,600,50,0,0,0,0,0,0,0,0,10000001,5,-1,-1,-1,0,0,0,0,0,0,0,0,0,0,0,0,0,0,0,0,0,0,[0|0],0,[0|0|0|0|0|0|0|0],在陨石坠落的地方发现的碎片。\n其中一种带有重量魔力的特殊碎片。\n\n能消耗专注值丢向敌人，引发重力爆炸。\n\n一群遍地寻找此物，外表穷酸的人们，\n称自己为“唤星者”。
3080,召咒魂铃,1,0,[0|0|0],10308000,17,0,0,-1,0,-1,5000,-1,-1,0,-1,0,201,0,-1,-1,-1,1,0,50,0,1,0,0,51,0,0,0,[0|0],1,1,1,1,1,0,1,0,0,0,0,0,1,0,0,0,0,0,0,1,0,0,0,0,0,-1,308000,-1,-1,-1,302170,302171,-1,1,0,0,1,0,0,0,0,0,0,0,1,0,2,0,1,0,600,60,0,0,0,0,0,2,0,0,10000001,7,-1,-1,-1,0,0,0,0,0,0,0,0,0,0,0,0,0,0,0,0,0,0,[0|0],0,[0|0|0|0|0|0|0|0],幽魂的随从们使用的摇铃。\n\n能消耗专注值摇动，召唤徘徊的咒魂。\n可以连续摇动。\n\n所谓的咒魂，指的是受诅咒而死的怨魂。
3300,[ERROR]圣水油脂,1,0,[0|0|0],3375,26,0,0,-1,0,-1,0,-1,-1,0,-1,0,0,0,-1,-1,-1,5,0,50,0,2,0,0,1,0,0,0,[0|0],1,1,1,1,1,0,1,1,0,0,0,1,1,0,0,0,0,1,0,0,0,0,0,0,0,3376,-1,-1,-1,-1,-1,303130,-1,1,0,0,1,0,0,0,0,0,2,0,1,0,2,0,1,0,600,255,1,0,0,0,0,0,0,0,30010000,14,-1,-1,-1,0,0,0,0,0,0,0,0,0,0,0,0,0,0,0,0,0,0,[0|0],0,[0|0|0|0|0|0|0|0],附有黄金树魔法的油脂。\n能够制作的其中一项道具。\n\n能消耗专注值涂在武器上，\n附加魔力属性攻击力。\n涂上后的武器能净化死诞者。\n\n黄金律法不允许死诞者存在，\n他们之所以出现是百密一疏──\n遵循律法之人啊，狩猎他们吧。
3310,温热石,1,0,[0|0|0],10331000,-1,0,0,50,0,-1,4170,-1,-1,0,-1,0,210,0,-1,-1,-1,10,0,50,0,1,0,7,7,0,0,0,[0|0],1,1,1,1,1,0,1,1,0,0,0,1,1,0,0,0,0,0,0,0,0,0,0,0,0,-1,-1,-1,-1,-1,302130,-1,-1,1,0,0,1,0,0,0,0,0,2,1,1,0,2,0,1,0,600,50,1,0,1,0,0,1,0,0,10200000,20,-1,-1,-1,0,0,0,0,0,0,0,0,0,0,0,0,0,0,0,0,0,0,[0|0],0,[0|0|0|0|0|0|0|0],执行过双指祷告的遗迹石。\n能够制作的其中一项道具。\n\n能消耗专注值萌生暖意，\n让附近的人物持续恢复血量。\n\n据说在过去，黄金树犹如暖阳，\n会缓缓地疗愈众人。
3311,癫火石,1,0,[0|0|0],10331100,-1,0,0,100,0,-1,4180,-1,-1,0,-1,0,562,0,-1,-1,-1,10,0,50,0,1,0,7,7,0,0,0,[0|0],1,1,1,1,1,0,1,1,0,0,0,1,1,0,0,0,0,0,0,0,0,0,0,0,0,-1,-1,-1,-1,-1,300730,-1,-1,1,0,0,1,0,0,0,0,0,2,1,1,0,2,0,1,0,600,50,0,0,1,0,0,1,0,0,10200000,15,-1,-1,-1,0,0,0,0,0,0,0,0,0,0,0,0,0,0,0,0,0,0,[0|0],0,[0|0|0|0|0|0|0|0],执行过叁指祷告的遗迹石。\n能够制作的其中一项道具。\n\n能消耗专注值萌生暖意，\n让附近的人物持续恢复血量，\n但仅限身怀癫火的人物。\n\n身上没有癫火的，会累积发狂量表。\n在使用功能相似的道具时，必须小心。
3320,絮语石,0,0,[0|0|0],503320,17,0,0,10,0,-1,4160,-1,-1,0,-1,0,211,0,-1,-1,-1,10,0,50,0,2,0,0,54,0,0,0,[0|0],1,1,1,1,1,0,1,1,0,0,0,1,1,0,0,0,0,0,0,0,0,0,0,0,0,-1,-1,-1,-1,-1,302700,-1,302702,1,0,0,1,0,0,0,0,0,2,1,1,0,2,0,1,0,600,50,1,0,1,0,0,0,0,0,-1,2,-1,-1,-1,0,0,0,0,0,0,0,0,0,0,0,0,0,0,0,0,0,0,[0|0],0,[0|0|0|0|0|0|0|0],刻上秘文的遗迹石。\n能够制作的其中一项道具。\n\n能消耗专注值，\n接收到更多来自其他世界的讯息。\n\n字与字、句与句会互相吸引，\n犹如人类的同类相聚。
3350,魅惑树枝,1,0,[0|0|0],10335000,17,0,0,100,0,-1,4190,-1,-1,0,-1,0,623,0,-1,-1,-1,10,0,50,0,1,0,0,61,0,0,0,[0|0],1,1,1,1,1,0,1,1,0,0,0,1,1,0,0,0,0,0,0,0,0,0,0,0,0,-1,-1,-1,-1,-1,302490,302491,-1,1,0,0,1,0,0,0,0,0,2,1,1,0,2,0,1,0,600,50,0,0,1,0,0,1,0,0,-1,14,-1,-1,-1,0,0,0,0,0,0,0,0,0,0,0,0,0,0,0,0,0,0,[0|0],0,[0|0|0|0|0|0|0|0],执行过纯净金祷告的树枝。\n能够制作的其中一项道具。\n\n能消耗专注值，让刺中的敌人受到魅惑。\n受到魅惑的敌人会暂时成为同伴。\n\n神人米凯拉受万物爱戴，\n因此能强迫他人对自己有所好感。
3360,床帘恩泽,1,0,[0|0|0],503355,-1,0,0,-1,0,-1,5060,-1,-1,0,-1,0,449,0,-1,-1,-1,1,0,50,0,2,0,0,44,0,0,0,[0|0],1,1,1,1,1,0,1,1,0,0,0,0,0,0,1,0,0,0,0,1,0,0,0,0,0,-1,-1,-1,-1,-1,-1,302151,-1,1,0,0,1,0,0,0,0,0,0,0,1,0,2,0,1,0,0,60,1,0,0,0,0,1,0,0,-1,10,-1,-1,-1,0,0,0,0,0,0,0,0,0,0,0,0,0,0,0,0,0,0,[0|0],0,[0|0|0|0|0|0|0|0],死眠少女带来的恩泽。\n模样类似寝室的秘密神殿庇佑。\n\n能消耗专注值，暂时提升强韧度。\n\n那份恩泽会让人遗忘痛楚──\n毫无所感的情况，才能死得安祥。
3361,透光床帘恩泽,1,0,[0|0|0],503361,-1,0,0,-1,0,-1,5070,-1,-1,0,-1,0,3276,0,-1,-1,-1,1,0,50,0,2,0,0,44,0,0,0,[0|0],1,1,1,1,1,0,1,1,0,0,0,0,1,0,0,0,0,0,0,1,0,0,0,0,0,-1,-1,-1,-1,-1,-1,301371,-1,1,0,0,1,0,0,0,0,0,0,0,1,0,2,0,1,0,600,60,1,0,0,0,0,2,0,0,-1,20,-1,-1,-1,0,0,0,0,0,0,0,0,0,0,0,0,0,0,0,0,0,0,[0|0],0,[0|0|0|0|0|0|0|0],模样类似寝室的秘密神殿，\n其中最为特殊的庇佑。\n\n能消耗专注值，暂时提升强韧度。\n有效时间会比平常更长。\n\n据说死眠少女一生只有一次，\n会替英雄带来此恩泽。\n只有在这件事情上，死眠少女能够作主。
3500,振奋香,1,0,[0|0|0],10350000,5,0,0,-1,0,-1,3010,-1,-1,0,2,0,226,0,-1,-1,-1,10,0,50,0,1,0,0,91,0,0,0,[0|0],1,1,1,1,1,0,1,1,0,0,0,1,1,0,0,0,0,0,0,1,0,0,0,1,0,-1,-1,-1,-1,-1,300540,-1,-1,1,0,0,1,0,0,0,0,0,2,0,1,0,2,0,1,0,600,40,1,0,1,0,0,1,0,0,30000000,22,-1,-1,-1,0,0,0,0,0,0,0,0,0,0,0,0,0,0,0,0,0,0,[0|0],0,[0|0|0|0|0|0|0|0],从军参与破碎战争的调香师们拥有的技术。\n使用调香瓶制作的其中一项道具。\n\n能消耗专注值，提升自身与周围我方人物的攻击力，\n并仅限一次，大幅减少受到的损伤。\n\n“振奋”拥有非常强大的支援效果，\n对此习惯之后会化为敢死军。\n也因此，调香师身边不乏优秀士兵。
3510,火花香,1,0,[0|0|0],10351000,5,0,0,-1,0,-1,3000,-1,-1,0,2,0,216,0,-1,-1,-1,10,0,50,0,1,0,0,90,0,0,0,[0|0],1,1,1,1,1,0,1,1,0,0,0,1,1,0,0,0,0,0,0,1,0,0,0,1,0,-1,351000,-1,-1,-1,300520,-1,-1,1,0,0,1,0,0,0,0,0,2,0,1,0,2,0,1,0,600,40,0,0,1,0,0,0,0,0,10000002,5,-1,-1,-1,0,0,0,0,0,0,0,0,0,0,0,0,0,0,0,0,0,0,[0|0],0,[0|0|0|0|0|0|0|0],从军参与破碎战争的调香师们拥有的技术。\n使用调香瓶制作的其中一项道具。\n\n能消耗专注值，朝前方释放大范围火花。\n\n对侍奉黄金树的人而言，火焰是禁忌──\n然而战争历时过久，久到他们早已遗忘。
3520,铁壶香药,1,0,[0|0|0],10352000,10,0,0,-1,0,-1,3050,-1,-1,0,2,0,587,0,-1,-1,-1,10,0,50,0,1,0,0,93,0,0,0,[0|0],1,1,1,1,1,0,1,1,0,0,0,1,1,0,0,0,0,0,0,1,0,0,0,1,0,-1,-1,-1,-1,-1,300520,301021,-1,1,0,0,1,0,0,0,0,0,2,0,1,0,2,0,1,0,600,40,1,0,1,0,0,1,0,0,30000000,18,-1,-1,-1,0,0,0,0,0,0,0,0,0,0,0,0,0,0,0,0,0,0,[0|0],0,[0|0|0|0|0|0|0|0],堕落调香师拥有的禁忌技术。\n使用调香瓶制作的其中一项道具。\n\n能消耗专注值，暂时让全身化为铁块。\n能提升减伤率、抵抗力、强韧度，\n但动作会变得迟钝，也变得较难抵御雷电。\n\n狩猎善良的壶，运用其碎片的技术。\n堕落调香师与壶的盗猎者有关联。
3550,狂热香药,1,0,[0|0|0],10355000,10,0,0,-1,0,-1,3040,-1,-1,0,2,0,225,0,-1,-1,-1,10,0,50,0,1,0,0,93,0,0,0,[0|0],1,1,1,1,1,0,1,1,0,0,0,1,1,0,0,0,0,0,0,1,0,0,0,1,0,-1,-1,-1,-1,-1,300520,301021,-1,1,0,0,1,0,0,0,0,0,2,0,1,0,2,0,1,0,600,40,1,0,1,0,0,1,0,0,30000000,21,-1,-1,-1,0,0,0,0,0,0,0,0,0,0,0,0,0,0,0,0,0,0,[0|0],0,[0|0|0|0|0|0|0|0],堕落调香师拥有的禁忌技术。\n使用调香瓶制作的其中一项道具。\n\n能消耗专注值，暂时让情绪充满狂热。\n能提升攻击力与精力的上限，\n但也会增加受到的损伤。\n\n　都身处战场了，还害怕受伤？\n　自己看吧，你怕到一动也不敢动啊。
3580,毒发喷雾,1,0,[0|0|0],10358000,5,0,0,-1,0,-1,3020,-1,-1,0,2,0,221,0,-1,-1,-1,10,0,50,0,1,0,0,94,0,0,0,[0|0],1,1,1,1,1,0,1,1,0,0,0,1,1,0,0,0,0,0,0,1,0,0,0,1,0,-1,358000,-1,-1,-1,300520,-1,-1,1,0,0,1,0,0,0,0,0,2,0,1,0,2,0,1,0,600,40,0,0,1,0,0,0,0,0,10000002,12,-1,-1,-1,0,0,0,0,0,0,0,0,0,0,0,0,0,0,0,0,0,0,[0|0],0,[0|0|0|0|0|0|0|0],堕落调香师拥有的禁忌技术。\n使用调香瓶制作的其中一项道具。\n\n能消耗专注值，吐出毒粉雾。\n毒粉雾会累积中毒量表。\n\n含住香粉，在口中混合唾液后吐出──\n据说这原本是用在治疗的技术。
3610,酸蚀喷雾,1,0,[0|0|0],10361000,20,0,0,-1,0,-1,3030,-1,-1,0,2,0,224,0,-1,-1,-1,10,0,50,0,1,0,0,94,0,0,0,[0|0],1,1,1,1,1,0,1,1,0,0,0,1,1,0,0,0,0,0,0,1,0,0,0,1,0,-1,-1,-1,-1,-1,300520,-1,-1,1,0,0,1,0,0,0,0,0,2,0,1,0,2,0,1,0,600,40,0,0,1,0,0,1,0,0,10000002,13,-1,-1,-1,0,0,0,0,0,0,0,0,0,0,0,0,0,0,0,0,0,0,[0|0],0,[0|0|0|0|0|0|0|0],堕落调香师拥有的禁忌技术。\n使用调香瓶制作的其中一项道具。\n\n能消耗专注值，吐出强酸粉雾。\n强酸粉雾会侵蚀武器，暂时降低攻击力。\n\n含住香粉，在口中混合唾液后吐出──\n据说这原本是用在治疗的技术。
4000,辉石魔砾,0,0,[0|0|0],-1,-1,0,0,-1,0,-1,250000,-1,-1,0,-1,0,6000,0,-1,-1,-1,99,0,0,5,0,0,0,0,0,0,0,[0|0],0,0,0,0,0,0,0,0,0,0,0,1,1,0,0,0,0,0,0,0,0,0,0,0,0,-1,-1,-1,-1,-1,-1,-1,-1,1,0,0,0,0,0,0,0,0,0,0,1,0,2,0,0,0,600,10,1,0,0,0,0,1,0,0,-1,0,-1,-1,-1,0,0,0,0,0,0,0,0,0,0,0,0,0,0,0,0,0,0,[0|0],0,[0|0|0|0|0|0|0|0],魔法学院雷亚卢卡利亚的基础辉石魔法。\n\n能从手杖的辉石释放魔力石砾。\n可以走动施展，也能连续施展。\n\n此为探索魔法之旅的起点。
4001,辉石大魔砾,1,0,[0|0|0],-1,-1,0,0,-1,0,-1,250020,-1,-1,0,-1,0,6015,0,-1,-1,-1,99,0,0,5,0,0,0,0,0,0,0,[0|0],0,0,0,0,0,0,0,0,0,0,0,1,1,0,0,0,0,0,0,0,0,0,0,0,0,-1,-1,-1,-1,-1,-1,-1,-1,1,0,0,0,0,0,0,0,0,0,0,1,0,2,0,0,0,600,10,1,0,0,0,0,1,0,0,-1,0,-1,-1,-1,0,0,0,0,0,0,0,0,0,0,0,0,0,0,0,0,0,0,[0|0],0,[0|0|0|0|0|0|0|0],魔法学院雷亚卢卡利亚的\n其中一种辉石魔法。\n\n能从手杖的辉石释放大块魔力石砾。\n可以走动施展，也能连续施展。\n\n无法戴上辉石头罩的人们多会在此止步，\n为短暂的探索之旅画下句点。
4010,辉石迅魔砾,1,0,[0|0|0],-1,-1,0,0,-1,0,-1,250010,-1,-1,0,-1,0,6001,0,-1,-1,-1,99,0,0,5,0,0,0,0,0,0,0,[0|0],0,0,0,0,0,0,0,0,0,0,0,1,1,0,0,0,0,0,0,0,0,0,0,0,0,-1,-1,-1,-1,-1,-1,-1,-1,1,0,0,0,0,0,0,0,0,0,0,1,0,2,0,0,0,600,10,1,0,0,0,0,1,0,0,-1,0,-1,-1,-1,0,0,0,0,0,0,0,0,0,0,0,0,0,0,0,0,0,0,[0|0],0,[0|0|0|0|0|0|0|0],魔法学院雷亚卢卡利亚的\n其中一种辉石魔法。\n\n能从手杖的辉石快速释放魔力石砾。\n可以接在其他动作后，立刻衔接使用。\n\n无法戴上辉石头罩的人们多会在此止步，\n为短暂的探索之旅画下句点。
4020,辉石彗星,1,0,[0|0|0],-1,-1,0,0,-1,0,-1,250030,-1,-1,0,-1,0,6002,0,-1,-1,-1,99,0,0,5,0,0,0,0,0,0,0,[0|0],0,0,0,0,0,0,0,0,0,0,0,1,1,0,0,0,0,0,0,0,0,0,0,0,0,-1,-1,-1,-1,-1,-1,-1,-1,1,0,0,0,0,0,0,0,0,0,0,1,0,2,0,0,0,600,10,1,0,0,0,0,2,0,0,-1,0,-1,-1,-1,0,0,0,0,0,0,0,0,0,0,0,0,0,0,0,0,0,0,[0|0],0,[0|0|0|0|0|0|0|0],魔法学院雷亚卢卡利亚的\n其中一种辉石魔法。\n\n能释放拖长尾巴的魔力彗星。\n可以走动施展，也能连续施展。\n借由蓄力能提升威力。\n\n卡勒罗斯教室所传授的魔法。\n此教室在学院的历史最为悠久。
4021,帚星,1,0,[0|0|0],-1,-1,0,0,-1,0,-1,250040,-1,-1,0,-1,0,6003,0,-1,-1,-1,99,0,0,5,0,0,0,0,0,0,0,[0|0],0,0,0,0,0,0,0,0,0,0,0,1,1,0,0,0,0,0,0,0,0,0,0,0,0,-1,-1,-1,-1,-1,-1,-1,-1,1,0,0,0,0,0,0,0,0,0,0,1,0,2,0,0,0,600,10,1,0,0,0,0,2,0,0,-1,0,-1,-1,-1,0,0,0,0,0,0,0,0,0,0,0,0,0,0,0,0,0,0,[0|0],0,[0|0|0|0|0|0|0|0],魔法学院雷亚卢卡利亚的\n其中一种辉石魔法。\n\n能释放等同魔力大彗星的帚星。\n可以走动施展，也能连续施展。\n借由蓄力能提升威力。\n\n卡勒罗斯教室所传授的，最高阶的魔法。\n修得此魔法的人在历史上少之又少。
4030,旋飞魔砾,1,0,[0|0|0],-1,-1,0,0,-1,0,-1,250050,-1,-1,0,-1,0,6004,0,-1,-1,-1,99,0,0,5,0,0,0,0,0,0,0,[0|0],0,0,0,0,0,0,0,0,0,0,0,1,1,0,0,0,0,0,0,0,0,0,0,0,0,-1,-1,-1,-1,-1,-1,-1,-1,1,0,0,0,0,0,0,0,0,0,0,1,0,2,0,0,0,600,10,1,0,0,0,0,1,0,0,-1,0,-1,-1,-1,0,0,0,0,0,0,0,0,0,0,0,0,0,0,0,0,0,0,[0|0],0,[0|0|0|0|0|0|0|0],魔法学院雷亚卢卡利亚的\n其中一种辉石魔法。\n\n能释放以漩涡状飞出的两道石砾。\n可以走动施展，也能连续施展。\n借由蓄力能提升威力。\n\n卡勒罗斯教室所传授的魔法，\n为意图制造新彗星时，出现的失败品。\n此教室在学院的历史最为悠久。
4040,辉石流星,0,0,[0|0|0],-1,-1,0,0,-1,0,-1,250060,-1,-1,0,-1,0,6010,0,-1,-1,-1,99,0,0,5,0,0,0,0,0,0,0,[0|0],0,0,0,0,0,0,0,0,0,0,0,1,1,0,0,0,0,0,0,0,0,0,0,0,0,-1,-1,-1,-1,-1,-1,-1,-1,1,0,0,0,0,0,0,0,0,0,0,1,0,2,0,0,0,600,10,1,0,0,0,0,1,0,0,-1,0,-1,-1,-1,0,0,0,0,0,0,0,0,0,0,0,0,0,0,0,0,0,0,[0|0],0,[0|0|0|0|0|0|0|0],魔法学院雷亚卢卡利亚的\n其中一种辉石魔法。\n\n能释放朝目标飞去的三道流星。\n可以走动施展，借由蓄力能提升威力。\n\n奥利维尼斯教室所传授的魔法。\n聚集此教室的人，\n皆出身盖利德的魔法镇瑟利亚。
4050,流星雨,1,0,[0|0|0],-1,-1,0,0,-1,0,-1,250070,-1,-1,0,-1,0,6016,0,-1,-1,-1,99,0,0,5,0,0,0,0,0,0,0,[0|0],0,0,0,0,0,0,0,0,0,0,0,1,1,0,0,0,0,0,0,0,0,0,0,0,0,-1,-1,-1,-1,-1,-1,-1,-1,1,0,0,0,0,0,0,0,0,0,0,1,0,2,0,0,0,600,10,1,0,0,0,0,2,0,0,-1,0,-1,-1,-1,0,0,0,0,0,0,0,0,0,0,0,0,0,0,0,0,0,0,[0|0],0,[0|0|0|0|0|0|0|0],魔法学院雷亚卢卡利亚的\n其中一种辉石魔法。\n\n能释放朝目标飞去的六道流星。\n可以走动施展，借由蓄力能提升威力。\n\n奥利维尼斯教室所传授的，最艰难的魔法。
4060,结晶连弹,1,0,[0|0|0],-1,-1,0,0,-1,0,-1,250090,-1,-1,0,-1,0,6009,0,-1,-1,-1,99,0,0,5,0,0,0,0,0,0,0,[0|0],0,0,0,0,0,0,0,0,0,0,0,1,1,0,0,0,0,0,0,0,0,0,0,0,0,-1,-1,-1,-1,-1,-1,-1,-1,1,0,0,0,0,0,0,0,0,0,0,1,0,2,0,0,0,600,10,1,0,0,0,0,1,0,0,-1,0,-1,-1,-1,0,0,0,0,0,0,0,0,0,0,0,0,0,0,0,0,0,0,[0|0],0,[0|0|0|0|0|0|0|0],魔法学院雷亚卢卡利亚的\n其中一种辉石魔法。\n\n能连续释放辉石结晶碎片。\n借由蓄力能提升威力。\n\n称作结晶派的魔法师们拥有的招式。\n他们是石中智慧的探索者，\n专门研究结晶人集团的细微思绪。
4070,辉石弯弧,0,0,[0|0|0],-1,-1,0,0,-1,0,-1,250080,-1,-1,0,-1,0,6014,0,-1,-1,-1,99,0,0,5,0,0,0,0,0,0,0,[0|0],0,0,0,0,0,0,0,0,0,0,0,1,1,0,0,0,0,0,0,0,0,0,0,0,0,-1,-1,-1,-1,-1,-1,-1,-1,1,0,0,0,0,0,0,0,0,0,0,1,0,2,0,0,0,600,10,1,0,0,0,0,1,0,0,-1,0,-1,-1,-1,0,0,0,0,0,0,0,0,0,0,0,0,0,0,0,0,0,0,[0|0],0,[0|0|0|0|0|0|0|0],魔法学院雷亚卢卡利亚的\n其中一种辉石魔法。\n\n能释放大幅横向扩散的魔力弯弧。\n可以走动施展，也能连续施展。\n\n赠予离开学院，踏上旅途的魔法师，\n以寡敌众的魔法。\n无知者总是成群结队行动。
4080,海摩炮弹,1,0,[0|0|0],-1,-1,0,0,-1,0,-1,250110,-1,-1,0,-1,0,6017,0,-1,-1,-1,99,0,0,5,0,0,0,0,0,0,0,[0|0],0,0,0,0,0,0,0,0,0,0,0,1,1,0,0,0,0,0,0,0,0,0,0,0,0,-1,-1,-1,-1,-1,-1,-1,-1,1,0,0,0,0,0,0,0,0,0,0,1,0,2,0,0,0,600,10,1,0,0,0,0,2,0,0,-1,0,-1,-1,-1,0,0,0,0,0,0,0,0,0,0,0,0,0,0,0,0,0,0,[0|0],0,[0|0|0|0|0|0|0|0],魔法学院雷亚卢卡利亚的\n其中一种辉石魔法。\n\n能释放以拋物线飞去的魔力炮弹。\n借由蓄力能提升威力。\n\n海摩教室所传授的魔法，\n此教室等同学院的善恶判官。\n为了平定纷争而存在的魔法。
4090,结晶散射,1,0,[0|0|0],-1,-1,0,0,-1,0,-1,250100,-1,-1,0,-1,0,6006,0,-1,-1,-1,99,0,0,5,0,0,0,0,0,0,0,[0|0],0,0,0,0,0,0,0,0,0,0,0,1,1,0,0,0,0,0,0,0,0,0,0,0,0,-1,-1,-1,-1,-1,-1,-1,-1,1,0,0,0,0,0,0,0,0,0,0,1,0,2,0,0,0,600,10,1,0,0,0,0,1,0,0,-1,0,-1,-1,-1,0,0,0,0,0,0,0,0,0,0,0,0,0,0,0,0,0,0,[0|0],0,[0|0|0|0|0|0|0|0],魔法学院雷亚卢卡利亚的\n其中一种辉石魔法。\n\n能同时释放大量辉石结晶碎片。\n可以走动施展，借由蓄力能提升威力。\n\n称作结晶派的魔法师们拥有的招式。\n他们是石中智慧的探索者，\n专门研究结晶人集团的细微思绪。
4100,爆碎岩盘,1,0,[0|0|0],-1,-1,0,0,-1,0,-1,250130,-1,-1,0,-1,0,6018,0,-1,-1,-1,99,0,0,5,0,0,0,0,0,0,0,[0|0],0,0,0,0,0,0,0,0,0,0,0,1,1,0,0,0,0,0,0,0,0,0,0,0,0,-1,-1,-1,-1,-1,-1,-1,-1,1,0,0,0,0,0,0,0,0,0,0,1,0,2,0,0,0,600,10,1,0,0,0,0,1,0,0,-1,0,-1,-1,-1,0,0,0,0,0,0,0,0,0,0,0,0,0,0,0,0,0,0,[0|0],0,[0|0|0|0|0|0|0|0],魔法学院雷亚卢卡利亚的\n其中一种辉石魔法。\n\n将魔力灌入手杖尾端，刺入地面，\n在周围引发魔力冲击波。\n仅限一次，能使出追击。\n\n结晶坑道的辉石矿工们使用的挖石魔法。\n学院视为落后的烙印。
4110,爆破岩盘,1,0,[0|0|0],-1,-1,0,0,-1,0,-1,250140,-1,-1,0,-1,0,6019,0,-1,-1,-1,99,0,0,5,0,0,0,0,0,0,0,[0|0],0,0,0,0,0,0,0,0,0,0,0,1,1,0,0,0,0,0,0,0,0,0,0,0,0,-1,-1,-1,-1,-1,-1,-1,-1,1,0,0,0,0,0,0,0,0,0,0,1,0,2,0,0,0,600,10,1,0,0,0,0,1,0,0,-1,0,-1,-1,-1,0,0,0,0,0,0,0,0,0,0,0,0,0,0,0,0,0,0,[0|0],0,[0|0|0|0|0|0|0|0],魔法学院雷亚卢卡利亚的\n其中一种辉石魔法。\n\n将魔力灌入手杖尾端，刺入地面，\n在周围引发大幅度的魔力冲击波。\n\n持续施展不会将手杖刺入地面，\n可以走动，用灌注魔力的手杖尾端刺向敌人。\n\n结晶坑道的辉石矿工们使用的高阶挖石魔法。
4120,海摩大槌,1,0,[0|0|0],-1,-1,0,0,-1,0,-1,250120,-1,-1,0,-1,0,6020,0,-1,-1,-1,99,0,0,5,0,0,0,0,0,0,0,[0|0],0,0,0,0,0,0,0,0,0,0,0,1,1,0,0,0,0,0,0,0,0,0,0,0,0,-1,-1,-1,-1,-1,-1,-1,-1,1,0,0,0,0,0,0,0,0,0,0,1,0,2,0,0,0,600,10,1,0,0,0,0,2,0,0,-1,0,-1,-1,-1,0,0,0,0,0,0,0,0,0,0,0,0,0,0,0,0,0,0,[0|0],0,[0|0|0|0|0|0|0|0],魔法学院雷亚卢卡利亚的\n其中一种辉石魔法。\n\n能形成魔力大槌，使出敲击。\n仅限一次，能使出追击。\n\n海摩教室所传授的魔法，\n此教室等同学院的善恶判官。\n为了平定纷争而存在的魔法。
4130,魔法之境,1,0,[0|0|0],-1,-1,0,0,-1,0,-1,250180,-1,-1,0,-1,0,6103,0,-1,-1,-1,99,0,0,17,0,0,0,0,0,0,0,[0|0],0,0,0,0,0,0,0,0,0,0,0,1,1,0,0,0,0,0,0,0,0,0,0,0,0,-1,-1,-1,-1,-1,-1,-1,-1,1,0,0,0,0,0,0,0,0,0,0,1,0,2,0,0,0,600,10,1,0,0,0,0,2,0,0,-1,0,-1,-1,-1,0,0,0,0,0,0,0,0,0,0,0,0,0,0,0,0,0,0,[0|0],0,[0|0|0|0|0|0|0|0],魔法学院雷亚卢卡利亚的\n其中一种辉石魔法。\n\n能在地面画出学院的魔法阵，\n在魔法阵内的人物能提升魔法威力。\n\n此为在过去，从学院最高的钟楼开始，\n覆盖学院全境的魔法阵。\n鲜明的成功经验类似令人瞬间领会的灵感──\n能让还不会走的婴儿，长成魔法师。
4140,星光,1,0,[0|0|0],-1,-1,0,0,-1,0,-1,250170,-1,-1,0,-1,0,6102,0,-1,-1,-1,99,0,0,17,0,0,0,0,0,0,0,[0|0],0,0,0,0,0,0,0,0,0,0,0,1,1,0,0,0,0,0,0,0,0,0,0,0,0,-1,-1,-1,-1,-1,-1,-1,-1,1,0,0,0,0,0,0,0,0,0,0,1,0,2,0,0,0,600,10,1,0,0,0,0,1,0,0,-1,0,-1,-1,-1,0,0,0,0,0,0,0,0,0,0,0,0,0,0,0,0,0,0,[0|0],0,[0|0|0|0|0|0|0|0],魔法学院雷亚卢卡利亚的\n其中一种辉石魔法。\n\n能释放浮空的小颗星光，照亮四周。\n可以走动施展。\n\n赠予离开学院，踏上旅途的魔法师的魔法。\n无星的黑夜、不见天日的地底、受囚的监牢──\n无论何时何地，星星都在魔法师身旁。
4200,彗星亚兹勒,1,0,[0|0|0],-1,-1,0,0,-1,0,-1,251000,-1,-1,0,-1,0,6012,0,-1,16,-1,99,0,0,5,0,0,0,0,0,0,0,[0|0],0,0,0,0,0,0,0,0,0,0,0,1,1,0,0,0,0,0,0,0,0,0,0,0,0,-1,-1,-1,-1,-1,-1,-1,-1,1,0,0,0,0,0,0,0,0,0,0,1,0,2,0,0,0,600,10,1,0,0,0,0,3,0,0,-1,0,-1,-1,-1,0,0,0,0,0,0,0,0,0,0,0,0,0,0,0,0,0,0,[0|0],0,[0|0|0|0|0|0|0|0],起源魔法师的其中一人，亚兹勒的魔法。\n“传说中的魔法”之一。\n\n据说辉石的故乡位在遥远的星空。\n能释放星空激流──极大型彗星。\n持续施展能一直释放。\n\n亚兹勒窥见的起源是黑暗──\n据说那黑暗的深渊除了夺去他的心神，\n也让他感受到了恐惧。
4210,创星雨,1,0,[0|0|0],-1,-1,0,0,-1,0,-1,251020,-1,-1,0,-1,0,6021,0,-1,16,-1,99,0,0,5,0,0,0,0,0,0,0,[0|0],0,0,0,0,0,0,0,0,0,0,0,1,1,0,0,0,0,0,0,0,0,0,0,0,0,-1,-1,-1,-1,-1,-1,-1,-1,1,0,0,0,0,0,0,0,0,0,0,1,0,2,0,0,0,600,10,1,0,0,0,0,3,0,0,-1,0,-1,-1,-1,0,0,0,0,0,0,0,0,0,0,0,0,0,0,0,0,0,0,[0|0],0,[0|0|0|0|0|0|0|0],过去古老观星者发现的，最悠久的起源魔法。\n“传说中的魔法”之一。\n\n在空中召唤出黑暗星云，\n一定时间内，降下磅礡的星雨。\n可以走动施展，借由蓄力能提升威力。\n\n据说此为辉石魔法的起点──\n观星者窥见的起源化虚为实，\n在这块土地降下了星星琥珀。
4220,毁灭流星,1,0,[0|0|0],-1,-1,0,0,-1,0,-1,251010,-1,-1,0,-1,0,6022,0,-1,16,-1,99,0,0,5,0,0,0,0,0,0,0,[0|0],0,0,0,0,0,0,0,0,0,0,0,1,1,0,0,0,0,0,0,0,0,0,0,0,0,-1,-1,-1,-1,-1,-1,-1,-1,1,0,0,0,0,0,0,0,0,0,0,1,0,2,0,0,0,600,10,1,0,0,0,0,3,0,0,-1,0,-1,-1,-1,0,0,0,0,0,0,0,0,0,0,0,0,0,0,0,0,0,0,[0|0],0,[0|0|0|0|0|0|0|0],起源魔法师的其中一人，卢瑟特的魔法。\n“传说中的魔法”之一。\n\n能释放朝目标飞去的十二道深色流星。\n可以走动施展，借由蓄力能提升威力。\n\n卢瑟特窥见的起源\n是庞大星团毁灭的瞬间──\n在那当下，他的一切也随之崩毁。
4300,辉剑圆阵,1,0,[0|0|0],-1,-1,0,0,-1,0,-1,252010,-1,-1,0,-1,0,6005,0,-1,-1,-1,99,0,0,5,0,0,0,0,0,0,0,[0|0],0,0,0,0,0,0,0,0,0,0,0,1,1,0,0,0,0,0,0,0,0,0,0,0,0,-1,-1,-1,-1,-1,-1,-1,-1,1,0,0,0,0,0,0,0,0,0,0,1,0,2,0,0,0,600,20,1,0,0,0,0,1,0,0,-1,0,-1,-1,-1,0,0,0,0,0,0,0,0,0,0,0,0,0,0,0,0,0,0,[0|0],0,[0|0|0|0|0|0|0|0],卡利亚王室的其中一种魔法。\n\n能形成魔力辉剑排成的圆阵。\n辉剑会自动飞向、攻击附近的敌人。\n可以走动施展。\n\n赠予卡利亚魔法骑士的魔法，\n能搭配剑术使出波状攻击。
4301,卡利亚圆阵,1,0,[0|0|0],-1,-1,0,0,-1,0,-1,252020,-1,-1,0,-1,0,6023,0,-1,-1,-1,99,0,0,5,0,0,0,0,0,0,0,[0|0],0,0,0,0,0,0,0,0,0,0,0,1,1,0,0,0,0,0,0,0,0,0,0,0,0,-1,-1,-1,-1,-1,-1,-1,-1,1,0,0,0,0,0,0,0,0,0,0,1,0,2,0,0,0,600,20,1,0,0,0,0,2,0,0,-1,0,-1,-1,-1,0,0,0,0,0,0,0,0,0,0,0,0,0,0,0,0,0,0,[0|0],0,[0|0|0|0|0|0|0|0],卡利亚王室的其中一种魔法。\n\n能形成大量魔力辉剑排成的圆阵。\n辉剑会自动飞向、攻击附近的敌人。\n可以走动施展。\n\n在魔法骑士的辉剑魔法之中，属于高阶魔法。
4302,巨剑阵,1,0,[0|0|0],-1,-1,0,0,-1,0,-1,252030,-1,-1,0,-1,0,6024,0,-1,-1,-1,99,0,0,5,0,0,0,0,0,0,0,[0|0],0,0,0,0,0,0,0,0,0,0,0,1,1,0,0,0,0,0,0,0,0,0,0,0,0,-1,-1,-1,-1,-1,-1,-1,-1,1,0,0,0,0,0,0,0,0,0,0,1,0,2,0,0,0,600,20,1,0,0,0,0,2,0,0,-1,0,-1,-1,-1,0,0,0,0,0,0,0,0,0,0,0,0,0,0,0,0,0,0,[0|0],0,[0|0|0|0|0|0|0|0],卡利亚王室的其中一种魔法。\n\n能形成巨型魔力辉剑排成的圆阵。\n辉剑会自动飞向、攻击附近的敌人。\n\n山妖魔法骑士们使用的魔法。\n他们与年幼的蕾娜菈订下誓约，成为盟友。
4360,蕾娜菈的满月,1,0,[0|0|0],-1,-1,0,0,-1,0,-1,252070,-1,-1,0,-1,0,6007,0,-1,-1,-1,99,0,0,5,0,0,0,0,0,0,0,[0|0],0,0,0,0,0,0,0,0,0,0,0,1,1,0,0,0,0,0,0,0,0,0,0,0,0,-1,-1,-1,-1,-1,-1,-1,-1,1,0,0,0,0,0,0,0,0,0,0,1,0,2,0,0,0,600,20,1,0,0,0,0,3,0,0,-1,0,-1,-1,-1,0,0,0,0,0,0,0,0,0,0,0,0,0,0,0,0,0,0,[0|0],0,[0|0|0|0|0|0|0|0],卡利亚女王的象征魔法。\n\n能呼唤满月降临自身，月亮将朝敌人飞去。\n满月能消除所有触碰到的魔法，\n被命中的人物会暂时降低魔力属性减伤率。\n\n蕾娜菈女王在年幼时期遇见了月亮──\n那随后成为征服学院的优美月亮。
4361,菈妮的暗月,1,0,[0|0|0],-1,-1,0,0,-1,0,-1,252080,-1,-1,0,-1,0,6025,0,-1,16,-1,99,0,0,5,0,0,0,0,0,0,0,[0|0],0,0,0,0,0,0,0,0,0,0,0,1,1,0,0,0,0,0,0,0,0,0,0,0,0,-1,-1,-1,-1,-1,-1,-1,-1,1,0,0,0,0,0,0,0,0,0,0,1,0,2,0,0,0,600,20,1,0,0,0,0,3,0,0,-1,0,-1,-1,-1,0,0,0,0,0,0,0,0,0,0,0,0,0,0,0,0,0,0,[0|0],0,[0|0|0|0|0|0|0|0],卡利亚女王的象征魔法。\n“传说中的魔法”之一。\n\n能呼唤冰冷暗月降临自身，月亮将朝敌人飞去。\n暗月能消除所有触碰到的魔法，\n被命中的人物会暂时降低魔力属性减伤率。\n\n透过母亲蕾娜菈的引导，年幼的菈妮遇见了月亮──\n那是一轮冰冷又黑暗的神秘月亮。
4370,天降魔力,1,0,[0|0|0],-1,-1,0,0,-1,0,-1,252040,-1,-1,0,-1,0,6011,0,-1,-1,-1,99,0,0,5,0,0,0,0,0,0,0,[0|0],0,0,0,0,0,0,0,0,0,0,0,1,1,0,0,0,0,0,0,0,0,0,0,0,0,-1,-1,-1,-1,-1,-1,-1,-1,1,0,0,0,0,0,0,0,0,0,0,1,0,2,0,0,0,600,20,1,0,0,0,0,1,0,0,-1,0,-1,-1,-1,0,0,0,0,0,0,0,0,0,0,0,0,0,0,0,0,0,0,[0|0],0,[0|0|0|0|0|0|0|0],卡利亚王室的其中一种魔法。\n\n能放出浮空魔力块，再大范围降下魔力球。\n可以走动施展，借由蓄力能延长有效时间。\n\n在缔结古老誓约的时候，\n据说结晶人传授了此魔法。
4380,罗蕾塔的大弓,1,0,[0|0|0],-1,-1,0,0,-1,0,-1,252050,-1,-1,0,-1,0,6013,0,-1,-1,-1,99,0,0,5,0,0,0,0,0,0,0,[0|0],0,0,0,0,0,0,0,0,0,0,0,1,1,0,0,0,0,0,0,0,0,0,0,0,0,-1,-1,-1,-1,-1,-1,-1,-1,1,0,0,0,0,0,0,0,0,0,0,1,0,2,0,0,0,600,20,1,0,0,0,0,2,0,0,-1,0,-1,-1,-1,0,0,0,0,0,0,0,0,0,0,0,0,0,0,0,0,0,0,[0|0],0,[0|0|0|0|0|0|0|0],禁卫骑士罗蕾塔施展的魔法。\n\n能形成魔力大弓，射出大箭。\n借由蓄力能强化威力，\n持续施展的期间会维持拉弓的状态，\n不会射出大箭。\n\n据说弓是她拿手的武器。
4381,罗蕾塔的绝招,1,0,[0|0|0],-1,-1,0,0,-1,0,-1,252060,-1,-1,0,-1,0,6026,0,-1,-1,-1,99,0,0,5,0,0,0,0,0,0,0,[0|0],0,0,0,0,0,0,0,0,0,0,0,1,1,0,0,0,0,0,0,0,0,0,0,0,0,-1,-1,-1,-1,-1,-1,-1,-1,1,0,0,0,0,0,0,0,0,0,0,1,0,2,0,0,0,600,20,1,0,0,0,0,2,0,0,-1,0,-1,-1,-1,0,0,0,0,0,0,0,0,0,0,0,0,0,0,0,0,0,0,[0|0],0,[0|0|0|0|0|0|0|0],禁卫骑士罗蕾塔施展的魔法。\n\n能形成魔力大弓，同时射出４支大箭。\n借由蓄力能强化威力，\n持续施展的期间会维持拉弓的状态，\n不会射出大箭。\n\n罗蕾塔寻找着白金之子的安居之地。\n此为她漫长的战斗旅程中，\n练得炉火纯青的魔法。
4390,魔法辉剑,1,0,[0|0|0],-1,-1,0,0,-1,0,-1,252000,-1,-1,0,-1,0,6027,0,-1,-1,-1,99,0,0,5,0,0,0,0,0,0,0,[0|0],0,0,0,0,0,0,0,0,0,0,0,1,1,0,0,0,0,0,0,0,0,0,0,0,0,-1,-1,-1,-1,-1,-1,-1,-1,1,0,0,0,0,0,0,0,0,0,0,1,0,2,0,0,0,600,20,1,0,0,0,0,1,0,0,-1,0,-1,-1,-1,0,0,0,0,0,0,0,0,0,0,0,0,0,0,0,0,0,0,[0|0],0,[0|0|0|0|0|0|0|0],卡利亚王室的古老魔法。\n\n能在自身头上画出魔法阵，\n形成延后现形、飞向敌人的辉剑。\n可以走动施展，借由蓄力能延后辉剑形成的时间。\n\n据说是王室魔法骑士们施展的\n辉剑圆阵类魔法的原型。
4400,辉石冰块,1,0,[0|0|0],-1,-1,0,0,-1,0,-1,255000,-1,-1,0,-1,0,6028,0,-1,-1,-1,99,0,0,5,0,0,0,0,0,0,0,[0|0],0,0,0,0,0,0,0,0,0,0,0,1,1,0,0,0,0,0,0,0,0,0,0,0,0,-1,-1,-1,-1,-1,-1,-1,-1,1,0,0,0,0,0,0,0,0,0,0,1,0,2,0,0,0,600,40,1,0,0,0,0,1,0,0,-1,0,-1,-1,-1,0,0,0,0,0,0,0,0,0,0,0,0,0,0,0,0,0,0,[0|0],0,[0|0|0|0|0|0|0|0],据说是年迈雪魔女施展的魔法。\n\n能从手杖的辉石释放冰冷的魔力块。\n可以走动施展，也能连续施展。\n\n据说年迈的魔女教导了年幼的菈妮\n关于冰冷魔法，以及对暗月的畏惧。
4410,萨米尔冰风暴,1,0,[0|0|0],-1,-1,0,0,-1,0,-1,255030,-1,-1,0,-1,0,6029,0,-1,-1,-1,99,0,0,5,0,0,0,0,0,0,0,[0|0],0,0,0,0,0,0,0,0,0,0,0,1,1,0,0,0,0,0,0,0,0,0,0,0,0,-1,-1,-1,-1,-1,-1,-1,-1,1,0,0,0,0,0,0,0,0,0,0,1,0,2,0,0,0,600,40,1,0,0,0,0,2,0,0,-1,0,-1,-1,-1,0,0,0,0,0,0,0,0,0,0,0,0,0,0,0,0,0,0,[0|0],0,[0|0|0|0|0|0|0|0],萨米尔镇流传的寒冰魔法。\n\n能将手杖刺入地面，在周围形成寒气风暴。\n借由蓄力能提升威力。\n\n身缠冰风暴的萨米尔骑士们，\n从远古时代就在挑战火焰巨人们。
4420,冰雾,1,0,[0|0|0],-1,-1,0,0,-1,0,-1,255010,-1,-1,0,-1,0,6030,0,-1,-1,-1,99,0,0,17,0,0,0,0,0,0,0,[0|0],0,0,0,0,0,0,0,0,0,0,0,1,1,0,0,0,0,0,0,0,0,0,0,0,0,-1,-1,-1,-1,-1,-1,-1,-1,1,0,0,0,0,0,0,0,0,0,0,1,0,2,0,0,0,600,40,1,0,0,0,0,1,0,0,-1,0,-1,-1,-1,0,0,0,0,0,0,0,0,0,0,0,0,0,0,0,0,0,0,[0|0],0,[0|0|0|0|0|0|0|0],据说是年迈雪魔女施展的魔法。\n\n能朝前方形成冰冷寒雾。\n可以走动施展，借由蓄力能扩大寒雾的范围。\n\n据说年迈的魔女教导了年幼的菈妮\n关于冰冷魔法，以及对暗月的畏惧。
4430,卡利亚大剑,1,0,[0|0|0],-1,-1,0,0,-1,0,-1,252100,-1,-1,0,-1,0,6050,0,-1,-1,-1,99,0,0,5,0,0,0,0,0,0,0,[0|0],0,0,0,0,0,0,0,0,0,0,0,1,1,0,0,0,0,0,0,0,0,0,0,0,0,-1,-1,-1,-1,-1,-1,-1,-1,1,0,0,0,0,0,0,0,0,0,0,1,0,2,0,0,0,600,20,1,0,0,0,0,1,0,0,-1,0,-1,-1,-1,0,0,0,0,0,0,0,0,0,0,0,0,0,0,0,0,0,0,[0|0],0,[0|0|0|0|0|0|0|0],卡利亚王室的其中一种魔法。\n\n能形成魔力大剑，使出横扫。\n可以连续施展。\n\n将骑士的力量赐予魔法师的魔法。\n同时也是对月宣示忠诚的证明。
4431,亚杜拉的月光剑,1,0,[0|0|0],-1,-1,0,0,-1,0,-1,252120,-1,-1,0,-1,0,6031,0,-1,-1,-1,99,0,0,5,0,0,0,0,0,0,0,[0|0],0,0,0,0,0,0,0,0,0,0,0,1,1,0,0,0,0,0,0,0,0,0,0,0,0,-1,-1,-1,-1,-1,-1,-1,-1,1,0,0,0,0,0,0,0,0,0,0,1,0,2,0,0,0,600,20,1,0,0,0,0,2,0,0,-1,0,-1,-1,-1,0,0,0,0,0,0,0,0,0,0,0,0,0,0,0,0,0,0,[0|0],0,[0|0|0|0|0|0|0|0],“辉石龙”亚杜拉的魔法。\n\n能形成冰冷魔力大剑，\n使出横扫的同时，释放寒气刀刃。\n可以连续施展。\n\n“吞噬魔法师”亚杜拉败给“月之公主”菈妮，\n随后它以骑士身分对暗月宣示忠诚。
4440,卡利亚迅剑,1,0,[0|0|0],-1,-1,0,0,-1,0,-1,252090,-1,-1,0,-1,0,6051,0,-1,-1,-1,99,0,0,5,0,0,0,0,0,0,0,[0|0],0,0,0,0,0,0,0,0,0,0,0,1,1,0,0,0,0,0,0,0,0,0,0,0,0,-1,-1,-1,-1,-1,-1,-1,-1,1,0,0,0,0,0,0,0,0,0,0,1,0,2,0,0,0,600,20,1,0,0,0,0,1,0,0,-1,0,-1,-1,-1,0,0,0,0,0,0,0,0,0,0,0,0,0,0,0,0,0,0,[0|0],0,[0|0|0|0|0|0|0|0],卡利亚王室的其中一种魔法。\n\n能形成魔力剑，使出快速横扫。\n可以接在其他动作后，立刻衔接使用。\n\n在卡利亚的剑类魔法之中，\n于战斗中相当实用的著名魔法。
4450,卡利亚贯刺,0,0,[0|0|0],-1,-1,0,0,-1,0,-1,252110,-1,-1,0,-1,0,6052,0,-1,-1,-1,99,0,0,5,0,0,0,0,0,0,0,[0|0],0,0,0,0,0,0,0,0,0,0,0,1,1,0,0,0,0,0,0,0,0,0,0,0,0,-1,-1,-1,-1,-1,-1,-1,-1,1,0,0,0,0,0,0,0,0,0,0,1,0,2,0,0,0,600,20,1,0,0,0,0,1,0,0,-1,0,-1,-1,-1,0,0,0,0,0,0,0,0,0,0,0,0,0,0,0,0,0,0,[0|0],0,[0|0|0|0|0|0|0|0],卡利亚王室的其中一种魔法。\n\n能形成魔力大剑，使出突刺。\n借由蓄力能增加向前推进的距离。\n\n“卡利亚大剑”的成对魔法。\n对上单一敌人时，伤害表现不俗。
4460,魔力武器,1,0,[0|0|0],-1,-1,0,0,-1,0,-1,250150,-1,-1,0,-1,0,6100,0,-1,-1,-1,99,0,0,17,0,0,0,0,0,0,0,[0|0],0,0,0,0,0,0,0,0,0,0,0,1,1,0,0,0,0,0,0,0,0,0,0,0,0,-1,-1,-1,-1,-1,-1,-1,-1,1,0,0,0,0,0,0,0,0,0,0,1,0,2,0,0,0,600,10,1,0,0,0,0,1,0,0,-1,0,-1,-1,-1,0,0,0,0,0,0,0,0,0,0,0,0,0,0,0,0,0,0,[0|0],0,[0|0|0|0|0|0|0|0],魔法学院雷亚卢卡利亚的\n其中一种辉石魔法。\n\n能在右手武器附加魔力属性攻击力。\n可以走动施展。\n\n学院传授此魔法给杜鹃骑士们，\n作为缔结契约的代价。
4470,魔力盾牌,1,0,[0|0|0],-1,-1,0,0,-1,0,-1,250160,-1,-1,0,-1,0,6101,0,-1,-1,-1,99,0,0,17,0,0,0,0,0,0,0,[0|0],0,0,0,0,0,0,0,0,0,0,0,1,1,0,0,0,0,0,0,0,0,0,0,0,0,-1,-1,-1,-1,-1,-1,-1,-1,1,0,0,0,0,0,0,0,0,0,0,1,0,2,0,0,0,600,10,1,0,0,0,0,1,0,0,-1,0,-1,-1,-1,0,0,0,0,0,0,0,0,0,0,0,0,0,0,0,0,0,0,[0|0],0,[0|0|0|0|0|0|0|0],魔法学院雷亚卢卡利亚的\n其中一种辉石魔法。\n\n能以魔力提升左手盾牌的减伤率。\n可以走动施展。\n\n学院传授此魔法给杜鹃骑士们，\n作为缔结契约的代价。
4480,镇定,1,0,[0|0|0],-1,-1,0,0,-1,0,-1,252130,-1,-1,0,-1,0,6032,0,-1,-1,-1,99,0,0,17,0,0,0,0,0,0,0,[0|0],0,0,0,0,0,0,0,0,0,0,0,1,1,0,0,0,0,0,0,0,0,0,0,0,0,-1,-1,-1,-1,-1,-1,-1,-1,1,0,0,0,0,0,0,0,0,0,0,1,0,2,0,0,0,600,20,1,0,0,0,0,1,0,0,-1,0,-1,-1,-1,0,0,0,0,0,0,0,0,0,0,0,0,0,0,0,0,0,0,[0|0],0,[0|0|0|0|0|0|0|0],卡利亚王室的其中一种魔法。\n\n能减轻催眠、发狂量表的累积。\n可以走动施展。\n\n卡利亚骑士绝对不失体面。
4490,结冰武器,1,0,[0|0|0],-1,-1,0,0,-1,0,-1,255020,-1,-1,0,-1,0,6507,0,-1,-1,-1,99,0,0,17,0,0,0,0,0,0,0,[0|0],0,0,0,0,0,0,0,0,0,0,0,1,1,0,0,0,0,0,0,0,0,0,0,0,0,-1,-1,-1,-1,-1,-1,-1,-1,1,0,0,0,0,0,0,0,0,0,0,1,0,2,0,0,0,600,40,1,0,0,0,0,1,0,0,-1,0,-1,-1,-1,0,0,0,0,0,0,0,0,0,0,0,0,0,0,0,0,0,0,[0|0],0,[0|0|0|0|0|0|0|0],据说是年迈雪魔女施展的魔法。\n\n能在右手武器附加异常状态冻伤。\n可以走动施展。\n\n据说年迈的魔女教导了年幼的菈妮\n关于冰冷魔法，以及对暗月的畏惧。
4500,爆散结晶,1,0,[0|0|0],-1,-1,0,0,-1,0,-1,256000,-1,-1,0,-1,0,6033,0,-1,-1,-1,99,0,0,5,0,0,0,0,0,0,0,[0|0],0,0,0,0,0,0,0,0,0,0,0,1,1,0,0,0,0,0,0,0,0,0,0,0,0,-1,-1,-1,-1,-1,-1,-1,-1,1,0,0,0,0,0,0,0,0,0,0,1,0,2,0,0,0,600,40,1,0,0,0,0,2,0,0,-1,0,-1,-1,-1,0,0,0,0,0,0,0,0,0,0,0,0,0,0,0,0,0,0,[0|0],0,[0|0|0|0|0|0|0|0],神秘结晶人集团的魔法。\n\n能形成结晶块，粉碎后朝前方释放。\n借由蓄力能提升威力。\n\n同为无机物与生物的存在──\n结晶人的生存型态接近起源的理想。\n他们是魔法师们的座上宾。
4510,飞散结晶,1,0,[0|0|0],-1,-1,0,0,-1,0,-1,256020,-1,-1,0,-1,0,6034,0,-1,-1,-1,99,0,0,5,0,0,0,0,0,0,0,[0|0],0,0,0,0,0,0,0,0,0,0,0,1,1,0,0,0,0,0,0,0,0,0,0,0,0,-1,-1,-1,-1,-1,-1,-1,-1,1,0,0,0,0,0,0,0,0,0,0,1,0,2,0,0,0,600,40,1,0,0,0,0,2,0,0,-1,0,-1,-1,-1,0,0,0,0,0,0,0,0,0,0,0,0,0,0,0,0,0,0,[0|0],0,[0|0|0|0|0|0|0|0],神秘结晶人集团的魔法。\n\n能向空中浮起结晶块，\n再降下大范围、气势磅礡的结晶碎片。\n\n结晶人之中，只有引导者才会施展的魔法。\n因为模样得名“结晶太阳”。
4520,奔放结晶,1,0,[0|0|0],-1,-1,0,0,-1,0,-1,256010,-1,-1,0,-1,0,6035,0,-1,-1,-1,99,0,0,5,0,0,0,0,0,0,0,[0|0],0,0,0,0,0,0,0,0,0,0,0,1,1,0,0,0,0,0,0,0,0,0,0,0,0,-1,-1,-1,-1,-1,-1,-1,-1,1,0,0,0,0,0,0,0,0,0,0,1,0,2,0,0,0,600,40,1,0,0,0,0,2,0,0,-1,0,-1,-1,-1,0,0,0,0,0,0,0,0,0,0,0,0,0,0,0,0,0,0,[0|0],0,[0|0|0|0|0|0|0|0],神秘结晶人集团的魔法。\n\n能形成结晶块，连续释放结晶碎片。\n持续施展的期间会继续释放。\n\n被称为结晶人之怒的魔法。\n那结晶碎片各个都巨大，十分危险。
4600,奇袭魔砾,1,0,[0|0|0],-1,-1,0,0,-1,0,-1,253000,-1,-1,0,-1,0,6036,0,-1,-1,-1,99,0,0,5,0,0,0,0,0,0,0,[0|0],0,0,0,0,0,0,0,0,0,0,0,1,1,0,0,0,0,0,0,0,0,0,0,0,0,-1,-1,-1,-1,-1,-1,-1,-1,1,0,0,0,0,0,0,0,0,0,0,1,0,2,0,0,0,600,30,1,0,0,0,0,1,0,0,-1,0,-1,-1,-1,0,0,0,0,0,0,0,0,0,0,0,0,0,0,0,0,0,0,[0|0],0,[0|0|0|0|0|0|0|0],魔法镇瑟利亚的其中一种黑夜魔法。\n\n能释放会从远方偷袭敌人背后的石砾。\n可以连续施展。\n\n据说瑟利亚的魔法师是刺客，\n而行刺对象是魔法师同行。
4610,黑夜魔砾,1,0,[0|0|0],-1,-1,0,0,-1,0,-1,253010,-1,-1,0,-1,0,6037,0,-1,-1,-1,99,0,0,5,0,0,0,0,0,0,0,[0|0],0,0,0,0,0,0,0,0,0,0,0,1,1,0,0,0,0,0,0,0,0,0,0,0,0,-1,-1,-1,-1,-1,-1,-1,-1,1,0,0,0,0,0,0,0,0,0,0,1,0,2,0,0,0,600,30,1,0,0,0,0,1,0,0,-1,0,-1,-1,-1,0,0,0,0,0,0,0,0,0,0,0,0,0,0,0,0,0,0,[0|0],0,[0|0|0|0|0|0|0|0],魔法镇瑟利亚的其中一种黑夜魔法。\n\n能快速释放难以辨识的魔力石砾。\n可以接在其他动作后，立刻衔接使用。\n\n据说瑟利亚的魔法师是刺客，\n而行刺对象是魔法师同行。
4620,黑夜彗星,1,0,[0|0|0],-1,-1,0,0,-1,0,-1,253020,-1,-1,0,-1,0,6038,0,-1,-1,-1,99,0,0,5,0,0,0,0,0,0,0,[0|0],0,0,0,0,0,0,0,0,0,0,0,1,1,0,0,0,0,0,0,0,0,0,0,0,0,-1,-1,-1,-1,-1,-1,-1,-1,1,0,0,0,0,0,0,0,0,0,0,1,0,2,0,0,0,600,30,1,0,0,0,0,1,0,0,-1,0,-1,-1,-1,0,0,0,0,0,0,0,0,0,0,0,0,0,0,0,0,0,0,[0|0],0,[0|0|0|0|0|0|0|0],魔法镇瑟利亚的其中一种黑夜魔法。\n\n能释放难以辨识的魔力彗星。\n可以走动施展，也能连续施展。\n借由蓄力能提升威力。\n\n据说瑟利亚的魔法师是刺客，\n而行刺对象是魔法师同行。
4630,托普斯的力场,1,0,[0|0|0],-1,-1,0,0,-1,0,-1,250190,-1,-1,0,-1,0,6039,0,-1,-1,-1,99,0,0,17,0,0,0,0,0,0,0,[0|0],0,0,0,0,0,0,0,0,0,0,0,1,1,0,0,0,0,0,0,0,0,0,0,0,0,-1,-1,-1,-1,-1,-1,-1,-1,1,0,0,0,0,0,0,0,0,0,0,1,0,2,0,0,0,600,10,1,0,0,0,0,2,0,0,-1,0,-1,-1,-1,0,0,0,0,0,0,0,0,0,0,0,0,0,0,0,0,0,0,[0|0],0,[0|0|0|0|0|0|0|0],人称废石的托普斯，\n赌上人生探索而来的魔法。\n\n能形成魔力力场，拨开魔法与祷告。\n持续施展的期间会接连形成力场。\n\n后世的人们肯定明白──\n那受人嘲讽的理论，\n其实是足以成立新教室的发现。
4640,卡利亚式奉还,1,0,[0|0|0],-1,-1,0,0,-1,0,-1,252140,-1,-1,0,-1,0,6040,0,-1,-1,-1,99,0,0,17,0,0,0,0,0,0,0,[0|0],0,0,0,0,0,0,0,0,0,0,0,1,1,0,0,0,0,0,0,0,0,0,0,0,0,-1,-1,-1,-1,-1,-1,-1,-1,1,0,0,0,0,0,0,0,0,0,0,1,0,2,0,0,0,600,20,1,0,0,0,0,1,0,0,-1,0,-1,-1,-1,0,0,0,0,0,0,0,0,0,0,0,0,0,0,0,0,0,0,[0|0],0,[0|0|0|0|0|0|0|0],卡利亚王室的其中一种魔法。\n\n能挥舞手杖，消除魔法与祷告后，\n再用承受的力量化为浮空辉剑。\n\n卡利亚王室暗地防备学院而有的魔法。\n月与星，是在何时分道扬镳？
4650,亘古黑暗,1,0,[0|0|0],-1,-1,0,0,-1,0,-1,253060,-1,-1,0,-1,0,6041,0,-1,-1,-1,99,0,0,17,0,0,0,0,0,0,0,[0|0],0,0,0,0,0,0,0,0,0,0,0,1,1,0,0,0,0,0,0,0,0,0,0,0,0,-1,-1,-1,-1,-1,-1,-1,-1,1,0,0,0,0,0,0,0,0,0,0,1,0,2,0,0,0,600,30,1,0,0,0,0,2,0,0,-1,0,-1,-1,-1,0,0,0,0,0,0,0,0,0,0,0,0,0,0,0,0,0,0,[0|0],0,[0|0|0|0|0|0|0|0],魔法镇瑟利亚的禁忌魔法。\n\n能形成黑暗，吸引魔法与祷告。\n可以走动施展。\n\n此为永恒之城的失落魔法──\n也是让永恒之城迎来毁灭的绝望。
4660,无形刀刃,1,0,[0|0|0],-1,-1,0,0,-1,0,-1,253030,-1,-1,0,-1,0,6702,0,-1,-1,-1,99,0,0,17,0,0,0,0,0,0,0,[0|0],0,0,0,0,0,0,0,0,0,0,0,1,1,0,0,0,0,0,0,0,0,0,0,0,0,-1,-1,-1,-1,-1,-1,-1,-1,1,0,0,0,0,0,0,0,0,0,0,1,0,2,0,0,0,600,30,1,0,0,0,0,1,0,0,-1,0,-1,-1,-1,0,0,0,0,0,0,0,0,0,0,0,0,0,0,0,0,0,0,[0|0],0,[0|0|0|0|0|0|0|0],魔法镇瑟利亚的其中一种黑夜魔法。\n\n能完全消除右手武器的模样。\n可以走动施展。\n\n瑟利亚的刺客们使用的魔法。\n能伪装成手无寸铁的魔法师。
4670,化为无形,1,0,[0|0|0],-1,-1,0,0,-1,0,-1,253040,-1,-1,0,-1,0,6704,0,-1,-1,-1,99,0,0,17,0,0,0,0,0,0,0,[0|0],0,0,0,0,0,0,0,0,0,0,0,1,1,0,0,0,0,0,0,0,0,0,0,0,0,-1,-1,-1,-1,-1,-1,-1,-1,1,0,0,0,0,0,0,0,0,0,0,1,0,2,0,0,0,600,30,1,0,0,0,0,1,0,0,-1,0,-1,-1,-1,0,0,0,0,0,0,0,0,0,0,0,0,0,0,0,0,0,0,[0|0],0,[0|0|0|0|0|0|0|0],魔法镇瑟利亚的其中一种黑夜魔法。\n\n将难以辨识施展者的身影。\n骑马时，效果会遍及坐骑。\n可以走动施展。\n\n瑟利亚的刺客们使用的魔法──\n他们为了达成目的不择手段。
4700,陨石,0,0,[0|0|0],-1,-1,0,0,-1,0,-1,257030,-1,-1,0,-1,0,6070,0,-1,-1,-1,99,0,0,5,0,0,0,0,0,0,0,[0|0],0,0,0,0,0,0,0,0,0,0,0,1,1,0,0,0,0,0,0,0,0,0,0,0,0,-1,-1,-1,-1,-1,-1,-1,-1,1,0,0,0,0,0,0,0,0,0,0,1,0,2,0,0,0,600,50,1,0,0,0,0,1,0,0,-1,0,-1,-1,-1,0,0,0,0,0,0,0,0,0,0,0,0,0,0,0,0,0,0,[0|0],0,[0|0|0|0|0|0|0|0],其中一种控制重力的辉石魔法。\n\n能从虚无空间召唤小颗陨石，引发坠落。\n持续施展的期间，陨石会不停坠落。\n\n此为拥有石质皮肤的诸位黑王，\n受人畏惧，尊称为王的破坏力量。
4701,艾丝缇陨石,1,0,[0|0|0],-1,-1,0,0,-1,0,-1,257040,-1,-1,0,-1,0,6042,0,-1,-1,-1,99,0,0,5,0,0,0,0,0,0,0,[0|0],0,0,0,0,0,0,0,0,0,0,0,1,1,0,0,0,0,0,0,0,0,0,0,0,0,-1,-1,-1,-1,-1,-1,-1,-1,1,0,0,0,0,0,0,0,0,0,0,1,0,2,0,0,0,600,50,1,0,0,0,0,2,0,0,-1,0,-1,-1,-1,0,0,0,0,0,0,0,0,0,0,0,0,0,0,0,0,0,0,[0|0],0,[0|0|0|0|0|0|0|0],其中一种控制重力的辉石魔法。\n\n能从虚无空间召唤大量小颗陨石，引发坠落。\n持续施展的期间，陨石会不停坠落。\n\n此为在过去，艾丝缇将永恒之城破坏殆尽时，\n所展现的力量。
4710,岩石球,1,0,[0|0|0],-1,-1,0,0,-1,0,-1,257020,-1,-1,0,-1,0,6071,0,-1,-1,-1,99,0,0,5,0,0,0,0,0,0,0,[0|0],0,0,0,0,0,0,0,0,0,0,0,1,1,0,0,0,0,0,0,0,0,0,0,0,0,-1,-1,-1,-1,-1,-1,-1,-1,1,0,0,0,0,0,0,0,0,0,0,1,0,2,0,0,0,600,50,1,0,0,0,0,1,0,0,-1,0,-1,-1,-1,0,0,0,0,0,0,0,0,0,0,0,0,0,0,0,0,0,0,[0|0],0,[0|0|0|0|0|0|0|0],其中一种控制重力的辉石魔法。\n\n能从地面召唤、释放岩石块。\n\n年轻时期的拉塔恩学习的重力招式。\n他的老师是拥有石质皮肤的白王。
4720,重力球,1,0,[0|0|0],-1,-1,0,0,-1,0,-1,257000,-1,-1,0,-1,0,6043,0,-1,-1,-1,99,0,0,5,0,0,0,0,0,0,0,[0|0],0,0,0,0,0,0,0,0,0,0,0,1,1,0,0,0,0,0,0,0,0,0,0,0,0,-1,-1,-1,-1,-1,-1,-1,-1,1,0,0,0,0,0,0,0,0,0,0,1,0,2,0,0,0,600,50,1,0,0,0,0,1,0,0,-1,0,-1,-1,-1,0,0,0,0,0,0,0,0,0,0,0,0,0,0,0,0,0,0,[0|0],0,[0|0|0|0|0|0|0|0],其中一种控制重力的辉石魔法。\n\n能释放重力球，\n命中的对象会被拉向自己。\n借由蓄力能提升威力。\n\n年轻时期的拉塔恩学习的重力招式。\n他的老师是拥有石质皮肤的白王。
4721,碎星,1,0,[0|0|0],-1,-1,0,0,-1,0,-1,257010,-1,-1,0,-1,0,6044,0,-1,-1,-1,99,0,0,5,0,0,0,0,0,0,0,[0|0],0,0,0,0,0,0,0,0,0,0,0,1,1,0,0,0,0,0,0,0,0,0,0,0,0,-1,-1,-1,-1,-1,-1,-1,-1,1,0,0,0,0,0,0,0,0,0,0,1,0,2,0,0,0,600,50,1,0,0,0,0,2,0,0,-1,0,-1,-1,-1,0,0,0,0,0,0,0,0,0,0,0,0,0,0,0,0,0,0,[0|0],0,[0|0|0|0|0|0|0|0],其中一种控制重力的辉石魔法。\n\n能释放多颗重力球，\n命中的对象会被拉向自己。\n借由蓄力能提升威力。\n\n拉塔恩在年轻时期精通的重力招式。\n\n　老师啊，感激不尽。\n　如今的我，就能挑战星星。
4800,熔岩球,1,0,[0|0|0],-1,-1,0,0,-1,0,-1,254000,-1,-1,0,-1,0,6205,0,-1,-1,-1,99,0,0,5,0,0,0,0,0,0,0,[0|0],0,0,0,0,0,0,0,0,0,0,0,1,1,0,0,0,0,0,0,0,0,0,0,0,0,-1,-1,-1,-1,-1,-1,-1,-1,1,0,0,0,0,0,0,0,0,0,0,1,0,2,0,0,0,600,30,1,0,0,0,0,1,0,0,-1,0,-1,-1,-1,0,0,0,0,0,0,0,0,0,0,0,0,0,0,0,0,0,0,[0|0],0,[0|0|0|0|0|0|0|0],格密尔的其中一种熔岩魔法。\n\n能释放命中后会爆炸的熔岩球。\n借由蓄力能提升威力。\n\n蕾娜菈女王的子嗣拉卡德，\n成功让格密尔的古老咒术以魔法姿态重见天日。
4810,格密尔之怒,1,0,[0|0|0],-1,-1,0,0,-1,0,-1,254020,-1,-1,0,-1,0,6212,0,-1,-1,-1,99,0,0,5,0,0,0,0,0,0,0,[0|0],0,0,0,0,0,0,0,0,0,0,0,1,1,0,0,0,0,0,0,0,0,0,0,0,0,-1,-1,-1,-1,-1,-1,-1,-1,1,0,0,0,0,0,0,0,0,0,0,1,0,2,0,0,0,600,30,1,0,0,0,0,2,0,0,-1,0,-1,-1,-1,0,0,0,0,0,0,0,0,0,0,0,0,0,0,0,0,0,0,[0|0],0,[0|0|0|0|0|0|0|0],格密尔的其中一种熔岩魔法。\n\n能从地面引起熔岩喷发，洒向四周。\n借由蓄力能延长喷发时间。\n\n据说此魔法代表着火山之怒。\n那么，意图施展它的这种想法，\n可以说是人类的，或是蛇的傲慢。
4820,滚烫熔岩,1,0,[0|0|0],-1,-1,0,0,-1,0,-1,254010,-1,-1,0,-1,0,6213,0,-1,-1,-1,99,0,0,5,0,0,0,0,0,0,0,[0|0],0,0,0,0,0,0,0,0,0,0,0,1,1,0,0,0,0,0,0,0,0,0,0,0,0,-1,-1,-1,-1,-1,-1,-1,-1,1,0,0,0,0,0,0,0,0,0,0,1,0,2,0,0,0,600,30,1,0,0,0,0,1,0,0,-1,0,-1,-1,-1,0,0,0,0,0,0,0,0,0,0,0,0,0,0,0,0,0,0,[0|0],0,[0|0|0|0|0|0|0|0],格密尔的其中一种熔岩魔法。\n\n能释放命中后会延迟爆炸、\n经过压缩的熔岩球。\n借由蓄力能强化威力，并延迟爆炸时间。\n\n蕾娜菈女王的子嗣拉卡德，\n成功让格密尔的古老咒术以魔法姿态重见天日。
4830,拉卡德的怨魂,1,0,[0|0|0],-1,-1,0,0,-1,0,-1,254030,-1,-1,0,-1,0,6045,0,-1,-1,-1,99,0,0,5,0,0,0,0,0,0,0,[0|0],0,0,0,0,0,0,0,0,0,0,0,1,1,0,0,0,0,0,0,0,0,0,0,0,0,-1,-1,-1,-1,-1,-1,-1,-1,1,0,0,0,0,0,0,0,0,0,0,1,0,2,0,0,0,600,30,1,0,0,0,0,3,0,0,-1,0,-1,-1,-1,0,0,0,0,0,0,0,0,0,0,0,0,0,0,0,0,0,0,[0|0],0,[0|0|0|0|0|0|0|0],“亵渎君王”拉卡德的恐怖力量。\n\n能释放受熏烧的怨魂，在飞行的轨迹上\n引发延迟性的连续爆炸。\n\n此为英雄们死于非命的怨魂──\n他们觐见了王，受到欢迎之余也被吞噬，\n没入大蛇的体内，成为王的族人。
4900,罪恶荆棘,0,0,[0|0|0],-1,-1,0,0,-1,0,-1,259000,-1,-1,0,-1,0,6046,0,-1,-1,-1,99,0,0,5,0,0,0,0,0,0,0,[0|0],0,0,0,0,0,0,0,0,0,0,0,1,1,0,0,0,0,0,0,0,0,0,0,0,0,-1,-1,-1,-1,-1,-1,-1,-1,1,0,0,0,0,0,0,0,0,0,0,1,0,2,0,0,0,600,50,1,0,0,0,0,1,0,0,-1,0,-1,-1,-1,0,0,0,0,0,0,0,0,0,0,0,0,0,0,0,0,0,0,[0|0],0,[0|0|0|0|0|0|0|0],受到放逐的罪人们的异端魔法。\n学院最为嫌恶的魔法。\n\n能用罪恶荆棘伤害自己，\n在周围召唤漩涡状的鲜血大荆棘。\n可以连续施展最多３次。\n\n双眼被荆棘刺穿的罪人们，\n在他们永恒的黑暗中找到了鲜血星星。
4910,责罚荆棘,1,0,[0|0|0],-1,-1,0,0,-1,0,-1,259010,-1,-1,0,-1,0,6047,0,-1,-1,-1,99,0,0,5,0,0,0,0,0,0,0,[0|0],0,0,0,0,0,0,0,0,0,0,0,1,1,0,0,0,0,0,0,0,0,0,0,0,0,-1,-1,-1,-1,-1,-1,-1,-1,1,0,0,0,0,0,0,0,0,0,0,1,0,2,0,0,0,600,50,1,0,0,0,0,2,0,0,-1,0,-1,-1,-1,0,0,0,0,0,0,0,0,0,0,0,0,0,0,0,0,0,0,[0|0],0,[0|0|0|0|0|0|0|0],受到放逐的罪人们的异端魔法。\n学院最为嫌恶的魔法。\n\n能用责罚荆棘伤害自己，\n召唤爬走地面的鲜血荆棘，从敌人脚边窜出攻击。\n可以连续施展。\n\n双眼被荆棘刺穿的罪人们，\n在他们永恒的黑暗中找到了鲜血星星。
5000,召唤怨魂,1,0,[0|0|0],-1,-1,0,0,-1,0,-1,260000,-1,-1,0,-1,0,6048,0,-1,-1,-1,99,0,0,5,0,0,0,0,0,0,0,[0|0],0,0,0,0,0,0,0,0,0,0,0,1,1,0,0,0,0,0,0,0,0,0,0,0,0,-1,-1,-1,-1,-1,-1,-1,-1,1,0,0,0,0,0,0,0,0,0,0,1,0,2,0,0,0,600,60,1,0,0,0,0,1,0,0,-1,0,-1,-1,-1,0,0,0,0,0,0,0,0,0,0,0,0,0,0,0,0,0,0,[0|0],0,[0|0|0|0|0|0|0|0],侍奉死亡的人物施展的魔法。\n\n能召唤穷追不舍的怨魂群。\n借由蓄力能强化威力。\n\n此为死术师哥瑞斯\n使之重见天日的古老死亡咒术。
5001,古老死亡怨魂,1,0,[0|0|0],-1,-1,0,0,-1,0,-1,260010,-1,-1,0,-1,0,6049,0,-1,-1,-1,99,0,0,5,0,0,0,0,0,0,0,[0|0],0,0,0,0,0,0,0,0,0,0,0,1,1,0,0,0,0,0,0,0,0,0,0,0,0,-1,-1,-1,-1,-1,-1,-1,-1,1,0,0,0,0,0,0,0,0,0,0,1,0,2,0,0,0,600,60,1,0,0,0,0,2,0,0,-1,0,-1,-1,-1,0,0,0,0,0,0,0,0,0,0,0,0,0,0,0,0,0,0,[0|0],0,[0|0|0|0|0|0|0|0],侍奉死亡的人物施展的魔法。\n\n能召唤大量穷追不舍的怨魂群。\n借由蓄力能强化威力。\n\n据说是死之鸟从灵火掏出的古老死亡余烬。
5010,迸发灵火,1,0,[0|0|0],-1,-1,0,0,-1,0,-1,260020,-1,-1,0,-1,0,6053,0,-1,-1,-1,99,0,0,5,0,0,0,0,0,0,0,[0|0],0,0,0,0,0,0,0,0,0,0,0,1,1,0,0,0,0,0,0,0,0,0,0,0,0,-1,-1,-1,-1,-1,-1,-1,-1,1,0,0,0,0,0,0,0,0,0,0,1,0,2,0,0,0,600,60,1,0,0,0,0,2,0,0,-1,0,-1,-1,-1,0,0,0,0,0,0,0,0,0,0,0,0,0,0,0,0,0,0,[0|0],0,[0|0|0|0|0|0|0|0],侍奉死亡的人物施展的魔法。\n\n能将手杖刺入地面，引发灵火爆炸，\n大范围燃烧四周。\n\n在黄金树尚未出现的时候，死亡会受灵火洗礼。\n死之鸟是灵火的看守者。
5020,菲雅烟雾,1,0,[0|0|0],-1,-1,0,0,-1,0,-1,260030,-1,-1,0,-1,0,6054,0,-1,-1,-1,99,0,0,17,0,0,0,0,0,0,0,[0|0],0,0,0,0,0,0,0,0,0,0,0,1,1,0,0,0,0,0,0,0,0,0,0,0,0,-1,-1,-1,-1,-1,-1,-1,-1,1,0,0,0,0,0,0,0,0,0,0,1,0,2,0,0,0,600,60,1,0,0,0,0,2,0,0,-1,0,-1,-1,-1,0,0,0,0,0,0,0,0,0,0,0,0,0,0,0,0,0,0,[0|0],0,[0|0|0|0|0|0|0|0],“死眠少女”菲雅的魔法。\n\n能朝前方形成死亡烟雾。\n烟雾具有引发异常状态死亡的效果。\n可以走动施展，借由蓄力能扩大烟雾的范围。\n\n用来对付圆桌厅堂的魔法，\n只对褪色者有效果。
5030,提比亚的唤声,1,0,[0|0|0],-1,-1,0,0,-1,0,-1,260040,-1,-1,0,-1,0,6099,0,-1,-1,-1,99,0,0,5,0,0,0,0,0,0,0,[0|0],0,0,0,0,0,0,0,0,0,0,0,1,1,0,0,0,0,0,0,0,0,0,0,0,0,-1,-1,-1,-1,-1,-1,-1,-1,1,0,0,0,0,0,0,0,0,0,0,1,0,2,0,0,0,600,60,1,0,0,0,0,2,0,0,-1,0,-1,-1,-1,0,0,0,0,0,0,0,0,0,0,0,0,0,0,0,0,0,0,[0|0],0,[0|0|0|0|0|0|0|0],侍奉死亡的人物施展的魔法。\n\n能召唤因死迷途的人群。\n施展后３位迷途者会在远方现身，\n攻击敌人后会消失。\n\n自古以来，死者皆是迷途羔羊，\n因此需要有人挺身引导。
5040,死亡雷击,1,0,[0|0|0],-1,-1,0,0,-1,0,-1,305080,-1,-1,0,-1,0,6104,0,-1,-1,-1,99,0,0,16,0,0,0,0,0,0,0,[0|0],0,0,0,0,0,0,0,0,0,0,0,1,1,0,0,0,0,0,0,0,0,0,0,0,0,-1,-1,-1,-1,-1,-1,-1,-1,1,0,0,0,0,0,0,0,0,0,0,1,0,2,0,0,0,600,30,1,0,0,0,0,3,0,0,-1,0,-1,-1,-1,0,0,0,0,0,0,0,0,0,0,0,0,0,0,0,0,0,0,[0|0],0,[0|0|0|0|0|0|0|0],使用古龙弗尔桑克斯\n受到死亡侵蚀后的力量的祷告。\n\n能在周围降下剧烈的死亡落雷。\n雷电具有引发异常状态死亡的效果。\n借由蓄力能延长降下落雷的时间。\n\n据说是与古龙化敌为友的葛德文\n挥舞过的黄金雷电。
5100,神谕泡泡,0,0,[0|0|0],-1,-1,0,0,-1,0,-1,258000,-1,-1,0,-1,0,6607,0,-1,-1,-1,99,0,0,5,0,0,0,0,0,0,0,[0|0],0,0,0,0,0,0,0,0,0,0,0,1,1,0,0,0,0,0,0,0,0,0,0,0,0,-1,-1,-1,-1,-1,-1,-1,-1,1,0,0,0,0,0,0,0,0,0,0,1,0,2,0,0,0,600,50,1,0,0,0,0,1,0,0,-1,0,-1,-1,-1,0,0,0,0,0,0,0,0,0,0,0,0,0,0,0,0,0,0,[0|0],0,[0|0|0|0|0|0|0|0],古王朝的神官──泥人们的魔法。\n\n能释放数个小型的魔力泡泡。\n泡泡会缓慢飞去，最后破裂。\n借由蓄力能延长泡泡的维持时间。\n\n泥人们试图从泡泡中找寻失落的神谕。
5110,神谕大泡泡,1,0,[0|0|0],-1,-1,0,0,-1,0,-1,258010,-1,-1,0,-1,0,6608,0,-1,-1,-1,99,0,0,5,0,0,0,0,0,0,0,[0|0],0,0,0,0,0,0,0,0,0,0,0,1,1,0,0,0,0,0,0,0,0,0,0,0,0,-1,-1,-1,-1,-1,-1,-1,-1,1,0,0,0,0,0,0,0,0,0,0,1,0,2,0,0,0,600,50,1,0,0,0,0,1,0,0,-1,0,-1,-1,-1,0,0,0,0,0,0,0,0,0,0,0,0,0,0,0,0,0,0,[0|0],0,[0|0|0|0|0|0|0|0],古王朝的神官──泥人们的魔法。\n\n能释放一个大型的魔力泡泡。\n泡泡会缓慢飞去，最后破裂。\n借由蓄力能延长泡泡的维持时间。\n\n泥人们试图从泡泡中找寻失落的神谕。
6000,燃火,0,0,[0|0|0],-1,-1,0,0,-1,0,-1,306000,-1,-1,0,-1,0,6200,0,-1,-1,-1,99,0,0,16,0,0,0,0,0,0,0,[0|0],0,0,0,0,0,0,0,0,0,0,0,1,1,0,0,0,0,0,0,0,0,0,0,0,0,-1,-1,-1,-1,-1,-1,-1,-1,1,0,0,0,0,0,0,0,0,0,0,1,0,2,0,0,0,600,40,1,0,0,0,0,1,0,0,-1,0,-1,-1,-1,0,0,0,0,0,0,0,0,0,0,0,0,0,0,0,0,0,0,[0|0],0,[0|0|0|0|0|0|0|0],源自不祥预言的祷告。\n\n能从手中引发瞬间燃烧的火焰。\n可以接在其他动作后，立刻衔接使用。\n\n灰灭火焰是黄金树的禁忌──\n信奉黄金树的预言家却窥见了那火焰，\n于是被逐出故乡。
6001,火焰啊！,1,0,[0|0|0],-1,-1,0,0,-1,0,-1,306010,-1,-1,0,-1,0,6201,0,-1,-1,-1,99,0,0,16,0,0,0,0,0,0,0,[0|0],0,0,0,0,0,0,0,0,0,0,0,1,1,0,0,0,0,0,0,0,0,0,0,0,0,-1,-1,-1,-1,-1,-1,-1,-1,1,0,0,0,0,0,0,0,0,0,0,1,0,2,0,0,0,600,40,1,0,0,0,0,1,0,0,-1,0,-1,-1,-1,0,0,0,0,0,0,0,0,0,0,0,0,0,0,0,0,0,0,[0|0],0,[0|0|0|0|0|0|0|0],火焰习武修士们的其中一种祷告。\n\n能从手中引发瞬间剧烈燃烧的火焰。\n借由蓄力能强化威力。\n\n在遥远的北方山顶，巨人火焰如今仍在熏烧。\n习武修士们是巨人火焰的监视者。
6010,投火,0,0,[0|0|0],-1,-1,0,0,-1,0,-1,306020,-1,-1,0,-1,0,6202,0,-1,-1,-1,99,0,0,16,0,0,0,0,0,0,0,[0|0],0,0,0,0,0,0,0,0,0,0,0,1,1,0,0,0,0,0,0,0,0,0,0,0,0,-1,-1,-1,-1,-1,-1,-1,-1,1,0,0,0,0,0,0,0,0,0,0,1,0,2,0,0,0,600,40,1,0,0,0,0,1,0,0,-1,0,-1,-1,-1,0,0,0,0,0,0,0,0,0,0,0,0,0,0,0,0,0,0,[0|0],0,[0|0|0|0|0|0|0|0],源自不祥预言的祷告。\n\n能丢掷燃烧的火焰球。\n借由蓄力能强化威力，并追加爆炸效果。\n\n灰灭火焰是黄金树的禁忌──\n信奉黄金树的预言家却窥见了那火焰，\n于是被逐出故乡。
6020,火焰啊，倾注吧,1,0,[0|0|0],-1,-1,0,0,-1,0,-1,306040,-1,-1,0,-1,0,6206,0,-1,-1,-1,99,0,0,16,0,0,0,0,0,0,0,[0|0],0,0,0,0,0,0,0,0,0,0,0,1,1,0,0,0,0,0,0,0,0,0,0,0,0,-1,-1,-1,-1,-1,-1,-1,-1,1,0,0,0,0,0,0,0,0,0,0,1,0,2,0,0,0,600,40,1,0,0,0,0,2,0,0,-1,0,-1,-1,-1,0,0,0,0,0,0,0,0,0,0,0,0,0,0,0,0,0,0,[0|0],0,[0|0|0|0|0|0|0|0],直接展现火焰巨人力量的其中一种祷告。\n\n能一口气丢掷多颗火焰球。\n借由蓄力能强化威力，并追加爆炸效果。\n\n一般的祷告书不会记载此祷告，\n只有极少部分的主教知道它的存在。
6030,火焰啊，缠绕吧,1,0,[0|0|0],-1,-1,0,0,-1,0,-1,306070,-1,-1,0,-1,0,6209,0,-1,-1,-1,99,0,0,16,0,0,0,0,0,0,0,[0|0],0,0,0,0,0,0,0,0,0,0,0,1,1,0,0,0,0,0,0,0,0,0,0,0,0,-1,-1,-1,-1,-1,-1,-1,-1,1,0,0,0,0,0,0,0,0,0,0,1,0,2,0,0,0,600,40,1,0,0,0,0,1,0,0,-1,0,-1,-1,-1,0,0,0,0,0,0,0,0,0,0,0,0,0,0,0,0,0,0,[0|0],0,[0|0|0|0|0|0|0|0],火焰习武修士们的其中一种祷告。\n属于高阶祷告。\n\n能朝前方横扫持续喷出、漩涡状燃烧的火焰。\n借由蓄力能强化威力，并扩大燃烧范围。\n\n火焰会吸引注视它的人──\n因此火焰监视者，也是火焰的信徒。
6040,火焰的疗愈啊,1,0,[0|0|0],-1,-1,0,0,-1,0,-1,306090,-1,-1,0,-1,0,6303,0,-1,-1,-1,99,0,0,18,0,0,0,0,0,0,0,[0|0],0,0,0,0,0,0,0,0,0,0,0,1,1,0,0,0,0,0,0,0,0,0,0,0,0,-1,-1,-1,-1,-1,-1,-1,-1,1,0,0,0,0,0,0,0,0,0,0,1,0,2,0,0,0,600,40,1,0,0,0,0,1,0,0,-1,0,-1,-1,-1,0,0,0,0,0,0,0,0,0,0,0,0,0,0,0,0,0,0,[0|0],0,[0|0|0|0|0|0|0|0],火焰习武修士们的其中一种祷告。\n\n在自身体内燃起火焰，燃烧病原。\n能减轻中毒、猩红腐败量表的累积，\n治愈上述异常状态。\n\n此祷告会些微燃烧执行者本身，\n仿佛是希望人们牢记火焰的恐怖。
6050,火焰啊，赐予我力量！,1,0,[0|0|0],-1,-1,0,0,-1,0,-1,306110,-1,-1,0,-1,0,6308,0,-1,-1,-1,99,0,0,18,0,0,0,0,0,0,0,[0|0],0,0,0,0,0,0,0,0,0,0,0,1,1,0,0,0,0,0,0,0,0,0,0,0,0,-1,-1,-1,-1,-1,-1,-1,-1,1,0,0,0,0,0,0,0,0,0,0,1,0,2,0,0,0,600,40,1,0,0,0,0,1,0,0,-1,0,-1,-1,-1,0,0,0,0,0,0,0,0,0,0,0,0,0,0,0,0,0,0,[0|0],0,[0|0|0|0|0|0|0|0],火焰习武修士们的其中一种祷告。\n属于高阶祷告。\n\n在自身体内燃起火焰，化为力量。\n能提升物理攻击力与火属性攻击力。\n\n此祷告不会燃烧执行者本身，\n因此被列为监视者们的禁术。
6060,火焰的庇佑啊,1,0,[0|0|0],-1,-1,0,0,-1,0,-1,306100,-1,-1,0,-1,0,6309,0,-1,-1,-1,99,0,0,18,0,0,0,0,0,0,0,[0|0],0,0,0,0,0,0,0,0,0,0,0,1,1,0,0,0,0,0,0,0,0,0,0,0,0,-1,-1,-1,-1,-1,-1,-1,-1,1,0,0,0,0,0,0,0,0,0,0,1,0,2,0,0,0,600,40,1,0,0,0,0,1,0,0,-1,0,-1,-1,-1,0,0,0,0,0,0,0,0,0,0,0,0,0,0,0,0,0,0,[0|0],0,[0|0|0|0|0|0|0|0],火焰习武修士们的其中一种祷告。\n最为古老的祷告。\n\n能在自身体内燃起火焰，\n大幅提升火属性减伤率。\n\n据说此祷告曾在过去的巨人战争使用，\n保护黄金树的众英雄。
6100,感受巨人火焰吧,1,0,[0|0|0],-1,-1,0,0,-1,0,-1,306030,-1,-1,0,-1,0,6204,0,-1,-1,-1,99,0,0,16,0,0,0,0,0,0,0,[0|0],0,0,0,0,0,0,0,0,0,0,0,1,1,0,0,0,0,0,0,0,0,0,0,0,0,-1,-1,-1,-1,-1,-1,-1,-1,1,0,0,0,0,0,0,0,0,0,0,1,0,2,0,0,0,600,40,1,0,0,0,0,2,0,0,-1,0,-1,-1,-1,0,0,0,0,0,0,0,0,0,0,0,0,0,0,0,0,0,0,[0|0],0,[0|0|0|0|0|0|0|0],直接展现火焰巨人力量的其中一种祷告。\n\n能丢掷燃烧的巨大火焰球。\n借由蓄力能强化威力，并追加爆炸效果。\n\n一般的祷告书不会记载此祷告，\n只有极少部分的主教知道它的存在。
6110,恶神火焰,1,0,[0|0|0],-1,-1,0,0,-1,0,-1,306050,-1,-1,0,-1,0,6207,0,-1,16,-1,99,0,0,16,0,0,0,0,0,0,0,[0|0],0,0,0,0,0,0,0,0,0,0,0,1,1,0,0,0,0,0,0,0,0,0,0,0,0,-1,-1,-1,-1,-1,-1,-1,-1,1,0,0,0,0,0,0,0,0,0,0,1,0,2,0,0,0,600,40,1,0,0,0,0,3,0,0,-1,0,-1,-1,-1,0,0,0,0,0,0,0,0,0,0,0,0,0,0,0,0,0,0,[0|0],0,[0|0|0|0|0|0|0|0],直接展现火焰巨人力量的其中一种祷告。\n“传说中的祷告”之一。\n\n能丢掷据说有恶神寄宿其中，\n熊熊燃烧的火焰球。\n火焰球会缓慢朝目标飞去，\n引发爆炸之后，燃烧四周。\n\n此为亚当盗走的祷告，\n是“监视者之首”亚冈提隐瞒的秘密。\n据说恶神至今仍存在火焰巨人的体内。
6120,火焰啊，吞噬一切！,1,0,[0|0|0],-1,-1,0,0,-1,0,-1,306080,-1,-1,0,-1,0,6211,0,-1,-1,-1,99,0,0,16,0,0,0,0,0,0,0,[0|0],0,0,0,0,0,0,0,0,0,0,0,1,1,0,0,0,0,0,0,0,0,0,0,0,0,-1,-1,-1,-1,-1,-1,-1,-1,1,0,0,0,0,0,0,0,0,0,0,1,0,2,0,0,0,600,40,1,0,0,0,0,3,0,0,-1,0,-1,-1,-1,0,0,0,0,0,0,0,0,0,0,0,0,0,0,0,0,0,0,[0|0],0,[0|0|0|0|0|0|0|0],直接展现火焰巨人力量的其中一种祷告。\n\n能在自身周围燃起接连形成的火焰柱。\n借由蓄力能增加火焰柱的数量。\n\n火焰巨人借助恶神的力量，但依然败北──\n随后化为火焰的永恒看守者，得以续命，\n也迎来孤独诅咒的终点。
6210,黑焰,1,0,[0|0|0],-1,-1,0,0,-1,0,-1,307000,-1,-1,0,-1,0,6203,0,-1,-1,-1,99,0,0,16,0,0,0,0,0,0,0,[0|0],0,0,0,0,0,0,0,0,0,0,0,1,1,0,0,0,0,0,0,0,0,0,0,0,0,-1,-1,-1,-1,-1,-1,-1,-1,1,0,0,0,0,0,0,0,0,0,0,1,0,2,0,0,0,600,50,1,0,0,0,0,1,0,0,-1,0,-1,-1,-1,0,0,0,0,0,0,0,0,0,0,0,0,0,0,0,0,0,0,[0|0],0,[0|0|0|0|0|0|0|0],神皮使徒们的其中一种黑焰祷告。\n\n能丢掷燃烧的黑焰球。\n借由蓄力能强化威力，并追加爆炸效果。\n\n黑焰是沉重的火焰。\n在给予敌人伤害后，极短的时间内，\n能些微、持续减少血量。
6220,火焰啊，喷发吧,1,0,[0|0|0],-1,-1,0,0,-1,0,-1,306060,-1,-1,0,-1,0,6208,0,-1,-1,-1,99,0,0,16,0,0,0,0,0,0,0,[0|0],0,0,0,0,0,0,0,0,0,0,0,1,1,0,0,0,0,0,0,0,0,0,0,0,0,-1,-1,-1,-1,-1,-1,-1,-1,1,0,0,0,0,0,0,0,0,0,0,1,0,2,0,0,0,600,40,1,0,0,0,0,1,0,0,-1,0,-1,-1,-1,0,0,0,0,0,0,0,0,0,0,0,0,0,0,0,0,0,0,[0|0],0,[0|0|0|0|0|0|0|0],火焰习武修士们的其中一种祷告。\n属于高阶祷告。\n\n能朝前方喷出持续并剧烈燃烧的火焰。\n可以走动执行，持续执行能继续喷火。\n\n巨人火焰是燃烧黄金树的灰灭火焰。\n因此在巨人战争后，火焰受到封印，\n诸位监视者随之诞生。
6230,横扫黑焰,1,0,[0|0|0],-1,-1,0,0,-1,0,-1,307010,-1,-1,0,-1,0,6210,0,-1,-1,-1,99,0,0,16,0,0,0,0,0,0,0,[0|0],0,0,0,0,0,0,0,0,0,0,0,1,1,0,0,0,0,0,0,0,0,0,0,0,0,-1,-1,-1,-1,-1,-1,-1,-1,1,0,0,0,0,0,0,0,0,0,0,1,0,2,0,0,0,600,50,1,0,0,0,0,1,0,0,-1,0,-1,-1,-1,0,0,0,0,0,0,0,0,0,0,0,0,0,0,0,0,0,0,[0|0],0,[0|0|0|0|0|0|0|0],神皮使徒们的其中一种黑焰祷告。\n\n能朝前方大幅度横扫黑焰。\n借由蓄力能扩大横扫的范围。\n\n黑焰是狩猎神祇的火焰。\n然而在玛利喀斯封印了命定之死，\n黑焰便失去了狩猎神祇的力量。
6240,黑焰仪式,1,0,[0|0|0],-1,-1,0,0,-1,0,-1,307020,-1,-1,0,-1,0,6214,0,-1,-1,-1,99,0,0,16,0,0,0,0,0,0,0,[0|0],0,0,0,0,0,0,0,0,0,0,0,1,1,0,0,0,0,0,0,0,0,0,0,0,0,-1,-1,-1,-1,-1,-1,-1,-1,1,0,0,0,0,0,0,0,0,0,0,1,0,2,0,0,0,600,50,1,0,0,0,0,2,0,0,-1,0,-1,-1,-1,0,0,0,0,0,0,0,0,0,0,0,0,0,0,0,0,0,0,[0|0],0,[0|0|0|0|0|0|0|0],神皮使徒们的其中一种黑焰祷告。\n属于高阶祷告。\n\n能在自身周围燃起环绕的黑焰柱。\n借由蓄力能扩大火柱环绕的范围。\n\n宵色眼眸的女王率领使徒们，\n据说她是指头选出的神人。
6250,黑焰刀刃,1,0,[0|0|0],-1,-1,0,0,-1,0,-1,307030,-1,-1,0,-1,0,6306,0,-1,-1,-1,99,0,0,18,0,0,0,0,0,0,0,[0|0],0,0,0,0,0,0,0,0,0,0,0,1,1,0,0,0,0,0,0,0,0,0,0,0,0,-1,-1,-1,-1,-1,-1,-1,-1,1,0,0,0,0,0,0,0,0,0,0,1,0,2,0,0,0,600,50,1,0,0,0,0,1,0,0,-1,0,-1,-1,-1,0,0,0,0,0,0,0,0,0,0,0,0,0,0,0,0,0,0,[0|0],0,[0|0|0|0|0|0|0|0],神皮使徒们的其中一种黑焰祷告。\n\n能在右手武器缠绕黑焰。\n可以接在其他动作后，立刻衔接使用。\n\n黑焰是沉重的火焰。\n在给予敌人伤害后，极短的时间内，\n能些微、持续减少血量。
6260,黑焰庇佑,1,0,[0|0|0],-1,-1,0,0,-1,0,-1,307040,-1,-1,0,-1,0,6310,0,-1,-1,-1,99,0,0,18,0,0,0,0,0,0,0,[0|0],0,0,0,0,0,0,0,0,0,0,0,1,1,0,0,0,0,0,0,0,0,0,0,0,0,-1,-1,-1,-1,-1,-1,-1,-1,1,0,0,0,0,0,0,0,0,0,0,1,0,2,0,0,0,600,50,1,0,0,0,0,1,0,0,-1,0,-1,-1,-1,0,0,0,0,0,0,0,0,0,0,0,0,0,0,0,0,0,0,[0|0],0,[0|0|0|0|0|0|0|0],神皮使徒们的其中一种黑焰祷告。\n\n能在自身体内燃起黑焰，提升物理减伤率。\n但会减少各种手段的血量恢复量。\n\n所有的使徒皆受到宵色眼眸女王拥抱，\n让黑焰成为他们内在的盔甲。
6270,贵族气场,1,0,[0|0|0],-1,-1,0,0,-1,0,-1,307050,-1,-1,0,-1,0,6055,0,-1,-1,-1,99,0,0,16,0,0,0,0,0,0,0,[0|0],0,0,0,0,0,0,0,0,0,0,0,1,1,0,0,0,0,0,0,0,0,0,0,0,0,-1,-1,-1,-1,-1,-1,-1,-1,1,0,0,0,0,0,0,0,0,0,0,1,0,2,0,0,0,600,50,1,0,0,0,0,1,0,0,-1,0,-1,-1,-1,0,0,0,0,0,0,0,0,0,0,0,0,0,0,0,0,0,0,[0|0],0,[0|0|0|0|0|0|0|0],神皮贵族展现的古老力量。\n\n能大幅度突出腹部，\n形成弹飞周围人物的冲击波。\n借由蓄力能强化威力，打飞敌人。\n\n在过去，这代表着神祇之怒，\n但后来化为贵族狩猎神祇的荣耀象征之一。
6300,血焰爪痕,1,0,[0|0|0],-1,-1,0,0,-1,0,-1,309010,-1,-1,0,-1,0,6056,0,-1,-1,-1,99,0,0,16,0,0,0,0,0,0,0,[0|0],0,0,0,0,0,0,0,0,0,0,0,1,1,0,0,0,0,0,0,0,0,0,0,0,0,-1,-1,-1,-1,-1,-1,-1,-1,1,0,0,0,0,0,0,0,0,0,0,1,0,2,0,0,0,600,60,1,0,0,0,0,1,0,0,-1,0,-1,-1,-1,0,0,0,0,0,0,0,0,0,0,0,0,0,0,0,0,0,0,[0|0],0,[0|0|0|0|0|0|0|0],鲜血君王分享的力量，其中一种血盟祷告。\n\n能朝前方形成血焰爪痕，随后引发爆炸。\n可以连续执行。\n\n血焰在给予敌人伤害后，极短的时间内，\n能些微累积出血量表。
6310,授血,1,0,[0|0|0],-1,-1,0,0,-1,0,-1,309020,-1,-1,0,-1,0,6254,0,-1,-1,-1,99,0,0,16,0,0,0,0,0,0,0,[0|0],0,0,0,0,0,0,0,0,0,0,0,1,1,0,0,0,0,0,0,0,0,0,0,0,0,-1,-1,-1,-1,-1,-1,-1,-1,1,0,0,0,0,0,0,0,0,0,0,1,0,2,0,0,0,600,60,1,0,0,0,0,3,0,0,-1,0,-1,-1,-1,0,0,0,0,0,0,0,0,0,0,0,0,0,0,0,0,0,0,[0|0],0,[0|0|0|0|0|0|0|0],“鲜血君王”蒙格的神圣祷告。\n\n将手伸进无形之母体内，\n再朝前方喷洒母亲的血焰，引发燃烧。\n可以走动执行。\n\n在地底深处见到渴望伤口的真实之母时，\n蒙格的诅咒之血化成了火焰──\n从那之后，他深爱着与生俱来的玷污特质。
6320,血焰刀刃,1,0,[0|0|0],-1,-1,0,0,-1,0,-1,309030,-1,-1,0,-1,0,6307,0,-1,-1,-1,99,0,0,18,0,0,0,0,0,0,0,[0|0],0,0,0,0,0,0,0,0,0,0,0,1,1,0,0,0,0,0,0,0,0,0,0,0,0,-1,-1,-1,-1,-1,-1,-1,-1,1,0,0,0,0,0,0,0,0,0,0,1,0,2,0,0,0,600,60,1,0,0,0,0,1,0,0,-1,0,-1,-1,-1,0,0,0,0,0,0,0,0,0,0,0,0,0,0,0,0,0,0,[0|0],0,[0|0|0|0|0|0|0|0],鲜血君王分享的力量，其中一种血盟祷告。\n\n能在右手武器缠绕血焰。\n可以走动执行。\n\n血焰在给予敌人伤害后，极短的时间内，\n能些微累积出血量表。
6330,黄金魔力防护,1,0,[0|0|0],-1,-1,0,0,-1,0,-1,302010,-1,-1,0,-1,0,6311,0,-1,-1,-1,99,0,0,18,0,0,0,0,0,0,0,[0|0],0,0,0,0,0,0,0,0,0,0,0,1,1,0,0,0,0,0,0,0,0,0,0,0,0,-1,-1,-1,-1,-1,-1,-1,-1,1,0,0,0,0,0,0,0,0,0,0,1,0,2,0,0,0,600,20,1,0,0,0,0,1,0,0,-1,0,-1,-1,-1,0,0,0,0,0,0,0,0,0,0,0,0,0,0,0,0,0,0,[0|0],0,[0|0|0|0|0|0|0|0],黄金树信仰的其中一种祷告。\n\n能包含周围我方人物，大幅提升魔力属性减伤率。\n持续执行的期间能维持祷告状态，不会生效。\n\n在“红发”拉达冈成为英雄的契机──\n那总共爆发两次的利耶尼亚战争中，\n据说黄金树的众英雄执行过此祷告。
6340,黄金树庇佑,1,0,[0|0|0],-1,-1,0,0,-1,0,-1,302030,-1,-1,0,-1,0,6255,0,-1,-1,-1,99,0,0,18,0,0,0,0,0,0,0,[0|0],0,0,0,0,0,0,0,0,0,0,0,1,1,0,0,0,0,0,0,0,0,0,0,0,0,-1,-1,-1,-1,-1,-1,-1,-1,1,0,0,0,0,0,0,0,0,0,0,1,0,2,0,0,0,600,20,1,0,0,0,0,2,0,0,-1,0,-1,-1,-1,0,0,0,0,0,0,0,0,0,0,0,0,0,0,0,0,0,0,[0|0],0,[0|0|0|0|0|0|0|0],黄金树信仰的其中一种祷告。\n属于最高阶的祷告。\n\n能包含周围我方人物，提升所有属性的减伤率，\n但不包含物理减伤率。\n持续执行的期间能维持祷告状态，不会生效。\n\n在最一开始，黄金树与所有势力为敌。\n历经无数次的战争，赢得胜利后，成为了律法。
6400,拒绝,0,0,[0|0|0],-1,-1,0,0,-1,0,-1,300110,-1,-1,0,-1,0,6250,0,-1,-1,-1,99,0,0,16,0,0,0,0,0,0,0,[0|0],0,0,0,0,0,0,0,0,0,0,0,1,1,0,0,0,0,0,0,0,0,0,0,0,0,-1,-1,-1,-1,-1,-1,-1,-1,1,0,0,0,0,0,0,0,0,0,0,1,0,2,0,0,0,600,10,1,0,0,0,0,1,0,0,-1,0,-1,-1,-1,0,0,0,0,0,0,0,0,0,0,0,0,0,0,0,0,0,0,[0|0],0,[0|0|0|0|0|0|0|0],双指信徒们的祷告。\n\n能形成弹飞周围人物的冲击波。\n借由蓄力能增加冲击波的幅度。\n\n　褪色者啊，既然全然信任指引，\n　就请您拒绝其他一切事物。
6410,黄金之怒,1,0,[0|0|0],-1,-1,0,0,-1,0,-1,302040,-1,-1,0,-1,0,6251,0,-1,-1,-1,99,0,0,16,0,0,0,0,0,0,0,[0|0],0,0,0,0,0,0,0,0,0,0,0,1,1,0,0,0,0,0,0,0,0,0,0,0,0,-1,-1,-1,-1,-1,-1,-1,-1,1,0,0,0,0,0,0,0,0,0,0,1,0,2,0,0,0,600,20,1,0,0,0,0,2,0,0,-1,0,-1,-1,-1,0,0,0,0,0,0,0,0,0,0,0,0,0,0,0,0,0,0,[0|0],0,[0|0|0|0|0|0|0|0],黄金树信仰的其中一种祷告。\n属于高阶祷告。\n\n能形成弹飞周围人物的黄金冲击波。\n借由蓄力能增加冲击波的幅度。\n\n在艾尔登法环破碎之际发现的祷告。\n人们深信这代表着黄金树之怒。
6420,紧急恢复,0,0,[0|0|0],-1,-1,0,0,-1,0,-1,300000,-1,-1,0,-1,0,6300,0,-1,-1,-1,99,0,0,18,0,0,0,0,0,0,0,[0|0],0,0,0,0,0,0,0,0,0,0,0,1,1,0,0,0,0,0,0,0,0,0,0,0,0,-1,-1,-1,-1,-1,-1,-1,-1,1,0,0,0,0,0,0,0,0,0,0,1,0,2,0,0,0,600,10,1,0,0,0,0,1,0,0,-1,0,-1,-1,-1,0,0,0,0,0,0,0,0,0,0,0,0,0,0,0,0,0,0,[0|0],0,[0|0|0|0|0|0|0|0],双指信徒们的祷告。\n\n能些微恢复血量。\n可以走动执行。\n\n即使受伤也不会倒下，\n会为了使命不停战斗──\n双指如此期望褪色者。
6421,恢复,0,0,[0|0|0],-1,-1,0,0,-1,0,-1,300010,-1,-1,0,-1,0,6301,0,-1,-1,-1,99,0,0,18,0,0,0,0,0,0,0,[0|0],0,0,0,0,0,0,0,0,0,0,0,1,1,0,0,0,0,0,0,0,0,0,0,0,0,-1,-1,-1,-1,-1,-1,-1,-1,1,0,0,0,0,0,0,0,0,0,0,1,0,2,0,0,0,600,10,1,0,0,0,0,1,0,0,-1,0,-1,-1,-1,0,0,0,0,0,0,0,0,0,0,0,0,0,0,0,0,0,0,[0|0],0,[0|0|0|0|0|0|0|0],双指信徒们的祷告。\n\n能包含周围我方人物，恢复血量。\n持续执行的期间能维持祷告状态，不会生效。\n\n即使受伤也不会倒下，\n会为了使命不停战斗──\n双指如此期望褪色者。
6422,大恢复,1,0,[0|0|0],-1,-1,0,0,-1,0,-1,300020,-1,-1,0,-1,0,6505,0,-1,-1,-1,99,0,0,18,0,0,0,0,0,0,0,[0|0],0,0,0,0,0,0,0,0,0,0,0,1,1,0,0,0,0,0,0,0,0,0,0,0,0,-1,-1,-1,-1,-1,-1,-1,-1,1,0,0,0,0,0,0,0,0,0,0,1,0,2,0,0,0,600,10,1,0,0,0,0,1,0,0,-1,0,-1,-1,-1,0,0,0,0,0,0,0,0,0,0,0,0,0,0,0,0,0,0,[0|0],0,[0|0|0|0|0|0|0|0],双指信徒们的祷告。\n属于高阶祷告。\n\n能包含周围我方人物，大幅恢复血量。\n持续执行的期间能维持祷告状态，不会生效。\n\n即使受伤也不会倒下，\n会为了使命不停战斗──\n双指如此期望褪色者。
6423,王之恢复,1,0,[0|0|0],-1,-1,0,0,-1,0,-1,300030,-1,-1,0,-1,0,6506,0,-1,-1,-1,99,0,0,18,0,0,0,0,0,0,0,[0|0],0,0,0,0,0,0,0,0,0,0,0,1,1,0,0,0,0,0,0,0,0,0,0,0,0,-1,-1,-1,-1,-1,-1,-1,-1,1,0,0,0,0,0,0,0,0,0,0,1,0,2,0,0,0,600,10,1,0,0,0,0,2,0,0,-1,0,-1,-1,-1,0,0,0,0,0,0,0,0,0,0,0,0,0,0,0,0,0,0,[0|0],0,[0|0|0|0|0|0|0|0],双指特别赐予\n具有为王器量的褪色者的祷告。\n\n能包含周围我方人物，极大幅恢复血量。\n持续执行的期间能维持祷告状态，不会生效。\n\n　褪色者啊，褪色者。\n　朝黄金树前进，觐见玛莉卡女王──\n　成为艾尔登之王吧。
6424,黄金树恢复,1,0,[0|0|0],-1,-1,0,0,-1,0,-1,303000,-1,-1,0,-1,0,6302,0,-1,-1,-1,99,0,0,18,0,0,0,0,0,0,0,[0|0],0,0,0,0,0,0,0,0,0,0,0,1,1,0,0,0,0,0,0,0,0,0,0,0,0,-1,-1,-1,-1,-1,-1,-1,-1,1,0,0,0,0,0,0,0,0,0,0,1,0,2,0,0,0,600,20,1,0,0,0,0,2,0,0,-1,0,-1,-1,-1,0,0,0,0,0,0,0,0,0,0,0,0,0,0,0,0,0,0,[0|0],0,[0|0|0|0|0|0|0|0],远古黄金树的其中一种祷告。\n\n能包含周围我方人物，巨幅恢复血量。\n持续执行的期间能维持祷告状态，不会生效。\n\n在过去，黄金树曾经丰饶富足，\n然而那风光转眼即逝──\n如同一般生命地短暂。
6430,恩惠赐福,1,0,[0|0|0],-1,-1,0,0,-1,0,-1,303010,-1,-1,0,-1,0,6304,0,-1,-1,-1,99,0,0,18,0,0,0,0,0,0,0,[0|0],0,0,0,0,0,0,0,0,0,0,0,1,1,0,0,0,0,0,0,0,0,0,0,0,0,-1,-1,-1,-1,-1,-1,-1,-1,1,0,0,0,0,0,0,0,0,0,0,1,0,2,0,0,0,600,20,1,0,0,0,0,1,0,0,-1,0,-1,-1,-1,0,0,0,0,0,0,0,0,0,0,0,0,0,0,0,0,0,0,[0|0],0,[0|0|0|0|0|0|0|0],远古黄金树的其中一种祷告。\n\n能包含周围我方人物，赐予恩惠赐福。\n具有缓慢恢复血量的效果。\n持续执行的期间能维持祷告状态，不会生效。\n\n在过去，黄金树曾滴落恩惠露滴──\n这可能是恩惠露滴残留的碎屑。
6431,黄金树恩惠,1,0,[0|0|0],-1,-1,0,0,-1,0,-1,303020,-1,-1,0,-1,0,6305,0,-1,-1,-1,99,0,0,18,0,0,0,0,0,0,0,[0|0],0,0,0,0,0,0,0,0,0,0,0,1,1,0,0,0,0,0,0,0,0,0,0,0,0,-1,-1,-1,-1,-1,-1,-1,-1,1,0,0,0,0,0,0,0,0,0,0,1,0,2,0,0,0,600,20,1,0,0,0,0,2,0,0,-1,0,-1,-1,-1,0,0,0,0,0,0,0,0,0,0,0,0,0,0,0,0,0,0,[0|0],0,[0|0|0|0|0|0|0|0],远古黄金树的其中一种祷告。\n\n能包含周围我方人物，赐予强大的恩惠赐福。\n具有缓慢、大幅恢复血量的效果。\n持续执行的期间能维持祷告状态，不会生效。\n\n在过去，黄金树曾经丰饶富足，\n然而那风光转眼即逝──\n如同一般生命地短暂。
6440,疗愈毒性,0,0,[0|0|0],-1,-1,0,0,-1,0,-1,300040,-1,-1,0,-1,0,6057,0,-1,-1,-1,99,0,0,18,0,0,0,0,0,0,0,[0|0],0,0,0,0,0,0,0,0,0,0,0,1,1,0,0,0,0,0,0,0,0,0,0,0,0,-1,-1,-1,-1,-1,-1,-1,-1,1,0,0,0,0,0,0,0,0,0,0,1,0,2,0,0,0,600,10,1,0,0,0,0,1,0,0,-1,0,-1,-1,-1,0,0,0,0,0,0,0,0,0,0,0,0,0,0,0,0,0,0,[0|0],0,[0|0|0|0|0|0|0|0],双指信徒们的祷告。\n\n能减轻中毒量表的累积，治愈中毒状态。\n可以走动执行。\n\n即使受伤也不会倒下，\n会为了使命不停战斗──\n双指如此期望褪色者。
6441,王之疗愈,1,0,[0|0|0],-1,-1,0,0,-1,0,-1,300050,-1,-1,0,-1,0,6058,0,-1,-1,-1,99,0,0,18,0,0,0,0,0,0,0,[0|0],0,0,0,0,0,0,0,0,0,0,0,1,1,0,0,0,0,0,0,0,0,0,0,0,0,-1,-1,-1,-1,-1,-1,-1,-1,1,0,0,0,0,0,0,0,0,0,0,1,0,2,0,0,0,600,10,1,0,0,0,0,2,0,0,-1,0,-1,-1,-1,0,0,0,0,0,0,0,0,0,0,0,0,0,0,0,0,0,0,[0|0],0,[0|0|0|0|0|0|0|0],双指特别赐予\n具有为王器量的褪色者的祷告。\n\n能包含周围我方人物，\n减轻中毒、出血、催眠量表的累积，\n并治愈异常状态中毒。\n\n持续执行的期间能维持祷告状态，不会生效。
6450,火防护,1,0,[0|0|0],-1,-1,0,0,-1,0,-1,300070,-1,-1,0,-1,0,6707,0,-1,-1,-1,99,0,0,18,0,0,0,0,0,0,0,[0|0],0,0,0,0,0,0,0,0,0,0,0,1,1,0,0,0,0,0,0,0,0,0,0,0,0,-1,-1,-1,-1,-1,-1,-1,-1,1,0,0,0,0,0,0,0,0,0,0,1,0,2,0,0,0,600,10,1,0,0,0,0,1,0,0,-1,0,-1,-1,-1,0,0,0,0,0,0,0,0,0,0,0,0,0,0,0,0,0,0,[0|0],0,[0|0|0|0|0|0|0|0],双指信徒们的祷告。\n\n能提升火属性减伤率。\n可以走动执行。\n\n在引导之路的前头，敌人无数──\n习武修士、魔法师、古龙骑士，甚至是黄金后裔。\n交界地不欢迎褪色者，要谨记在心。
6460,魔力防护,1,0,[0|0|0],-1,-1,0,0,-1,0,-1,300060,-1,-1,0,-1,0,6708,0,-1,-1,-1,99,0,0,18,0,0,0,0,0,0,0,[0|0],0,0,0,0,0,0,0,0,0,0,0,1,1,0,0,0,0,0,0,0,0,0,0,0,0,-1,-1,-1,-1,-1,-1,-1,-1,1,0,0,0,0,0,0,0,0,0,0,1,0,2,0,0,0,600,10,1,0,0,0,0,1,0,0,-1,0,-1,-1,-1,0,0,0,0,0,0,0,0,0,0,0,0,0,0,0,0,0,0,[0|0],0,[0|0|0|0|0|0|0|0],双指信徒们的祷告。\n\n能提升魔力属性减伤率。\n可以走动执行。\n\n在引导之路的前头，敌人无数──\n习武修士、魔法师、古龙骑士，甚至是黄金后裔。\n交界地不欢迎褪色者，要谨记在心。
6470,雷防护,1,0,[0|0|0],-1,-1,0,0,-1,0,-1,300080,-1,-1,0,-1,0,6709,0,-1,-1,-1,99,0,0,18,0,0,0,0,0,0,0,[0|0],0,0,0,0,0,0,0,0,0,0,0,1,1,0,0,0,0,0,0,0,0,0,0,0,0,-1,-1,-1,-1,-1,-1,-1,-1,1,0,0,0,0,0,0,0,0,0,0,1,0,2,0,0,0,600,10,1,0,0,0,0,1,0,0,-1,0,-1,-1,-1,0,0,0,0,0,0,0,0,0,0,0,0,0,0,0,0,0,0,[0|0],0,[0|0|0|0|0|0|0|0],双指信徒们的祷告。\n\n能提升雷属性减伤率。\n可以走动执行。\n\n在引导之路的前头，敌人无数──\n习武修士、魔法师、古龙骑士，甚至是黄金后裔。\n交界地不欢迎褪色者，要谨记在心。
6480,圣防护,1,0,[0|0|0],-1,-1,0,0,-1,0,-1,300090,-1,-1,0,-1,0,6710,0,-1,-1,-1,99,0,0,18,0,0,0,0,0,0,0,[0|0],0,0,0,0,0,0,0,0,0,0,0,1,1,0,0,0,0,0,0,0,0,0,0,0,0,-1,-1,-1,-1,-1,-1,-1,-1,1,0,0,0,0,0,0,0,0,0,0,1,0,2,0,0,0,600,10,1,0,0,0,0,1,0,0,-1,0,-1,-1,-1,0,0,0,0,0,0,0,0,0,0,0,0,0,0,0,0,0,0,[0|0],0,[0|0|0|0|0|0|0|0],双指信徒们的祷告。\n\n能提升圣属性减伤率。\n可以走动执行。\n\n在引导之路的前头，敌人无数──\n习武修士、魔法师、古龙骑士，甚至是黄金后裔。\n交界地不欢迎褪色者，要谨记在心。
6490,王之圣防护,1,0,[0|0|0],-1,-1,0,0,-1,0,-1,300100,-1,-1,0,-1,0,6711,0,-1,-1,-1,99,0,0,18,0,0,0,0,0,0,0,[0|0],0,0,0,0,0,0,0,0,0,0,0,1,1,0,0,0,0,0,0,0,0,0,0,0,0,-1,-1,-1,-1,-1,-1,-1,-1,1,0,0,0,0,0,0,0,0,0,0,1,0,2,0,0,0,600,10,1,0,0,0,0,2,0,0,-1,0,-1,-1,-1,0,0,0,0,0,0,0,0,0,0,0,0,0,0,0,0,0,0,[0|0],0,[0|0|0|0|0|0|0|0],双指赐予“百智爵士”基甸的祷告。\n\n能包含周围我方人物，大幅提升圣属性减伤率。\n持续执行的期间能维持祷告状态，不会生效。\n\n与双指的长时间对谈后，基甸彻底理解：\n从很久以前，所有的一切就已经毁坏了──\n包含那枯老干瘦、颤巍巍的指头，还有黄金树。
6500,黑夜女巫烟雾,1,0,[0|0|0],-1,-1,0,0,-1,0,-1,253025,-1,-1,0,-1,0,6253,0,-1,-1,-1,99,0,0,5,0,0,0,0,0,0,0,[0|0],0,0,0,0,0,0,0,0,0,0,0,1,1,0,0,0,0,0,0,0,0,0,0,0,0,-1,-1,-1,-1,-1,-1,-1,-1,1,0,0,0,0,0,0,0,0,0,0,1,0,2,0,0,0,600,30,1,0,0,0,0,1,0,0,-1,0,-1,-1,-1,0,0,0,0,0,0,0,0,0,0,0,0,0,0,0,0,0,0,[0|0],0,[0|0|0|0|0|0|0|0],魔法镇瑟利亚的其中一种黑夜魔法。\n\n能朝前方形成侵蚀生命的银色烟雾。\n包含施展者，给予触碰到烟雾的人物伤害。\n可以走动施展。\n\n瑟利亚的地底下沉睡着“永恒之城”诺克隆恩。\n据说此为该城女巫的魔法。
6510,刺客步法,1,0,[0|0|0],-1,-1,0,0,-1,0,-1,301020,-1,-1,0,-1,0,6312,0,-1,-1,-1,99,0,0,18,0,0,0,0,0,0,0,[0|0],0,0,0,0,0,0,0,0,0,0,0,1,1,0,0,0,0,0,0,0,0,0,0,0,0,-1,-1,-1,-1,-1,-1,-1,-1,1,0,0,0,0,0,0,0,0,0,0,1,0,2,0,0,0,600,10,1,0,0,0,0,1,0,0,-1,0,-1,-1,-1,0,0,0,0,0,0,0,0,0,0,0,0,0,0,0,0,0,0,[0|0],0,[0|0|0|0|0|0|0|0],过去作为圆桌厅堂的刺客，\n侍奉双指的人们执行的祷告。\n\n能完全消除执行者的脚步声，\n并降低落下损伤与落地声响。\n可以走动执行，在蹲下的状态也能执行。\n\n负责处理那些背离引导的褪色者，\n就是刺客的职责所在。
6520,诱敌幻影,1,0,[0|0|0],-1,-1,0,0,-1,0,-1,301000,-1,-1,0,-1,0,6313,0,-1,-1,-1,99,0,0,18,0,0,0,0,0,0,0,[0|0],0,0,0,0,0,0,0,0,0,0,0,1,1,0,0,0,0,0,0,0,0,0,0,0,0,-1,-1,-1,-1,-1,-1,-1,-1,1,0,0,0,0,0,0,0,0,0,0,1,0,2,0,0,0,600,10,1,0,0,0,0,1,0,0,-1,0,-1,-1,-1,0,0,0,0,0,0,0,0,0,0,0,0,0,0,0,0,0,0,[0|0],0,[0|0|0|0|0|0|0|0],过去作为圆桌厅堂的刺客，\n侍奉双指的人们执行的祷告。\n\n能朝前方放出淡金色的影子，\n吸引有着人类之身的敌人攻击。\n即使对方在战斗状态，也会有效。\n可以走动执行，在蹲下的状态也能执行。\n\n据说那影子会让人看到可恨的仇敌。
6530,黑暗,1,0,[0|0|0],-1,-1,0,0,-1,0,-1,301010,-1,-1,0,-1,0,6059,0,-1,-1,-1,99,0,0,18,0,0,0,0,0,0,0,[0|0],0,0,0,0,0,0,0,0,0,0,0,1,1,0,0,0,0,0,0,0,0,0,0,0,0,-1,-1,-1,-1,-1,-1,-1,-1,1,0,0,0,0,0,0,0,0,0,0,1,0,2,0,0,0,600,10,1,0,0,0,0,1,0,0,-1,0,-1,-1,-1,0,0,0,0,0,0,0,0,0,0,0,0,0,0,0,0,0,0,[0|0],0,[0|0|0|0|0|0|0|0],过去作为圆桌厅堂的刺客，\n侍奉双指的人们执行的祷告。\n\n能让黑暗覆盖四周，隐藏执行者的身影。\n可以走动执行，在蹲下的状态也能执行。\n\n刺客是看不见引导的褪色者。\n他们在没有赐福的黑暗中，寻求使命。
6600,黄金树立誓,1,0,[0|0|0],-1,-1,0,0,-1,0,-1,302000,-1,-1,0,-1,0,6504,0,-1,-1,-1,99,0,0,18,0,0,0,0,0,0,0,[0|0],0,0,0,0,0,0,0,0,0,0,0,1,1,0,0,0,0,0,0,0,0,0,0,0,0,-1,-1,-1,-1,-1,-1,-1,-1,1,0,0,0,0,0,0,0,0,0,0,1,0,2,0,0,0,600,20,1,0,0,0,0,1,0,0,-1,0,-1,-1,-1,0,0,0,0,0,0,0,0,0,0,0,0,0,0,0,0,0,0,[0|0],0,[0|0|0|0|0|0|0|0],黄金树信仰的其中一种祷告。\n\n能包含周围我方人物，提升攻击力与防御力。\n持续执行的期间能维持祷告状态，不会生效。\n\n王城众骑士传承而来，历史悠久的祷告。\n据说此祷告鼓舞了远征骑士们的士气。
6700,光环,1,0,[0|0|0],-1,-1,0,0,-1,0,-1,304000,-1,-1,0,-1,0,6252,0,-1,-1,-1,99,0,0,16,0,0,0,0,0,0,0,[0|0],0,0,0,0,0,0,0,0,0,0,0,1,1,0,0,0,0,0,0,0,0,0,0,0,0,-1,-1,-1,-1,-1,-1,-1,-1,1,0,0,0,0,0,0,0,0,0,0,1,0,2,0,0,0,600,20,1,0,0,0,0,1,0,0,-1,0,-1,-1,-1,0,0,0,0,0,0,0,0,0,0,0,0,0,0,0,0,0,0,[0|0],0,[0|0|0|0|0|0|0|0],黄金律法基本主义的其中一种祷告。\n\n能朝前方形成、释放黄金光环。\n光环会飞回执行者附近后再消失。\n可以连续执行。\n\n此为年幼的米凯拉赠予父亲拉达冈的祷告。
6701,化三光环,1,0,[0|0|0],-1,-1,0,0,-1,0,-1,304010,-1,-1,0,-1,0,6061,0,-1,-1,-1,99,0,0,16,0,0,0,0,0,0,0,[0|0],0,0,0,0,0,0,0,0,0,0,0,1,1,0,0,0,0,0,0,0,0,0,0,0,0,-1,-1,-1,-1,-1,-1,-1,-1,1,0,0,0,0,0,0,0,0,0,0,1,0,2,0,0,0,600,20,1,0,0,0,0,1,0,0,-1,0,-1,-1,-1,0,0,0,0,0,0,0,0,0,0,0,0,0,0,0,0,0,0,[0|0],0,[0|0|0|0|0|0|0|0],黄金律法基本主义的其中一种祷告。\n\n能朝前方形成、释放三个黄金光环。\n光环会飞回执行者附近后再消失。\n可以连续执行。\n\n此为年幼的米凯拉赠予父亲拉达冈的祷告。
6710,拉达冈的光环,1,0,[0|0|0],-1,-1,0,0,-1,0,-1,304020,-1,-1,0,-1,0,6062,0,-1,-1,-1,99,0,0,16,0,0,0,0,0,0,0,[0|0],0,0,0,0,0,0,0,0,0,0,0,1,1,0,0,0,0,0,0,0,0,0,0,0,0,-1,-1,-1,-1,-1,-1,-1,-1,1,0,0,0,0,0,0,0,0,0,0,1,0,2,0,0,0,600,20,1,0,0,0,0,1,0,0,-1,0,-1,-1,-1,0,0,0,0,0,0,0,0,0,0,0,0,0,0,0,0,0,0,[0|0],0,[0|0|0|0|0|0|0|0],黄金律法基本主义的其中一种祷告。\n父亲拉达冈赠予年幼米凯拉的回礼。\n\n能形成、扩大黄金光环，攻击四周。\n借由蓄力能扩大攻击的范围。\n\n然而年幼的米凯拉抛弃了基本主义──\n因为对于玛莲妮亚的宿疾，基本主义无能为力。\n此为“纯净无比的黄金”的起点。
6720,艾尔登流星,1,0,[0|0|0],-1,-1,0,0,-1,0,-1,303060,-1,-1,0,-1,0,6063,0,-1,16,-1,99,0,0,16,0,0,0,0,0,0,0,[0|0],0,0,0,0,0,0,0,0,0,0,0,1,1,0,0,0,0,0,0,0,0,0,0,0,0,-1,-1,-1,-1,-1,-1,-1,-1,1,0,0,0,0,0,0,0,0,0,0,1,0,2,0,0,0,600,20,1,0,0,0,0,3,0,0,-1,0,-1,-1,-1,0,0,0,0,0,0,0,0,0,0,0,0,0,0,0,0,0,0,[0|0],0,[0|0|0|0|0|0|0|0],据说是最古老的黄金树祷告。\n“传说中的祷告”之一。\n\n能形成无数颗黄金流星，攻击四周。\n\n在过去，无上意志将黄金流星\n连同一只野兽送往交界地──\n据说那后来化成了艾尔登法环。
6730,回归性原理,1,0,[0|0|0],-1,-1,0,0,-1,0,-1,304080,-1,-1,0,-1,0,6064,0,-1,-1,-1,99,0,0,18,0,0,0,0,0,0,0,[0|0],0,0,0,0,0,0,0,0,0,0,0,1,1,0,0,0,0,0,0,0,0,0,0,0,0,-1,-1,-1,-1,-1,-1,-1,-1,1,0,0,0,0,0,0,0,0,0,0,1,0,2,0,0,0,600,20,1,0,0,0,0,2,0,0,-1,0,-1,-1,-1,0,0,0,0,0,0,0,0,0,0,0,0,0,0,0,0,0,0,[0|0],0,[0|0|0|0|0|0|0|0],黄金律法基本主义的祷告。\n形成根基的祷告之一。\n\n能治愈所有异常状态，并消除特殊效果，\n去除所有拟态，揭露真面目。\n\n基本主义用两种力量\n解释黄金律法──回归与因果。\n所谓的回归，意指将万物朝不变收敛，\n属于含义上的引力。
6740,不变盾牌,1,0,[0|0|0],-1,-1,0,0,-1,0,-1,304060,-1,-1,0,-1,0,6065,0,-1,-1,-1,99,0,0,18,0,0,0,0,0,0,0,[0|0],0,0,0,0,0,0,0,0,0,0,0,1,1,0,0,0,0,0,0,0,0,0,0,0,0,-1,-1,-1,-1,-1,-1,-1,-1,1,0,0,0,0,0,0,0,0,0,0,1,0,2,0,0,0,600,20,1,0,0,0,0,1,0,0,-1,0,-1,-1,-1,0,0,0,0,0,0,0,0,0,0,0,0,0,0,0,0,0,0,[0|0],0,[0|0|0|0|0|0|0|0],黄金律法基本主义的其中一种祷告。\n\n能将回归光芒寄宿在左手盾牌，\n提升所有属性、异常状态的减伤率，\n但不包含物理的减伤率。\n\n基本主义根基的两种概念，\n与其中一种概念“回归性原理”相关的祷告。
6750,纠死圣律,0,0,[0|0|0],-1,-1,0,0,-1,0,-1,304030,-1,-1,0,-1,0,6256,0,-1,-1,-1,99,0,0,16,0,0,0,0,0,0,0,[0|0],0,0,0,0,0,0,0,0,0,0,0,1,1,0,0,0,0,0,0,0,0,0,0,0,0,-1,-1,-1,-1,-1,-1,-1,-1,1,0,0,0,0,0,0,0,0,0,0,1,0,2,0,0,0,600,20,1,0,0,0,0,1,0,0,-1,0,-1,-1,-1,0,0,0,0,0,0,0,0,0,0,0,0,0,0,0,0,0,0,[0|0],0,[0|0|0|0|0|0|0|0],黄金律法基本主义的其中一种祷告。\n狩猎死诞者的人们执行的祷告。\n\n能模仿圣律的模样，对周围给予圣属性伤害。\n对死诞者的伤害尤为巨大，\n死诞者被此祷告打败之后，不会复活。\n\n猎人们意图灭绝玷污的法则──\n一切都为了成就黄金律法的完美。
6760,因果性原理,1,0,[0|0|0],-1,-1,0,0,-1,0,-1,304070,-1,-1,0,-1,0,6066,0,-1,-1,-1,99,0,0,18,0,0,0,0,0,0,0,[0|0],0,0,0,0,0,0,0,0,0,0,0,1,1,0,0,0,0,0,0,0,0,0,0,0,0,-1,-1,-1,-1,-1,-1,-1,-1,1,0,0,0,0,0,0,0,0,0,0,1,0,2,0,0,0,600,20,1,0,0,0,0,2,0,0,-1,0,-1,-1,-1,0,0,0,0,0,0,0,0,0,0,0,0,0,0,0,0,0,0,[0|0],0,[0|0|0|0|0|0|0|0],黄金律法基本主义的祷告。\n形成根基的祷告之一。\n\n在自身体内寄宿小型的因果光环，\n受到一定程度的攻击后，会自动反击。\n\n基本主义用两种力量\n解释黄金律法──回归与因果。\n所谓的因果，意指让万物环环相扣，\n属于含义间的引力。
6770,圣律剑刃,1,0,[0|0|0],-1,-1,0,0,-1,0,-1,304050,-1,-1,0,-1,0,6067,0,-1,-1,-1,99,0,0,18,0,0,0,0,0,0,0,[0|0],0,0,0,0,0,0,0,0,0,0,0,1,1,0,0,0,0,0,0,0,0,0,0,0,0,-1,-1,-1,-1,-1,-1,-1,-1,1,0,0,0,0,0,0,0,0,0,0,1,0,2,0,0,0,600,20,1,0,0,0,0,1,0,0,-1,0,-1,-1,-1,0,0,0,0,0,0,0,0,0,0,0,0,0,0,0,0,0,0,[0|0],0,[0|0|0|0|0|0|0|0],黄金律法基本主义的其中一种祷告。\n狩猎死诞者的人们执行的祷告。\n\n能在右手武器附加圣属性攻击力。\n对死诞者的伤害尤为巨大，\n死诞者被此祷告打败之后，不会复活。\n\n猎人们意图灭绝玷污的法则──\n一切都为了成就黄金律法的完美。
6780,圣律疗愈,1,0,[0|0|0],-1,-1,0,0,-1,0,-1,304040,-1,-1,0,-1,0,6068,0,-1,-1,-1,99,0,0,18,0,0,0,0,0,0,0,[0|0],0,0,0,0,0,0,0,0,0,0,0,1,1,0,0,0,0,0,0,0,0,0,0,0,0,-1,-1,-1,-1,-1,-1,-1,-1,1,0,0,0,0,0,0,0,0,0,0,1,0,2,0,0,0,600,20,1,0,0,0,0,1,0,0,-1,0,-1,-1,-1,0,0,0,0,0,0,0,0,0,0,0,0,0,0,0,0,0,0,[0|0],0,[0|0|0|0|0|0|0|0],黄金律法基本主义的其中一种祷告。\n狩猎死诞者的人们执行的祷告。\n\n能减轻死亡量表的累积。\n\n金面具看见猎人们的作为，大为感叹。\n\n　将学问转为信仰狂热，太过容易──\n　那群愚蠢的善人，只希望有绝对邪恶的存在罢了。\n\n　这怎能称得上是律法的基本？
6800,兽石,1,0,[0|0|0],-1,-1,0,0,-1,0,-1,308020,-1,-1,0,-1,0,6400,0,-1,-1,-1,99,0,0,16,0,0,0,0,0,0,0,[0|0],0,0,0,0,0,0,0,0,0,0,0,1,1,0,0,0,0,0,0,0,0,0,0,0,0,-1,-1,-1,-1,-1,-1,-1,-1,1,0,0,0,0,0,0,0,0,0,0,1,0,2,0,0,0,600,50,1,0,0,0,0,1,0,0,-1,0,-1,-1,-1,0,0,0,0,0,0,0,0,0,0,0,0,0,0,0,0,0,0,[0|0],0,[0|0|0|0|0|0|0|0],“野兽祭司”古兰格传授的祷告。\n\n能快速释放大量锐利石片。\n可以接在其他动作后，立刻衔接使用。\n\n据说在黄金树时代以前，\n石头是获得智慧的野兽们最一开始的武器。
6810,古兰格的岩石,1,0,[0|0|0],-1,-1,0,0,-1,0,-1,308030,-1,-1,0,-1,0,6401,0,-1,-1,-1,99,0,0,16,0,0,0,0,0,0,0,[0|0],0,0,0,0,0,0,0,0,0,0,0,1,1,0,0,0,0,0,0,0,0,0,0,0,0,-1,-1,-1,-1,-1,-1,-1,-1,1,0,0,0,0,0,0,0,0,0,0,1,0,2,0,0,0,600,50,1,0,0,0,0,2,0,0,-1,0,-1,-1,-1,0,0,0,0,0,0,0,0,0,0,0,0,0,0,0,0,0,0,[0|0],0,[0|0|0|0|0|0|0|0],“野兽祭司”古兰格传授的祷告。\n属于高阶祷告。\n\n能朝前方丢掷巨大岩石。\n可以连续执行。\n\n据说从前，古兰格是恐怖的野兽。\n他的古名意义等同半神的死亡。
6820,兽爪,0,0,[0|0|0],-1,-1,0,0,-1,0,-1,308000,-1,-1,0,-1,0,6402,0,-1,-1,-1,99,0,0,16,0,0,0,0,0,0,0,[0|0],0,0,0,0,0,0,0,0,0,0,0,1,1,0,0,0,0,0,0,0,0,0,0,0,0,-1,-1,-1,-1,-1,-1,-1,-1,1,0,0,0,0,0,0,0,0,0,0,1,0,2,0,0,0,600,50,1,0,0,0,0,1,0,0,-1,0,-1,-1,-1,0,0,0,0,0,0,0,0,0,0,0,0,0,0,0,0,0,0,[0|0],0,[0|0|0|0|0|0|0|0],“野兽祭司”古兰格传授的祷告。\n\n能长出兽爪，以冲击撕裂地面。\n借由蓄力能提升威力。\n\n此为重回兽形的古兰格拥有的愤怒，\n可能也是他的焦虑。
6830,古兰格的兽爪,1,0,[0|0|0],-1,-1,0,0,-1,0,-1,308010,-1,-1,0,-1,0,6403,0,-1,-1,-1,99,0,0,16,0,0,0,0,0,0,0,[0|0],0,0,0,0,0,0,0,0,0,0,0,1,1,0,0,0,0,0,0,0,0,0,0,0,0,-1,-1,-1,-1,-1,-1,-1,-1,1,0,0,0,0,0,0,0,0,0,0,1,0,2,0,0,0,600,50,1,0,0,0,0,2,0,0,-1,0,-1,-1,-1,0,0,0,0,0,0,0,0,0,0,0,0,0,0,0,0,0,0,[0|0],0,[0|0|0|0|0|0|0|0],“野兽祭司”古兰格传授的祷告。\n属于高阶祷告。\n\n能长出兽爪，以冲击撕裂四周。\n\n据说从前，古兰格是恐怖的野兽。\n他的古名意义等同半神的死亡。
6840,野兽活力,1,0,[0|0|0],-1,-1,0,0,-1,0,-1,308050,-1,-1,0,-1,0,6500,0,-1,-1,-1,99,0,0,18,0,0,0,0,0,0,0,[0|0],0,0,0,0,0,0,0,0,0,0,0,1,1,0,0,0,0,0,0,0,0,0,0,0,0,-1,-1,-1,-1,-1,-1,-1,-1,1,0,0,0,0,0,0,0,0,0,0,1,0,2,0,0,0,600,50,1,0,0,0,0,1,0,0,-1,0,-1,-1,-1,0,0,0,0,0,0,0,0,0,0,0,0,0,0,0,0,0,0,[0|0],0,[0|0|0|0|0|0|0|0],“野兽祭司”古兰格传授的祷告。\n\n将野兽的活力寄宿在体内，\n能一定时间内，持续恢复血量。\n\n获得智慧的野兽们可能也明白──\n文明最终会让野性消失。
6850,野兽健壮,1,0,[0|0|0],-1,-1,0,0,-1,0,-1,308040,-1,-1,0,-1,0,6503,0,-1,-1,-1,99,0,0,18,0,0,0,0,0,0,0,[0|0],0,0,0,0,0,0,0,0,0,0,0,1,1,0,0,0,0,0,0,0,0,0,0,0,0,-1,-1,-1,-1,-1,-1,-1,-1,1,0,0,0,0,0,0,0,0,0,0,1,0,2,0,0,0,600,50,1,0,0,0,0,1,0,0,-1,0,-1,-1,-1,0,0,0,0,0,0,0,0,0,0,0,0,0,0,0,0,0,0,[0|0],0,[0|0|0|0|0|0|0|0],“野兽祭司”古兰格传授的祷告。\n\n将野兽的活力寄宿在体内，\n能减轻出血、冻伤量表的累积。\n\n获得智慧的野兽们可能也明白──\n文明最终会让野性消失。
6900,雷电枪,1,0,[0|0|0],-1,-1,0,0,-1,0,-1,305000,-1,-1,0,-1,0,6406,0,-1,-1,-1,99,0,0,16,0,0,0,0,0,0,0,[0|0],0,0,0,0,0,0,0,0,0,0,0,1,1,0,0,0,0,0,0,0,0,0,0,0,0,-1,-1,-1,-1,-1,-1,-1,-1,1,0,0,0,0,0,0,0,0,0,0,1,0,2,0,0,0,600,30,1,0,0,0,0,1,0,0,-1,0,-1,-1,-1,0,0,0,0,0,0,0,0,0,0,0,0,0,0,0,0,0,0,[0|0],0,[0|0|0|0|0|0|0|0],王城古龙信仰的其中一种祷告。\n\n能召唤雷电枪，朝前方丢掷。\n借由蓄力能在命中后，附加落雷。\n\n在过去，“黄金”葛德文战胜\n古龙弗尔桑克斯，随后化敌为友──\n此为王城古龙信仰的起源。
6910,古龙雷击,1,0,[0|0|0],-1,-1,0,0,-1,0,-1,305040,-1,-1,0,-1,0,6069,0,-1,-1,-1,99,0,0,16,0,0,0,0,0,0,0,[0|0],0,0,0,0,0,0,0,0,0,0,0,1,1,0,0,0,0,0,0,0,0,0,0,0,0,-1,-1,-1,-1,-1,-1,-1,-1,1,0,0,0,0,0,0,0,0,0,0,1,0,2,0,0,0,600,30,1,0,0,0,0,2,0,0,-1,0,-1,-1,-1,0,0,0,0,0,0,0,0,0,0,0,0,0,0,0,0,0,0,[0|0],0,[0|0|0|0|0|0|0|0],王城古龙信仰不为人知的祷告。\n\n能召唤红落雷，朝周围爬窜。\n借由蓄力能扩大落雷降下的范围。\n\n根据古老的传说，\n红色雷电是古龙所使用的武器。
6920,雷击,1,0,[0|0|0],-1,-1,0,0,-1,0,-1,305010,-1,-1,0,-1,0,6408,0,-1,-1,-1,99,0,0,16,0,0,0,0,0,0,0,[0|0],0,0,0,0,0,0,0,0,0,0,0,1,1,0,0,0,0,0,0,0,0,0,0,0,0,-1,-1,-1,-1,-1,-1,-1,-1,1,0,0,0,0,0,0,0,0,0,0,1,0,2,0,0,0,600,30,1,0,0,0,0,1,0,0,-1,0,-1,-1,-1,0,0,0,0,0,0,0,0,0,0,0,0,0,0,0,0,0,0,[0|0],0,[0|0|0|0|0|0|0|0],王城古龙信仰的其中一种祷告。\n\n能召唤落雷，朝前方爬窜。\n可以连续执行。\n\n古龙身体覆满碎石鳞片，\n以雷电为武器，是龙的祖先。\n据说曾与王城罗德尔为敌交战。
6921,冰雷枪,1,0,[0|0|0],-1,-1,0,0,-1,0,-1,305070,-1,-1,0,-1,0,6072,0,-1,-1,-1,99,0,0,16,0,0,0,0,0,0,0,[0|0],0,0,0,0,0,0,0,0,0,0,0,1,1,0,0,0,0,0,0,0,0,0,0,0,0,-1,-1,-1,-1,-1,-1,-1,-1,1,0,0,0,0,0,0,0,0,0,0,1,0,2,0,0,0,600,30,1,0,0,0,0,1,0,0,-1,0,-1,-1,-1,0,0,0,0,0,0,0,0,0,0,0,0,0,0,0,0,0,0,[0|0],0,[0|0|0|0|0|0|0|0],能展现龙人士兵力量的祷告。\n\n能召唤冰雷枪，从空中刺入地面。\n雷枪反弹后，会朝前方释放落雷。\n\n龙人士兵诞生自永恒之城，\n他们没见过真正的天空与雷电，\n将冰雷作为自己的武器。
6930,精准雷击,1,0,[0|0|0],-1,-1,0,0,-1,0,-1,305020,-1,-1,0,-1,0,6073,0,-1,-1,-1,99,0,0,16,0,0,0,0,0,0,0,[0|0],0,0,0,0,0,0,0,0,0,0,0,1,1,0,0,0,0,0,0,0,0,0,0,0,0,-1,-1,-1,-1,-1,-1,-1,-1,1,0,0,0,0,0,0,0,0,0,0,1,0,2,0,0,0,600,30,1,0,0,0,0,1,0,0,-1,0,-1,-1,-1,0,0,0,0,0,0,0,0,0,0,0,0,0,0,0,0,0,0,[0|0],0,[0|0|0|0|0|0|0|0],王城古龙信仰的其中一种祷告。\n\n能在目标头上降下落雷。\n可以连续执行。\n\n在过去，“黄金”葛德文战胜\n古龙弗尔桑克斯，随后化敌为友──\n此为王城古龙信仰的起源。
6940,古龙雷枪,1,0,[0|0|0],-1,-1,0,0,-1,0,-1,305030,-1,-1,0,-1,0,6074,0,-1,-1,-1,99,0,0,16,0,0,0,0,0,0,0,[0|0],0,0,0,0,0,0,0,0,0,0,0,1,1,0,0,0,0,0,0,0,0,0,0,0,0,-1,-1,-1,-1,-1,-1,-1,-1,1,0,0,0,0,0,0,0,0,0,0,1,0,2,0,0,0,600,30,1,0,0,0,0,2,0,0,-1,0,-1,-1,-1,0,0,0,0,0,0,0,0,0,0,0,0,0,0,0,0,0,0,[0|0],0,[0|0|0|0|0|0|0|0],王城古龙信仰不为人知的祷告。\n\n能召唤红雷枪，从空中刺入地面。\n雷枪反弹后，会朝周围释放雷电。\n\n根据古老的传说，\n红色雷电是古龙所使用的武器。
6941,弗尔桑克斯的雷枪,1,0,[0|0|0],-1,-1,0,0,-1,0,-1,305060,-1,-1,0,-1,0,6075,0,-1,-1,-1,99,0,0,16,0,0,0,0,0,0,0,[0|0],0,0,0,0,0,0,0,0,0,0,0,1,1,0,0,0,0,0,0,0,0,0,0,0,0,-1,-1,-1,-1,-1,-1,-1,-1,1,0,0,0,0,0,0,0,0,0,0,1,0,2,0,0,0,600,30,1,0,0,0,0,3,0,0,-1,0,-1,-1,-1,0,0,0,0,0,0,0,0,0,0,0,0,0,0,0,0,0,0,[0|0],0,[0|0|0|0|0|0|0|0],能展现古龙弗尔桑克斯力量的祷告。\n\n能召唤两支红雷枪，从空中连续刺入地面。\n雷枪反弹后，会朝周围释放雷电。\n\n在古龙战争中，红色的双雷\n是拥有最强岩石之名的古龙的象征。
6950,兰斯桑克斯的刀,1,0,[0|0|0],-1,-1,0,0,-1,0,-1,305050,-1,-1,0,-1,0,6076,0,-1,-1,-1,99,0,0,16,0,0,0,0,0,0,0,[0|0],0,0,0,0,0,0,0,0,0,0,0,1,1,0,0,0,0,0,0,0,0,0,0,0,0,-1,-1,-1,-1,-1,-1,-1,-1,1,0,0,0,0,0,0,0,0,0,0,1,0,2,0,0,0,600,30,1,0,0,0,0,2,0,0,-1,0,-1,-1,-1,0,0,0,0,0,0,0,0,0,0,0,0,0,0,0,0,0,0,[0|0],0,[0|0|0|0|0|0|0|0],能展现古龙兰斯桑克斯力量的祷告。\n\n能召唤红雷刀，从空中横扫。\n挥出的斩击会释放雷电。\n\n兰斯桑克斯是弗尔桑克斯的姊姊。\n据说她幻化成人型，\n作为古龙信仰的祭司与骑士们互动。
6960,雷武器,1,0,[0|0|0],-1,-1,0,0,-1,0,-1,305090,-1,-1,0,-1,0,6077,0,-1,-1,-1,99,0,0,18,0,0,0,0,0,0,0,[0|0],0,0,0,0,0,0,0,0,0,0,0,1,1,0,0,0,0,0,0,0,0,0,0,0,0,-1,-1,-1,-1,-1,-1,-1,-1,1,0,0,0,0,0,0,0,0,0,0,1,0,2,0,0,0,600,30,1,0,0,0,0,1,0,0,-1,0,-1,-1,-1,0,0,0,0,0,0,0,0,0,0,0,0,0,0,0,0,0,0,[0|0],0,[0|0|0|0|0|0|0|0],王城古龙信仰的其中一种祷告。\n\n能在右手武器附加雷属性攻击力。\n\n在过去，“黄金”葛德文战胜\n古龙弗尔桑克斯，随后化敌为友──\n此为王城古龙信仰的起源。
6970,维克的龙雷,1,0,[0|0|0],-1,-1,0,0,-1,0,-1,305110,-1,-1,0,-1,0,6078,0,-1,-1,-1,99,0,0,18,0,0,0,0,0,0,0,[0|0],0,0,0,0,0,0,0,0,0,0,0,1,1,0,0,0,0,0,0,0,0,0,0,0,0,-1,-1,-1,-1,-1,-1,-1,-1,1,0,0,0,0,0,0,0,0,0,0,1,0,2,0,0,0,600,30,1,0,0,0,0,2,0,0,-1,0,-1,-1,-1,0,0,0,0,0,0,0,0,0,0,0,0,0,0,0,0,0,0,[0|0],0,[0|0|0|0|0|0|0|0],“圆桌骑士”维克的祷告。\n\n召唤红色雷电，缠绕右手武器与全身。\n能在武器附加雷属性攻击力，\n并且提升装备重量上限，\n但是会降低雷属性减伤率。\n\n维克拥有另一个别称“龙枪”，\n是兰斯桑克斯最喜爱的骑士。
6971,龙雷庇佑,1,0,[0|0|0],-1,-1,0,0,-1,0,-1,305100,-1,-1,0,-1,0,6079,0,-1,-1,-1,99,0,0,18,0,0,0,0,0,0,0,[0|0],0,0,0,0,0,0,0,0,0,0,0,1,1,0,0,0,0,0,0,0,0,0,0,0,0,-1,-1,-1,-1,-1,-1,-1,-1,1,0,0,0,0,0,0,0,0,0,0,1,0,2,0,0,0,600,30,1,0,0,0,0,1,0,0,-1,0,-1,-1,-1,0,0,0,0,0,0,0,0,0,0,0,0,0,0,0,0,0,0,[0|0],0,[0|0|0|0|0|0|0|0],王城古龙信仰的其中一种祷告。\n属于高阶祷告。\n\n能召唤雷电，缠绕执行者全身。\n身体会变得容易弹开攻击，\n并且提升对所有异常状态的抵抗力，\n但是会降低雷属性减伤率。\n\n只有受龙喜爱的人物，才能让雷电缠绕身上。
7000,龙焰,0,0,[0|0|0],-1,-1,0,0,-1,0,-1,312000,-1,-1,0,-1,0,6080,0,-1,-1,-1,99,0,0,16,0,0,0,0,0,0,0,[0|0],0,0,0,0,0,0,0,0,0,0,0,1,1,0,0,0,0,0,0,0,0,0,0,0,0,-1,-1,-1,-1,-1,-1,-1,-1,1,0,0,0,0,0,0,0,0,0,0,1,0,2,0,0,0,600,80,1,0,0,0,0,1,0,0,-1,0,-1,-1,-1,0,0,0,0,0,0,0,0,0,0,0,0,0,0,0,0,0,0,[0|0],0,[0|0|0|0|0|0|0|0],其中一种龙飨祷告。\n\n能将自身化为龙，喷出火焰吐息。\n借由蓄力能延长喷出吐息的时间。\n\n狩猎龙，献上、吞噬龙心脏的人们拥有的招式。\n那是既纯粹，又压倒性强大的力量。
7001,亚基尔的火焰,1,0,[0|0|0],-1,-1,0,0,-1,0,-1,312010,-1,-1,0,-1,0,6081,0,-1,-1,-1,99,0,0,16,0,0,0,0,0,0,0,[0|0],0,0,0,0,0,0,0,0,0,0,0,1,1,0,0,0,0,0,0,0,0,0,0,0,0,-1,-1,-1,-1,-1,-1,-1,-1,1,0,0,0,0,0,0,0,0,0,0,1,0,2,0,0,0,600,80,1,0,0,0,0,2,0,0,-1,0,-1,-1,-1,0,0,0,0,0,0,0,0,0,0,0,0,0,0,0,0,0,0,[0|0],0,[0|0|0|0|0|0|0|0],其中一种龙飨祷告。属于高阶祷告。\n能展现“飞龙”亚基尔的力量。\n\n能将自身化为龙，从空中喷出火焰吐息。\n借由蓄力能延长喷出吐息的时间。\n在跳跃期间也能使用。\n\n在宁姆格福的湖泊，长生者们望向天空，\n祈祷龙的吐息能够烧死自己。
7010,熔岩吐息,1,0,[0|0|0],-1,-1,0,0,-1,0,-1,312020,-1,-1,0,-1,0,6082,0,-1,-1,-1,99,0,0,16,0,0,0,0,0,0,0,[0|0],0,0,0,0,0,0,0,0,0,0,0,1,1,0,0,0,0,0,0,0,0,0,0,0,0,-1,-1,-1,-1,-1,-1,-1,-1,1,0,0,0,0,0,0,0,0,0,0,1,0,2,0,0,0,600,80,1,0,0,0,0,1,0,0,-1,0,-1,-1,-1,0,0,0,0,0,0,0,0,0,0,0,0,0,0,0,0,0,0,[0|0],0,[0|0|0|0|0|0|0|0],其中一种龙飨祷告。\n\n能将自身化为土龙，喷出熔岩吐息。\n仅限一次，能使出追击。\n\n执行龙飨的人，都会渐渐成为非人──\n伏地的土龙就是那悲哀的后果。
7011,席欧朵利克的熔岩,1,0,[0|0|0],-1,-1,0,0,-1,0,-1,312030,-1,-1,0,-1,0,6105,0,-1,-1,-1,99,0,0,16,0,0,0,0,0,0,0,[0|0],0,0,0,0,0,0,0,0,0,0,0,1,1,0,0,0,0,0,0,0,0,0,0,0,0,-1,-1,-1,-1,-1,-1,-1,-1,1,0,0,0,0,0,0,0,0,0,0,1,0,2,0,0,0,600,80,1,0,0,0,0,2,0,0,-1,0,-1,-1,-1,0,0,0,0,0,0,0,0,0,0,0,0,0,0,0,0,0,0,[0|0],0,[0|0|0|0|0|0|0|0],其中一种龙飨祷告。属于高阶祷告。\n能展现“大土龙”席欧朵利克的力量。\n\n能将自身化为大土龙，喷出大量熔岩吐息。\n仅限一次，能使出追击。\n\n古老山妖战士席欧朵利克的名号，\n是以巨人战争的其中一位英雄流传后世。
7020,龙冰,1,0,[0|0|0],-1,-1,0,0,-1,0,-1,312080,-1,-1,0,-1,0,6083,0,-1,-1,-1,99,0,0,16,0,0,0,0,0,0,0,[0|0],0,0,0,0,0,0,0,0,0,0,0,1,1,0,0,0,0,0,0,0,0,0,0,0,0,-1,-1,-1,-1,-1,-1,-1,-1,1,0,0,0,0,0,0,0,0,0,0,1,0,2,0,0,0,600,80,1,0,0,0,0,1,0,0,-1,0,-1,-1,-1,0,0,0,0,0,0,0,0,0,0,0,0,0,0,0,0,0,0,[0|0],0,[0|0|0|0|0|0|0|0],其中一种龙飨祷告。\n\n能将自身化为龙，喷出寒冰吐息。\n借由蓄力能延长喷出吐息的时间。\n\n不断执行龙飨，超越凡人的人物，\n才能得到“龙心者”的称呼。
7021,玻列琉斯的冰雾,1,0,[0|0|0],-1,-1,0,0,-1,0,-1,312090,-1,-1,0,-1,0,6084,0,-1,-1,-1,99,0,0,16,0,0,0,0,0,0,0,[0|0],0,0,0,0,0,0,0,0,0,0,0,1,1,0,0,0,0,0,0,0,0,0,0,0,0,-1,-1,-1,-1,-1,-1,-1,-1,1,0,0,0,0,0,0,0,0,0,0,1,0,2,0,0,0,600,80,1,0,0,0,0,2,0,0,-1,0,-1,-1,-1,0,0,0,0,0,0,0,0,0,0,0,0,0,0,0,0,0,0,[0|0],0,[0|0|0|0|0|0|0|0],其中一种龙飨祷告。属于高阶祷告。\n能展现“冻结冰雾”玻列琉斯的力量。\n\n能将自身化为龙，从空中喷出寒冰吐息。\n借由蓄力能延长喷出吐息的时间。\n在跳跃期间也能使用。\n\n许久以前，冰龙曾是山顶的主人，\n然而在败给火焰巨人们之后，被赶离了山顶。
7030,腐败吐息,1,0,[0|0|0],-1,-1,0,0,-1,0,-1,312060,-1,-1,0,-1,0,6085,0,-1,-1,-1,99,0,0,16,0,0,0,0,0,0,0,[0|0],0,0,0,0,0,0,0,0,0,0,0,1,1,0,0,0,0,0,0,0,0,0,0,0,0,-1,-1,-1,-1,-1,-1,-1,-1,1,0,0,0,0,0,0,0,0,0,0,1,0,2,0,0,0,600,80,1,0,0,0,0,1,0,0,-1,0,-1,-1,-1,0,0,0,0,0,0,0,0,0,0,0,0,0,0,0,0,0,0,[0|0],0,[0|0|0|0|0|0|0|0],其中一种龙飨祷告。\n\n能将自身化为龙，喷出猩红腐败吐息。\n借由蓄力能延长喷出吐息的时间。\n\n不断执行龙飨，超越凡人的人物，\n才能得到“龙心者”的称呼。
7031,艾格基斯的腐败,1,0,[0|0|0],-1,-1,0,0,-1,0,-1,312070,-1,-1,0,-1,0,6086,0,-1,-1,-1,99,0,0,16,0,0,0,0,0,0,0,[0|0],0,0,0,0,0,0,0,0,0,0,0,1,1,0,0,0,0,0,0,0,0,0,0,0,0,-1,-1,-1,-1,-1,-1,-1,-1,1,0,0,0,0,0,0,0,0,0,0,1,0,2,0,0,0,600,80,1,0,0,0,0,2,0,0,-1,0,-1,-1,-1,0,0,0,0,0,0,0,0,0,0,0,0,0,0,0,0,0,0,[0|0],0,[0|0|0|0|0|0|0|0],其中一种龙飨祷告。属于高阶祷告。\n能展现“步入腐败”艾格基斯的力量。\n\n能将自身化为龙，从空中喷出猩红腐败吐息。\n借由蓄力能延长喷出吐息的时间。\n在跳跃期间也能使用。\n\n“龙飨复仇者”艾格基斯\n即使受猩红腐败侵蚀，也不忘心中的仇恨。
7040,辉石吐息,1,0,[0|0|0],-1,-1,0,0,-1,0,-1,312040,-1,-1,0,-1,0,6087,0,-1,-1,-1,99,0,0,16,0,0,0,0,0,0,0,[0|0],0,0,0,0,0,0,0,0,0,0,0,1,1,0,0,0,0,0,0,0,0,0,0,0,0,-1,-1,-1,-1,-1,-1,-1,-1,1,0,0,0,0,0,0,0,0,0,0,1,0,2,0,0,0,600,80,1,0,0,0,0,1,0,0,-1,0,-1,-1,-1,0,0,0,0,0,0,0,0,0,0,0,0,0,0,0,0,0,0,[0|0],0,[0|0|0|0|0|0|0|0],其中一种龙飨祷告。\n\n能将自身化为龙，喷出魔力吐息。\n借由蓄力能延长喷出吐息的时间。\n\n不断执行龙飨，超越凡人的人物，\n才能得到“龙心者”的称呼。
7041,史玛拉格的辉石,1,0,[0|0|0],-1,-1,0,0,-1,0,-1,312050,-1,-1,0,-1,0,6088,0,-1,-1,-1,99,0,0,16,0,0,0,0,0,0,0,[0|0],0,0,0,0,0,0,0,0,0,0,0,1,1,0,0,0,0,0,0,0,0,0,0,0,0,-1,-1,-1,-1,-1,-1,-1,-1,1,0,0,0,0,0,0,0,0,0,0,1,0,2,0,0,0,600,80,1,0,0,0,0,2,0,0,-1,0,-1,-1,-1,0,0,0,0,0,0,0,0,0,0,0,0,0,0,0,0,0,0,[0|0],0,[0|0|0|0|0|0|0|0],其中一种龙飨祷告。属于高阶祷告。\n能展现“辉石龙”史玛拉格的力量。\n\n能将自身化为龙，从空中喷出魔力吐息。\n借由蓄力能延长喷出吐息的时间。\n在跳跃期间也能使用。\n\n“吞噬魔法师”史玛拉格，最后受到那辉石的侵蚀。
7050,普拉顿桑克斯的凋亡,1,0,[0|0|0],-1,-1,0,0,-1,0,-1,312100,-1,-1,0,-1,0,6089,0,-1,-1,-1,99,0,0,16,0,0,0,0,0,0,0,[0|0],0,0,0,0,0,0,0,0,0,0,0,1,1,0,0,0,0,0,0,0,0,0,0,0,0,-1,-1,-1,-1,-1,-1,-1,-1,1,0,0,0,0,0,0,0,0,0,0,1,0,2,0,0,0,600,80,1,0,0,0,0,3,0,0,-1,0,-1,-1,-1,0,0,0,0,0,0,0,0,0,0,0,0,0,0,0,0,0,0,[0|0],0,[0|0|0|0|0|0|0|0],从“龙王”普拉顿桑克斯的追忆获得的力量。\n\n能将自身化为龙王，从空中喷出金色吐息。\n在跳跃期间也能使用。\n\n龙王永远坐镇在时空夹缝之中──\n据说此为他凋零之际，发出的痛苦哀号。
7060,龙爪,1,0,[0|0|0],-1,-1,0,0,-1,0,-1,312110,-1,-1,0,-1,0,6090,0,-1,-1,-1,99,0,0,16,0,0,0,0,0,0,0,[0|0],0,0,0,0,0,0,0,0,0,0,0,1,1,0,0,0,0,0,0,0,0,0,0,0,0,-1,-1,-1,-1,-1,-1,-1,-1,1,0,0,0,0,0,0,0,0,0,0,1,0,2,0,0,0,600,80,1,0,0,0,0,1,0,0,-1,0,-1,-1,-1,0,0,0,0,0,0,0,0,0,0,0,0,0,0,0,0,0,0,[0|0],0,[0|0|0|0|0|0|0|0],其中一种龙飨祷告。\n\n能将自身化为龙，以龙爪撕裂敌人。\n仅限一次，能使出追击。\n\n狩猎龙，献上、吞噬龙心脏的人们拥有的招式。\n那是既纯粹，又压倒性强大的力量。
7080,龙咬,1,0,[0|0|0],-1,-1,0,0,-1,0,-1,312120,-1,-1,0,-1,0,6091,0,-1,-1,-1,99,0,0,16,0,0,0,0,0,0,0,[0|0],0,0,0,0,0,0,0,0,0,0,0,1,1,0,0,0,0,0,0,0,0,0,0,0,0,-1,-1,-1,-1,-1,-1,-1,-1,1,0,0,0,0,0,0,0,0,0,0,1,0,2,0,0,0,600,80,1,0,0,0,0,1,0,0,-1,0,-1,-1,-1,0,0,0,0,0,0,0,0,0,0,0,0,0,0,0,0,0,0,[0|0],0,[0|0|0|0|0|0|0|0],其中一种龙飨祷告。\n\n能将自身化为龙，朝前方咬碎敌人。\n\n狩猎龙，献上、吞噬龙心脏的人们拥有的招式。\n那是既纯粹，又压倒性强大的力量。
7090,桂奥尔的咆哮,0,0,[0|0|0],-1,-1,0,0,-1,0,-1,312130,-1,-1,0,-1,0,6092,0,-1,16,-1,99,0,0,16,0,0,0,0,0,0,0,[0|0],0,0,0,0,0,0,0,0,0,0,0,1,1,0,0,0,0,0,0,0,0,0,0,0,0,-1,-1,-1,-1,-1,-1,-1,-1,1,0,0,0,0,0,0,0,0,0,0,1,0,2,0,0,0,600,80,1,0,0,0,0,3,0,0,-1,0,-1,-1,-1,0,0,0,0,0,0,0,0,0,0,0,0,0,0,0,0,0,0,[0|0],0,[0|0|0|0|0|0|0|0],其中一种龙飨祷告。属于高阶祷告。\n能展现“古老龙”桂奥尔的力量。\n“传说中的祷告”之一。\n\n能将自身化为龙，响彻巨响咆哮。\n降低周围敌人的攻击力与防御力。\n\n“龙之祖母”桂奥尔是须敬畏三分的岩山。
7200,虫丝,1,0,[0|0|0],-1,-1,0,0,-1,0,-1,310020,-1,-1,0,-1,0,6609,0,-1,-1,-1,99,0,0,16,0,0,0,0,0,0,0,[0|0],0,0,0,0,0,0,0,0,0,0,0,1,1,0,0,0,0,0,0,0,0,0,0,0,0,-1,-1,-1,-1,-1,-1,-1,-1,1,0,0,0,0,0,0,0,0,0,0,1,0,2,0,0,0,600,60,1,0,0,0,0,1,0,0,-1,0,-1,-1,-1,0,0,0,0,0,0,0,0,0,0,0,0,0,0,0,0,0,0,[0|0],0,[0|0|0|0|0|0|0|0],意图侍奉腐败的人物执行的祷告。\n\n能分泌大量具粘性的丝线，朝前方释放。\n\n在猩红腐败之地蠕动的惨白虫群的招式。\n虫群是女神的弃子。\n\n　……您对腐败祷告有兴趣吗？
7210,蝇群,1,0,[0|0|0],-1,-1,0,0,-1,0,-1,309000,-1,-1,0,-1,0,6611,0,-1,-1,-1,99,0,0,16,0,0,0,0,0,0,0,[0|0],0,0,0,0,0,0,0,0,0,0,0,1,1,0,0,0,0,0,0,0,0,0,0,0,0,-1,-1,-1,-1,-1,-1,-1,-1,1,0,0,0,0,0,0,0,0,0,0,1,0,2,0,0,0,600,60,1,0,0,0,0,1,0,0,-1,0,-1,-1,-1,0,0,0,0,0,0,0,0,0,0,0,0,0,0,0,0,0,0,[0|0],0,[0|0|0|0|0|0|0|0],鲜血君王分享的力量，其中一种血盟祷告。\n\n能朝前方释放一群血蝇，袭击敌人。\n蝇群给予敌人伤害的同时，也会累积出血量表。\n可以走动执行，在蹲下的状态也能执行。\n\n鲜血君王的新王朝有着鲜血池沼，\n据说蝇群是从该地的粪便孵化涌出。
7220,毒雾,1,0,[0|0|0],-1,-1,0,0,-1,0,-1,310000,-1,-1,0,-1,0,6610,0,-1,-1,-1,99,0,0,18,0,0,0,0,0,0,0,[0|0],0,0,0,0,0,0,0,0,0,0,0,1,1,0,0,0,0,0,0,0,0,0,0,0,0,-1,-1,-1,-1,-1,-1,-1,-1,1,0,0,0,0,0,0,0,0,0,0,1,0,2,0,0,0,600,60,1,0,0,0,0,1,0,0,-1,0,-1,-1,-1,0,0,0,0,0,0,0,0,0,0,0,0,0,0,0,0,0,0,[0|0],0,[0|0|0|0|0|0|0|0],意图侍奉腐败的人物执行的祷告。\n\n能朝前方形成毒性烟雾。\n可以走动执行，在蹲下的状态也能执行。\n\n生活在毒物中的人物了解腐败──\n人人平等皆有的生命，那是为此存在的死亡，\n也就是所谓的轮回法则。
7230,毒刃,1,0,[0|0|0],-1,-1,0,0,-1,0,-1,310010,-1,-1,0,-1,0,6612,0,-1,-1,-1,99,0,0,18,0,0,0,0,0,0,0,[0|0],0,0,0,0,0,0,0,0,0,0,0,1,1,0,0,0,0,0,0,0,0,0,0,0,0,-1,-1,-1,-1,-1,-1,-1,-1,1,0,0,0,0,0,0,0,0,0,0,1,0,2,0,0,0,600,60,1,0,0,0,0,1,0,0,-1,0,-1,-1,-1,0,0,0,0,0,0,0,0,0,0,0,0,0,0,0,0,0,0,[0|0],0,[0|0|0|0|0|0|0|0],意图侍奉腐败的人物执行的祷告。\n\n能在右手武器缠绕毒素。\n可以走动执行。\n\n生活在毒物中的人物了解腐败──\n人人平等皆有的生命，那是为此存在的死亡，\n也就是所谓的轮回法则。
7240,猩红艾奥尼亚,1,0,[0|0|0],-1,-1,0,0,-1,0,-1,310030,-1,-1,0,-1,0,6713,0,-1,-1,-1,99,0,0,16,0,0,0,0,0,0,0,[0|0],0,0,0,0,0,0,0,0,0,0,0,1,1,0,0,0,0,0,0,0,0,0,0,0,0,-1,-1,-1,-1,-1,-1,-1,-1,1,0,0,0,0,0,0,0,0,0,0,1,0,2,0,0,0,600,60,1,0,0,0,0,3,0,0,-1,0,-1,-1,-1,0,0,0,0,0,0,0,0,0,0,0,0,0,0,0,0,0,0,[0|0],0,[0|0|0|0|0|0|0|0],玛莲妮亚身为腐败女神的招式。\n\n能绽放大株花朵，引爆猩红腐败。\n\n猩红花每绽放一次，玛莲妮亚会腐败一分。\n如今那花已绽放两次──\n而第三次，她肯定会化为女神。
7300,发狂扩散,1,0,[0|0|0],-1,-1,0,0,-1,0,-1,311040,-1,-1,0,-1,0,6094,0,-1,-1,-1,99,0,0,16,0,0,0,0,0,0,0,[0|0],0,0,0,0,0,0,0,0,0,0,0,1,1,0,0,0,0,0,0,0,0,0,0,0,0,-1,-1,-1,-1,-1,-1,-1,-1,1,0,0,0,0,0,0,0,0,0,0,1,0,2,0,0,0,600,70,1,0,0,0,0,2,0,0,-1,0,-1,-1,-1,0,0,0,0,0,0,0,0,0,0,0,0,0,0,0,0,0,0,[0|0],0,[0|0|0|0|0|0|0|0],源自癫狂叁指的祷告。\n\n能从眼睛燃起黄色癫火，抓住目标，\n传染异常状态发狂。\n执行者本身也会累积发狂量表。\n只对褪色者有效。\n\n眼神相对、互相凝视──\n这大概是人类最为密切的接触。
7310,癫火,0,0,[0|0|0],-1,-1,0,0,-1,0,-1,311000,-1,-1,0,-1,0,6095,0,-1,-1,-1,99,0,0,16,0,0,0,0,0,0,0,[0|0],0,0,0,0,0,0,0,0,0,0,0,1,1,0,0,0,0,0,0,0,0,0,0,0,0,-1,-1,-1,-1,-1,-1,-1,-1,1,0,0,0,0,0,0,0,0,0,0,1,0,2,0,0,0,600,70,1,0,0,0,0,1,0,0,-1,0,-1,-1,-1,0,0,0,0,0,0,0,0,0,0,0,0,0,0,0,0,0,0,[0|0],0,[0|0|0|0|0|0|0|0],源自癫狂叁指的祷告。\n\n能从眼睛迸发黄色癫火。\n借由蓄力能扩大迸发的范围。\n\n癫火在给予敌人伤害的同时，也会累积发狂量表，\n执行者本身也会累积发狂量表。\n发狂只对褪色者有效。
7311,难耐癫火,1,0,[0|0|0],-1,-1,0,0,-1,0,-1,311010,-1,-1,0,-1,0,6096,0,-1,-1,-1,99,0,0,16,0,0,0,0,0,0,0,[0|0],0,0,0,0,0,0,0,0,0,0,0,1,1,0,0,0,0,0,0,0,0,0,0,0,0,-1,-1,-1,-1,-1,-1,-1,-1,1,0,0,0,0,0,0,0,0,0,0,1,0,2,0,0,0,600,70,1,0,0,0,0,2,0,0,-1,0,-1,-1,-1,0,0,0,0,0,0,0,0,0,0,0,0,0,0,0,0,0,0,[0|0],0,[0|0|0|0|0|0|0|0],源自癫狂叁指的祷告。\n\n能从眼睛迸发剧烈黄色癫火。\n持续执行的期间会继续迸发癫火。\n可以走动执行。\n\n受癫火影响，眼珠因此烧烂的罹病者，\n症状伴随令人抓狂的剧痛，\n此为难以忍受所流下的泪水。
7320,划空癫火,1,0,[0|0|0],-1,-1,0,0,-1,0,-1,311020,-1,-1,0,-1,0,6097,0,-1,-1,-1,99,0,0,16,0,0,0,0,0,0,0,[0|0],0,0,0,0,0,0,0,0,0,0,0,1,1,0,0,0,0,0,0,0,0,0,0,0,0,-1,-1,-1,-1,-1,-1,-1,-1,1,0,0,0,0,0,0,0,0,0,0,1,0,2,0,0,0,600,70,1,0,0,0,0,1,0,0,-1,0,-1,-1,-1,0,0,0,0,0,0,0,0,0,0,0,0,0,0,0,0,0,0,[0|0],0,[0|0|0|0|0|0|0|0],源自癫狂叁指的祷告。\n\n能从眼睛凝聚、释放黄色癫火。\n借由蓄力能强化威力、突破防御。\n\n过去试图驾驭癫火的人物，\n在那些绝望的内在战争最后，\n所有人都以发狂收场，无一例外。\n此祷告为稍微胜过癫火的证明。
7330,夏玻利利的嘶吼,1,0,[0|0|0],-1,-1,0,0,-1,0,-1,311030,-1,-1,0,-1,0,6098,0,-1,-1,-1,99,0,0,16,0,0,0,0,0,0,0,[0|0],0,0,0,0,0,0,0,0,0,0,0,1,1,0,0,0,0,0,0,0,0,0,0,0,0,-1,-1,-1,-1,-1,-1,-1,-1,1,0,0,0,0,0,0,0,0,0,0,1,0,2,0,0,0,600,70,1,0,0,0,0,2,0,0,-1,0,-1,-1,-1,0,0,0,0,0,0,0,0,0,0,0,0,0,0,0,0,0,0,[0|0],0,[0|0|0|0|0|0|0|0],源自癫狂叁指的祷告。\n\n能发出疯狂吼声，让周围人物累积发狂量表。\n执行者本身也会累积发狂量表，\n并且会变得容易受敌人攻击。\n\n据说夏玻利利是癫火病的病原，\n是史上最受人憎恨的男人。
7500,熔炉百相之尾,1,0,[0|0|0],-1,-1,0,0,-1,0,-1,303040,-1,-1,0,-1,0,6613,0,-1,-1,-1,99,0,0,16,0,0,0,0,0,0,0,[0|0],0,0,0,0,0,0,0,0,0,0,0,1,1,0,0,0,0,0,0,0,0,0,0,0,0,-1,-1,-1,-1,-1,-1,-1,-1,1,0,0,0,0,0,0,0,0,0,0,1,0,2,0,0,0,600,20,1,0,0,0,0,1,0,0,-1,0,-1,-1,-1,0,0,0,0,0,0,0,0,0,0,0,0,0,0,0,0,0,0,[0|0],0,[0|0|0|0|0|0|0|0],远古黄金树的其中一种祷告。\n\n能形成修长的尾巴，横扫前方。\n借由蓄力能强化威力。\n\n此为黄金树的初始生命力量，\n熔炉的百相之一。\n在过去，生命是相互混合，不分彼此。
7510,熔炉百相之角,1,0,[0|0|0],-1,-1,0,0,-1,0,-1,303050,-1,-1,0,-1,0,6614,0,-1,-1,-1,99,0,0,16,0,0,0,0,0,0,0,[0|0],0,0,0,0,0,0,0,0,0,0,0,1,1,0,0,0,0,0,0,0,0,0,0,0,0,-1,-1,-1,-1,-1,-1,-1,-1,1,0,0,0,0,0,0,0,0,0,0,1,0,2,0,0,0,600,20,1,0,0,0,0,1,0,0,-1,0,-1,-1,-1,0,0,0,0,0,0,0,0,0,0,0,0,0,0,0,0,0,0,[0|0],0,[0|0|0|0|0|0|0|0],远古黄金树的其中一种祷告。\n\n能在肩膀形成硬角，压低姿势再向上突刺。\n借由蓄力能向前推进。\n\n此为黄金树的初始生命力量，\n熔炉的百相之一。\n在过去，生命是相互混合，不分彼此。
7520,熔炉百相之喉囊,1,0,[0|0|0],-1,-1,0,0,-1,0,-1,303030,-1,-1,0,-1,0,6615,0,-1,-1,-1,99,0,0,16,0,0,0,0,0,0,0,[0|0],0,0,0,0,0,0,0,0,0,0,0,1,1,0,0,0,0,0,0,0,0,0,0,0,0,-1,-1,-1,-1,-1,-1,-1,-1,1,0,0,0,0,0,0,0,0,0,0,1,0,2,0,0,0,600,20,1,0,0,0,0,1,0,0,-1,0,-1,-1,-1,0,0,0,0,0,0,0,0,0,0,0,0,0,0,0,0,0,0,[0|0],0,[0|0|0|0|0|0|0|0],远古黄金树的其中一种祷告。\n\n能形成巨大喉囊，一边走动一边喷出火焰吐息。\n借由蓄力能延长喷出吐息的时间。\n\n此为黄金树的初始生命力量，\n熔炉的百相之一。\n在过去，生命是相互混合，不分彼此。
7530,黑剑,1,0,[0|0|0],-1,-1,0,0,-1,0,-1,303070,-1,-1,0,-1,0,6712,0,-1,-1,-1,99,0,0,16,0,0,0,0,0,0,0,[0|0],0,0,0,0,0,0,0,0,0,0,0,1,1,0,0,0,0,0,0,0,0,0,0,0,0,-1,-1,-1,-1,-1,-1,-1,-1,1,0,0,0,0,0,0,0,0,0,0,1,0,2,0,0,0,600,20,1,0,0,0,0,3,0,0,-1,0,-1,-1,-1,0,0,0,0,0,0,0,0,0,0,0,0,0,0,0,0,0,0,[0|0],0,[0|0|0|0|0|0|0|0],从玛利喀斯的追忆获得的力量。\n\n能形成黑剑的幻影，朝前方跳跃，\n旋转剑身的同时攻击敌人，再释放光波。\n仅限一次，能使出追击。\n\n过去寄宿命定之死的黑剑，\n在给予敌人伤害后，会减少血量上限，\n并在极短的时间内，些微、持续减少血量。
7900,火焰重罪,1,0,[0|0|0],-1,-1,0,0,-1,0,-1,306120,-1,-1,0,-1,0,6060,0,-1,-1,-1,99,0,0,16,0,0,0,0,0,0,0,[0|0],0,0,0,0,0,0,0,0,0,0,0,1,1,0,0,0,0,0,0,0,0,0,0,0,0,-1,-1,-1,-1,-1,-1,-1,-1,1,0,0,0,0,0,0,0,0,0,0,1,0,2,0,0,0,600,40,1,0,0,0,0,2,0,0,-1,0,-1,-1,-1,0,0,0,0,0,0,0,0,0,0,0,0,0,0,0,0,0,0,[0|0],0,[0|0|0|0|0|0|0|0],源自最为不祥的预言的祷告。\n\n能引发剧烈自燃，连同周围一起燃烧。\n执行者身上的火焰短时间内不会消失，\n会持续燃烧执行者以及其附近的人物。\n借由蓄力能强化威力。\n\n预言家仰望黄金树，感到绝望──\n因为火种就要伴随灰灭，燃起大火。\n\n　……烧毁黄金树是最为原始的重罪，\n　那是身为人之子万万不得做出的事。
7903,黄金雷防护,1,0,[0|0|0],-1,-1,0,0,-1,0,-1,302020,-1,-1,0,-1,0,6706,0,-1,-1,-1,99,0,0,18,0,0,0,0,0,0,0,[0|0],0,0,0,0,0,0,0,0,0,0,0,1,1,0,0,0,0,0,0,0,0,0,0,0,0,-1,-1,-1,-1,-1,-1,-1,-1,1,0,0,0,0,0,0,0,0,0,0,1,0,2,0,0,0,600,20,1,0,0,0,0,1,0,0,-1,0,-1,-1,-1,0,0,0,0,0,0,0,0,0,0,0,0,0,0,0,0,0,0,[0|0],0,[0|0|0|0|0|0|0|0],黄金树信仰的其中一种祷告。\n\n能包含周围我方人物，大幅提升雷属性减伤率。\n持续执行的期间能维持祷告状态，不会生效。\n\n在“大古龙”古兰桑克斯来袭，\n以及后续爆发的古龙战争时，\n帮助黄金骑士们度过难关的祷告。
8000,石剑钥匙,1,0,[0|0|0],-1,-1,0,0,-1,0,-1,203090,-1,-1,0,-1,0,228,0,-1,-1,-1,99,0,50,1,0,0,0,0,0,0,0,[0|0],0,0,0,0,0,0,0,1,0,0,0,0,1,0,0,0,0,0,0,0,0,0,0,0,0,-1,-1,-1,-1,-1,-1,-1,-1,1,0,0,0,0,0,0,0,0,0,0,1,0,2,0,1,0,600,40,1,0,0,0,0,2,0,0,-1,0,-1,-1,-1,0,0,0,0,0,0,0,0,0,0,0,0,0,0,0,0,0,0,[0|0],0,[0|0|0|0|0|0|0|0],参考剑的外型设计的石制钥匙。\n\n能解开小恶魔像的封印。\n使用后会插在雕像上，从置物包消失。\n\n建议慎选使用时机。
8010,生锈钥匙,1,0,[0|0|0],-1,-1,0,0,-1,0,-1,203110,-1,-1,0,-1,0,229,0,-1,-1,-1,1,0,50,1,0,0,0,0,0,0,0,[0|0],0,0,0,0,0,0,0,0,0,0,0,0,0,0,1,0,0,0,0,0,0,0,0,0,0,-1,-1,-1,-1,-1,-1,-1,-1,1,0,0,0,0,0,0,0,0,0,0,1,0,2,0,1,0,1,40,1,0,0,0,0,1,0,0,-1,0,-1,-1,-1,0,0,0,0,0,0,0,0,0,0,0,0,0,0,0,0,0,0,[0|0],0,[0|0|0|0|0|0|0|0],生锈的铁制钥匙。\n\n能打开史东薇尔城内上锁的门。
8102,[ERROR]透光床帘恩惠,1,0,[0|0|0],3600,-1,0,0,-1,0,-1,0,-1,-1,0,-1,0,0,0,-1,-1,-1,1,0,50,1,2,0,0,39,0,0,0,[0|0],1,1,1,1,1,0,1,1,0,0,1,0,1,0,0,0,0,0,0,0,0,0,0,0,0,-1,-1,-1,-1,-1,302160,302161,-1,1,0,0,0,0,0,0,0,0,1,0,1,0,2,0,1,0,1,255,1,0,0,0,0,1,0,0,-1,0,-1,-1,-1,0,0,0,0,0,0,0,0,0,0,0,0,0,0,0,0,0,0,[0|0],0,[0|0|0|0|0|0|0|0],秘密存在，模样类似寝室的神殿──\n此为与其相关的圣印记。\n紧闭的门扉透出一丝光芒，有如萤火虫邀请入内。\n\n高举祈祷后，能获得庇佑。\n\n作为道具使用后能获得庇佑，得到特殊的效果。\n然而一旦使用就无法解除效果。
8105,迪可达斯符节（左）,1,0,[0|0|0],-1,-1,0,0,-1,0,-1,203180,-1,-1,0,-1,0,3000,0,-1,-1,-1,1,0,50,1,0,0,0,0,0,0,0,[0|0],0,0,0,0,0,0,0,0,0,0,0,0,0,0,1,0,0,0,0,0,0,0,0,0,0,-1,-1,-1,-1,-1,-1,-1,-1,1,0,0,0,0,0,0,0,0,0,0,1,0,2,0,1,0,1,40,1,0,0,0,0,2,0,0,-1,0,-1,-1,-1,0,0,0,0,0,0,0,0,0,0,0,0,0,0,0,0,0,0,[0|0],0,[0|0|0|0|0|0|0|0],表面描绘黄金树图样的符节，\n其左半边的金属制牌。\n\n拼合２个符节，高举过头，\n能启动迪可达斯大升降机，\n连通亚坛高原与利耶尼亚。\n\n据说右半边符节在遥远东方之地，\n收藏在龙墓的法洛斯要塞之中。
8106,迪可达斯符节（右）,1,0,[0|0|0],-1,-1,0,0,-1,0,-1,203190,-1,-1,0,-1,0,3001,0,-1,-1,-1,1,0,50,1,0,0,0,0,0,0,0,[0|0],0,0,0,0,0,0,0,0,0,0,0,0,0,0,1,0,0,0,0,0,0,0,0,0,0,-1,-1,-1,-1,-1,-1,-1,-1,1,0,0,0,0,0,0,0,0,0,0,1,0,2,0,1,0,1,40,1,0,0,0,0,2,0,0,-1,0,-1,-1,-1,0,0,0,0,0,0,0,0,0,0,0,0,0,0,0,0,0,0,[0|0],0,[0|0|0|0|0|0|0|0],表面描绘黄金树图样的符节，\n其右半边的金属制牌。\n\n拼合２个符节，高举过头，\n能启动迪可达斯大升降机，\n连通亚坛高原与利耶尼亚。\n\n据说左半边符节在遥远西方之地，\n收藏在海岸边的海德要塞之中。
8107,洛德符节,1,0,[0|0|0],-1,-1,0,0,-1,0,-1,203200,-1,-1,0,-1,0,3002,0,-1,-1,-1,1,0,50,1,0,0,0,0,0,0,0,[0|0],0,0,0,0,0,0,0,0,0,0,0,0,0,0,1,0,0,0,0,0,0,0,0,0,0,-1,-1,-1,-1,-1,-1,-1,-1,1,0,0,0,0,0,0,0,0,0,0,1,0,2,0,1,0,1,40,1,0,0,0,0,2,0,0,-1,0,-1,-1,-1,0,0,0,0,0,0,0,0,0,0,0,0,0,0,0,0,0,0,[0|0],0,[0|0|0|0|0|0|0|0],表面描绘火焰之巅图样的符节。\n已凑齐左右半边。\n\n高举此符节，能够启动洛德大升降机，\n连通罗德尔与巨人山顶。\n\n与梅琳娜再次旅行的目的地，\n那只灰灭火焰大锅，据说就在山顶的前头。
8109,学院辉石钥匙,1,0,[0|0|0],-1,-1,0,0,-1,0,-1,203150,-1,-1,0,-1,0,3006,0,-1,-1,-1,1,0,50,1,0,0,0,0,0,0,0,[0|0],0,0,0,0,0,0,0,0,0,0,0,0,0,0,1,0,0,0,0,0,0,0,0,0,0,-1,-1,-1,-1,-1,-1,-1,-1,1,0,0,0,0,0,0,0,0,0,0,1,0,2,0,1,0,1,40,1,0,0,0,0,2,0,0,-1,0,-1,-1,-1,0,0,0,0,0,0,0,0,0,0,0,0,0,0,0,0,0,0,[0|0],0,[0|0|0|0|0|0|0|0],魔法学院雷亚卢卡利亚，\n与其２道大门的封印有关的钥匙。\n\n能启动封印里暗藏的传送魔法。\n\n辉石钥匙会记忆使用者，\n因此使用过后就无法转让他人。\n学院不希望闲杂人等靠近。
8111,卡利亚颠倒像,1,0,[0|0|0],-1,-1,0,0,-1,0,-1,203170,-1,-1,0,-1,0,3060,0,-1,-1,-1,1,0,50,1,0,0,0,0,0,0,0,[0|0],0,0,0,0,0,0,0,0,0,0,0,0,0,0,1,0,0,0,0,0,0,0,0,0,0,-1,-1,-1,-1,-1,-1,-1,-1,1,0,0,0,0,0,0,0,0,0,0,1,0,2,0,1,0,1,40,1,0,0,0,0,2,0,0,-1,0,-1,-1,-1,0,0,0,0,0,0,0,0,0,0,0,0,0,0,0,0,0,0,[0|0],0,[0|0|0|0|0|0|0|0],上下颠倒的魔法学徒雕像。\n\n能揭开卡利亚书斋\n那与神授塔相连的隐藏样貌的关键。\n\n想要一窥秘密，把它放上星象仪的基座吧。
8121,暗月戒指,1,0,[0|0|0],-1,-1,0,0,-1,0,-1,204290,-1,-1,0,-1,0,3050,0,-1,-1,-1,1,0,50,1,0,0,0,0,0,0,0,[0|0],0,0,0,0,0,0,0,0,0,0,0,0,0,0,1,0,0,0,0,0,0,0,0,0,0,-1,-1,-1,-1,-1,-1,-1,-1,1,0,0,0,0,0,0,0,0,0,0,1,0,2,0,1,0,1,50,1,0,0,0,0,3,0,0,-1,0,-1,-1,-1,0,0,0,0,0,0,0,0,0,0,0,0,0,0,0,0,0,0,[0|0],0,[0|0|0|0|0|0|0|0],以黑暗满月为形象制成的大颗戒指。\n原本是“月之公主”菈妮\n赠予伴侣的冰冷契约戒指。\n\n如果菈妮是神人，所谓的伴侣也就是王。\n\n戒指刻上了警告：\n所有人物，皆不得拿取此物。\n黑夜彼端所有的孤独，仅属于我。
8126,指痕葡萄,1,0,[0|0|0],-1,-1,0,0,-1,0,-1,204040,-1,-1,0,-1,0,3054,0,-1,-1,-1,1,0,50,1,0,0,0,0,0,0,0,[0|0],0,0,0,0,0,0,0,0,0,0,0,0,0,0,1,0,0,0,0,0,0,0,0,0,0,-1,-1,-1,-1,-1,-1,-1,-1,1,0,0,0,0,0,0,0,0,0,0,1,0,2,0,1,0,1,50,1,0,0,0,0,3,0,0,-1,0,-1,-1,-1,0,0,0,0,0,0,0,0,0,0,0,0,0,0,0,0,0,0,[0|0],0,[0|0|0|0|0|0|0|0],骑士维克烧烂发黄的眼球。\n与他全身上下的烫伤痕迹一样，\n指痕的烫伤痕清晰可见。\n\n只要献给盲眼的女巫，\n就能引导她走向彼岸灯火，\n让她成为指头女巫。
8127,来自火山官邸的信,1,0,[0|0|0],-1,-1,0,0,-1,0,-1,451010,-1,-1,0,-1,0,3055,0,-1,-1,-1,1,0,50,12,0,0,0,0,0,0,0,[0|0],0,0,0,0,0,0,0,0,0,0,0,0,0,0,1,0,0,0,0,0,0,0,0,0,0,-1,-1,-1,-1,-1,-1,-1,-1,1,0,0,0,0,0,0,0,0,0,0,1,0,2,0,1,0,1,10,1,0,0,0,0,2,0,0,-1,0,-1,-1,-1,0,0,0,0,0,0,0,0,0,0,0,0,0,0,0,0,0,0,[0|0],0,[0|0|0|0|0|0|0|0],来自火山官邸的委托信。\n上头记载着狩猎同胞时的指定对象：\n\n　“古老骑士”伊修托邦\n\n　这个男人在宁姆格福。\n　详细地点看地图上的红色标记。
8128,遗忘秘药,1,0,[0|0|0],-1,-1,0,0,-1,0,-1,204070,-1,-1,0,-1,0,3056,0,-1,-1,-1,1,0,50,1,0,0,0,0,0,0,0,[0|0],0,0,0,0,0,0,0,0,0,0,0,0,0,0,1,0,0,0,0,0,0,0,0,0,0,-1,-1,-1,-1,-1,-1,-1,-1,1,0,0,0,0,0,0,0,0,0,0,1,0,2,0,1,0,1,50,1,0,0,0,0,2,0,0,-1,0,-1,-1,-1,0,0,0,0,0,0,0,0,0,0,0,0,0,0,0,0,0,0,[0|0],0,[0|0|0|0|0|0|0|0],装在铜制小瓶子内的秘药。\n\n能够忘记一切痛苦、烦恼的秘药。\n\n誓言亵渎的拉卡德赠予的物品，\n然而塔妮丝不愿使用。\n\n　吾王啊，还有什么样的苦恼，\n　能比得上忘记您这件事呢？
8129,蛇的羊膜,1,0,[0|0|0],-1,-1,0,0,-1,0,-1,204060,-1,-1,0,-1,0,3057,0,-1,-1,-1,1,0,50,1,0,0,0,0,0,0,0,[0|0],0,0,0,0,0,0,0,0,0,0,0,0,0,0,1,0,0,0,0,0,0,0,0,0,0,-1,-1,-1,-1,-1,-1,-1,-1,1,0,0,0,0,0,0,0,0,0,0,1,0,2,0,1,0,1,50,1,0,0,0,0,2,0,0,-1,0,-1,-1,-1,0,0,0,0,0,0,0,0,0,0,0,0,0,0,0,0,0,0,[0|0],0,[0|0|0|0|0|0|0|0],在可怖的诞生仪式中的弃子，\n其在母体内包覆的羊膜。\n\n不管经过多久依然湿润，不会干涸。
8130,[ERROR]菈雅的项链,1,0,[0|0|0],-1,-1,0,0,-1,0,-1,0,-1,-1,0,-1,0,3064,0,-1,-1,-1,1,0,50,1,0,0,0,0,0,0,0,[0|0],0,0,0,0,0,0,0,0,0,0,0,0,0,0,1,0,0,0,0,0,0,0,0,0,0,-1,-1,-1,-1,-1,-1,-1,-1,1,0,0,0,0,0,0,0,0,0,0,1,0,2,0,1,0,1,255,1,0,0,0,0,1,0,0,-1,0,-1,-1,-1,0,0,0,0,0,0,0,0,0,0,0,0,0,0,0,0,0,0,[0|0],0,[0|0|0|0|0|0|0|0],菈雅被流氓拿走的项链。\n炼坠上有着气质凛然的异国女性浮雕。\n\n好像是菈雅的贵重物品。
8131,伊蕾娜的信,1,0,[0|0|0],-1,-1,0,0,-1,0,-1,204020,-1,-1,0,-1,0,3059,0,-1,-1,-1,1,0,50,1,0,0,0,0,0,0,0,[0|0],0,0,0,0,0,0,0,0,0,0,0,0,0,0,1,0,0,0,0,0,0,0,0,0,0,-1,-1,-1,-1,-1,-1,-1,-1,1,0,0,0,0,0,0,0,0,0,0,1,0,2,0,1,0,1,50,1,0,0,0,0,1,0,0,-1,0,-1,-1,-1,0,0,0,0,0,0,0,0,0,0,0,0,0,0,0,0,0,0,[0|0],0,[0|0|0|0|0|0|0|0],伊蕾娜托付的信。\n收件者是摩恩城的掌权者，伊蕾娜的父亲。\n\n信的内容好像写在略带血污，\n上等的绢丝手帕里头。
8132,来自火山官邸的信,1,0,[0|0|0],-1,-1,0,0,-1,0,-1,451020,-1,-1,0,-1,0,3055,0,-1,-1,-1,1,0,50,12,0,0,0,0,0,0,0,[0|0],0,0,0,0,0,0,0,0,0,0,0,0,0,0,1,0,0,0,0,0,0,0,0,0,0,-1,-1,-1,-1,-1,-1,-1,-1,1,0,0,0,0,0,0,0,0,0,0,1,0,2,0,1,0,1,10,1,0,0,0,0,2,0,0,-1,0,-1,-1,-1,0,0,0,0,0,0,0,0,0,0,0,0,0,0,0,0,0,0,[0|0],0,[0|0|0|0|0|0|0|0],来自火山官邸的委托信。\n上头记载着狩猎同胞时的指定对象：\n\n　“黄昏将尽”莱利\n\n　这个男人在亚坛高原。\n　详细地点看地图上的红色标记。
8133,鲜红书信,1,0,[0|0|0],-1,-1,0,0,-1,0,-1,451030,-1,-1,0,-1,0,3061,0,-1,-1,-1,1,0,50,12,0,0,0,0,0,0,0,[0|0],0,0,0,0,0,0,0,0,0,0,0,0,0,0,1,0,0,0,0,0,0,0,0,0,0,-1,-1,-1,-1,-1,-1,-1,-1,1,0,0,0,0,0,0,0,0,0,0,1,0,2,0,1,0,1,10,1,0,0,0,0,2,0,0,-1,0,-1,-1,-1,0,0,0,0,0,0,0,0,0,0,0,0,0,0,0,0,0,0,[0|0],0,[0|0|0|0|0|0|0|0],来自火山官邸的委托信。\n信纸鲜红的最后一笔委托。\n上头记载着狩猎同胞时的指定对象：\n\n　“血言骑士”尤诺·霍斯劳\n\n　这个男人在巨人山顶。\n　详细地点看地图上的红色标记。
8134,客房钥匙,1,0,[0|0|0],-1,-1,0,0,-1,0,-1,203120,-1,-1,0,-1,0,3062,0,-1,-1,-1,1,0,50,1,0,0,0,0,0,0,0,[0|0],0,0,0,0,0,0,0,0,0,0,0,0,0,0,1,0,0,0,0,0,0,0,0,0,0,-1,-1,-1,-1,-1,-1,-1,-1,1,0,0,0,0,0,0,0,0,0,0,1,0,2,0,1,0,1,40,1,0,0,0,0,2,0,0,-1,0,-1,-1,-1,0,0,0,0,0,0,0,0,0,0,0,0,0,0,0,0,0,0,[0|0],0,[0|0|0|0|0|0|0|0],火山官邸的客房钥匙。\n\n客房在往西延伸的走廊尽头左手边。
8136,菈雅的项链,1,0,[0|0|0],-1,-1,0,0,-1,0,-1,204050,-1,-1,0,-1,0,3064,0,-1,-1,-1,1,0,50,1,0,0,0,0,0,0,0,[0|0],0,0,0,0,0,0,0,0,0,0,0,0,0,0,1,0,0,0,0,0,0,0,0,0,0,-1,-1,-1,-1,-1,-1,-1,-1,1,0,0,0,0,0,0,0,0,0,0,1,0,2,0,1,0,1,50,1,0,0,0,0,1,0,0,-1,0,-1,-1,-1,0,0,0,0,0,0,0,0,0,0,0,0,0,0,0,0,0,0,[0|0],0,[0|0|0|0|0|0|0|0],菈雅被流氓拿走的项链。\n链坠上有着气质凛然的异国女性浮雕。\n\n好像是菈雅的贵重物品。
8137,火山官邸的邀请函,1,0,[0|0|0],-1,-1,0,0,-1,0,-1,451000,-1,-1,0,-1,0,3055,0,-1,-1,-1,1,0,50,12,0,0,0,0,0,0,0,[0|0],0,0,0,0,0,0,0,0,0,0,0,0,0,0,1,0,0,0,0,0,0,0,0,0,0,-1,-1,-1,-1,-1,-1,-1,-1,1,0,0,0,0,0,0,0,0,0,0,1,0,2,0,1,0,1,10,1,0,0,0,0,2,0,0,-1,0,-1,-1,-1,0,0,0,0,0,0,0,0,0,0,0,0,0,0,0,0,0,0,[0|0],0,[0|0|0|0|0|0|0|0],菈雅给予的信，帮忙拿回项链的谢礼。\n\n内容写着邀请加入火山官邸：\n\n　拥有英雄资质的褪色者啊，\n　请您朝着黄金树大地的亚坛高原前进。\n\n　只要您顺利抵达那地方，\n　火山官邸肯定会正式邀请您，\n　成为并肩作战的英雄──成为族人。
8142,琥珀星光,1,0,[0|0|0],-1,-1,0,0,-1,0,-1,204240,-1,-1,0,-1,0,3283,0,-1,-1,-1,1,0,50,1,0,0,0,0,0,0,0,[0|0],0,0,0,0,0,0,0,0,0,0,0,0,0,0,1,0,0,0,0,0,0,0,0,0,0,-1,-1,-1,-1,-1,-1,-1,-1,1,0,0,0,0,0,0,0,0,0,0,1,0,2,0,1,0,1,50,1,0,0,0,0,3,0,0,-1,0,-1,-1,-1,0,0,0,0,0,0,0,0,0,0,0,0,0,0,0,0,0,0,[0|0],0,[0|0|0|0|0|0|0|0],瞬间流逝而过的星光所产生的碎屑，\n发出琥珀光的虚幻碎片。\n\n如果说，是星光在掌管命运，\n琥珀色的星光就代表着诸神的命运。\n为制作特殊药水的材料。\n\n人类之身无法饮用。
8143,赛尔维斯的介绍信,1,0,[0|0|0],-1,-1,0,0,-1,0,-1,204230,-1,-1,0,-1,0,3071,0,-1,-1,-1,1,0,50,1,0,0,0,0,0,0,0,[0|0],0,0,0,0,0,0,0,0,0,0,0,0,0,0,1,0,0,0,0,0,0,0,0,0,0,-1,-1,-1,-1,-1,-1,-1,-1,1,0,0,0,0,0,0,0,0,0,0,1,0,2,0,1,0,1,50,1,0,0,0,0,2,0,0,-1,0,-1,-1,-1,0,0,0,0,0,0,0,0,0,0,0,0,0,0,0,0,0,0,[0|0],0,[0|0|0|0|0|0|0|0],表面刻有王室徽章的书信卷轴。\n魔法教授赛尔维斯写下的介绍信。\n\n寄给据说人在宁姆格福的\n辉石魔法师瑟濂。\n\n无法看到里头写了什么。
8144,瑟濂的源辉石,1,0,[0|0|0],-1,-1,0,0,-1,0,-1,204210,-1,-1,0,-1,0,3072,0,-1,-1,-1,1,0,50,1,0,0,0,0,0,0,0,[0|0],0,0,0,0,0,0,0,0,0,0,0,0,0,0,1,0,0,0,0,0,0,0,0,0,0,-1,-1,-1,-1,-1,-1,-1,-1,1,0,0,0,0,0,0,0,0,0,0,1,0,2,0,1,0,1,50,1,0,0,0,0,2,0,0,-1,0,-1,-1,-1,0,0,0,0,0,0,0,0,0,0,0,0,0,0,0,0,0,0,[0|0],0,[0|0|0|0|0|0|0|0],魔法师瑟濂体内的辉石。\n已有一半化为生命体，\n也能看见类似血管的物体。\n\n所谓的源辉石，是魔法师的灵魂。\n在旧身体死亡之后，\n将源辉石移植到调性合拍的新身体上，\n魔法师就能复活。\n\n　徒弟啊，你会觉得恐怖吗？
8146,娇小菈妮,1,0,[0|0|0],-1,-1,0,0,-1,0,-1,204270,-1,-1,0,-1,0,3074,0,-1,-1,-1,1,0,50,1,0,0,0,0,0,0,0,[0|0],0,0,0,0,0,0,0,0,0,0,0,0,0,0,1,0,0,0,0,0,0,0,0,0,0,-1,-1,-1,-1,-1,-1,-1,-1,1,0,0,0,0,0,0,0,0,0,0,1,0,2,0,1,0,1,50,1,0,0,0,0,2,0,0,-1,0,-1,-1,-1,0,0,0,0,0,0,0,0,0,0,0,0,0,0,0,0,0,0,[0|0],0,[0|0|0|0|0|0|0|0],和魔女菈妮一模一样的小人偶。\n细微的部分也做得很精致。\n\n毫无反应的人偶，让人感到一丝冰冷。
8147,[ERROR]“银色泪滴”阿史米,1,0,[0|0|0],-1,-1,0,0,-1,0,-1,0,-1,-1,0,-1,0,0,0,-1,-1,-1,1,0,50,1,0,0,0,0,0,0,0,[0|0],0,0,0,0,0,0,0,0,0,0,0,0,0,0,1,0,0,0,0,0,0,0,0,0,0,-1,-1,-1,-1,-1,-1,-1,-1,1,0,0,0,0,0,0,0,0,0,0,1,0,2,0,1,0,1,255,1,0,0,0,0,1,0,0,-1,0,-1,-1,-1,0,0,0,0,0,0,0,0,0,0,0,0,0,0,0,0,0,0,[0|0],0,[0|0|0|0|0|0|0|0],
8148,葛瑞克的大卢恩,1,0,[0|0|0],-1,-1,0,0,-1,0,-1,203030,-1,-1,0,-1,0,3078,0,-1,-1,-1,1,0,50,1,0,0,0,0,0,0,0,[0|0],0,0,0,0,0,0,0,0,0,0,0,0,0,0,1,0,0,0,0,0,0,0,0,0,0,-1,-1,-1,-1,-1,-1,-1,-1,1,0,0,0,0,0,0,0,0,0,0,1,0,2,0,1,0,1,40,1,0,0,0,0,3,0,0,-1,0,-1,-1,-1,0,0,0,0,0,0,0,0,0,0,0,0,0,0,0,0,0,0,[0|0],710810,[0|0|0|0|0|0|0|0],“碎片君王”葛瑞克的大卢恩。\n已经失去恩惠的力量。\n\n从史东薇尔城出发，走过高耸的桥梁，\n朝宁姆格福神授塔前进吧。
8149,拉塔恩的大卢恩,1,0,[0|0|0],-1,-1,0,0,-1,0,-1,203050,-1,-1,0,-1,0,3079,0,-1,-1,-1,1,0,50,1,0,0,0,0,0,0,0,[0|0],0,0,0,0,0,0,0,0,0,0,0,0,0,0,1,0,0,0,0,0,0,0,0,0,0,-1,-1,-1,-1,-1,-1,-1,-1,1,0,0,0,0,0,0,0,0,0,0,1,0,2,0,1,0,1,40,1,0,0,0,0,3,0,0,-1,0,-1,-1,-1,0,0,0,0,0,0,0,0,0,0,0,0,0,0,0,0,0,0,[0|0],710810,[0|0|0|0|0|0|0|0],“碎片君王”拉塔恩的大卢恩。\n已经失去恩惠的力量。\n\n朝建造在龙墓绝壁上的\n盖利德神授塔前进吧。
8150,蒙葛特的大卢恩,1,0,[0|0|0],-1,-1,0,0,-1,0,-1,203060,-1,-1,0,-1,0,3080,0,-1,-1,-1,1,0,50,1,0,0,0,0,0,0,0,[0|0],0,0,0,0,0,0,0,0,0,0,0,0,0,0,1,0,0,0,0,0,0,0,0,0,0,-1,-1,-1,-1,-1,-1,-1,-1,1,0,0,0,0,0,0,0,0,0,0,1,0,2,0,1,0,1,40,1,0,0,0,0,3,0,0,-1,0,-1,-1,-1,0,0,0,0,0,0,0,0,0,0,0,0,0,0,0,0,0,0,[0|0],710810,[0|0|0|0|0|0|0|0],“碎片君王”蒙葛特的大卢恩。\n已经失去恩惠的力量。\n\n从罗德尔东边城区出发，走过高耸的桥梁，\n朝东亚坛神授塔前进吧。
8151,拉卡德的大卢恩,1,0,[0|0|0],-1,-1,0,0,-1,0,-1,203040,-1,-1,0,-1,0,3081,0,-1,-1,-1,1,0,50,1,0,0,0,0,0,0,0,[0|0],0,0,0,0,0,0,0,0,0,0,0,0,0,0,1,0,0,0,0,0,0,0,0,0,0,-1,-1,-1,-1,-1,-1,-1,-1,1,0,0,0,0,0,0,0,0,0,0,1,0,2,0,1,0,1,40,1,0,0,0,0,3,0,0,-1,0,-1,-1,-1,0,0,0,0,0,0,0,0,0,0,0,0,0,0,0,0,0,0,[0|0],710810,[0|0|0|0|0|0|0|0],“碎片君王”拉卡德的大卢恩。\n已经失去恩惠的力量。\n\n朝建造在罗德尔西南方绝壁上的\n西亚坛神授塔前进吧。
8152,蒙格的大卢恩,1,0,[0|0|0],-1,-1,0,0,-1,0,-1,203070,-1,-1,0,-1,0,3082,0,-1,-1,-1,1,0,50,1,0,0,0,0,0,0,0,[0|0],0,0,0,0,0,0,0,0,0,0,0,0,0,0,1,0,0,0,0,0,0,0,0,0,0,-1,-1,-1,-1,-1,-1,-1,-1,1,0,0,0,0,0,0,0,0,0,0,1,0,2,0,1,0,1,40,1,0,0,0,0,3,0,0,-1,0,-1,-1,-1,0,0,0,0,0,0,0,0,0,0,0,0,0,0,0,0,0,0,[0|0],710810,[0|0|0|0|0|0|0|0],“碎片君王”蒙格的大卢恩。\n已经失去恩惠的力量。\n\n从罗德尔东边城区出发，走过高耸的桥梁，\n朝东亚坛神授塔前进吧。
8153,玛莲妮亚的大卢恩,1,0,[0|0|0],-1,-1,0,0,-1,0,-1,203080,-1,-1,0,-1,0,3083,0,-1,-1,-1,1,0,50,1,0,0,0,0,0,0,0,[0|0],0,0,0,0,0,0,0,0,0,0,0,0,0,0,1,0,0,0,0,0,0,0,0,0,0,-1,-1,-1,-1,-1,-1,-1,-1,1,0,0,0,0,0,0,0,0,0,0,1,0,2,0,1,0,1,40,1,0,0,0,0,3,0,0,-1,0,-1,-1,-1,0,0,0,0,0,0,0,0,0,0,0,0,0,0,0,0,0,0,[0|0],710810,[0|0|0|0|0|0|0|0],“碎片君王”玛莲妮亚的大卢恩。\n已经失去恩惠的力量。\n\n从失落的高耸断桥尽头，\n朝孤立神授塔前进吧。
8154,鲜血君王的立誓布,1,0,[0|0|0],-1,-1,0,0,-1,0,-1,204140,-1,-1,0,-1,0,3087,0,-1,-1,-1,1,0,50,1,0,0,0,0,0,0,0,[0|0],0,0,0,0,0,0,0,0,0,0,0,0,0,0,1,0,0,0,0,0,0,0,0,0,0,-1,-1,-1,-1,-1,-1,-1,-1,1,0,0,0,0,0,0,0,0,0,0,1,0,2,0,1,0,1,50,1,0,0,0,0,2,0,0,-1,0,-1,-1,-1,0,0,0,0,0,0,0,0,0,0,0,0,0,0,0,0,0,0,[0|0],0,[0|0|0|0|0|0|0|0],梵雷给予的纯白立誓布。\n要成为“鲜血君王”蒙格的骑士，\n必须完成最后一道试炼。\n\n　请用那块布浸满女巫的血。\n　……但因为你没有女巫，\n　所以用其他女巫的血也无妨。
8155,鲜血君王的立誓布,1,0,[0|0|0],-1,-1,0,0,-1,0,-1,204150,-1,-1,0,-1,0,3088,0,-1,-1,-1,1,0,50,1,0,0,0,0,0,0,0,[0|0],0,0,0,0,0,0,0,0,0,0,0,0,0,0,1,0,0,0,0,0,0,0,0,0,0,-1,-1,-1,-1,-1,-1,-1,-1,1,0,0,0,0,0,0,0,0,0,0,1,0,2,0,1,0,1,50,1,0,0,0,0,2,0,0,-1,0,-1,-1,-1,0,0,0,0,0,0,0,0,0,0,0,0,0,0,0,0,0,0,[0|0],0,[0|0|0|0|0|0|0|0],沾满女巫血液，通红的立誓布。\n\n最后的试炼已经结束。\n鲜血君王想必会欢迎你这位骑士，\n一同建立新王朝。
8156,[ERROR]墓地乌鸦的信,1,0,[0|0|0],-1,-1,0,0,-1,0,-1,0,-1,-1,0,-1,0,0,0,-1,-1,-1,1,0,50,1,0,0,0,0,0,0,0,[0|0],0,0,0,0,0,0,0,0,0,0,0,0,0,0,1,0,0,0,0,0,0,0,0,0,0,-1,-1,-1,-1,-1,-1,-1,-1,1,0,0,0,0,0,0,0,0,0,0,1,0,2,0,1,0,1,255,1,0,0,0,0,1,0,0,-1,0,-1,-1,-1,0,0,0,0,0,0,0,0,0,0,0,0,0,0,0,0,0,0,[0|0],0,[0|0|0|0|0|0|0|0],
8158,召魂铃,1,0,[0|0|0],-1,-1,0,0,-1,0,-1,206050,-1,-1,0,-1,0,3092,0,-1,-1,-1,1,0,50,1,0,0,0,0,0,0,0,[0|0],0,0,0,0,0,0,0,0,0,0,0,0,0,0,0,0,0,0,0,0,0,0,0,0,0,-1,-1,-1,-1,-1,-1,-1,-1,1,0,0,0,0,0,0,0,0,0,0,1,0,2,0,1,0,1,60,1,0,0,0,0,2,0,0,-1,0,-1,-1,-1,0,0,0,0,0,0,0,0,0,0,0,0,0,0,0,0,0,0,[0|0],0,[0|0|0|0|0|0|0|0],透过骨灰召唤各种灵魂的摇铃。\n召唤时基本上需要消耗专注值。\n\n只能在还魂碑附近进行召唤，\n能召唤灵魂时，画面左侧会出现碑文图案。\n\n在同一时间内，只能召唤１种灵魂。\n多人联机游玩时无法召唤灵魂。
8159,猎杀指头刀,1,0,[0|0|0],-1,-1,0,0,-1,0,-1,204260,-1,-1,0,-1,0,3093,0,-1,-1,-1,1,0,50,1,0,0,0,0,0,0,0,[0|0],0,0,0,0,0,0,0,0,0,0,0,0,0,0,1,0,0,0,0,0,0,0,0,0,0,-1,-1,-1,-1,-1,-1,-1,-1,1,0,0,0,0,0,0,0,0,0,0,1,0,2,0,1,0,1,50,1,0,0,0,0,3,0,0,-1,0,-1,-1,-1,0,0,0,0,0,0,0,0,0,0,0,0,0,0,0,0,0,0,[0|0],0,[0|0|0|0|0|0|0|0],“永恒之城”诺克隆恩的秘密宝藏。\n据说是生自尸体的刀。\n\n此为永恒之城大逆不道的证据，\n也是灭城的象征。染血的诅咒物。\n\n没有相关命运的人，无法使用。\n据说能够伤害无上意志，\n以及服侍祂的各个使者。
8161,缝衣针,1,0,[0|0|0],-1,-1,0,0,-1,0,-1,206120,-1,-1,0,-1,0,3095,0,-1,-1,-1,1,0,50,1,0,0,0,0,0,0,0,[0|0],0,0,0,0,0,0,0,0,0,0,0,0,0,0,1,0,0,0,0,0,0,0,0,0,0,-1,-1,-1,-1,-1,-1,-1,-1,1,0,0,0,0,0,0,0,0,0,0,1,0,2,0,1,0,1,60,1,0,0,0,0,1,0,0,-1,0,-1,-1,-1,0,0,0,0,0,0,0,0,0,0,0,0,0,0,0,0,0,0,[0|0],0,[0|0|0|0|0|0|0|0],弯如兽牙，粗大的缝衣针。\n亚人柏克很珍惜的物品。
8162,黄金缝衣针,1,0,[0|0|0],-1,-1,0,0,-1,0,-1,206130,-1,-1,0,-1,0,3096,0,-1,-1,-1,1,0,50,1,0,0,0,0,0,0,0,[0|0],0,0,0,0,0,0,0,0,0,0,0,0,0,0,1,0,0,0,0,0,0,0,0,0,0,-1,-1,-1,-1,-1,-1,-1,-1,1,0,0,0,0,0,0,0,0,0,0,1,0,2,0,1,0,1,60,1,0,0,0,0,2,0,0,-1,0,-1,-1,-1,0,0,0,0,0,0,0,0,0,0,0,0,0,0,0,0,0,0,[0|0],0,[0|0|0|0|0|0|0|0],使用黄金制成的粗大缝衣针。\n修改半神服装用的特殊物品。\n\n在拉达冈成为满月女王的丈夫时，\n为了同居所携带的行李之一。
8163,裁缝工具,1,0,[0|0|0],-1,-1,0,0,-1,0,-1,206140,-1,-1,0,-1,0,3097,0,-1,-1,-1,1,0,50,1,0,0,0,0,0,0,0,[0|0],0,0,0,0,0,0,0,0,0,0,0,0,0,0,0,0,0,0,0,0,0,0,0,0,0,-1,-1,-1,-1,-1,-1,-1,-1,1,0,0,0,0,0,0,0,0,0,0,1,0,2,0,1,0,1,60,1,0,0,0,0,2,0,0,-1,0,-1,-1,-1,0,0,0,0,0,0,0,0,0,0,0,0,0,0,0,0,0,0,[0|0],0,[0|0|0|0|0|0|0|0],方便携带的裁缝工具。\n\n有了此物，就能在赐福修改防具。
8164,赛尔维斯的药水,1,0,[0|0|0],-1,-1,0,0,-1,0,-1,204220,-1,-1,0,-1,0,3098,0,-1,-1,-1,1,0,50,1,0,0,0,0,0,0,0,[0|0],0,0,0,0,0,0,0,0,0,0,0,0,0,0,1,0,0,0,0,0,0,0,0,0,0,-1,-1,-1,-1,-1,-1,-1,-1,1,0,0,0,0,0,0,0,0,0,0,1,0,2,0,1,0,1,50,1,0,0,0,0,2,0,0,-1,0,-1,-1,-1,0,0,0,0,0,0,0,0,0,0,0,0,0,0,0,0,0,0,[0|0],0,[0|0|0|0|0|0|0|0],魔法教授赛尔维斯给予的小药瓶。\n漆黑中带点蓝色的污浊药水。\n\n　找出名叫涅斐丽的女人，让她喝下药水。
8165,,1,0,[0|0|0],-1,-1,0,0,-1,0,-1,0,-1,-1,0,-1,0,0,0,-1,-1,-1,1,0,50,1,0,0,0,0,0,0,0,[0|0],0,0,0,0,0,0,0,0,0,0,0,0,0,0,1,0,0,0,0,0,0,0,0,0,0,-1,-1,-1,-1,-1,-1,-1,-1,1,0,0,0,0,0,0,0,0,0,0,1,0,2,0,1,0,1,255,1,0,0,0,0,1,0,0,-1,0,-1,-1,-1,0,0,0,0,0,0,0,0,0,0,0,0,0,0,0,0,0,0,[0|0],0,[0|0|0|0|0|0|0|0],
8166,琥珀色药水,1,0,[0|0|0],-1,-1,0,0,-1,0,-1,204250,-1,-1,0,-1,0,3100,0,-1,-1,-1,1,0,50,1,0,0,0,0,0,0,0,[0|0],0,0,0,0,0,0,0,0,0,0,0,0,0,0,1,0,0,0,0,0,0,0,0,0,0,-1,-1,-1,-1,-1,-1,-1,-1,1,0,0,0,0,0,0,0,0,0,0,1,0,2,0,1,0,1,50,1,0,0,0,0,3,0,0,-1,0,-1,-1,-1,0,0,0,0,0,0,0,0,0,0,0,0,0,0,0,0,0,0,[0|0],0,[0|0|0|0|0|0|0|0],魔法教授赛尔维斯给予的小药瓶。\n闪耀着琥珀色光芒，用于“秘密”的药水。\n\n　让菈妮喝下吧。\n　你我就能得到上乘的傀儡，\n　尽情品味她的美。
8167,给帕奇的信,1,0,[0|0|0],-1,-1,0,0,-1,0,-1,451040,-1,-1,0,-1,0,3101,0,-1,-1,-1,1,0,50,12,0,0,0,0,0,0,0,[0|0],0,0,0,0,0,0,0,0,0,0,0,0,0,0,1,0,0,0,0,0,0,0,0,0,0,-1,-1,-1,-1,-1,-1,-1,-1,1,0,0,0,0,0,0,0,0,0,0,1,0,2,0,1,0,1,10,1,0,0,0,0,2,0,0,-1,0,-1,-1,-1,0,0,0,0,0,0,0,0,0,0,0,0,0,0,0,0,0,0,[0|0],0,[0|0|0|0|0|0|0|0],来自火山官邸，寄给帕奇的委托信。\n上头记载着狩猎同胞时的指定对象：\n\n　“大角”忒拉格斯\n\n　这个男人在古遗迹断崖。\n　详细地点看地图上的红色标记。
8168,舞娘的打击乐器,1,0,[0|0|0],-1,-1,0,0,-1,0,-1,204080,-1,-1,0,-1,0,3102,0,-1,-1,-1,1,0,50,1,0,0,0,0,0,0,0,[0|0],0,0,0,0,0,0,0,0,0,0,0,0,0,0,1,0,0,0,0,0,0,0,0,0,0,-1,-1,-1,-1,-1,-1,-1,-1,1,0,0,0,0,0,0,0,0,0,0,1,0,2,0,1,0,1,50,1,0,0,0,0,1,0,0,-1,0,-1,-1,-1,0,0,0,0,0,0,0,0,0,0,0,0,0,0,0,0,0,0,[0|0],0,[0|0|0|0|0|0|0|0],帕奇给予的小型打击乐器。\n异国舞娘使用的物品。\n\n舞娘的舞蹈热情奔放，\n其中没有一丝谄媚，凛然又美丽。
8169,瑟利亚封印钥匙,1,0,[0|0|0],-1,-1,0,0,-1,0,-1,203160,-1,-1,0,-1,0,3103,0,-1,-1,-1,1,0,50,1,0,0,0,0,0,0,0,[0|0],0,0,0,0,0,0,0,0,0,0,0,0,0,0,1,0,0,0,0,0,0,0,0,0,0,-1,-1,-1,-1,-1,-1,-1,-1,1,0,0,0,0,0,0,0,0,0,0,1,0,2,0,1,0,1,40,1,0,0,0,0,2,0,0,-1,0,-1,-1,-1,0,0,0,0,0,0,0,0,0,0,0,0,0,0,0,0,0,0,[0|0],0,[0|0|0|0|0|0|0|0],魔法师瑟濂给予的辉石钥匙。\n\n能解除囚禁卢瑟特大师的封印。\n\n魔法镇瑟利亚位在盖利德，\n据说这把钥匙是该镇的魔法师所有。
8171,蛹群的遗物,1,0,[0|0|0],-1,-1,0,0,-1,0,-1,204000,-1,-1,0,-1,0,3105,0,-1,-1,-1,1,0,50,1,0,0,0,0,0,0,0,[0|0],0,0,0,0,0,0,0,0,0,0,0,0,0,0,1,0,0,0,0,0,0,0,0,0,0,-1,-1,-1,-1,-1,-1,-1,-1,1,0,0,0,0,0,0,0,0,0,0,1,0,2,0,1,0,1,50,1,0,0,0,0,2,0,0,-1,0,-1,-1,-1,0,0,0,0,0,0,0,0,0,0,0,0,0,0,0,0,0,0,[0|0],0,[0|0|0|0|0|0|0|0],成为接肢祭品的蛹群持有的遗物，\n用天鹅绒的红布包住的别针。\n别针上沾有一些血渍。\n\n能微微看见灵魂漂浮上头，\n感觉他们在倾诉些什么，\n只是无法听见声音。
8172,黑刀烙印,1,0,[0|0|0],-1,-1,0,0,-1,0,-1,204170,-1,-1,0,-1,0,3106,0,-1,-1,-1,1,0,50,1,0,0,0,0,0,0,0,[0|0],0,0,0,0,0,0,0,0,0,0,0,0,0,0,1,0,0,0,0,0,0,0,0,0,0,-1,-1,-1,-1,-1,-1,-1,-1,1,0,0,0,0,0,0,0,0,0,0,1,0,2,0,1,0,1,50,1,0,0,0,0,2,0,0,-1,0,-1,-1,-1,0,0,0,0,0,0,0,0,0,0,0,0,0,0,0,0,0,0,[0|0],0,[0|0|0|0|0|0|0|0],在阴谋之夜，某个人物偷走了\n“黑剑”玛利喀斯的部分死亡卢恩，\n将死亡卢恩的力量注入刺客们的刀。\n\n此为执行仪式的烙印，\n据说藏有阴谋背后的真相。
8173,给贝纳尔的信,1,0,[0|0|0],-1,-1,0,0,-1,0,-1,451050,-1,-1,0,-1,0,3101,0,-1,-1,-1,1,0,50,12,0,0,0,0,0,0,0,[0|0],0,0,0,0,0,0,0,0,0,0,0,0,0,0,1,0,0,0,0,0,0,0,0,0,0,-1,-1,-1,-1,-1,-1,-1,-1,1,0,0,0,0,0,0,0,0,0,0,1,0,2,0,1,0,1,10,1,0,0,0,0,2,0,0,-1,0,-1,-1,-1,0,0,0,0,0,0,0,0,0,0,0,0,0,0,0,0,0,0,[0|0],0,[0|0|0|0|0|0|0|0],来自火山官邸，寄给贝纳尔的委托信。\n上头记载着狩猎同胞时的指定对象：\n\n　“白狼战鬼”巴格莱姆\n　“离群魔法师”维赫勒\n\n　这两个男人在王城罗德尔。\n　详细地点看地图上的红色标记。
8174,学院辉石钥匙,1,0,[0|0|0],-1,-1,0,0,-1,0,-1,204200,-1,-1,0,-1,0,3006,0,-1,-1,-1,1,0,50,1,0,0,0,0,0,0,0,[0|0],0,0,0,0,0,0,0,0,0,0,0,0,0,0,1,0,0,0,0,0,0,0,0,0,0,-1,-1,-1,-1,-1,-1,-1,-1,1,0,0,0,0,0,0,0,0,0,0,1,0,2,0,1,0,1,50,1,0,0,0,0,2,0,0,-1,0,-1,-1,-1,0,0,0,0,0,0,0,0,0,0,0,0,0,0,0,0,0,0,[0|0],0,[0|0|0|0|0|0|0|0],魔法学院雷亚卢卡利亚，\n与其２道大门的封印有关的钥匙。\n\n能启动封印里暗藏的传送魔法。\n\n此为全新的辉石钥匙，没有被使用过。
8175,圣树秘密符节（左）,1,0,[0|0|0],-1,-1,0,0,-1,0,-1,203210,-1,-1,0,-1,0,3270,0,-1,-1,-1,1,0,50,1,0,0,0,0,0,0,0,[0|0],0,0,0,0,0,0,0,0,0,0,0,0,0,0,1,0,0,0,0,0,0,0,0,0,0,-1,-1,-1,-1,-1,-1,-1,-1,1,0,0,0,0,0,0,0,0,0,0,1,0,2,0,1,0,1,40,1,0,0,0,0,2,0,0,-1,0,-1,-1,-1,0,0,0,0,0,0,0,0,0,0,0,0,0,0,0,0,0,0,[0|0],0,[0|0|0|0|0|0|0|0],表面描绘圣树图样的符节，\n其左半边的金属制牌。\n\n拼合２个符节，高举过头，\n能启动洛德大升降机，开通隐藏的密道。\n\n换句话说，此为秘密符节。\n能够指引前往米凯拉的圣树。
8176,圣树秘密符节（右）,1,0,[0|0|0],-1,-1,0,0,-1,0,-1,203220,-1,-1,0,-1,0,3271,0,-1,-1,-1,1,0,50,1,0,0,0,0,0,0,0,[0|0],0,0,0,0,0,0,0,0,0,0,0,0,0,0,1,0,0,0,0,0,0,0,0,0,0,-1,-1,-1,-1,-1,-1,-1,-1,1,0,0,0,0,0,0,0,0,0,0,1,0,2,0,1,0,1,40,1,0,0,0,0,2,0,0,-1,0,-1,-1,-1,0,0,0,0,0,0,0,0,0,0,0,0,0,0,0,0,0,0,[0|0],0,[0|0|0|0|0|0|0|0],表面描绘圣树图样的符节，\n其右半边的金属制牌。\n\n拼合２个符节，高举过头，\n能启动洛德大升降机，开通隐藏的密道。\n\n换句话说，此为秘密符节。\n能够指引前往米凯拉的圣树。
8181,[ERROR]墓地乌鸦的信,1,0,[0|0|0],-1,-1,0,0,-1,0,-1,0,-1,-1,0,-1,0,0,0,-1,-1,-1,1,0,50,12,0,0,0,0,0,0,0,[0|0],0,0,0,0,0,0,0,0,0,0,0,0,0,0,1,0,0,0,0,0,0,0,0,0,0,-1,-1,-1,-1,-1,-1,-1,-1,1,0,0,0,0,0,0,0,0,0,0,1,0,2,0,1,0,1,255,1,0,0,0,0,1,0,0,-1,0,-1,-1,-1,0,0,0,0,0,0,0,0,0,0,0,0,0,0,0,0,0,0,[0|0],0,[0|0|0|0|0|0|0|0],
8182,完美律法的修复卢恩,1,0,[0|0|0],-1,-1,0,0,-1,0,-1,203000,-1,-1,0,-1,0,3116,0,-1,-1,-1,1,0,50,1,0,0,0,0,0,0,0,[0|0],0,0,0,0,0,0,0,0,0,0,0,0,0,0,1,0,0,0,0,0,0,0,0,0,0,-1,-1,-1,-1,-1,-1,-1,-1,1,0,0,0,0,0,0,0,0,0,0,1,0,2,0,1,0,1,40,1,0,0,0,0,3,0,0,-1,0,-1,-1,-1,0,0,0,0,0,0,0,0,0,0,0,0,0,0,0,0,0,0,[0|0],0,[0|0|0|0|0|0|0|0],金面具发现的卢恩。\n当艾尔登之王展现濒毁的艾尔登法环时，\n能作修复之用。\n\n此为意图完美化黄金律法，\n观点突破框架的卢恩。\n\n目前黄金律法的不完美，\n就是观点产生动摇的主因──\n不需要像人一样，拥有喜怒哀乐的神祇存在。\n有了这些，就是律法的瑕疵。
8183,死王子的修复卢恩,1,0,[0|0|0],-1,-1,0,0,-1,0,-1,203010,-1,-1,0,-1,0,3117,0,-1,-1,-1,1,0,50,1,0,0,0,0,0,0,0,[0|0],0,0,0,0,0,0,0,0,0,0,0,0,0,0,1,0,0,0,0,0,0,0,0,0,0,-1,-1,-1,-1,-1,-1,-1,-1,1,0,0,0,0,0,0,0,0,0,0,1,0,2,0,1,0,1,40,1,0,0,0,0,3,0,0,-1,0,-1,-1,-1,0,0,0,0,0,0,0,0,0,0,0,0,0,0,0,0,0,0,[0|0],0,[0|0|0|0|0|0|0|0],寄宿在“死眠少女”菲雅身上的卢恩。\n当艾尔登之王展现濒毁的艾尔登法环时，\n能作修复之用。\n\n此为两个缺半的百足伤环拼合的圣痕。\n将因为死亡而诞生的法则，融入律法的卢恩。\n\n黄金律法在去除命定之死后，才得以成立。\n那么新的律法，会是死亡的回归。
8184,忌讳诅咒的修复卢恩,1,0,[0|0|0],-1,-1,0,0,-1,0,-1,203020,-1,-1,0,-1,0,3118,0,-1,-1,-1,1,0,50,1,0,0,0,0,0,0,0,[0|0],0,0,0,0,0,0,0,0,0,0,0,0,0,0,1,0,0,0,0,0,0,0,0,0,0,-1,-1,-1,-1,-1,-1,-1,-1,1,0,0,0,0,0,0,0,0,0,0,1,0,2,0,1,0,1,40,1,0,0,0,0,3,0,0,-1,0,-1,-1,-1,0,0,0,0,0,0,0,0,0,0,0,0,0,0,0,0,0,0,[0|0],0,[0|0|0|0|0|0|0|0],寄宿在食粪者身上的不祥卢恩。\n当艾尔登之王展现濒毁的艾尔登法环时，\n能作修复之用。\n\n此为让子孙、后代永远陷入忌讳诅咒的病灶。\n\n只要玷污属于律法的一切，\n世上的玷污，也就不再存在──\n所有的诅咒啊，蒙受赐福吧。
8185,泪滴幼体,1,0,[0|0|0],-1,-1,0,0,-1,0,-1,204350,-1,-1,0,-1,0,3075,0,-1,-1,-1,99,0,50,1,0,0,0,0,0,0,0,[0|0],0,0,0,0,0,0,0,1,0,0,0,0,0,0,0,0,0,0,0,0,0,0,0,0,0,-1,-1,-1,-1,-1,-1,-1,-1,1,0,0,0,0,0,0,0,0,0,0,1,0,2,0,1,0,600,50,1,0,0,0,0,2,0,0,-1,0,-1,-1,-1,0,0,0,0,0,0,0,0,0,0,0,0,0,0,0,0,0,0,[0|0],0,[0|0|0|0|0|0|0|0],称作银色泪滴的变形生物，其中的核心。\n介于生物与非生物之间的物品。\n\n能用在“满月女王”蕾娜菈拥抱的琥珀卵，\n驱使其中蕴藏的“重新诞生”力量的材料。\n\n重新诞生之后，能重置升级时所提升的能力值。
8186,魔石剑钥匙,1,0,[0|0|0],-1,-1,0,0,-1,0,-1,203100,-1,-1,0,-1,0,3198,0,-1,-1,-1,99,0,50,1,0,0,0,0,0,0,0,[0|0],0,0,0,0,0,0,0,1,0,0,0,0,0,0,1,0,0,0,0,0,0,0,0,0,0,-1,-1,-1,-1,-1,-1,-1,-1,1,0,0,0,0,0,0,0,0,0,0,1,0,2,0,1,0,1,40,1,0,0,0,0,2,0,0,-1,0,-1,-1,-1,0,0,0,0,0,0,0,0,0,0,0,0,0,0,0,0,0,0,[0|0],0,[0|0|0|0|0|0|0|0],参考剑的外型设计的石制钥匙。\n缠绕着深蓝色的魔力，为特殊物品。\n\n能解开供奉在钟楼的传送门，\n上头小恶魔像的封印。\n使用后会插在雕像上，从置物包消失。\n\n建议慎选使用时机。
8187,娇小菈妮,1,0,[0|0|0],-1,-1,0,0,-1,0,-1,204280,-1,-1,0,-1,0,3224,0,-1,-1,-1,1,0,50,1,0,0,0,0,0,0,0,[0|0],0,0,0,0,0,0,0,0,0,0,0,0,0,0,1,0,0,0,0,0,0,0,0,0,0,-1,-1,-1,-1,-1,-1,-1,-1,1,0,0,0,0,0,0,0,0,0,0,1,0,2,0,1,0,1,50,1,0,0,0,0,2,0,0,-1,0,-1,-1,-1,0,0,0,0,0,0,0,0,0,0,0,0,0,0,0,0,0,0,[0|0],0,[0|0|0|0|0|0|0|0],和魔女菈妮一模一样的小人偶。\n细微的部分也做得很精致。\n\n已经感觉不到冰冷，有如空壳，\n毫无反应的人偶。
8188,黄金裁缝工具,1,0,[0|0|0],-1,-1,0,0,-1,0,-1,206150,-1,-1,0,-1,0,3225,0,-1,-1,-1,1,0,50,1,0,0,0,0,0,0,0,[0|0],0,0,0,0,0,0,0,0,0,0,0,0,0,0,0,0,0,0,0,0,0,0,0,0,0,-1,-1,-1,-1,-1,-1,-1,-1,1,0,0,0,0,0,0,0,0,0,0,1,0,2,0,1,0,1,60,1,0,0,0,0,2,0,0,-1,0,-1,-1,-1,0,0,0,0,0,0,0,0,0,0,0,0,0,0,0,0,0,0,[0|0],0,[0|0|0|0|0|0|0|0],使用黄金制成的整组裁缝工具。\n“红发”拉达冈在婚后，为了同居携带的行李。\n\n能在赐福修改半神的服装。
8189,[ERROR]伊吉的自白信,1,0,[0|0|0],-1,-1,0,0,-1,0,-1,0,-1,-1,0,-1,0,3226,0,-1,-1,-1,1,0,50,1,0,0,0,0,0,0,0,[0|0],0,0,0,0,0,0,0,0,0,0,0,0,0,0,1,0,0,0,0,0,0,0,0,0,0,-1,-1,-1,-1,-1,-1,-1,-1,1,0,0,0,0,0,0,0,0,0,0,1,0,2,0,1,0,1,255,1,0,0,0,0,1,0,0,-1,0,-1,-1,-1,0,0,0,0,0,0,0,0,0,0,0,0,0,0,0,0,0,0,[0|0],0,[0|0|0|0|0|0|0|0],在伊吉的尸体上，手里拿的一封自白信。\n\n内容写着将布莱泽关进封印监牢的人，就是自己。
8190,烙印的线索,1,0,[0|0|0],-1,-1,0,0,-1,0,-1,451100,-1,-1,0,-1,0,3280,0,-1,-1,-1,1,0,50,12,0,0,0,0,0,0,0,[0|0],0,0,0,0,0,0,0,0,0,0,0,0,0,0,1,0,0,0,0,0,0,0,0,0,0,-1,-1,-1,-1,-1,-1,-1,-1,1,0,0,0,0,0,0,0,0,0,0,1,0,2,0,1,0,1,10,1,0,0,0,0,2,0,0,-1,0,-1,-1,-1,0,0,0,0,0,0,0,0,0,0,0,0,0,0,0,0,0,0,[0|0],0,[0|0|0|0|0|0|0|0],菲雅给予的简易地图。\n\n上头写着关于黑刀烙印所在地的线索。
8191,死亡的咒痕,1,0,[0|0|0],-1,-1,0,0,-1,0,-1,204180,-1,-1,0,-1,0,3228,0,-1,-1,-1,1,0,50,1,0,0,0,0,0,0,0,[0|0],0,0,0,0,0,0,0,0,0,0,0,0,0,0,1,0,0,0,0,0,0,0,0,0,0,-1,-1,-1,-1,-1,-1,-1,-1,1,0,0,0,0,0,0,0,0,0,0,1,0,2,0,1,0,1,50,1,0,0,0,0,3,0,0,-1,0,-1,-1,-1,0,0,0,0,0,0,0,0,0,0,0,0,0,0,0,0,0,0,[0|0],0,[0|0|0|0|0|0|0|0],刻在“月之公主”菈妮舍弃的身体上的咒痕。\n也被称作缺半的百足伤环。\n\n在半神初次死亡时，会被刻下咒痕。\n常理而言，那会是一道圆形的环。\n\n然而半神的初始死者有两位，\n因此咒痕分成两个缺半的百足伤环。\n\n菈妮是身体方面的初始死者，\n而死王子则是灵魂方面的初始死者。
8192,[ERROR]阿史米的蜕壳,1,0,[0|0|0],-1,-1,0,0,-1,0,-1,0,-1,-1,0,-1,0,0,0,-1,-1,-1,1,0,50,1,0,0,0,0,0,0,0,[0|0],0,0,0,0,0,0,0,0,0,0,0,0,0,0,1,0,0,0,0,0,0,0,0,0,0,-1,-1,-1,-1,-1,-1,-1,-1,1,0,0,0,0,0,0,0,0,0,0,1,0,2,0,1,0,1,255,1,0,0,0,0,1,0,0,-1,0,-1,-1,-1,0,0,0,0,0,0,0,0,0,0,0,0,0,0,0,0,0,0,[0|0],0,[0|0|0|0|0|0|0|0],
8193,温床的诅咒,1,0,[0|0|0],-1,-1,0,0,-1,0,-1,204190,-1,-1,0,-1,0,3272,0,-1,-1,-1,99,0,50,1,0,0,0,0,0,0,0,[0|0],0,0,0,0,0,0,0,1,0,0,0,0,0,0,1,0,0,0,0,0,0,0,0,0,0,-1,-1,-1,-1,-1,-1,-1,-1,1,0,0,0,0,0,0,0,0,0,0,1,0,2,0,1,0,1,50,1,0,0,0,0,2,0,0,-1,0,-1,-1,-1,0,0,0,0,0,0,0,0,0,0,0,0,0,0,0,0,0,0,[0|0],0,[0|0|0|0|0|0|0|0],诞生自食粪者杀害、玷污的尸体上的诅咒。\n受恶兆角侵蚀的湿润宿疾。\n\n食粪者会将尸体作为温床，培育诅咒。\n\n如此一来，死亡后也不能回归黄金树，\n会受到永恒的诅咒。在交界地之中，\n这是其中一种最受人忌讳的存在。
8194,风暴鹰古王,1,0,[0|0|0],-1,-1,0,0,-1,0,-1,204010,-1,-1,0,-1,0,3273,0,-1,-1,-1,1,0,50,1,0,0,0,0,0,0,0,[0|0],0,0,0,0,0,0,0,0,0,0,0,0,0,0,1,0,0,0,0,0,0,0,0,0,0,-1,-1,-1,-1,-1,-1,-1,-1,1,0,0,0,0,0,0,0,0,0,0,1,0,2,0,1,0,1,50,1,0,0,0,0,2,0,0,-1,0,-1,-1,-1,0,0,0,0,0,0,0,0,0,0,0,0,0,0,0,0,0,0,[0|0],0,[0|0|0|0|0|0|0|0],史东薇尔还存在真正的风暴时，\n一只位居群鹰之上的鹰王骨灰。\n\n然而贵为王者的它，\n不回应任何人的召唤。
8195,[ERROR]“银蛹”阿史米,1,0,[0|0|0],-1,-1,0,0,-1,0,-1,0,-1,-1,0,-1,0,0,0,-1,-1,-1,1,0,50,1,0,0,0,0,0,0,0,[0|0],0,0,0,0,0,0,0,0,0,0,0,0,0,0,1,0,0,0,0,0,0,0,0,0,0,-1,-1,-1,-1,-1,-1,-1,-1,1,0,0,0,0,0,0,0,0,0,0,1,0,2,0,1,0,1,255,1,0,0,0,0,1,0,0,-1,0,-1,-1,-1,0,0,0,0,0,0,0,0,0,0,0,0,0,0,0,0,0,0,[0|0],0,[0|0|0|0|0|0|0|0],
8196,纯净金针,1,0,[0|0|0],-1,-1,0,0,-1,0,-1,204090,-1,-1,0,-1,0,3275,0,-1,-1,-1,1,0,50,1,0,0,0,0,0,0,0,[0|0],0,0,0,0,0,0,0,0,0,0,0,0,0,0,1,0,0,0,0,0,0,0,0,0,0,-1,-1,-1,-1,-1,-1,-1,-1,1,0,0,0,0,0,0,0,0,0,0,1,0,2,0,1,0,1,50,1,0,0,0,0,2,0,0,-1,0,-1,-1,-1,0,0,0,0,0,0,0,0,0,0,0,0,0,0,0,0,0,0,[0|0],0,[0|0|0|0|0|0|0|0],造型纤细优美的纯净金针。\n米莉森从身体拔出来的物品。\n上头没有使人嫌恶的血迹，\n只有少许露水湿润了针。\n\n　……我想要还给玛莲妮亚──\n　过去玛莲妮亚持有的意志、\n　面对猩红腐败的呢喃，\n　作为人与其抗衡的自尊。
8197,下水道监牢钥匙,1,0,[0|0|0],-1,-1,0,0,-1,0,-1,203130,-1,-1,0,-1,0,3227,0,-1,-1,-1,1,0,50,1,0,0,0,0,0,0,0,[0|0],0,0,0,0,0,0,0,0,0,0,0,0,0,0,1,0,0,0,0,0,0,0,0,0,0,-1,-1,-1,-1,-1,-1,-1,-1,1,0,0,0,0,0,0,0,0,0,0,1,0,2,0,1,0,1,40,1,0,0,0,0,1,0,0,-1,0,-1,-1,-1,0,0,0,0,0,0,0,0,0,0,0,0,0,0,0,0,0,0,[0|0],0,[0|0|0|0|0|0|0|0],食粪者给予的骯脏钥匙。\n\n据说能打开王城罗德尔地底，\n下水道监牢上锁的门。
8198,会合用的地图,1,0,[0|0|0],-1,-1,0,0,-1,0,-1,451070,-1,-1,0,-1,0,3277,0,-1,-1,-1,1,0,50,12,0,0,0,0,0,0,0,[0|0],0,0,0,0,0,0,0,0,0,0,0,0,0,0,1,0,0,0,0,0,0,0,0,0,0,-1,-1,-1,-1,-1,-1,-1,-1,1,0,0,0,0,0,0,0,0,0,0,1,0,2,0,1,0,1,10,1,0,0,0,0,2,0,0,-1,0,-1,-1,-1,0,0,0,0,0,0,0,0,0,0,0,0,0,0,0,0,0,0,[0|0],0,[0|0|0|0|0|0|0|0],尸体身上的简易地图。\n上头好像标示着会合地点。\n\n这个男人肯定也一直在寻找，\n回到那封印的学院，唯一的办法──\n学院辉石钥匙。
8199,被丢弃的王室钥匙,1,0,[0|0|0],-1,-1,0,0,-1,0,-1,203140,-1,-1,0,-1,0,3279,0,-1,-1,-1,1,0,50,1,0,0,0,0,0,0,0,[0|0],0,0,0,0,0,0,0,0,0,0,0,0,0,0,1,0,0,0,0,0,0,0,0,0,0,-1,-1,-1,-1,-1,-1,-1,-1,1,0,0,0,0,0,0,0,0,0,0,1,0,2,0,1,0,1,40,1,0,0,0,0,2,0,0,-1,0,-1,-1,-1,0,0,0,0,0,0,0,0,0,0,0,0,0,0,0,0,0,0,[0|0],0,[0|0|0|0|0|0|0|0],“月之公主”菈妮连同身体一起舍弃的钥匙。\n\n传承给卡利亚公主，用来打开宝箱的钥匙。\n\n宝箱目前位于雷亚卢卡利亚大书库，\n据说就在菈妮的母亲──蕾娜菈身边。
8200,绘画《归巢》,1,0,[0|0|0],-1,-1,0,0,-1,0,-1,452000,-1,-1,0,-1,0,3066,0,-1,-1,-1,1,0,50,12,0,0,0,0,0,0,0,[0|0],0,0,0,0,0,0,0,0,0,0,0,0,0,0,1,0,0,0,0,0,0,0,0,0,0,-1,-1,-1,-1,-1,-1,-1,-1,1,0,0,0,0,0,0,0,0,0,0,1,0,2,0,1,0,1,10,1,0,0,0,0,2,0,0,-1,0,-1,-1,-1,0,0,0,0,0,0,0,0,0,0,0,0,0,0,0,0,0,0,[0|0],0,[0|0|0|0|0|0|0|0],流浪画家的其中一幅作品。\n以《归巢》为题的绘画记忆。\n\n据说该名画家会画下那些消逝的人物，\n以及最后一刻的景象。\n\n到画中的地点应该能找到画家的灵魂，\n还有那最后一刻所留下的遗物。
8201,绘画《再世》,1,0,[0|0|0],-1,-1,0,0,-1,0,-1,452020,-1,-1,0,-1,0,3207,0,-1,-1,-1,1,0,50,12,0,0,0,0,0,0,0,[0|0],0,0,0,0,0,0,0,0,0,0,0,0,0,0,1,0,0,0,0,0,0,0,0,0,0,-1,-1,-1,-1,-1,-1,-1,-1,1,0,0,0,0,0,0,0,0,0,0,1,0,2,0,1,0,1,10,1,0,0,0,0,2,0,0,-1,0,-1,-1,-1,0,0,0,0,0,0,0,0,0,0,0,0,0,0,0,0,0,0,[0|0],0,[0|0|0|0|0|0|0|0],流浪画家的其中一幅作品。\n以《再世》为题的绘画记忆。\n\n据说该名画家会画下那些消逝的人物，\n以及最后一刻的景象。\n\n到画中的地点应该能找到画家的灵魂，\n还有那最后一刻所留下的遗物。
8202,绘画《英雄之歌》,1,0,[0|0|0],-1,-1,0,0,-1,0,-1,452040,-1,-1,0,-1,0,3208,0,-1,-1,-1,1,0,50,12,0,0,0,0,0,0,0,[0|0],0,0,0,0,0,0,0,0,0,0,0,0,0,0,1,0,0,0,0,0,0,0,0,0,0,-1,-1,-1,-1,-1,-1,-1,-1,1,0,0,0,0,0,0,0,0,0,0,1,0,2,0,1,0,1,10,1,0,0,0,0,2,0,0,-1,0,-1,-1,-1,0,0,0,0,0,0,0,0,0,0,0,0,0,0,0,0,0,0,[0|0],0,[0|0|0|0|0|0|0|0],流浪画家的其中一幅作品。\n以《英雄之歌》为题的绘画记忆。\n\n据说该名画家会画下那些消逝的人物，\n以及最后一刻的景象。\n\n到画中的地点应该能找到画家的灵魂，\n还有那最后一刻所留下的遗物。
8203,绘画《魔法师》,1,0,[0|0|0],-1,-1,0,0,-1,0,-1,452060,-1,-1,0,-1,0,3209,0,-1,-1,-1,1,0,50,12,0,0,0,0,0,0,0,[0|0],0,0,0,0,0,0,0,0,0,0,0,0,0,0,1,0,0,0,0,0,0,0,0,0,0,-1,-1,-1,-1,-1,-1,-1,-1,1,0,0,0,0,0,0,0,0,0,0,1,0,2,0,1,0,1,10,1,0,0,0,0,2,0,0,-1,0,-1,-1,-1,0,0,0,0,0,0,0,0,0,0,0,0,0,0,0,0,0,0,[0|0],0,[0|0|0|0|0|0|0|0],流浪画家的其中一幅作品。\n以《魔法师》为题的绘画记忆。\n\n据说该名画家会画下那些消逝的人物，\n以及最后一刻的景象。\n\n到画中的地点应该能找到画家的灵魂，\n还有那最后一刻所留下的遗物。
8204,绘画《预言》,1,0,[0|0|0],-1,-1,0,0,-1,0,-1,452030,-1,-1,0,-1,0,3210,0,-1,-1,-1,1,0,50,12,0,0,0,0,0,0,0,[0|0],0,0,0,0,0,0,0,0,0,0,0,0,0,0,1,0,0,0,0,0,0,0,0,0,0,-1,-1,-1,-1,-1,-1,-1,-1,1,0,0,0,0,0,0,0,0,0,0,1,0,2,0,1,0,1,10,1,0,0,0,0,2,0,0,-1,0,-1,-1,-1,0,0,0,0,0,0,0,0,0,0,0,0,0,0,0,0,0,0,[0|0],0,[0|0|0|0|0|0|0|0],流浪画家的其中一幅作品。\n以《预言》为题的绘画记忆。\n\n据说该名画家会画下那些消逝的人物，\n以及最后一刻的景象。\n\n到画中的地点应该能找到画家的灵魂，\n还有那最后一刻所留下的遗物。
8205,绘画《不飞之鸟》,1,0,[0|0|0],-1,-1,0,0,-1,0,-1,452010,-1,-1,0,-1,0,3211,0,-1,-1,-1,1,0,50,12,0,0,0,0,0,0,0,[0|0],0,0,0,0,0,0,0,0,0,0,0,0,0,0,1,0,0,0,0,0,0,0,0,0,0,-1,-1,-1,-1,-1,-1,-1,-1,1,0,0,0,0,0,0,0,0,0,0,1,0,2,0,1,0,1,10,1,0,0,0,0,2,0,0,-1,0,-1,-1,-1,0,0,0,0,0,0,0,0,0,0,0,0,0,0,0,0,0,0,[0|0],0,[0|0|0|0|0|0|0|0],流浪画家的其中一幅作品。\n以《不飞之鸟》为题的绘画记忆。\n\n据说该名画家会画下那些消逝的人物，\n以及最后一刻的景象。\n\n到画中的地点应该能找到画家的灵魂，\n还有那最后一刻所留下的遗物。
8206,绘画《红狮子》,1,0,[0|0|0],-1,-1,0,0,-1,0,-1,452050,-1,-1,0,-1,0,3212,0,-1,-1,-1,1,0,50,12,0,0,0,0,0,0,0,[0|0],0,0,0,0,0,0,0,0,0,0,0,0,0,0,1,0,0,0,0,0,0,0,0,0,0,-1,-1,-1,-1,-1,-1,-1,-1,1,0,0,0,0,0,0,0,0,0,0,1,0,2,0,1,0,1,10,1,0,0,0,0,2,0,0,-1,0,-1,-1,-1,0,0,0,0,0,0,0,0,0,0,0,0,0,0,0,0,0,0,[0|0],0,[0|0|0|0|0|0|0|0],流浪画家的其中一幅作品。\n以《红狮子》为题的绘画记忆。\n\n据说该名画家会画下那些消逝的人物，\n以及最后一刻的景象。\n\n到画中的地点应该能找到画家的灵魂，\n还有那最后一刻所留下的遗物。
8221,泽菈雅丝的信,1,0,[0|0|0],-1,-1,0,0,-1,0,-1,451060,-1,-1,0,-1,0,3281,0,-1,-1,-1,1,0,50,12,0,0,0,0,0,0,0,[0|0],0,0,0,0,0,0,0,0,0,0,0,0,0,0,1,0,0,0,0,0,0,0,0,0,0,-1,-1,-1,-1,-1,-1,-1,-1,1,0,0,0,0,0,0,0,0,0,0,1,0,2,0,1,0,1,10,1,0,0,0,0,2,0,0,-1,0,-1,-1,-1,0,0,0,0,0,0,0,0,0,0,0,0,0,0,0,0,0,0,[0|0],0,[0|0|0|0|0|0|0|0],写着留言，内容简略的信：\n\n　为了总有一天，\n　以火山官邸塔妮丝女儿的身分，\n　继承母亲的壮志，我想要出门旅行。\n\n　您一直以来都很温暖，\n　却也非常地严格──\n　我的英雄，再会了。
8222,亚历山大的内容物,1,0,[0|0|0],-1,-1,0,0,-1,0,-1,204130,-1,-1,0,-1,0,3284,0,-1,-1,-1,1,0,50,1,0,0,0,0,0,0,0,[0|0],0,0,0,0,0,0,0,0,0,0,0,0,0,0,1,0,0,0,0,0,0,0,0,0,0,-1,-1,-1,-1,-1,-1,-1,-1,1,0,0,0,0,0,0,0,0,0,0,1,0,2,0,1,0,1,50,1,0,0,0,0,2,0,0,-1,0,-1,-1,-1,0,0,0,0,0,0,0,0,0,0,0,0,0,0,0,0,0,0,[0|0],0,[0|0|0|0|0|0|0|0],“战士壶”亚历山大的遗物。\n壶内塞满的尸块，位于其中心的物体。\n\n壶中的内容物是因继承而生的累积物──\n将战士化为壶，然后化成新生的壶，\n总有一天步向巅峰。
8223,罗杰尔的信,1,0,[0|0|0],-1,-1,0,0,-1,0,-1,451110,-1,-1,0,-1,0,3281,0,-1,-1,-1,1,0,50,12,0,0,0,0,0,0,0,[0|0],0,0,0,0,0,0,0,0,0,0,0,0,0,0,1,0,0,0,0,0,0,0,0,0,0,-1,-1,-1,-1,-1,-1,-1,-1,1,0,0,0,0,0,0,0,0,0,0,1,0,2,0,1,0,1,10,1,0,0,0,0,2,0,0,-1,0,-1,-1,-1,0,0,0,0,0,0,0,0,0,0,0,0,0,0,0,0,0,0,[0|0],0,[0|0|0|0|0|0|0|0],有着颤抖字迹的信：\n\n　有件事情我忘了告诉你──\n　关于Ｄ，他好像有一个弟弟。\n\n　在“永恒之城”诺克隆恩的附近\n　有一座导水桥，\n　听说Ｄ的弟弟一直沉睡在那。\n\n　也听说他的弟弟在更前头的地方，\n　觐见过死王子。
8224,文件：关于教授的秘密,1,0,[0|0|0],-1,-1,0,0,-1,0,-1,450035,-1,-1,0,-1,0,292,0,-1,-1,-1,1,0,50,12,0,0,0,0,0,0,0,[0|0],0,0,0,0,0,0,0,0,0,0,0,0,0,0,0,0,0,0,0,0,0,0,0,0,0,-1,-1,-1,-1,-1,-1,-1,-1,1,0,0,0,0,0,0,0,0,0,0,1,0,2,0,1,0,1,10,1,0,0,0,0,2,0,0,-1,0,-1,-1,-1,0,0,0,0,0,0,0,0,0,0,0,0,0,0,0,0,0,0,[0|0],0,[0|0|0|0|0|0|0|0],流浪民族的商人贩卖的文件，\n内容写着扼要的情报：\n\n　魔法教授赛尔维斯，\n　他把见不得光的东西\n　藏在三姊妹塔那里的废墟地下室。\n\n　还有，那位恐怖的魔块魔女，\n　好像也会在那个地方出入。
8225,老旧地图,1,0,[0|0|0],-1,-1,0,0,-1,0,-1,451095,-1,-1,0,-1,0,3286,0,-1,-1,-1,1,0,50,12,0,0,0,0,0,0,0,[0|0],0,0,0,0,0,0,0,0,0,0,0,0,0,0,0,0,0,0,0,0,0,0,0,0,0,-1,-1,-1,-1,-1,-1,-1,-1,1,0,0,0,0,0,0,0,0,0,0,1,0,2,0,1,0,1,10,1,0,0,0,0,2,0,0,-1,0,-1,-1,-1,0,0,0,0,0,0,0,0,0,0,0,0,0,0,0,0,0,0,[0|0],0,[0|0|0|0|0|0|0|0],老旧的简易地图。\n受到长时间放置的物品。\n\n上头画着多道流逝而过的琥珀色光芒。
8226,文件：关于教授的秘密,1,0,[0|0|0],-1,-1,0,0,-1,0,-1,451110,-1,-1,0,-1,0,0,0,-1,-1,-1,1,0,50,0,0,0,0,0,0,0,0,[0|0],0,0,0,0,0,0,0,0,0,0,0,0,0,0,0,0,0,0,0,0,0,0,0,0,0,-1,-1,-1,-1,-1,-1,-1,-1,1,0,0,0,0,0,0,0,0,0,0,1,0,2,0,1,0,1,10,1,0,0,0,0,2,0,0,-1,0,-1,-1,-1,0,0,0,0,0,0,0,0,0,0,0,0,0,0,0,0,0,0,[0|0],0,[0|0|0|0|0|0|0|0],流浪民族的商人贩卖的文件。\n内容写着关于教授的秘密的情报。\n\n购买之后，才能确认情报内容。
8227,老旧地图,1,0,[0|0|0],-1,-1,0,0,-1,0,-1,451110,-1,-1,0,-1,0,3287,0,-1,-1,-1,1,0,50,0,0,0,0,0,0,0,0,[0|0],0,0,0,0,0,0,0,0,0,0,0,0,0,0,0,0,0,0,0,0,0,0,0,0,0,-1,-1,-1,-1,-1,-1,-1,-1,1,0,0,0,0,0,0,0,0,0,0,1,0,2,0,1,0,1,10,1,0,0,0,0,2,0,0,-1,0,-1,-1,-1,0,0,0,0,0,0,0,0,0,0,0,0,0,0,0,0,0,0,[0|0],0,[0|0|0|0|0|0|0|0],老旧的简易地图。\n受到长时间放置的物品。\n\n购买之后，才能确认内容。
8500,工具皮袋,0,0,[0|0|0],-1,-1,0,0,-1,0,-1,205000,-1,-1,0,-1,0,259,0,-1,-1,-1,1,0,50,1,0,0,0,0,0,0,0,[0|0],0,0,0,0,0,0,0,0,0,0,0,0,0,0,0,0,0,0,0,0,0,0,0,0,0,-1,-1,-1,-1,-1,-1,-1,-1,1,0,0,0,0,0,0,0,0,0,0,1,0,2,0,1,0,1,60,1,0,0,0,0,2,0,0,-1,0,-1,-1,-1,0,0,0,0,0,0,0,0,0,0,0,0,0,0,0,0,0,0,[0|0],710570,[0|0|0|0|0|0|0|0],包含药钵、砧板，以及小刀等等，\n放入各种道具的皮袋。\n\n拥有后，能从主选单选择制作道具。\n\n交战、生存的手段，皆收藏其中。
8590,砥石小刀,1,0,[0|0|0],-1,-1,0,0,-1,0,-1,206060,-1,-1,0,-1,0,3090,0,-1,-1,-1,1,0,50,1,0,0,0,0,0,0,0,[0|0],0,0,0,0,0,0,0,0,0,0,0,0,0,0,0,0,0,0,0,0,0,0,0,0,0,-1,-1,-1,-1,-1,-1,-1,-1,1,0,0,0,0,0,0,0,0,0,0,1,0,2,0,1,0,1,60,1,0,0,0,0,2,0,0,-1,0,-1,-1,-1,0,0,0,0,0,0,0,0,0,0,0,0,0,0,0,0,0,0,[0|0],0,[0|0|0|0|0|0|0|0],将刻上秘文的砥石\n作为小刀使用的物品。\n\n能在赐福使用战灰，赋予武器新的战技、属性。\n\n能赋予武器的战技、属性，\n会依照战灰而有所不同。
8600,地图碎片：宁姆格福（西）,0,0,[0|0|0],-1,-1,0,0,-1,0,-1,207000,-1,-1,0,-1,0,261,0,-1,-1,-1,1,0,50,1,0,0,0,0,0,0,0,[0|0],0,0,0,0,0,0,0,0,0,0,0,0,0,0,0,0,0,0,0,0,0,0,0,0,0,-1,-1,-1,-1,-1,-1,-1,-1,1,0,0,0,0,0,0,0,0,0,0,1,0,2,0,1,0,1,70,1,0,0,0,0,2,0,0,-1,0,-1,-1,-1,0,0,0,0,0,0,0,0,0,0,0,0,0,0,0,0,0,0,[0|0],0,[0|0|0|0|0|0|0|0],宁姆格福地区，西边的地图碎片。\n\n宁姆格福位于黄金树的遥远南方，\n史东薇尔断崖的东南方之下。\n该地天空多云时阴，大地黯淡乏色。
8601,地图碎片：啜泣半岛,1,0,[0|0|0],-1,-1,0,0,-1,0,-1,207020,-1,-1,0,-1,0,262,0,-1,-1,-1,1,0,50,1,0,0,0,0,0,0,0,[0|0],0,0,0,0,0,0,0,0,0,0,0,0,0,0,0,0,0,0,0,0,0,0,0,0,0,-1,-1,-1,-1,-1,-1,-1,-1,1,0,0,0,0,0,0,0,0,0,0,1,0,2,0,1,0,1,70,1,0,0,0,0,2,0,0,-1,0,-1,-1,-1,0,0,0,0,0,0,0,0,0,0,0,0,0,0,0,0,0,0,[0|0],0,[0|0|0|0|0|0|0|0],啜泣半岛的地图碎片。\n\n啜泣半岛位于宁姆格福的南方，\n该地苦雨不歇，因此得名。
8602,地图碎片：宁姆格福（东）,1,0,[0|0|0],-1,-1,0,0,-1,0,-1,207010,-1,-1,0,-1,0,263,0,-1,-1,-1,1,0,50,1,0,0,0,0,0,0,0,[0|0],0,0,0,0,0,0,0,0,0,0,0,0,0,0,0,0,0,0,0,0,0,0,0,0,0,-1,-1,-1,-1,-1,-1,-1,-1,1,0,0,0,0,0,0,0,0,0,0,1,0,2,0,1,0,1,70,1,0,0,0,0,2,0,0,-1,0,-1,-1,-1,0,0,0,0,0,0,0,0,0,0,0,0,0,0,0,0,0,0,[0|0],0,[0|0|0|0|0|0|0|0],宁姆格福地区，东边的地图碎片。\n\n宁姆格福的东边区域，南有雾林环绕，\n是前往盖利德之际会经过的地方。\n在过去，有众多习武之人路过此地。
8603,地图碎片：利耶尼亚（东）,1,0,[0|0|0],-1,-1,0,0,-1,0,-1,207040,-1,-1,0,-1,0,266,0,-1,-1,-1,1,0,50,1,0,0,0,0,0,0,0,[0|0],0,0,0,0,0,0,0,0,0,0,0,0,0,0,0,0,0,0,0,0,0,0,0,0,0,-1,-1,-1,-1,-1,-1,-1,-1,1,0,0,0,0,0,0,0,0,0,0,1,0,2,0,1,0,1,70,1,0,0,0,0,2,0,0,-1,0,-1,-1,-1,0,0,0,0,0,0,0,0,0,0,0,0,0,0,0,0,0,0,[0|0],0,[0|0|0|0|0|0|0|0],利耶尼亚地区，东边的地图碎片。\n\n利耶尼亚以幅员广阔的森林，\n以及大白天也会飘着浓雾闻名。\n该地区绝大部分隐没湖中，\n东岸区域有一条南北向的大道。
8604,地图碎片：利耶尼亚（北）,1,0,[0|0|0],-1,-1,0,0,-1,0,-1,207050,-1,-1,0,-1,0,265,0,-1,-1,-1,1,0,50,1,0,0,0,0,0,0,0,[0|0],0,0,0,0,0,0,0,0,0,0,0,0,0,0,0,0,0,0,0,0,0,0,0,0,0,-1,-1,-1,-1,-1,-1,-1,-1,1,0,0,0,0,0,0,0,0,0,0,1,0,2,0,1,0,1,70,1,0,0,0,0,2,0,0,-1,0,-1,-1,-1,0,0,0,0,0,0,0,0,0,0,0,0,0,0,0,0,0,0,[0|0],0,[0|0|0|0|0|0|0|0],利耶尼亚地区，北边的地图碎片。\n\n利耶尼亚的北边区域，\n雷亚卢卡利亚学院座落于此。\n在学院下方拓展开的，是沉没水中的门前镇。\n该地是两条大道的交会处。
8605,地图碎片：利耶尼亚（西）,1,0,[0|0|0],-1,-1,0,0,-1,0,-1,207030,-1,-1,0,-1,0,264,0,-1,-1,-1,1,0,50,1,0,0,0,0,0,0,0,[0|0],0,0,0,0,0,0,0,0,0,0,0,0,0,0,0,0,0,0,0,0,0,0,0,0,0,-1,-1,-1,-1,-1,-1,-1,-1,1,0,0,0,0,0,0,0,0,0,0,1,0,2,0,1,0,1,70,1,0,0,0,0,2,0,0,-1,0,-1,-1,-1,0,0,0,0,0,0,0,0,0,0,0,0,0,0,0,0,0,0,[0|0],0,[0|0|0|0|0|0|0|0],利耶尼亚地区，西边的地图碎片。\n\n利耶尼亚以幅员广阔的森林，\n以及大白天也会飘着浓雾闻名。\n该地区绝大部分隐没湖中，\n西岸区域与卡利亚王室的渊源匪浅。
8606,地图碎片：亚坛高原,1,0,[0|0|0],-1,-1,0,0,-1,0,-1,207060,-1,-1,0,-1,0,268,0,-1,-1,-1,1,0,50,1,0,0,0,0,0,0,0,[0|0],0,0,0,0,0,0,0,0,0,0,0,0,0,0,0,0,0,0,0,0,0,0,0,0,0,-1,-1,-1,-1,-1,-1,-1,-1,1,0,0,0,0,0,0,0,0,0,0,1,0,2,0,1,0,1,70,1,0,0,0,0,2,0,0,-1,0,-1,-1,-1,0,0,0,0,0,0,0,0,0,0,0,0,0,0,0,0,0,0,[0|0],0,[0|0|0|0|0|0|0|0],亚坛高原的地图碎片。\n\n亚坛高原位在黄金树树脚的地区。\n东边与王城罗德尔，西边与格密尔火山相邻，\n地表高度比两者都来得低。\n破碎战争留下的痕迹，如今依旧鲜明。
8607,地图碎片：王城罗德尔,1,0,[0|0|0],-1,-1,0,0,-1,0,-1,207070,-1,-1,0,-1,0,269,0,-1,-1,-1,1,0,50,1,0,0,0,0,0,0,0,[0|0],0,0,0,0,0,0,0,0,0,0,0,0,0,0,0,0,0,0,0,0,0,0,0,0,0,-1,-1,-1,-1,-1,-1,-1,-1,1,0,0,0,0,0,0,0,0,0,0,1,0,2,0,1,0,1,70,1,0,0,0,0,2,0,0,-1,0,-1,-1,-1,0,0,0,0,0,0,0,0,0,0,0,0,0,0,0,0,0,0,[0|0],0,[0|0|0|0|0|0|0|0],王城罗德尔的地图碎片。\n\n王城罗德尔是黄金树之城，\n也是一座有双重城墙固守的大城。\n据说靠近城中心的那道墙，\n至今依旧无人攻破。
8608,地图碎片：格密尔火山,1,0,[0|0|0],-1,-1,0,0,-1,0,-1,207080,-1,-1,0,-1,0,267,0,-1,-1,-1,1,0,50,1,0,0,0,0,0,0,0,[0|0],0,0,0,0,0,0,0,0,0,0,0,0,0,0,0,0,0,0,0,0,0,0,0,0,0,-1,-1,-1,-1,-1,-1,-1,-1,1,0,0,0,0,0,0,0,0,0,0,1,0,2,0,1,0,1,70,1,0,0,0,0,2,0,0,-1,0,-1,-1,-1,0,0,0,0,0,0,0,0,0,0,0,0,0,0,0,0,0,0,[0|0],0,[0|0|0|0|0|0|0|0],格密尔火山的地图碎片。\n\n格密尔火山的山顶，火山官邸座落于此。\n以表面尖锐又不规则的岩壁，\n以及乌云密布，令人不安的天空闻名。\n在破碎战争后，这份特质更加浓烈。
8609,地图碎片：盖利德,1,0,[0|0|0],-1,-1,0,0,-1,0,-1,207090,-1,-1,0,-1,0,271,0,-1,-1,-1,1,0,50,1,0,0,0,0,0,0,0,[0|0],0,0,0,0,0,0,0,0,0,0,0,0,0,0,0,0,0,0,0,0,0,0,0,0,0,-1,-1,-1,-1,-1,-1,-1,-1,1,0,0,0,0,0,0,0,0,0,0,1,0,2,0,1,0,1,70,1,0,0,0,0,2,0,0,-1,0,-1,-1,-1,0,0,0,0,0,0,0,0,0,0,0,0,0,0,0,0,0,0,[0|0],0,[0|0|0|0|0|0|0|0],盖利德的地图碎片。\n\n拉塔恩将军、“米凯拉的锋刃”玛莲妮亚──\n盖利德以双方交战的最终战场闻名，\n也因此，该地的一切都布满猩红腐败。
8610,地图碎片：龙墓,1,0,[0|0|0],-1,-1,0,0,-1,0,-1,207100,-1,-1,0,-1,0,270,0,-1,-1,-1,1,0,50,1,0,0,0,0,0,0,0,[0|0],0,0,0,0,0,0,0,0,0,0,0,0,0,0,0,0,0,0,0,0,0,0,0,0,0,-1,-1,-1,-1,-1,-1,-1,-1,1,0,0,0,0,0,0,0,0,0,0,1,0,2,0,1,0,1,70,1,0,0,0,0,2,0,0,-1,0,-1,-1,-1,0,0,0,0,0,0,0,0,0,0,0,0,0,0,0,0,0,0,[0|0],0,[0|0|0|0|0|0|0|0],龙墓的地图碎片。\n\n台地位在盖利德北方，\n龙群为了躲避腐败逃离至此，最后在此定居。\n也因此该地被称作龙墓，不会有人主动靠近。
8611,地图碎片：巨人山顶（西）,1,0,[0|0|0],-1,-1,0,0,-1,0,-1,207110,-1,-1,0,-1,0,273,0,-1,-1,-1,1,0,50,1,0,0,0,0,0,0,0,[0|0],0,0,0,0,0,0,0,0,0,0,0,0,0,0,0,0,0,0,0,0,0,0,0,0,0,-1,-1,-1,-1,-1,-1,-1,-1,1,0,0,0,0,0,0,0,0,0,0,1,0,2,0,1,0,1,70,1,0,0,0,0,2,0,0,-1,0,-1,-1,-1,0,0,0,0,0,0,0,0,0,0,0,0,0,0,0,0,0,0,[0|0],0,[0|0|0|0|0|0|0|0],巨人山顶，西边的地图碎片。\n\n巨人山顶的西边区域，\n是巨人战争时的行军之地。\n军队在断崖山壁内凿通锯齿状山道，\n朝未知的厚雪大地前进。
8612,地图碎片：巨人山顶（东）,1,0,[0|0|0],-1,-1,0,0,-1,0,-1,207120,-1,-1,0,-1,0,279,0,-1,-1,-1,1,0,50,1,0,0,0,0,0,0,0,[0|0],0,0,0,0,0,0,0,0,0,0,0,0,0,0,0,0,0,0,0,0,0,0,0,0,0,-1,-1,-1,-1,-1,-1,-1,-1,1,0,0,0,0,0,0,0,0,0,0,1,0,2,0,1,0,1,70,1,0,0,0,0,2,0,0,-1,0,-1,-1,-1,0,0,0,0,0,0,0,0,0,0,0,0,0,0,0,0,0,0,[0|0],0,[0|0|0|0|0|0|0|0],巨人山顶，东边的地图碎片。\n\n巨人山顶的东边，南方紧邻火焰之巅，\n是交界地内，地表高度最高的地方，\n也是交界地的尽头。
8613,地图碎片：安瑟尔河,1,0,[0|0|0],-1,-1,0,0,-1,0,-1,207140,-1,-1,0,-1,0,275,0,-1,-1,-1,1,0,50,1,0,0,0,0,0,0,0,[0|0],0,0,0,0,0,0,0,0,0,0,0,0,0,0,0,0,0,0,0,0,0,0,0,0,0,-1,-1,-1,-1,-1,-1,-1,-1,1,0,0,0,0,0,0,0,0,0,0,1,0,2,0,1,0,1,70,1,0,0,0,0,2,0,0,-1,0,-1,-1,-1,0,0,0,0,0,0,0,0,0,0,0,0,0,0,0,0,0,0,[0|0],0,[0|0|0|0|0|0|0|0],安瑟尔河的地图碎片。\n\n在交界地的地底有两条大河──\n希芙拉河与安瑟尔河。\n这两条河的流域存在黄金树之前的文明，\n那曾经繁荣的过往遗迹。
8614,地图碎片：腐败湖,1,0,[0|0|0],-1,-1,0,0,-1,0,-1,207150,-1,-1,0,-1,0,274,0,-1,-1,-1,1,0,50,1,0,0,0,0,0,0,0,[0|0],0,0,0,0,0,0,0,0,0,0,0,0,0,0,0,0,0,0,0,0,0,0,0,0,0,-1,-1,-1,-1,-1,-1,-1,-1,1,0,0,0,0,0,0,0,0,0,0,1,0,2,0,1,0,1,70,1,0,0,0,0,2,0,0,-1,0,-1,-1,-1,0,0,0,0,0,0,0,0,0,0,0,0,0,0,0,0,0,0,[0|0],0,[0|0|0|0|0|0|0|0],腐败湖的地图碎片。\n\n位在安瑟尔河下游，湖面辽阔的腐败湖，\n据说其中一位外在神祇的为神本质，\n被封印于此。
8615,地图碎片：希芙拉河,1,0,[0|0|0],-1,-1,0,0,-1,0,-1,207160,-1,-1,0,-1,0,276,0,-1,-1,-1,1,0,50,1,0,0,0,0,0,0,0,[0|0],0,0,0,0,0,0,0,0,0,0,0,0,0,0,0,0,0,0,0,0,0,0,0,0,0,-1,-1,-1,-1,-1,-1,-1,-1,1,0,0,0,0,0,0,0,0,0,0,1,0,2,0,1,0,1,70,1,0,0,0,0,2,0,0,-1,0,-1,-1,-1,0,0,0,0,0,0,0,0,0,0,0,0,0,0,0,0,0,0,[0|0],0,[0|0|0|0|0|0|0|0],希芙拉河的地图碎片。\n\n在交界地的地底有两条大河──\n希芙拉河与安瑟尔河。\n这两条河的流域存在黄金树之前的文明，\n那曾经繁荣的过往遗迹。
8616,地图碎片：蒙格温王朝,1,0,[0|0|0],-1,-1,0,0,-1,0,-1,207170,-1,-1,0,-1,0,277,0,-1,-1,-1,1,0,50,1,0,0,0,0,0,0,0,[0|0],0,0,0,0,0,0,0,0,0,0,0,0,0,0,0,0,0,0,0,0,0,0,0,0,0,-1,-1,-1,-1,-1,-1,-1,-1,1,0,0,0,0,0,0,0,0,0,0,1,0,2,0,1,0,1,70,1,0,0,0,0,2,0,0,-1,0,-1,-1,-1,0,0,0,0,0,0,0,0,0,0,0,0,0,0,0,0,0,0,[0|0],0,[0|0|0|0|0|0|0|0],蒙格温王朝的地图碎片。\n\n在不见天日的地底，古文明的沉眠地之中，\n“鲜血君王”蒙格的王朝庙，座落于此──\n与那梦想中的新王朝蒙格温同在。
8617,地图碎片：深根底层,1,0,[0|0|0],-1,-1,0,0,-1,0,-1,207180,-1,-1,0,-1,0,278,0,-1,-1,-1,1,0,50,1,0,0,0,0,0,0,0,[0|0],0,0,0,0,0,0,0,0,0,0,0,0,0,0,0,0,0,0,0,0,0,0,0,0,0,-1,-1,-1,-1,-1,-1,-1,-1,1,0,0,0,0,0,0,0,0,0,0,1,0,2,0,1,0,1,70,1,0,0,0,0,2,0,0,-1,0,-1,-1,-1,0,0,0,0,0,0,0,0,0,0,0,0,0,0,0,0,0,0,[0|0],0,[0|0|0|0|0|0|0|0],深根底层的地图碎片。\n\n在黄金树最深处的树根底层，\n有着希芙拉河、安瑟尔河两大河的源头，\n也是广布交界地地底的大树根起点。
8618,地图碎片：化圣雪原,1,0,[0|0|0],-1,-1,0,0,-1,0,-1,207130,-1,-1,0,-1,0,272,0,-1,-1,-1,1,0,50,1,0,0,0,0,0,0,0,[0|0],0,0,0,0,0,0,0,0,0,0,0,0,0,0,0,0,0,0,0,0,0,0,0,0,0,-1,-1,-1,-1,-1,-1,-1,-1,1,0,0,0,0,0,0,0,0,0,0,1,0,2,0,1,0,1,70,1,0,0,0,0,2,0,0,-1,0,-1,-1,-1,0,0,0,0,0,0,0,0,0,0,0,0,0,0,0,0,0,0,[0|0],0,[0|0|0|0|0|0|0|0],化圣雪原的地图碎片。\n\n化圣雪原有着冻结河川横贯东西，\n据说是前往米凯拉的圣树的考验之地。\n该地是不被选上的人们会走的路。
8660,海市蜃楼的谜题,1,0,[0|0|0],-1,-1,0,0,-1,0,-1,451090,-1,-1,0,-1,0,3084,0,-1,-1,-1,1,0,50,12,0,0,0,0,0,0,0,[0|0],0,0,0,0,0,0,0,0,0,0,0,0,0,0,1,0,0,0,0,0,0,0,0,0,0,-1,-1,-1,-1,-1,-1,-1,-1,1,0,0,0,0,0,0,0,0,0,0,1,0,2,0,1,0,1,10,1,0,0,0,0,2,0,0,-1,0,-1,-1,-1,0,0,0,0,0,0,0,0,0,0,0,0,0,0,0,0,0,0,[0|0],0,[0|0|0|0|0|0|0|0],从小恶魔像获得的简易地图。\n\n是海市蜃楼魔法师塔的谜题。
8700,文件：关于隐藏洞窟,1,0,[0|0|0],-1,-1,0,0,-1,0,-1,450030,-1,-1,0,-1,0,298,0,-1,-1,-1,1,0,50,12,0,0,0,0,0,0,0,[0|0],0,0,0,0,0,0,0,0,0,0,0,0,0,0,0,0,0,0,0,0,0,0,0,0,0,-1,-1,-1,-1,-1,-1,-1,-1,1,0,0,0,0,0,0,0,0,0,0,1,0,2,0,1,0,1,10,1,0,0,0,0,2,0,0,-1,0,-1,-1,-1,0,0,0,0,0,0,0,0,0,0,0,0,0,0,0,0,0,0,[0|0],0,[0|0|0|0|0|0|0|0],流浪民族的商人贩卖的文件，\n内容写着扼要的情报：\n\n　瑟利亚镇有隐藏洞窟。\n　那洞窟就在山崖上的墓地内侧。
8701,文件：关于小恶魔群的影子,1,0,[0|0|0],-1,-1,0,0,-1,0,-1,450130,-1,-1,0,-1,0,291,0,-1,-1,-1,1,0,50,12,0,0,0,0,0,0,0,[0|0],0,0,0,0,0,0,0,0,0,0,0,0,0,0,0,0,0,0,0,0,0,0,0,0,0,-1,-1,-1,-1,-1,-1,-1,-1,1,0,0,0,0,0,0,0,0,0,0,1,0,2,0,1,0,1,10,1,0,0,0,0,2,0,0,-1,0,-1,-1,-1,0,0,0,0,0,0,0,0,0,0,0,0,0,0,0,0,0,0,[0|0],0,[0|0|0|0|0|0|0|0],流浪民族的商人贩卖的文件，\n内容写着扼要的情报：\n\n　出现在英雄墓地的那群小恶魔影子，\n　完全没办法触碰到他们。\n\n　只有罗泽司的光能让他们化为实体。
8702,文件：关于灵药圣杯瓶,1,0,[0|0|0],-1,-1,0,0,-1,0,-1,450000,-1,-1,0,-1,0,288,0,-1,-1,-1,1,0,50,12,0,0,0,0,0,0,0,[0|0],0,0,0,0,0,0,0,0,0,0,0,0,0,0,0,0,0,0,0,0,0,0,0,0,0,-1,-1,-1,-1,-1,-1,-1,-1,1,0,0,0,0,0,0,0,0,0,0,1,0,2,0,1,0,1,10,1,0,0,0,0,2,0,0,-1,0,-1,-1,-1,0,0,0,0,0,0,0,0,0,0,0,0,0,0,0,0,0,0,[0|0],0,[0|0|0|0|0|0|0|0],流浪民族的商人贩卖的文件，\n内容写着扼要的情报：\n\n　在雾林北方的玛莉卡第三教堂，\n　据说还留有灵药圣杯瓶。\n\n　走过大道的桥之后，由兽径往北走。
8703,文件：关于挖石山妖,1,0,[0|0|0],-1,-1,0,0,-1,0,-1,450080,-1,-1,0,-1,0,291,0,-1,-1,-1,1,0,50,12,0,0,0,0,0,0,0,[0|0],0,0,0,0,0,0,0,0,0,0,0,0,0,0,0,0,0,0,0,0,0,0,0,0,0,-1,-1,-1,-1,-1,-1,-1,-1,1,0,0,0,0,0,0,0,0,0,0,1,0,2,0,1,0,1,10,1,0,0,0,0,2,0,0,-1,0,-1,-1,-1,0,0,0,0,0,0,0,0,0,0,0,0,0,0,0,0,0,0,[0|0],0,[0|0|0|0|0|0|0|0],流浪民族的商人贩卖的文件，\n内容写着扼要的情报：\n\n　挖石山妖的头部有旧伤。
8704,文件：关于漫步灵庙,1,0,[0|0|0],-1,-1,0,0,-1,0,-1,450110,-1,-1,0,-1,0,298,0,-1,-1,-1,1,0,50,12,0,0,0,0,0,0,0,[0|0],0,0,0,0,0,0,0,0,0,0,0,0,0,0,0,0,0,0,0,0,0,0,0,0,0,-1,-1,-1,-1,-1,-1,-1,-1,1,0,0,0,0,0,0,0,0,0,0,1,0,2,0,1,0,1,10,1,0,0,0,0,2,0,0,-1,0,-1,-1,-1,0,0,0,0,0,0,0,0,0,0,0,0,0,0,0,0,0,0,[0|0],0,[0|0|0|0|0|0|0|0],流浪民族的商人贩卖的文件，\n内容写着扼要的情报：\n\n　想要停下漫步灵庙的步伐，\n　清理它的脚边就能如愿。
8705,文件：关于看不见身影的刺客,1,0,[0|0|0],-1,-1,0,0,-1,0,-1,450120,-1,-1,0,-1,0,291,0,-1,-1,-1,1,0,50,12,0,0,0,0,0,0,0,[0|0],0,0,0,0,0,0,0,0,0,0,0,0,0,0,0,0,0,0,0,0,0,0,0,0,0,-1,-1,-1,-1,-1,-1,-1,-1,1,0,0,0,0,0,0,0,0,0,0,1,0,2,0,1,0,1,10,1,0,0,0,0,2,0,0,-1,0,-1,-1,-1,0,0,0,0,0,0,0,0,0,0,0,0,0,0,0,0,0,0,[0|0],0,[0|0|0|0|0|0|0|0],流浪民族的商人贩卖的文件，\n内容写着扼要的情报：\n\n　刺客之中，有些会看不见身影。\n\n　据说守护黄金树的哨兵们，\n　他们准备的火把，好像能让刺客现身。
8706,[ERROR]文件：关于大棺木,1,0,[0|0|0],-1,-1,0,0,-1,0,-1,450040,-1,-1,0,-1,0,294,0,-1,-1,-1,1,0,50,12,0,0,0,0,0,0,0,[0|0],0,0,0,0,0,0,0,0,0,0,0,0,0,0,0,0,0,0,0,0,0,0,0,0,0,-1,-1,-1,-1,-1,-1,-1,-1,1,0,0,0,0,0,0,0,0,0,0,1,0,2,0,1,0,1,10,1,0,0,0,0,2,0,0,-1,0,-1,-1,-1,0,0,0,0,0,0,0,0,0,0,0,0,0,0,0,0,0,0,[0|0],0,[0|0|0|0|0|0|0|0],流浪民族的商人贩卖的文件，\n内容写着扼要的情报：\n\n　大棺木会在交界地各处徘徊，\n　里头安置着那些无名战死者的尸体。\n\n　应该能借此获得武器之类的用具吧。
8707,文件：关于火焰战车,1,0,[0|0|0],-1,-1,0,0,-1,0,-1,450100,-1,-1,0,-1,0,291,0,-1,-1,-1,1,0,50,12,0,0,0,0,0,0,0,[0|0],0,0,0,0,0,0,0,0,0,0,0,0,0,0,0,0,0,0,0,0,0,0,0,0,0,-1,-1,-1,-1,-1,-1,-1,-1,1,0,0,0,0,0,0,0,0,0,0,1,0,2,0,1,0,1,10,1,0,0,0,0,2,0,0,-1,0,-1,-1,-1,0,0,0,0,0,0,0,0,0,0,0,0,0,0,0,0,0,0,[0|0],0,[0|0|0|0|0|0|0|0],流浪民族的商人贩卖的文件，\n内容写着扼要的情报：\n\n　要多加留意火焰习武修士，\n　他们使用的巨人脸模样的战车。\n\n　用落下攻击能对付位在头顶的烟孔，\n　只是能这么做的机会实在不多。
8708,文件：关于亚人集团,1,0,[0|0|0],-1,-1,0,0,-1,0,-1,450060,-1,-1,0,-1,0,291,0,-1,-1,-1,1,0,50,12,0,0,0,0,0,0,0,[0|0],0,0,0,0,0,0,0,0,0,0,0,0,0,0,0,0,0,0,0,0,0,0,0,0,0,-1,-1,-1,-1,-1,-1,-1,-1,1,0,0,0,0,0,0,0,0,0,0,1,0,2,0,1,0,1,10,1,0,0,0,0,2,0,0,-1,0,-1,-1,-1,0,0,0,0,0,0,0,0,0,0,0,0,0,0,0,0,0,0,[0|0],0,[0|0|0|0|0|0|0|0],流浪民族的商人贩卖的文件，\n内容写着扼要的情报：\n\n　只要打倒集团的领导者，\n　就能大挫亚人的士气，让他们不知所措。
8709,文件：关于陆生海鞘,1,0,[0|0|0],-1,-1,0,0,-1,0,-1,450070,-1,-1,0,-1,0,291,0,-1,-1,-1,1,0,50,12,0,0,0,0,0,0,0,[0|0],0,0,0,0,0,0,0,0,0,0,0,0,0,0,0,0,0,0,0,0,0,0,0,0,0,-1,-1,-1,-1,-1,-1,-1,-1,1,0,0,0,0,0,0,0,0,0,0,1,0,2,0,1,0,1,10,1,0,0,0,0,2,0,0,-1,0,-1,-1,-1,0,0,0,0,0,0,0,0,0,0,0,0,0,0,0,0,0,0,[0|0],0,[0|0|0|0|0|0|0|0],流浪民族的商人贩卖的文件，\n内容写着扼要的情报：\n\n　陆生海鞘的脚部肉质较软，\n　而且它们受到毒性侵蚀，就会爆炸。
8710,文件：关于重力的力量,1,0,[0|0|0],-1,-1,0,0,-1,0,-1,450050,-1,-1,0,-1,0,290,0,-1,-1,-1,1,0,50,12,0,0,0,0,0,0,0,[0|0],0,0,0,0,0,0,0,0,0,0,0,0,0,0,0,0,0,0,0,0,0,0,0,0,0,-1,-1,-1,-1,-1,-1,-1,-1,1,0,0,0,0,0,0,0,0,0,0,1,0,2,0,1,0,1,10,1,0,0,0,0,2,0,0,-1,0,-1,-1,-1,0,0,0,0,0,0,0,0,0,0,0,0,0,0,0,0,0,0,[0|0],0,[0|0|0|0|0|0|0|0],流浪民族的商人贩卖的文件，\n内容写着扼要的情报：\n\n　重力的力量具有拉力，\n　能把飞在空中的东西打到地面。
8711,文件：关于幽魂,1,0,[0|0|0],-1,-1,0,0,-1,0,-1,450090,-1,-1,0,-1,0,292,0,-1,-1,-1,1,0,50,12,0,0,0,0,0,0,0,[0|0],0,0,0,0,0,0,0,0,0,0,0,0,0,0,0,0,0,0,0,0,0,0,0,0,0,-1,-1,-1,-1,-1,-1,-1,-1,1,0,0,0,0,0,0,0,0,0,0,1,0,2,0,1,0,1,10,1,0,0,0,0,2,0,0,-1,0,-1,-1,-1,0,0,0,0,0,0,0,0,0,0,0,0,0,0,0,0,0,0,[0|0],0,[0|0|0|0|0|0|0|0],流浪民族的商人贩卖的文件，\n内容写着扼要的情报：\n\n　匍匐地面的王室幽魂\n　还有他们的随从都受到了诅咒。\n\n　用恢复的力量，更能伤害到他们。
8712,文件：关于驿站街遗迹,1,0,[0|0|0],-1,-1,0,0,-1,0,-1,450010,-1,-1,0,-1,0,288,0,-1,-1,-1,1,0,50,12,0,0,0,0,0,0,0,[0|0],0,0,0,0,0,0,0,0,0,0,0,0,0,0,0,0,0,0,0,0,0,0,0,0,0,-1,-1,-1,-1,-1,-1,-1,-1,1,0,0,0,0,0,0,0,0,0,0,1,0,2,0,1,0,1,10,1,0,0,0,0,2,0,0,-1,0,-1,-1,-1,0,0,0,0,0,0,0,0,0,0,0,0,0,0,0,0,0,0,[0|0],0,[0|0|0|0|0|0|0|0],流浪民族的商人贩卖的文件，\n内容写着扼要的情报：\n\n　在宁姆格福，沿路上座落的驿站街遗迹，\n　好像有什么人躲在那里。
8713,文件：关于传送门,1,0,[0|0|0],-1,-1,0,0,-1,0,-1,450020,-1,-1,0,-1,0,298,0,-1,-1,-1,1,0,50,12,0,0,0,0,0,0,0,[0|0],0,0,0,0,0,0,0,0,0,0,0,0,0,0,0,0,0,0,0,0,0,0,0,0,0,-1,-1,-1,-1,-1,-1,-1,-1,1,0,0,0,0,0,0,0,0,0,0,1,0,2,0,1,0,1,10,1,0,0,0,0,2,0,0,-1,0,-1,-1,-1,0,0,0,0,0,0,0,0,0,0,0,0,0,0,0,0,0,0,[0|0],0,[0|0|0|0|0|0|0|0],流浪民族的商人贩卖的文件，\n内容写着扼要的情报：\n\n　在盖利德的盖尔要塞，\n　有能够通往红狮子城的传送门。
8714,文件：关于米凯拉的针,1,0,[0|0|0],-1,-1,0,0,-1,0,-1,450160,-1,-1,0,-1,0,289,0,-1,-1,-1,1,0,50,12,0,0,0,0,0,0,0,[0|0],0,0,0,0,0,0,0,0,0,0,0,0,0,0,0,0,0,0,0,0,0,0,0,0,0,-1,-1,-1,-1,-1,-1,-1,-1,1,0,0,0,0,0,0,0,0,0,0,1,0,2,0,1,0,1,10,1,0,0,0,0,2,0,0,-1,0,-1,-1,-1,0,0,0,0,0,0,0,0,0,0,0,0,0,0,0,0,0,0,[0|0],0,[0|0|0|0|0|0|0|0],流浪民族商人的文件，\n内容写着扼要的情报：\n\n　为了对抗诸位外在神祇，\n　神人米凯拉制作了针。\n\n　如果受赐癫火之后，\n　又不愿意成为癫火之王，\n　就去寻找米凯拉的针吧。
8715,文件：关于癫火村,1,0,[0|0|0],-1,-1,0,0,-1,0,-1,450140,-1,-1,0,-1,0,292,0,-1,-1,-1,1,0,50,12,0,0,0,0,0,0,0,[0|0],0,0,0,0,0,0,0,0,0,0,0,0,0,0,0,0,0,0,0,0,0,0,0,0,0,-1,-1,-1,-1,-1,-1,-1,-1,1,0,0,0,0,0,0,0,0,0,0,1,0,2,0,1,0,1,10,1,0,0,0,0,2,0,0,-1,0,-1,-1,-1,0,0,0,0,0,0,0,0,0,0,0,0,0,0,0,0,0,0,[0|0],0,[0|0|0|0|0|0|0|0],流浪民族的商人贩卖的文件，\n内容写着扼要的情报：\n\n　迪可达斯大升降机的南方\n　有罹病者群集的癫火村。\n　切勿靠近。
8716,文件：关于癫火之主,1,0,[0|0|0],-1,-1,0,0,-1,0,-1,450150,-1,-1,0,-1,0,298,0,-1,-1,-1,1,0,50,12,0,0,0,0,0,0,0,[0|0],0,0,0,0,0,0,0,0,0,0,0,0,0,0,0,0,0,0,0,0,0,0,0,0,0,-1,-1,-1,-1,-1,-1,-1,-1,1,0,0,0,0,0,0,0,0,0,0,1,0,2,0,1,0,1,10,1,0,0,0,0,2,0,0,-1,0,-1,-1,-1,0,0,0,0,0,0,0,0,0,0,0,0,0,0,0,0,0,0,[0|0],0,[0|0|0|0|0|0|0|0],流浪民族商人的文件，\n内容写着扼要的情报：\n\n　在罗德尔的地底深处，\n　我等的癫火之主──\n　叁指受囚该地。
8717,文件：关于王城地底,1,0,[0|0|0],-1,-1,0,0,-1,0,-1,450040,-1,-1,0,-1,0,294,0,-1,-1,-1,1,0,50,12,0,0,0,0,0,0,0,[0|0],0,0,0,0,0,0,0,0,0,0,0,0,0,0,0,0,0,0,0,0,0,0,0,0,0,-1,-1,-1,-1,-1,-1,-1,-1,1,0,0,0,0,0,0,0,0,0,0,1,0,2,0,1,0,1,10,1,0,0,0,0,2,0,0,-1,0,-1,-1,-1,0,0,0,0,0,0,0,0,0,0,0,0,0,0,0,0,0,0,[0|0],0,[0|0|0|0|0|0|0|0],流浪民族商人的文件，\n内容写着扼要的情报：\n\n　王城罗德尔的地底，\n　有着规模庞大的下水道。\n\n　在底层街道有一座井，\n　能通往下水道的深处。
8750,文件：关于隐藏洞窟,1,0,[0|0|0],-1,-1,0,0,-1,0,-1,999999,-1,-1,0,-1,0,0,0,-1,-1,-1,1,0,50,0,0,0,0,0,0,0,0,[0|0],0,0,0,0,0,0,0,0,0,0,0,0,0,0,0,0,0,0,0,0,0,0,0,0,0,-1,-1,-1,-1,-1,-1,-1,-1,1,0,0,0,0,0,0,0,0,0,0,1,0,2,0,1,0,1,255,1,0,0,0,0,0,0,0,-1,0,-1,-1,-1,0,0,0,0,0,0,0,0,0,0,0,0,0,0,0,0,0,0,[0|0],0,[0|0|0|0|0|0|0|0],流浪民族的商人贩卖的文件。\n内容写着关于隐藏洞窟的情报。\n\n购买之后，才能确认情报内容。
8751,文件：关于小恶魔群的影子,1,0,[0|0|0],-1,-1,0,0,-1,0,-1,999999,-1,-1,0,-1,0,0,0,-1,-1,-1,1,0,50,0,0,0,0,0,0,0,0,[0|0],0,0,0,0,0,0,0,0,0,0,0,0,0,0,0,0,0,0,0,0,0,0,0,0,0,-1,-1,-1,-1,-1,-1,-1,-1,1,0,0,0,0,0,0,0,0,0,0,1,0,2,0,1,0,1,255,1,0,0,0,0,0,0,0,-1,0,-1,-1,-1,0,0,0,0,0,0,0,0,0,0,0,0,0,0,0,0,0,0,[0|0],0,[0|0|0|0|0|0|0|0],流浪民族的商人贩卖的文件。\n内容写着关于小恶魔群的影子的情报。\n\n购买之后，才能确认情报内容。
8752,文件：关于灵药圣杯瓶,1,0,[0|0|0],-1,-1,0,0,-1,0,-1,999999,-1,-1,0,-1,0,0,0,-1,-1,-1,1,0,50,0,0,0,0,0,0,0,0,[0|0],0,0,0,0,0,0,0,0,0,0,0,0,0,0,0,0,0,0,0,0,0,0,0,0,0,-1,-1,-1,-1,-1,-1,-1,-1,1,0,0,0,0,0,0,0,0,0,0,1,0,2,0,1,0,1,255,1,0,0,0,0,0,0,0,-1,0,-1,-1,-1,0,0,0,0,0,0,0,0,0,0,0,0,0,0,0,0,0,0,[0|0],0,[0|0|0|0|0|0|0|0],流浪民族的商人贩卖的文件。\n内容写着关于灵药圣杯瓶的情报。\n\n购买之后，才能确认情报内容。
8753,文件：关于挖石山妖,1,0,[0|0|0],-1,-1,0,0,-1,0,-1,999999,-1,-1,0,-1,0,0,0,-1,-1,-1,1,0,50,0,0,0,0,0,0,0,0,[0|0],0,0,0,0,0,0,0,0,0,0,0,0,0,0,0,0,0,0,0,0,0,0,0,0,0,-1,-1,-1,-1,-1,-1,-1,-1,1,0,0,0,0,0,0,0,0,0,0,1,0,2,0,1,0,1,255,1,0,0,0,0,0,0,0,-1,0,-1,-1,-1,0,0,0,0,0,0,0,0,0,0,0,0,0,0,0,0,0,0,[0|0],0,[0|0|0|0|0|0|0|0],流浪民族的商人贩卖的文件。\n内容写着关于挖石山妖的情报。\n\n购买之后，才能确认情报内容。
8754,文件：关于漫步灵庙,1,0,[0|0|0],-1,-1,0,0,-1,0,-1,999999,-1,-1,0,-1,0,0,0,-1,-1,-1,1,0,50,0,0,0,0,0,0,0,0,[0|0],0,0,0,0,0,0,0,0,0,0,0,0,0,0,0,0,0,0,0,0,0,0,0,0,0,-1,-1,-1,-1,-1,-1,-1,-1,1,0,0,0,0,0,0,0,0,0,0,1,0,2,0,1,0,1,255,1,0,0,0,0,0,0,0,-1,0,-1,-1,-1,0,0,0,0,0,0,0,0,0,0,0,0,0,0,0,0,0,0,[0|0],0,[0|0|0|0|0|0|0|0],流浪民族的商人贩卖的文件。\n内容写着关于漫步灵庙的情报。\n\n购买之后，才能确认情报内容。
8755,文件：关于看不见身影的刺客,1,0,[0|0|0],-1,-1,0,0,-1,0,-1,999999,-1,-1,0,-1,0,0,0,-1,-1,-1,1,0,50,0,0,0,0,0,0,0,0,[0|0],0,0,0,0,0,0,0,0,0,0,0,0,0,0,0,0,0,0,0,0,0,0,0,0,0,-1,-1,-1,-1,-1,-1,-1,-1,1,0,0,0,0,0,0,0,0,0,0,1,0,2,0,1,0,1,255,1,0,0,0,0,0,0,0,-1,0,-1,-1,-1,0,0,0,0,0,0,0,0,0,0,0,0,0,0,0,0,0,0,[0|0],0,[0|0|0|0|0|0|0|0],流浪民族的商人贩卖的文件。\n内容写着关于看不见身影的刺客的情报。\n\n购买之后，才能确认情报内容。
8756,[ERROR]文件：关于大棺木,1,0,[0|0|0],-1,-1,0,0,-1,0,-1,999999,-1,-1,0,-1,0,0,0,-1,-1,-1,1,0,50,0,0,0,0,0,0,0,0,[0|0],0,0,0,0,0,0,0,0,0,0,0,0,0,0,0,0,0,0,0,0,0,0,0,0,0,-1,-1,-1,-1,-1,-1,-1,-1,1,0,0,0,0,0,0,0,0,0,0,1,0,2,0,1,0,1,255,1,0,0,0,0,0,0,0,-1,0,-1,-1,-1,0,0,0,0,0,0,0,0,0,0,0,0,0,0,0,0,0,0,[0|0],0,[0|0|0|0|0|0|0|0],流浪民族的商人贩卖的文件。\n内容写着关于大棺木的情报。\n\n购买之后，才能确认情报内容。
8757,文件：关于火焰战车,1,0,[0|0|0],-1,-1,0,0,-1,0,-1,999999,-1,-1,0,-1,0,0,0,-1,-1,-1,1,0,50,0,0,0,0,0,0,0,0,[0|0],0,0,0,0,0,0,0,0,0,0,0,0,0,0,0,0,0,0,0,0,0,0,0,0,0,-1,-1,-1,-1,-1,-1,-1,-1,1,0,0,0,0,0,0,0,0,0,0,1,0,2,0,1,0,1,255,1,0,0,0,0,0,0,0,-1,0,-1,-1,-1,0,0,0,0,0,0,0,0,0,0,0,0,0,0,0,0,0,0,[0|0],0,[0|0|0|0|0|0|0|0],流浪民族的商人贩卖的文件。\n内容写着关于火焰战车的情报。\n\n购买之后，才能确认情报内容。
8758,文件：关于亚人集团,1,0,[0|0|0],-1,-1,0,0,-1,0,-1,999999,-1,-1,0,-1,0,0,0,-1,-1,-1,1,0,50,0,0,0,0,0,0,0,0,[0|0],0,0,0,0,0,0,0,0,0,0,0,0,0,0,0,0,0,0,0,0,0,0,0,0,0,-1,-1,-1,-1,-1,-1,-1,-1,1,0,0,0,0,0,0,0,0,0,0,1,0,2,0,1,0,1,255,1,0,0,0,0,0,0,0,-1,0,-1,-1,-1,0,0,0,0,0,0,0,0,0,0,0,0,0,0,0,0,0,0,[0|0],0,[0|0|0|0|0|0|0|0],流浪民族的商人贩卖的文件。\n内容写着关于亚人集团的情报。\n\n购买之后，才能确认情报内容。
8759,文件：关于陆生海鞘,1,0,[0|0|0],-1,-1,0,0,-1,0,-1,999999,-1,-1,0,-1,0,0,0,-1,-1,-1,1,0,50,0,0,0,0,0,0,0,0,[0|0],0,0,0,0,0,0,0,0,0,0,0,0,0,0,0,0,0,0,0,0,0,0,0,0,0,-1,-1,-1,-1,-1,-1,-1,-1,1,0,0,0,0,0,0,0,0,0,0,1,0,2,0,1,0,1,255,1,0,0,0,0,0,0,0,-1,0,-1,-1,-1,0,0,0,0,0,0,0,0,0,0,0,0,0,0,0,0,0,0,[0|0],0,[0|0|0|0|0|0|0|0],流浪民族的商人贩卖的文件。\n内容写着关于陆生海鞘的情报。\n\n购买之后，才能确认情报内容。
8760,文件：关于重力的力量,1,0,[0|0|0],-1,-1,0,0,-1,0,-1,999999,-1,-1,0,-1,0,0,0,-1,-1,-1,1,0,50,0,0,0,0,0,0,0,0,[0|0],0,0,0,0,0,0,0,0,0,0,0,0,0,0,0,0,0,0,0,0,0,0,0,0,0,-1,-1,-1,-1,-1,-1,-1,-1,1,0,0,0,0,0,0,0,0,0,0,1,0,2,0,1,0,1,255,1,0,0,0,0,0,0,0,-1,0,-1,-1,-1,0,0,0,0,0,0,0,0,0,0,0,0,0,0,0,0,0,0,[0|0],0,[0|0|0|0|0|0|0|0],流浪民族的商人贩卖的文件。\n内容写着关于重力的力量的情报。\n\n购买之后，才能确认情报内容。
8761,文件：关于幽魂,1,0,[0|0|0],-1,-1,0,0,-1,0,-1,999999,-1,-1,0,-1,0,0,0,-1,-1,-1,1,0,50,0,0,0,0,0,0,0,0,[0|0],0,0,0,0,0,0,0,0,0,0,0,0,0,0,0,0,0,0,0,0,0,0,0,0,0,-1,-1,-1,-1,-1,-1,-1,-1,1,0,0,0,0,0,0,0,0,0,0,1,0,2,0,1,0,1,255,1,0,0,0,0,0,0,0,-1,0,-1,-1,-1,0,0,0,0,0,0,0,0,0,0,0,0,0,0,0,0,0,0,[0|0],0,[0|0|0|0|0|0|0|0],流浪民族的商人贩卖的文件。\n内容写着关于幽魂的情报。\n\n购买之后，才能确认情报内容。
8762,文件：关于驿站街遗迹,1,0,[0|0|0],-1,-1,0,0,-1,0,-1,999999,-1,-1,0,-1,0,0,0,-1,-1,-1,1,0,50,0,0,0,0,0,0,0,0,[0|0],0,0,0,0,0,0,0,0,0,0,0,0,0,0,0,0,0,0,0,0,0,0,0,0,0,-1,-1,-1,-1,-1,-1,-1,-1,1,0,0,0,0,0,0,0,0,0,0,1,0,2,0,1,0,1,255,1,0,0,0,0,0,0,0,-1,0,-1,-1,-1,0,0,0,0,0,0,0,0,0,0,0,0,0,0,0,0,0,0,[0|0],0,[0|0|0|0|0|0|0|0],流浪民族的商人贩卖的文件。\n内容写着关于驿站街遗迹的情报。\n\n购买之后，才能确认情报内容。
8763,文件：关于传送门,1,0,[0|0|0],-1,-1,0,0,-1,0,-1,999999,-1,-1,0,-1,0,0,0,-1,-1,-1,1,0,50,0,0,0,0,0,0,0,0,[0|0],0,0,0,0,0,0,0,0,0,0,0,0,0,0,0,0,0,0,0,0,0,0,0,0,0,-1,-1,-1,-1,-1,-1,-1,-1,1,0,0,0,0,0,0,0,0,0,0,1,0,2,0,1,0,1,255,1,0,0,0,0,0,0,0,-1,0,-1,-1,-1,0,0,0,0,0,0,0,0,0,0,0,0,0,0,0,0,0,0,[0|0],0,[0|0|0|0|0|0|0|0],流浪民族的商人贩卖的文件。\n内容写着关于传送门的情报。\n\n购买之后，才能确认情报内容。
8765,文件：关于癫火村,1,0,[0|0|0],-1,-1,0,0,-1,0,-1,999999,-1,-1,0,-1,0,0,0,-1,-1,-1,1,0,50,0,0,0,0,0,0,0,0,[0|0],0,0,0,0,0,0,0,0,0,0,0,0,0,0,0,0,0,0,0,0,0,0,0,0,0,-1,-1,-1,-1,-1,-1,-1,-1,1,0,0,0,0,0,0,0,0,0,0,1,0,2,0,1,0,1,255,1,0,0,0,0,0,0,0,-1,0,-1,-1,-1,0,0,0,0,0,0,0,0,0,0,0,0,0,0,0,0,0,0,[0|0],0,[0|0|0|0|0|0|0|0],流浪民族的商人贩卖的文件。\n内容写着关于癫火村的情报。\n\n购买之后，才能确认情报内容。
8767,文件：关于王城地底,1,0,[0|0|0],-1,-1,0,0,-1,0,-1,999999,-1,-1,0,-1,0,0,0,-1,-1,-1,1,0,50,0,0,0,0,0,0,0,0,[0|0],0,0,0,0,0,0,0,0,0,0,0,0,0,0,0,0,0,0,0,0,0,0,0,0,0,-1,-1,-1,-1,-1,-1,-1,-1,1,0,0,0,0,0,0,0,0,0,0,1,0,2,0,1,0,1,255,1,0,0,0,0,0,0,0,-1,0,-1,-1,-1,0,0,0,0,0,0,0,0,0,0,0,0,0,0,0,0,0,0,[0|0],0,[0|0|0|0|0|0|0|0],流浪民族的商人贩卖的文件。\n内容写着关于王城地底的情报。\n\n购买之后，才能确认情报内容。
8850,教室卷轴,1,0,[0|0|0],-1,-1,0,0,-1,0,-1,210010,-1,-1,0,-1,0,310,0,-1,-1,-1,1,0,50,1,0,0,0,0,0,0,0,[0|0],0,0,0,0,0,0,0,0,0,0,0,0,0,0,1,0,0,0,0,0,0,0,0,0,0,-1,-1,-1,-1,-1,-1,-1,-1,1,0,0,0,0,0,0,0,0,0,0,1,0,2,0,1,0,1,100,1,0,0,0,0,2,0,0,-1,0,-1,-1,-1,0,0,0,0,0,0,0,0,0,0,0,0,0,0,0,0,0,0,[0|0],0,[0|0|0|0|0|0|0|0],魔法学院雷亚卢卡利亚的卷轴。\n内容记载着戴着辉石头罩的求学者们，\n在教室学习的高难度魔法。\n\n交给魔法的老师，能学习下列魔法：\n\n·辉石彗星\n·流星雨
8851,王室卷轴,1,0,[0|0|0],-1,-1,0,0,-1,0,-1,210020,-1,-1,0,-1,0,311,0,-1,-1,-1,1,0,50,1,0,0,0,0,0,0,0,[0|0],0,0,0,0,0,0,0,0,0,0,0,0,0,0,1,0,0,0,0,0,0,0,0,0,0,-1,-1,-1,-1,-1,-1,-1,-1,1,0,0,0,0,0,0,0,0,0,0,1,0,2,0,1,0,1,100,1,0,0,0,0,2,0,0,-1,0,-1,-1,-1,0,0,0,0,0,0,0,0,0,0,0,0,0,0,0,0,0,0,[0|0],0,[0|0|0|0|0|0|0|0],魔法学院雷亚卢卡利亚的领导者──\n卡利亚王室的卷轴。\n\n交给魔法的老师，能学习下列魔法：\n\n·辉剑圆阵\n·卡利亚迅剑
8852,,1,0,[0|0|0],-1,-1,0,0,-1,0,-1,999999,-1,-1,0,-1,0,312,0,-1,-1,-1,1,0,50,1,0,0,0,0,0,0,0,[0|0],0,0,0,0,0,0,0,0,0,0,0,0,0,0,1,0,0,0,0,0,0,0,0,0,0,-1,-1,-1,-1,-1,-1,-1,-1,1,0,0,0,0,0,0,0,0,0,0,1,0,2,0,1,0,1,255,1,0,0,0,0,2,0,0,-1,0,-1,-1,-1,0,0,0,0,0,0,0,0,0,0,0,0,0,0,0,0,0,0,[0|0],0,[0|0|0|0|0|0|0|0],
8853,,1,0,[0|0|0],-1,-1,0,0,-1,0,-1,999999,-1,-1,0,-1,0,313,0,-1,-1,-1,1,0,50,1,0,0,0,0,0,0,0,[0|0],0,0,0,0,0,0,0,0,0,0,0,0,0,0,1,0,0,0,0,0,0,0,0,0,0,-1,-1,-1,-1,-1,-1,-1,-1,1,0,0,0,0,0,0,0,0,0,0,1,0,2,0,1,0,1,255,1,0,0,0,0,2,0,0,-1,0,-1,-1,-1,0,0,0,0,0,0,0,0,0,0,0,0,0,0,0,0,0,0,[0|0],0,[0|0|0|0|0|0|0|0],
8854,,1,0,[0|0|0],-1,-1,0,0,-1,0,-1,999999,-1,-1,0,-1,0,314,0,-1,-1,-1,1,0,50,1,0,0,0,0,0,0,0,[0|0],0,0,0,0,0,0,0,0,0,0,0,0,0,0,1,0,0,0,0,0,0,0,0,0,0,-1,-1,-1,-1,-1,-1,-1,-1,1,0,0,0,0,0,0,0,0,0,0,1,0,2,0,1,0,1,255,1,0,0,0,0,2,0,0,-1,0,-1,-1,-1,0,0,0,0,0,0,0,0,0,0,0,0,0,0,0,0,0,0,[0|0],0,[0|0|0|0|0|0|0|0],
8855,火焰习武修士祷告书,1,0,[0|0|0],-1,-1,0,0,-1,0,-1,210080,-1,-1,0,-1,0,315,0,-1,-1,-1,1,0,50,1,0,0,0,0,0,0,0,[0|0],0,0,0,0,0,0,0,0,0,0,0,0,0,0,1,0,0,0,0,0,0,0,0,0,0,-1,-1,-1,-1,-1,-1,-1,-1,1,0,0,0,0,0,0,0,0,0,0,1,0,2,0,1,0,1,100,1,0,0,0,0,2,0,0,-1,0,-1,-1,-1,0,0,0,0,0,0,0,0,0,0,0,0,0,0,0,0,0,0,[0|0],0,[0|0|0|0|0|0|0|0],来自遥远北方的巨人山顶──\n火焰习武修士们的祷告书。\n\n交给祷告的老师，能学习下列祷告：\n\n·火焰啊！\n·火焰啊，喷发吧
8856,巨人祷告书,1,0,[0|0|0],-1,-1,0,0,-1,0,-1,210090,-1,-1,0,-1,0,316,0,-1,-1,-1,1,0,50,1,0,0,0,0,0,0,0,[0|0],0,0,0,0,0,0,0,0,0,0,0,0,0,0,1,0,0,0,0,0,0,0,0,0,0,-1,-1,-1,-1,-1,-1,-1,-1,1,0,0,0,0,0,0,0,0,0,0,1,0,2,0,1,0,1,100,1,0,0,0,0,2,0,0,-1,0,-1,-1,-1,0,0,0,0,0,0,0,0,0,0,0,0,0,0,0,0,0,0,[0|0],0,[0|0|0|0|0|0|0|0],身为监视者的诸位主教藏匿的祷告书。\n内容记载着关于火焰巨人的力量。\n\n交给祷告的老师，能学习下列祷告：\n\n·感受巨人火焰吧\n·火焰啊，倾注吧
8857,神皮祷告书,1,0,[0|0|0],-1,-1,0,0,-1,0,-1,210100,-1,-1,0,-1,0,317,0,-1,-1,-1,1,0,50,1,0,0,0,0,0,0,0,[0|0],0,0,0,0,0,0,0,0,0,0,0,0,0,0,1,0,0,0,0,0,0,0,0,0,0,-1,-1,-1,-1,-1,-1,-1,-1,1,0,0,0,0,0,0,0,0,0,0,1,0,2,0,1,0,1,100,1,0,0,0,0,2,0,0,-1,0,-1,-1,-1,0,0,0,0,0,0,0,0,0,0,0,0,0,0,0,0,0,0,[0|0],0,[0|0|0|0|0|0|0|0],以平滑的皮肤制成的祷告书。\n内容记载着狩猎神祇的黑焰祷告。\n\n交给祷告的老师，能学习下列祷告：\n\n·黑焰\n·黑焰刀刃
8858,双指祷告书,1,0,[0|0|0],-1,-1,0,0,-1,0,-1,210030,-1,-1,0,-1,0,318,0,-1,-1,-1,1,0,50,1,0,0,0,0,0,0,0,[0|0],0,0,0,0,0,0,0,0,0,0,0,0,0,0,1,0,0,0,0,0,0,0,0,0,0,-1,-1,-1,-1,-1,-1,-1,-1,1,0,0,0,0,0,0,0,0,0,0,1,0,2,0,1,0,1,100,1,0,0,0,0,2,0,0,-1,0,-1,-1,-1,0,0,0,0,0,0,0,0,0,0,0,0,0,0,0,0,0,0,[0|0],0,[0|0|0|0|0|0|0|0],内容记载着双指祷告的祷告书。\n过去托付给具有王格的褪色者的物品。\n\n交给祷告的老师，能学习下列祷告：\n\n·王之恢复\n·王之疗愈
8859,刺客祷告书,1,0,[0|0|0],-1,-1,0,0,-1,0,-1,210040,-1,-1,0,-1,0,319,0,-1,-1,-1,1,0,50,1,0,0,0,0,0,0,0,[0|0],0,0,0,0,0,0,0,0,0,0,0,0,0,0,1,0,0,0,0,0,0,0,0,0,0,-1,-1,-1,-1,-1,-1,-1,-1,1,0,0,0,0,0,0,0,0,0,0,1,0,2,0,1,0,1,100,1,0,0,0,0,2,0,0,-1,0,-1,-1,-1,0,0,0,0,0,0,0,0,0,0,0,0,0,0,0,0,0,0,[0|0],0,[0|0|0|0|0|0|0|0],人称「圆桌厅堂刺客」的人们拥有的祷告书。\n\n交给祷告的老师，能学习下列祷告：\n\n·刺客步法\n·黑暗
8860,黄金树祷告书,1,0,[0|0|0],-1,-1,0,0,-1,0,-1,999999,-1,-1,0,-1,0,320,0,-1,-1,-1,1,0,50,1,0,0,0,0,0,0,0,[0|0],0,0,0,0,0,0,0,0,0,0,0,0,0,0,1,0,0,0,0,0,0,0,0,0,0,-1,-1,-1,-1,-1,-1,-1,-1,1,0,0,0,0,0,0,0,0,0,0,1,0,2,0,1,0,1,255,1,0,0,0,0,2,0,0,-1,0,-1,-1,-1,0,0,0,0,0,0,0,0,0,0,0,0,0,0,0,0,0,0,[0|0],0,[0|0|0|0|0|0|0|0],写着关于祷告学问的古书籍。\n交给造诣深厚的圣职人员之后，\n能够学习祷告。
8861,黄金树古文书,1,0,[0|0|0],-1,-1,0,0,-1,0,-1,999999,-1,-1,0,-1,0,321,0,-1,-1,-1,1,0,50,1,0,0,0,0,0,0,0,[0|0],0,0,0,0,0,0,0,0,0,0,0,0,0,0,1,0,0,0,0,0,0,0,0,0,0,-1,-1,-1,-1,-1,-1,-1,-1,1,0,0,0,0,0,0,0,0,0,0,1,0,2,0,1,0,1,255,1,0,0,0,0,2,0,0,-1,0,-1,-1,-1,0,0,0,0,0,0,0,0,0,0,0,0,0,0,0,0,0,0,[0|0],0,[0|0|0|0|0|0|0|0],写着关于祷告学问的古书籍。\n交给造诣深厚的圣职人员之后，\n能够学习祷告。
8862,黄金律法原本,1,0,[0|0|0],-1,-1,0,0,-1,0,-1,210050,-1,-1,0,-1,0,322,0,-1,-1,-1,1,0,50,1,0,0,0,0,0,0,0,[0|0],0,0,0,0,0,0,0,0,0,0,0,0,0,0,1,0,0,0,0,0,0,0,0,0,0,-1,-1,-1,-1,-1,-1,-1,-1,1,0,0,0,0,0,0,0,0,0,0,1,0,2,0,1,0,1,100,1,0,0,0,0,2,0,0,-1,0,-1,-1,-1,0,0,0,0,0,0,0,0,0,0,0,0,0,0,0,0,0,0,[0|0],0,[0|0|0|0|0|0|0|0],黄金律法基本主义的祷告书。\n内容记载着相关的根本理论，\n艰涩难懂的学术书籍。\n\n交给祷告的老师，能学习下列祷告：\n\n·拉达冈的光环\n·回归性原理
8863,[ERROR]黄金律法原本,1,0,[0|0|0],-1,-1,0,0,-1,0,-1,999999,-1,-1,0,-1,0,323,0,-1,-1,-1,1,0,50,1,0,0,0,0,0,0,0,[0|0],0,0,0,0,0,0,0,0,0,0,0,0,0,0,1,0,0,0,0,0,0,0,0,0,0,-1,-1,-1,-1,-1,-1,-1,-1,1,0,0,0,0,0,0,0,0,0,0,1,0,2,0,1,0,1,255,1,0,0,0,0,2,0,0,-1,0,-1,-1,-1,0,0,0,0,0,0,0,0,0,0,0,0,0,0,0,0,0,0,[0|0],0,[0|0|0|0|0|0|0|0],写着关于祷告学问的古书籍。\n交给造诣深厚的圣职人员之后，\n能够学习祷告。
8864,龙信仰祷告书,1,0,[0|0|0],-1,-1,0,0,-1,0,-1,210060,-1,-1,0,-1,0,324,0,-1,-1,-1,1,0,50,1,0,0,0,0,0,0,0,[0|0],0,0,0,0,0,0,0,0,0,0,0,0,0,0,1,0,0,0,0,0,0,0,0,0,0,-1,-1,-1,-1,-1,-1,-1,-1,1,0,0,0,0,0,0,0,0,0,0,1,0,2,0,1,0,1,100,1,0,0,0,0,2,0,0,-1,0,-1,-1,-1,0,0,0,0,0,0,0,0,0,0,0,0,0,0,0,0,0,0,[0|0],0,[0|0|0|0|0|0|0|0],王城古龙信仰的祷告书。\n此为古龙战争之后，\n于骑士之间萌发的信仰。\n\n交给祷告的老师，能学习下列祷告：\n\n·雷电枪\n·精准雷击\n·雷武器
8865,古龙祷告书,1,0,[0|0|0],-1,-1,0,0,-1,0,-1,210070,-1,-1,0,-1,0,325,0,-1,-1,-1,1,0,50,1,0,0,0,0,0,0,0,[0|0],0,0,0,0,0,0,0,0,0,0,0,0,0,0,1,0,0,0,0,0,0,0,0,0,0,-1,-1,-1,-1,-1,-1,-1,-1,1,0,0,0,0,0,0,0,0,0,0,1,0,2,0,1,0,1,100,1,0,0,0,0,2,0,0,-1,0,-1,-1,-1,0,0,0,0,0,0,0,0,0,0,0,0,0,0,0,0,0,0,[0|0],0,[0|0|0|0|0|0|0|0],王城古龙信仰的祷告书。\n于交界地失传的佚失书籍，\n内容记载着红色雷电的祷告。\n\n交给祷告的老师，能学习下列祷告：\n\n·古龙雷枪\n·古龙雷击
8866,学院卷轴,1,0,[0|0|0],-1,-1,0,0,-1,0,-1,210000,-1,-1,0,-1,0,310,0,-1,-1,-1,1,0,50,1,0,0,0,0,0,0,0,[0|0],0,0,0,0,0,0,0,0,0,0,0,0,0,0,1,0,0,0,0,0,0,0,0,0,0,-1,-1,-1,-1,-1,-1,-1,-1,1,0,0,0,0,0,0,0,0,0,0,1,0,2,0,1,0,1,100,1,0,0,0,0,2,0,0,-1,0,-1,-1,-1,0,0,0,0,0,0,0,0,0,0,0,0,0,0,0,0,0,0,[0|0],0,[0|0|0|0|0|0|0|0],辉石魔法师们的学问殿堂──\n魔法学院雷亚卢卡利亚的卷轴。\n\n交给魔法的老师，能学习下列魔法：\n\n·辉石大魔砾\n·辉石迅魔砾
8910,毕迪的铃珠,1,0,[0|0|0],-1,-1,0,0,-1,0,-1,209150,-1,-1,0,-1,0,3142,0,-1,-1,-1,1,0,50,1,0,0,0,0,0,0,0,[0|0],0,0,0,0,0,0,0,0,0,0,0,0,0,0,1,0,0,0,0,0,0,0,0,0,0,-1,-1,-1,-1,-1,-1,-1,-1,1,0,0,0,0,0,0,0,0,0,0,1,0,2,0,1,0,1,90,1,0,0,0,0,2,0,0,-1,0,-1,-1,-1,0,0,0,0,0,0,0,0,0,0,0,0,0,0,0,0,0,0,[0|0],0,[0|0|0|0|0|0|0|0],残留在仆人毕迪尸体上的铃珠。\n\n献给圆桌厅堂的孪生老妪，\n能够增加交易项目。
8911,赛尔维斯的铃珠,1,0,[0|0|0],-1,-1,0,0,-1,0,-1,209050,-1,-1,0,-1,0,3146,0,-1,-1,-1,1,0,50,1,0,0,0,0,0,0,0,[0|0],0,0,0,0,0,0,0,0,0,0,0,0,0,0,1,0,0,0,0,0,0,0,0,0,0,-1,-1,-1,-1,-1,-1,-1,-1,1,0,0,0,0,0,0,0,0,0,0,1,0,2,0,1,0,1,90,1,0,0,0,0,2,0,0,-1,0,-1,-1,-1,0,0,0,0,0,0,0,0,0,0,0,0,0,0,0,0,0,0,[0|0],0,[0|0|0|0|0|0|0|0],残留在魔法教授赛尔维斯\n尸体上的铃珠。\n\n献给圆桌厅堂的孪生老妪，\n能够增加交易项目。
8912,帕奇的铃珠,1,0,[0|0|0],-1,-1,0,0,-1,0,-1,209160,-1,-1,0,-1,0,3142,0,-1,-1,-1,1,0,50,1,0,0,0,0,0,0,0,[0|0],0,0,0,0,0,0,0,0,0,0,0,0,0,0,1,0,0,0,0,0,0,0,0,0,0,-1,-1,-1,-1,-1,-1,-1,-1,1,0,0,0,0,0,0,0,0,0,0,1,0,2,0,1,0,1,90,1,0,0,0,0,2,0,0,-1,0,-1,-1,-1,0,0,0,0,0,0,0,0,0,0,0,0,0,0,0,0,0,0,[0|0],0,[0|0|0|0|0|0|0|0],残留在帕奇尸体上的铃珠。\n\n献给圆桌厅堂的孪生老妪，\n能够增加交易项目。
8913,瑟濂的铃珠,1,0,[0|0|0],-1,-1,0,0,-1,0,-1,209040,-1,-1,0,-1,0,3143,0,-1,-1,-1,1,0,50,1,0,0,0,0,0,0,0,[0|0],0,0,0,0,0,0,0,0,0,0,0,0,0,0,1,0,0,0,0,0,0,0,0,0,0,-1,-1,-1,-1,-1,-1,-1,-1,1,0,0,0,0,0,0,0,0,0,0,1,0,2,0,1,0,1,90,1,0,0,0,0,2,0,0,-1,0,-1,-1,-1,0,0,0,0,0,0,0,0,0,0,0,0,0,0,0,0,0,0,[0|0],0,[0|0|0|0|0|0|0|0],残留在魔法师瑟濂尸体上的铃珠。\n\n献给圆桌厅堂的孪生老妪，\n能够增加交易项目。
8914,,1,0,[0|0|0],-1,-1,0,0,-1,0,-1,999999,-1,-1,0,-1,0,3147,0,-1,-1,-1,1,0,50,1,0,0,0,0,0,0,0,[0|0],0,0,0,0,0,0,0,0,0,0,0,0,0,0,1,0,0,0,0,0,0,0,0,0,0,-1,-1,-1,-1,-1,-1,-1,-1,1,0,0,0,0,0,0,0,0,0,0,1,0,2,0,1,0,1,255,1,0,0,0,0,2,0,0,-1,0,-1,-1,-1,0,0,0,0,0,0,0,0,0,0,0,0,0,0,0,0,0,0,[0|0],0,[0|0|0|0|0|0|0|0],
8915,Ｄ的铃珠,1,0,[0|0|0],-1,-1,0,0,-1,0,-1,209090,-1,-1,0,-1,0,3144,0,-1,-1,-1,1,0,50,1,0,0,0,0,0,0,0,[0|0],0,0,0,0,0,0,0,0,0,0,0,0,0,0,1,0,0,0,0,0,0,0,0,0,0,-1,-1,-1,-1,-1,-1,-1,-1,1,0,0,0,0,0,0,0,0,0,0,1,0,2,0,1,0,1,90,1,0,0,0,0,2,0,0,-1,0,-1,-1,-1,0,0,0,0,0,0,0,0,0,0,0,0,0,0,0,0,0,0,[0|0],0,[0|0|0|0|0|0|0|0],残留在Ｄ尸体上的铃珠。\n\n献给圆桌厅堂的孪生老妪，\n能够增加交易项目。
8916,贝纳尔的铃珠,1,0,[0|0|0],-1,-1,0,0,-1,0,-1,209120,-1,-1,0,-1,0,3145,0,-1,-1,-1,1,0,50,1,0,0,0,0,0,0,0,[0|0],0,0,0,0,0,0,0,0,0,0,0,0,0,0,1,0,0,0,0,0,0,0,0,0,0,-1,-1,-1,-1,-1,-1,-1,-1,1,0,0,0,0,0,0,0,0,0,0,1,0,2,0,1,0,1,90,1,0,0,0,0,2,0,0,-1,0,-1,-1,-1,0,0,0,0,0,0,0,0,0,0,0,0,0,0,0,0,0,0,[0|0],0,[0|0|0|0|0|0|0|0],残留在骑士贝纳尔尸体上的铃珠。\n\n献给圆桌厅堂的孪生老妪，\n能够增加交易项目。
8917,米利耶的铃珠,1,0,[0|0|0],-1,-1,0,0,-1,0,-1,209080,-1,-1,0,-1,0,3144,0,-1,-1,-1,1,0,50,1,0,0,0,0,0,0,0,[0|0],0,0,0,0,0,0,0,0,0,0,0,0,0,0,1,0,0,0,0,0,0,0,0,0,0,-1,-1,-1,-1,-1,-1,-1,-1,1,0,0,0,0,0,0,0,0,0,0,1,0,2,0,1,0,1,90,1,0,0,0,0,2,0,0,-1,0,-1,-1,-1,0,0,0,0,0,0,0,0,0,0,0,0,0,0,0,0,0,0,[0|0],0,[0|0|0|0|0|0|0|0],残留在“结缘牧师”米利耶\n尸体上的铃珠。\n\n献给圆桌厅堂的孪生老妪，\n能够增加交易项目。
8918,葛托克的铃珠,1,0,[0|0|0],-1,-1,0,0,-1,0,-1,209140,-1,-1,0,-1,0,3142,0,-1,-1,-1,1,0,50,1,0,0,0,0,0,0,0,[0|0],0,0,0,0,0,0,0,0,0,0,0,0,0,0,1,0,0,0,0,0,0,0,0,0,0,-1,-1,-1,-1,-1,-1,-1,-1,1,0,0,0,0,0,0,0,0,0,0,1,0,2,0,1,0,1,90,1,0,0,0,0,2,0,0,-1,0,-1,-1,-1,0,0,0,0,0,0,0,0,0,0,0,0,0,0,0,0,0,0,[0|0],0,[0|0|0|0|0|0|0|0],残留在门卫葛托克尸体上的铃珠。\n\n献给圆桌厅堂的孪生老妪，\n能够增加交易项目。
8919,托普斯的铃珠,1,0,[0|0|0],-1,-1,0,0,-1,0,-1,209060,-1,-1,0,-1,0,3143,0,-1,-1,-1,1,0,50,1,0,0,0,0,0,0,0,[0|0],0,0,0,0,0,0,0,0,0,0,0,0,0,0,1,0,0,0,0,0,0,0,0,0,0,-1,-1,-1,-1,-1,-1,-1,-1,1,0,0,0,0,0,0,0,0,0,0,1,0,2,0,1,0,1,90,1,0,0,0,0,2,0,0,-1,0,-1,-1,-1,0,0,0,0,0,0,0,0,0,0,0,0,0,0,0,0,0,0,[0|0],0,[0|0|0|0|0|0|0|0],残留在魔法师托普斯尸体上的铃珠。\n\n献给圆桌厅堂的孪生老妪，\n能够增加交易项目。
8920,咖列的铃珠,1,0,[0|0|0],-1,-1,0,0,-1,0,-1,208000,-1,-1,0,-1,0,3142,0,-1,-1,-1,1,0,50,1,0,0,0,0,0,0,0,[0|0],0,0,0,0,0,0,0,0,0,0,0,0,0,0,1,0,0,0,0,0,0,0,0,0,0,-1,-1,-1,-1,-1,-1,-1,-1,1,0,0,0,0,0,0,0,0,0,0,1,0,2,0,1,0,1,80,1,0,0,0,0,2,0,0,-1,0,-1,-1,-1,0,0,0,0,0,0,0,0,0,0,0,0,0,0,0,0,0,0,[0|0],0,[0|0|0|0|0|0|0|0],残留在“流浪商人”咖列\n尸体上的铃珠。\n\n献给圆桌厅堂的孪生老妪，\n能够增加交易项目。
8921,流浪商人的铃珠【１】,1,0,[0|0|0],-1,-1,0,0,-1,0,-1,208010,-1,-1,0,-1,0,3142,0,-1,-1,-1,1,0,50,1,0,0,0,0,0,0,0,[0|0],0,0,0,0,0,0,0,0,0,0,0,0,0,0,1,0,0,0,0,0,0,0,0,0,0,-1,-1,-1,-1,-1,-1,-1,-1,1,0,0,0,0,0,0,0,0,0,0,1,0,2,0,1,0,1,80,1,0,0,0,0,2,0,0,-1,0,-1,-1,-1,0,0,0,0,0,0,0,0,0,0,0,0,0,0,0,0,0,0,[0|0],0,[0|0|0|0|0|0|0|0],残留在流浪民族的商人\n尸体上的铃珠。\n\n献给圆桌厅堂的孪生老妪，\n能够增加交易项目。
8922,流浪商人的铃珠【２】,1,0,[0|0|0],-1,-1,0,0,-1,0,-1,208020,-1,-1,0,-1,0,3142,0,-1,-1,-1,1,0,50,1,0,0,0,0,0,0,0,[0|0],0,0,0,0,0,0,0,0,0,0,0,0,0,0,1,0,0,0,0,0,0,0,0,0,0,-1,-1,-1,-1,-1,-1,-1,-1,1,0,0,0,0,0,0,0,0,0,0,1,0,2,0,1,0,1,80,1,0,0,0,0,2,0,0,-1,0,-1,-1,-1,0,0,0,0,0,0,0,0,0,0,0,0,0,0,0,0,0,0,[0|0],0,[0|0|0|0|0|0|0|0],残留在流浪民族的商人\n尸体上的铃珠。\n\n献给圆桌厅堂的孪生老妪，\n能够增加交易项目。
8923,流浪商人的铃珠【３】,1,0,[0|0|0],-1,-1,0,0,-1,0,-1,208030,-1,-1,0,-1,0,3142,0,-1,-1,-1,1,0,50,1,0,0,0,0,0,0,0,[0|0],0,0,0,0,0,0,0,0,0,0,0,0,0,0,1,0,0,0,0,0,0,0,0,0,0,-1,-1,-1,-1,-1,-1,-1,-1,1,0,0,0,0,0,0,0,0,0,0,1,0,2,0,1,0,1,80,1,0,0,0,0,2,0,0,-1,0,-1,-1,-1,0,0,0,0,0,0,0,0,0,0,0,0,0,0,0,0,0,0,[0|0],0,[0|0|0|0|0|0|0|0],残留在流浪民族的商人\n尸体上的铃珠。\n\n献给圆桌厅堂的孪生老妪，\n能够增加交易项目。
8924,流浪商人的铃珠【４】,1,0,[0|0|0],-1,-1,0,0,-1,0,-1,208040,-1,-1,0,-1,0,3142,0,-1,-1,-1,1,0,50,1,0,0,0,0,0,0,0,[0|0],0,0,0,0,0,0,0,0,0,0,0,0,0,0,1,0,0,0,0,0,0,0,0,0,0,-1,-1,-1,-1,-1,-1,-1,-1,1,0,0,0,0,0,0,0,0,0,0,1,0,2,0,1,0,1,80,1,0,0,0,0,2,0,0,-1,0,-1,-1,-1,0,0,0,0,0,0,0,0,0,0,0,0,0,0,0,0,0,0,[0|0],0,[0|0|0|0|0|0|0|0],残留在流浪民族的商人\n尸体上的铃珠。\n\n献给圆桌厅堂的孪生老妪，\n能够增加交易项目。
8925,流浪商人的铃珠【５】,1,0,[0|0|0],-1,-1,0,0,-1,0,-1,208050,-1,-1,0,-1,0,3142,0,-1,-1,-1,1,0,50,1,0,0,0,0,0,0,0,[0|0],0,0,0,0,0,0,0,0,0,0,0,0,0,0,1,0,0,0,0,0,0,0,0,0,0,-1,-1,-1,-1,-1,-1,-1,-1,1,0,0,0,0,0,0,0,0,0,0,1,0,2,0,1,0,1,80,1,0,0,0,0,2,0,0,-1,0,-1,-1,-1,0,0,0,0,0,0,0,0,0,0,0,0,0,0,0,0,0,0,[0|0],0,[0|0|0|0|0|0|0|0],残留在流浪民族的商人\n尸体上的铃珠。\n\n献给圆桌厅堂的孪生老妪，\n能够增加交易项目。
8926,隐居商人的铃珠【１】,1,0,[0|0|0],-1,-1,0,0,-1,0,-1,208110,-1,-1,0,-1,0,3142,0,-1,-1,-1,1,0,50,1,0,0,0,0,0,0,0,[0|0],0,0,0,0,0,0,0,0,0,0,0,0,0,0,1,0,0,0,0,0,0,0,0,0,0,-1,-1,-1,-1,-1,-1,-1,-1,1,0,0,0,0,0,0,0,0,0,0,1,0,2,0,1,0,1,80,1,0,0,0,0,2,0,0,-1,0,-1,-1,-1,0,0,0,0,0,0,0,0,0,0,0,0,0,0,0,0,0,0,[0|0],0,[0|0|0|0|0|0|0|0],残留在隐居商人尸体上的铃珠。\n\n献给圆桌厅堂的孪生老妪，\n能够增加交易项目。
8927,隐居商人的铃珠【２】,1,0,[0|0|0],-1,-1,0,0,-1,0,-1,208120,-1,-1,0,-1,0,3142,0,-1,-1,-1,1,0,50,1,0,0,0,0,0,0,0,[0|0],0,0,0,0,0,0,0,0,0,0,0,0,0,0,1,0,0,0,0,0,0,0,0,0,0,-1,-1,-1,-1,-1,-1,-1,-1,1,0,0,0,0,0,0,0,0,0,0,1,0,2,0,1,0,1,80,1,0,0,0,0,2,0,0,-1,0,-1,-1,-1,0,0,0,0,0,0,0,0,0,0,0,0,0,0,0,0,0,0,[0|0],0,[0|0|0|0|0|0|0|0],残留在隐居商人尸体上的铃珠。\n\n献给圆桌厅堂的孪生老妪，\n能够增加交易项目。
8928,流浪商人的铃珠【６】,1,0,[0|0|0],-1,-1,0,0,-1,0,-1,208060,-1,-1,0,-1,0,3142,0,-1,-1,-1,1,0,50,1,0,0,0,0,0,0,0,[0|0],0,0,0,0,0,0,0,0,0,0,0,0,0,0,1,0,0,0,0,0,0,0,0,0,0,-1,-1,-1,-1,-1,-1,-1,-1,1,0,0,0,0,0,0,0,0,0,0,1,0,2,0,1,0,1,80,1,0,0,0,0,2,0,0,-1,0,-1,-1,-1,0,0,0,0,0,0,0,0,0,0,0,0,0,0,0,0,0,0,[0|0],0,[0|0|0|0|0|0|0|0],残留在流浪民族的商人\n尸体上的铃珠。\n\n献给圆桌厅堂的孪生老妪，\n能够增加交易项目。
8929,遁世商人的铃珠【１】,1,0,[0|0|0],-1,-1,0,0,-1,0,-1,208140,-1,-1,0,-1,0,3142,0,-1,-1,-1,1,0,50,1,0,0,0,0,0,0,0,[0|0],0,0,0,0,0,0,0,0,0,0,0,0,0,0,1,0,0,0,0,0,0,0,0,0,0,-1,-1,-1,-1,-1,-1,-1,-1,1,0,0,0,0,0,0,0,0,0,0,1,0,2,0,1,0,1,80,1,0,0,0,0,2,0,0,-1,0,-1,-1,-1,0,0,0,0,0,0,0,0,0,0,0,0,0,0,0,0,0,0,[0|0],0,[0|0|0|0|0|0|0|0],残留在遁世商人尸体上的铃珠。\n\n献给圆桌厅堂的孪生老妪，\n能够增加交易项目。
8930,流浪商人的铃珠【７】,1,0,[0|0|0],-1,-1,0,0,-1,0,-1,208070,-1,-1,0,-1,0,3142,0,-1,-1,-1,1,0,50,1,0,0,0,0,0,0,0,[0|0],0,0,0,0,0,0,0,0,0,0,0,0,0,0,1,0,0,0,0,0,0,0,0,0,0,-1,-1,-1,-1,-1,-1,-1,-1,1,0,0,0,0,0,0,0,0,0,0,1,0,2,0,1,0,1,80,1,0,0,0,0,2,0,0,-1,0,-1,-1,-1,0,0,0,0,0,0,0,0,0,0,0,0,0,0,0,0,0,0,[0|0],0,[0|0|0|0|0|0|0|0],残留在流浪民族的商人\n尸体上的铃珠。\n\n献给圆桌厅堂的孪生老妪，\n能够增加交易项目。
8931,流浪商人的铃珠【８】,1,0,[0|0|0],-1,-1,0,0,-1,0,-1,208080,-1,-1,0,-1,0,3142,0,-1,-1,-1,1,0,50,1,0,0,0,0,0,0,0,[0|0],0,0,0,0,0,0,0,0,0,0,0,0,0,0,1,0,0,0,0,0,0,0,0,0,0,-1,-1,-1,-1,-1,-1,-1,-1,1,0,0,0,0,0,0,0,0,0,0,1,0,2,0,1,0,1,80,1,0,0,0,0,2,0,0,-1,0,-1,-1,-1,0,0,0,0,0,0,0,0,0,0,0,0,0,0,0,0,0,0,[0|0],0,[0|0|0|0|0|0|0|0],残留在流浪民族的商人\n尸体上的铃珠。\n\n献给圆桌厅堂的孪生老妪，\n能够增加交易项目。
8932,流浪商人的铃珠【９】,1,0,[0|0|0],-1,-1,0,0,-1,0,-1,208090,-1,-1,0,-1,0,3142,0,-1,-1,-1,1,0,50,1,0,0,0,0,0,0,0,[0|0],0,0,0,0,0,0,0,0,0,0,0,0,0,0,1,0,0,0,0,0,0,0,0,0,0,-1,-1,-1,-1,-1,-1,-1,-1,1,0,0,0,0,0,0,0,0,0,0,1,0,2,0,1,0,1,80,1,0,0,0,0,2,0,0,-1,0,-1,-1,-1,0,0,0,0,0,0,0,0,0,0,0,0,0,0,0,0,0,0,[0|0],0,[0|0|0|0|0|0|0|0],残留在流浪民族的商人\n尸体上的铃珠。\n\n献给圆桌厅堂的孪生老妪，\n能够增加交易项目。
8933,流浪商人的铃珠【１０】,1,0,[0|0|0],-1,-1,0,0,-1,0,-1,208100,-1,-1,0,-1,0,3142,0,-1,-1,-1,1,0,50,1,0,0,0,0,0,0,0,[0|0],0,0,0,0,0,0,0,0,0,0,0,0,0,0,1,0,0,0,0,0,0,0,0,0,0,-1,-1,-1,-1,-1,-1,-1,-1,1,0,0,0,0,0,0,0,0,0,0,1,0,2,0,1,0,1,80,1,0,0,0,0,2,0,0,-1,0,-1,-1,-1,0,0,0,0,0,0,0,0,0,0,0,0,0,0,0,0,0,0,[0|0],0,[0|0|0|0|0|0|0|0],残留在流浪民族的商人\n尸体上的铃珠。\n\n献给圆桌厅堂的孪生老妪，\n能够增加交易项目。
8934,[ERROR]流浪商人的铃珠【１１】,1,0,[0|0|0],-1,-1,0,0,-1,0,-1,999999,-1,-1,0,-1,0,3142,0,-1,-1,-1,1,0,50,1,0,0,0,0,0,0,0,[0|0],0,0,0,0,0,0,0,0,0,0,0,0,0,0,1,0,0,0,0,0,0,0,0,0,0,-1,-1,-1,-1,-1,-1,-1,-1,1,0,0,0,0,0,0,0,0,0,0,1,0,2,0,1,0,1,255,1,0,0,0,0,2,0,0,-1,0,-1,-1,-1,0,0,0,0,0,0,0,0,0,0,0,0,0,0,0,0,0,0,[0|0],0,[0|0|0|0|0|0|0|0],残留在流浪民族的商人\n尸体上的铃珠。\n\n献给圆桌厅堂的孪生老妪，\n能够增加交易项目。
8935,隐居商人的铃珠【３】,1,0,[0|0|0],-1,-1,0,0,-1,0,-1,208130,-1,-1,0,-1,0,3142,0,-1,-1,-1,1,0,50,1,0,0,0,0,0,0,0,[0|0],0,0,0,0,0,0,0,0,0,0,0,0,0,0,1,0,0,0,0,0,0,0,0,0,0,-1,-1,-1,-1,-1,-1,-1,-1,1,0,0,0,0,0,0,0,0,0,0,1,0,2,0,1,0,1,80,1,0,0,0,0,2,0,0,-1,0,-1,-1,-1,0,0,0,0,0,0,0,0,0,0,0,0,0,0,0,0,0,0,[0|0],0,[0|0|0|0|0|0|0|0],残留在隐居商人尸体上的铃珠。\n\n献给圆桌厅堂的孪生老妪，\n能够增加交易项目。
8936,遁世商人的铃珠【２】,1,0,[0|0|0],-1,-1,0,0,-1,0,-1,208150,-1,-1,0,-1,0,3142,0,-1,-1,-1,1,0,50,1,0,0,0,0,0,0,0,[0|0],0,0,0,0,0,0,0,0,0,0,0,0,0,0,1,0,0,0,0,0,0,0,0,0,0,-1,-1,-1,-1,-1,-1,-1,-1,1,0,0,0,0,0,0,0,0,0,0,1,0,2,0,1,0,1,80,1,0,0,0,0,2,0,0,-1,0,-1,-1,-1,0,0,0,0,0,0,0,0,0,0,0,0,0,0,0,0,0,0,[0|0],0,[0|0|0|0|0|0|0|0],残留在遁世商人尸体上的铃珠。\n\n献给圆桌厅堂的孪生老妪，\n能够增加交易项目。
8937,见弃商人的铃珠,1,0,[0|0|0],-1,-1,0,0,-1,0,-1,208170,-1,-1,0,-1,0,3142,0,-1,-1,-1,1,0,50,1,0,0,0,0,0,0,0,[0|0],0,0,0,0,0,0,0,0,0,0,0,0,0,0,1,0,0,0,0,0,0,0,0,0,0,-1,-1,-1,-1,-1,-1,-1,-1,1,0,0,0,0,0,0,0,0,0,0,1,0,2,0,1,0,1,80,1,0,0,0,0,2,0,0,-1,0,-1,-1,-1,0,0,0,0,0,0,0,0,0,0,0,0,0,0,0,0,0,0,[0|0],0,[0|0|0|0|0|0|0|0],残留在见弃商人尸体上的铃珠。\n\n献给圆桌厅堂的孪生老妪，\n能够增加交易项目。
8938,遁世商人的铃珠【３】,1,0,[0|0|0],-1,-1,0,0,-1,0,-1,208160,-1,-1,0,-1,0,3142,0,-1,-1,-1,1,0,50,1,0,0,0,0,0,0,0,[0|0],0,0,0,0,0,0,0,0,0,0,0,0,0,0,1,0,0,0,0,0,0,0,0,0,0,-1,-1,-1,-1,-1,-1,-1,-1,1,0,0,0,0,0,0,0,0,0,0,1,0,2,0,1,0,1,80,1,0,0,0,0,2,0,0,-1,0,-1,-1,-1,0,0,0,0,0,0,0,0,0,0,0,0,0,0,0,0,0,0,[0|0],0,[0|0|0|0|0|0|0|0],残留在遁世商人尸体上的铃珠。\n\n献给圆桌厅堂的孪生老妪，\n能够增加交易项目。
8939,受囚商人的铃珠,1,0,[0|0|0],-1,-1,0,0,-1,0,-1,208180,-1,-1,0,-1,0,3142,0,-1,-1,-1,1,0,50,1,0,0,0,0,0,0,0,[0|0],0,0,0,0,0,0,0,0,0,0,0,0,0,0,1,0,0,0,0,0,0,0,0,0,0,-1,-1,-1,-1,-1,-1,-1,-1,1,0,0,0,0,0,0,0,0,0,0,1,0,2,0,1,0,1,80,1,0,0,0,0,2,0,0,-1,0,-1,-1,-1,0,0,0,0,0,0,0,0,0,0,0,0,0,0,0,0,0,0,[0|0],0,[0|0|0|0|0|0|0|0],残留在受囚商人尸体上的铃珠。\n\n献给圆桌厅堂的孪生老妪，\n能够增加交易项目。
8940,伊吉的铃珠,1,0,[0|0|0],-1,-1,0,0,-1,0,-1,209130,-1,-1,0,-1,0,3145,0,-1,-1,-1,1,0,50,1,0,0,0,0,0,0,0,[0|0],0,0,0,0,0,0,0,0,0,0,0,0,0,0,1,0,0,0,0,0,0,0,0,0,0,-1,-1,-1,-1,-1,-1,-1,-1,1,0,0,0,0,0,0,0,0,0,0,1,0,2,0,1,0,1,90,1,0,0,0,0,2,0,0,-1,0,-1,-1,-1,0,0,0,0,0,0,0,0,0,0,0,0,0,0,0,0,0,0,[0|0],0,[0|0|0|0|0|0|0|0],残留在铁匠伊吉尸体上的铃珠。\n\n献给圆桌厅堂的孪生老妪，\n能够增加交易项目。
8941,罗杰尔的铃珠,1,0,[0|0|0],-1,-1,0,0,-1,0,-1,209110,-1,-1,0,-1,0,3145,0,-1,-1,-1,1,0,50,1,0,0,0,0,0,0,0,[0|0],0,0,0,0,0,0,0,0,0,0,0,0,0,0,1,0,0,0,0,0,0,0,0,0,0,-1,-1,-1,-1,-1,-1,-1,-1,1,0,0,0,0,0,0,0,0,0,0,1,0,2,0,1,0,1,90,1,0,0,0,0,2,0,0,-1,0,-1,-1,-1,0,0,0,0,0,0,0,0,0,0,0,0,0,0,0,0,0,0,[0|0],0,[0|0|0|0|0|0|0|0],残留在魔法师罗杰尔尸体上的铃珠。\n\n献给圆桌厅堂的孪生老妪，\n能够增加交易项目。
8942,流氓的铃珠,1,0,[0|0|0],-1,-1,0,0,-1,0,-1,209170,-1,-1,0,-1,0,3142,0,-1,-1,-1,1,0,50,1,0,0,0,0,0,0,0,[0|0],0,0,0,0,0,0,0,0,0,0,0,0,0,0,1,0,0,0,0,0,0,0,0,0,0,-1,-1,-1,-1,-1,-1,-1,-1,1,0,0,0,0,0,0,0,0,0,0,1,0,2,0,1,0,1,90,1,0,0,0,0,2,0,0,-1,0,-1,-1,-1,0,0,0,0,0,0,0,0,0,0,0,0,0,0,0,0,0,0,[0|0],0,[0|0|0|0|0|0|0|0],残留在流氓尸体上的铃珠。\n\n献给圆桌厅堂的孪生老妪，\n能够增加交易项目。
8943,柯林的铃珠,1,0,[0|0|0],-1,-1,0,0,-1,0,-1,209070,-1,-1,0,-1,0,3144,0,-1,-1,-1,1,0,50,1,0,0,0,0,0,0,0,[0|0],0,0,0,0,0,0,0,0,0,0,0,0,0,0,1,0,0,0,0,0,0,0,0,0,0,-1,-1,-1,-1,-1,-1,-1,-1,1,0,0,0,0,0,0,0,0,0,0,1,0,2,0,1,0,1,90,1,0,0,0,0,2,0,0,-1,0,-1,-1,-1,0,0,0,0,0,0,0,0,0,0,0,0,0,0,0,0,0,0,[0|0],0,[0|0|0|0|0|0|0|0],残留在圣职人员柯林\n尸体上的铃珠。\n\n献给圆桌厅堂的孪生老妪，\n能够增加交易项目。
8944,格威的铃珠,1,0,[0|0|0],-1,-1,0,0,-1,0,-1,209100,-1,-1,0,-1,0,3143,0,-1,-1,-1,1,0,50,1,0,0,0,0,0,0,0,[0|0],0,0,0,0,0,0,0,0,0,0,0,0,0,0,1,0,0,0,0,0,0,0,0,0,0,-1,-1,-1,-1,-1,-1,-1,-1,1,0,0,0,0,0,0,0,0,0,0,1,0,2,0,1,0,1,90,1,0,0,0,0,2,0,0,-1,0,-1,-1,-1,0,0,0,0,0,0,0,0,0,0,0,0,0,0,0,0,0,0,[0|0],0,[0|0|0|0|0|0|0|0],残留在贤者格威尸体上的铃珠。\n\n献给圆桌厅堂的孪生老妪，\n能够增加交易项目。
8945,兽骨贩子的铃珠,1,0,[0|0|0],-1,-1,0,0,-1,0,-1,209000,-1,-1,0,-1,0,3142,0,-1,-1,-1,1,0,50,1,0,0,0,0,0,0,0,[0|0],0,0,0,0,0,0,0,0,0,0,0,0,0,0,1,0,0,0,0,0,0,0,0,0,0,-1,-1,-1,-1,-1,-1,-1,-1,1,0,0,0,0,0,0,0,0,0,0,1,0,2,0,1,0,1,90,1,0,0,0,0,2,0,0,-1,0,-1,-1,-1,0,0,0,0,0,0,0,0,0,0,0,0,0,0,0,0,0,0,[0|0],0,[0|0|0|0|0|0|0|0],惨遭铃珠猎人杀害，\n可怜兽骨贩子的遗物。\n\n献给圆桌厅堂的孪生老妪，\n能增加下列交易项目：\n\n·细小兽骨\n·粗大兽骨
8946,兽肉贩子的铃珠,1,0,[0|0|0],-1,-1,0,0,-1,0,-1,209010,-1,-1,0,-1,0,3142,0,-1,-1,-1,1,0,50,1,0,0,0,0,0,0,0,[0|0],0,0,0,0,0,0,0,0,0,0,0,0,0,0,1,0,0,0,0,0,0,0,0,0,0,-1,-1,-1,-1,-1,-1,-1,-1,1,0,0,0,0,0,0,0,0,0,0,1,0,2,0,1,0,1,90,1,0,0,0,0,2,0,0,-1,0,-1,-1,-1,0,0,0,0,0,0,0,0,0,0,0,0,0,0,0,0,0,0,[0|0],0,[0|0|0|0|0|0|0|0],惨遭铃珠猎人杀害，\n可怜兽肉贩子的遗物。\n\n献给圆桌厅堂的孪生老妪，\n能增加下列交易项目：\n\n·肉片\n·野兽肉块\n·龟颈肉块
8947,苔药贩子的铃珠,1,0,[0|0|0],-1,-1,0,0,-1,0,-1,209020,-1,-1,0,-1,0,3142,0,-1,-1,-1,1,0,50,1,0,0,0,0,0,0,0,[0|0],0,0,0,0,0,0,0,0,0,0,0,0,0,0,1,0,0,0,0,0,0,0,0,0,0,-1,-1,-1,-1,-1,-1,-1,-1,1,0,0,0,0,0,0,0,0,0,0,1,0,2,0,1,0,1,90,1,0,0,0,0,2,0,0,-1,0,-1,-1,-1,0,0,0,0,0,0,0,0,0,0,0,0,0,0,0,0,0,0,[0|0],0,[0|0|0|0|0|0|0|0],惨遭铃珠猎人杀害，\n可怜苔药贩子的遗物。\n\n献给圆桌厅堂的孪生老妪，\n能增加下列交易项目：\n\n·中毒苔药\n·出血苔药\n·冻伤苔药\n·催眠苔药
8948,重力贩子的铃珠,1,0,[0|0|0],-1,-1,0,0,-1,0,-1,209030,-1,-1,0,-1,0,3142,0,-1,-1,-1,1,0,50,1,0,0,0,0,0,0,0,[0|0],0,0,0,0,0,0,0,0,0,0,0,0,0,0,1,0,0,0,0,0,0,0,0,0,0,-1,-1,-1,-1,-1,-1,-1,-1,1,0,0,0,0,0,0,0,0,0,0,1,0,2,0,1,0,1,90,1,0,0,0,0,2,0,0,-1,0,-1,-1,-1,0,0,0,0,0,0,0,0,0,0,0,0,0,0,0,0,0,0,[0|0],0,[0|0|0|0|0|0|0|0],惨遭铃珠猎人杀害，\n可怜重力贩子的遗物。\n\n献给圆桌厅堂的孪生老妪，\n能增加下列交易项目：\n\n·扇形重力石\n·块状重力石
8949,,1,0,[0|0|0],-1,-1,0,0,-1,0,-1,0,-1,-1,0,-1,0,0,0,-1,-1,-1,1,0,50,1,0,0,0,0,0,0,0,[0|0],0,0,0,0,0,0,0,0,0,0,0,0,0,0,1,0,0,0,0,0,0,0,0,0,0,-1,-1,-1,-1,-1,-1,-1,-1,1,0,0,0,0,0,0,0,0,0,0,1,0,2,0,1,0,1,255,1,0,0,0,0,2,0,0,-1,0,-1,-1,-1,0,0,0,0,0,0,0,0,0,0,0,0,0,0,0,0,0,0,[0|0],0,[0|0|0|0|0|0|0|0],
8950,,1,0,[0|0|0],-1,-1,0,0,-1,0,-1,0,-1,-1,0,-1,0,0,0,-1,-1,-1,1,0,50,1,0,0,0,0,0,0,0,[0|0],0,0,0,0,0,0,0,0,0,0,0,0,0,0,1,0,0,0,0,0,0,0,0,0,0,-1,-1,-1,-1,-1,-1,-1,-1,1,0,0,0,0,0,0,0,0,0,0,1,0,2,0,1,0,1,255,1,0,0,0,0,2,0,0,-1,0,-1,-1,-1,0,0,0,0,0,0,0,0,0,0,0,0,0,0,0,0,0,0,[0|0],0,[0|0|0|0|0|0|0|0],
8951,锻造石矿工的铃珠【１】,1,0,[0|0|0],-1,-1,0,0,-1,0,-1,208190,-1,-1,0,-1,0,3142,0,-1,-1,-1,1,0,50,1,0,0,0,0,0,0,0,[0|0],0,0,0,0,0,0,0,0,0,0,0,0,0,0,1,0,0,0,0,0,0,0,0,0,0,-1,-1,-1,-1,-1,-1,-1,-1,1,0,0,0,0,0,0,0,0,0,0,1,0,2,0,1,0,1,80,1,0,0,0,0,2,0,0,-1,0,-1,-1,-1,0,0,0,0,0,0,0,0,0,0,0,0,0,0,0,0,0,0,[0|0],0,[0|0|0|0|0|0|0|0],过去挖掘锻造石的人物留下的铃珠。\n\n献给圆桌厅堂的孪生老妪，\n能增加下列交易项目：\n\n·锻造石【１】\n·锻造石【２】\n·崩裂辉石
8952,锻造石矿工的铃珠【２】,1,0,[0|0|0],-1,-1,0,0,-1,0,-1,208200,-1,-1,0,-1,0,3142,0,-1,-1,-1,1,0,50,1,0,0,0,0,0,0,0,[0|0],0,0,0,0,0,0,0,0,0,0,0,0,0,0,1,0,0,0,0,0,0,0,0,0,0,-1,-1,-1,-1,-1,-1,-1,-1,1,0,0,0,0,0,0,0,0,0,0,1,0,2,0,1,0,1,80,1,0,0,0,0,2,0,0,-1,0,-1,-1,-1,0,0,0,0,0,0,0,0,0,0,0,0,0,0,0,0,0,0,[0|0],0,[0|0|0|0|0|0|0|0],过去挖掘锻造石的人物留下的铃珠。\n\n献给圆桌厅堂的孪生老妪，\n能增加下列交易项目：\n\n·锻造石【３】\n·锻造石【４】\n·爆炸石
8953,锻造石矿工的铃珠【３】,1,0,[0|0|0],-1,-1,0,0,-1,0,-1,208210,-1,-1,0,-1,0,3142,0,-1,-1,-1,1,0,50,1,0,0,0,0,0,0,0,[0|0],0,0,0,0,0,0,0,0,0,0,0,0,0,0,1,0,0,0,0,0,0,0,0,0,0,-1,-1,-1,-1,-1,-1,-1,-1,1,0,0,0,0,0,0,0,0,0,0,1,0,2,0,1,0,1,80,1,0,0,0,0,2,0,0,-1,0,-1,-1,-1,0,0,0,0,0,0,0,0,0,0,0,0,0,0,0,0,0,0,[0|0],0,[0|0|0|0|0|0|0|0],过去挖掘锻造石的人物留下的铃珠。\n\n献给圆桌厅堂的孪生老妪，\n能增加下列交易项目：\n\n·锻造石【５】\n·锻造石【６】
8954,锻造石矿工的铃珠【４】,1,0,[0|0|0],-1,-1,0,0,-1,0,-1,208220,-1,-1,0,-1,0,3142,0,-1,-1,-1,1,0,50,1,0,0,0,0,0,0,0,[0|0],0,0,0,0,0,0,0,0,0,0,0,0,0,0,1,0,0,0,0,0,0,0,0,0,0,-1,-1,-1,-1,-1,-1,-1,-1,1,0,0,0,0,0,0,0,0,0,0,1,0,2,0,1,0,1,80,1,0,0,0,0,2,0,0,-1,0,-1,-1,-1,0,0,0,0,0,0,0,0,0,0,0,0,0,0,0,0,0,0,[0|0],0,[0|0|0|0|0|0|0|0],过去挖掘锻造石的人物留下的铃珠。\n\n献给圆桌厅堂的孪生老妪，\n能增加下列交易项目：\n\n·锻造石【７】\n·锻造石【８】\n·遗迹石
8955,失色石矿工的铃珠【１】,1,0,[0|0|0],-1,-1,0,0,-1,0,-1,208230,-1,-1,0,-1,0,3142,0,-1,-1,-1,1,0,50,1,0,0,0,0,0,0,0,[0|0],0,0,0,0,0,0,0,0,0,0,0,0,0,0,1,0,0,0,0,0,0,0,0,0,0,-1,-1,-1,-1,-1,-1,-1,-1,1,0,0,0,0,0,0,0,0,0,0,1,0,2,0,1,0,1,80,1,0,0,0,0,2,0,0,-1,0,-1,-1,-1,0,0,0,0,0,0,0,0,0,0,0,0,0,0,0,0,0,0,[0|0],0,[0|0|0|0|0|0|0|0],过去挖掘失色锻造石的人物留下的铃珠。\n\n献给圆桌厅堂的孪生老妪，\n能增加下列交易项目：\n\n·失色锻造石【１】\n·失色锻造石【２】\n·崩裂辉石
8956,失色石矿工的铃珠【２】,1,0,[0|0|0],-1,-1,0,0,-1,0,-1,208240,-1,-1,0,-1,0,3142,0,-1,-1,-1,1,0,50,1,0,0,0,0,0,0,0,[0|0],0,0,0,0,0,0,0,0,0,0,0,0,0,0,1,0,0,0,0,0,0,0,0,0,0,-1,-1,-1,-1,-1,-1,-1,-1,1,0,0,0,0,0,0,0,0,0,0,1,0,2,0,1,0,1,80,1,0,0,0,0,2,0,0,-1,0,-1,-1,-1,0,0,0,0,0,0,0,0,0,0,0,0,0,0,0,0,0,0,[0|0],0,[0|0|0|0|0|0|0|0],过去挖掘失色锻造石的人物留下的铃珠。\n\n献给圆桌厅堂的孪生老妪，\n能增加下列交易项目：\n\n·失色锻造石【３】\n·失色锻造石【４】\n·崩解结晶
8957,失色石矿工的铃珠【３】,1,0,[0|0|0],-1,-1,0,0,-1,0,-1,208250,-1,-1,0,-1,0,3142,0,-1,-1,-1,1,0,50,1,0,0,0,0,0,0,0,[0|0],0,0,0,0,0,0,0,0,0,0,0,0,0,0,1,0,0,0,0,0,0,0,0,0,0,-1,-1,-1,-1,-1,-1,-1,-1,1,0,0,0,0,0,0,0,0,0,0,1,0,2,0,1,0,1,80,1,0,0,0,0,2,0,0,-1,0,-1,-1,-1,0,0,0,0,0,0,0,0,0,0,0,0,0,0,0,0,0,0,[0|0],0,[0|0|0|0|0|0|0|0],过去挖掘失色锻造石的人物留下的铃珠。\n\n献给圆桌厅堂的孪生老妪，\n能增加下列交易项目：\n\n·失色锻造石【５】\n·失色锻造石【６】
8958,失色石矿工的铃珠【４】,1,0,[0|0|0],-1,-1,0,0,-1,0,-1,208260,-1,-1,0,-1,0,3142,0,-1,-1,-1,1,0,50,1,0,0,0,0,0,0,0,[0|0],0,0,0,0,0,0,0,0,0,0,0,0,0,0,1,0,0,0,0,0,0,0,0,0,0,-1,-1,-1,-1,-1,-1,-1,-1,1,0,0,0,0,0,0,0,0,0,0,1,0,2,0,1,0,1,80,1,0,0,0,0,2,0,0,-1,0,-1,-1,-1,0,0,0,0,0,0,0,0,0,0,0,0,0,0,0,0,0,0,[0|0],0,[0|0|0|0|0|0|0|0],过去挖掘失色锻造石的人物留下的铃珠。\n\n献给圆桌厅堂的孪生老妪，\n能增加下列交易项目：\n\n·失色锻造石【７】\n·失色锻造石【８】\n·神殿石
8959,失色石矿工的铃珠【５】,1,0,[0|0|0],-1,-1,0,0,-1,0,-1,208270,-1,-1,0,-1,0,3142,0,-1,-1,-1,1,0,50,1,0,0,0,0,0,0,0,[0|0],0,0,0,0,0,0,0,0,0,0,0,0,0,0,1,0,0,0,0,0,0,0,0,0,0,-1,-1,-1,-1,-1,-1,-1,-1,1,0,0,0,0,0,0,0,0,0,0,1,0,2,0,1,0,1,80,1,0,0,0,0,2,0,0,-1,0,-1,-1,-1,0,0,0,0,0,0,0,0,0,0,0,0,0,0,0,0,0,0,[0|0],0,[0|0|0|0|0|0|0|0],过去挖掘失色锻造石的人物留下的铃珠。\n\n献给圆桌厅堂的孪生老妪，\n能增加下列交易项目：\n\n·失色锻造石【９】
8960,铃兰摘采工的铃珠【１】,1,0,[0|0|0],-1,-1,0,0,-1,0,-1,208280,-1,-1,0,-1,0,3142,0,-1,-1,-1,1,0,50,1,0,0,0,0,0,0,0,[0|0],0,0,0,0,0,0,0,0,0,0,0,0,0,0,1,0,0,0,0,0,0,0,0,0,0,-1,-1,-1,-1,-1,-1,-1,-1,1,0,0,0,0,0,0,0,0,0,0,1,0,2,0,1,0,1,80,1,0,0,0,0,2,0,0,-1,0,-1,-1,-1,0,0,0,0,0,0,0,0,0,0,0,0,0,0,0,0,0,0,[0|0],0,[0|0|0|0|0|0|0|0],过去摘采墓地铃兰的人物留下的铃珠。\n\n献给圆桌厅堂的孪生老妪，\n能增加下列交易项目：\n\n·墓地铃兰【１】\n·墓地铃兰【２】\n·墓地铃兰【３】
8961,铃兰摘采工的铃珠【２】,1,0,[0|0|0],-1,-1,0,0,-1,0,-1,208290,-1,-1,0,-1,0,3142,0,-1,-1,-1,1,0,50,1,0,0,0,0,0,0,0,[0|0],0,0,0,0,0,0,0,0,0,0,0,0,0,0,1,0,0,0,0,0,0,0,0,0,0,-1,-1,-1,-1,-1,-1,-1,-1,1,0,0,0,0,0,0,0,0,0,0,1,0,2,0,1,0,1,80,1,0,0,0,0,2,0,0,-1,0,-1,-1,-1,0,0,0,0,0,0,0,0,0,0,0,0,0,0,0,0,0,0,[0|0],0,[0|0|0|0|0|0|0|0],过去摘采墓地铃兰的人物留下的铃珠。\n\n献给圆桌厅堂的孪生老妪，\n能增加下列交易项目：\n\n·墓地铃兰【４】\n·墓地铃兰【５】\n·墓地铃兰【６】
8962,铃兰摘采工的铃珠【３】,1,0,[0|0|0],-1,-1,0,0,-1,0,-1,208300,-1,-1,0,-1,0,3142,0,-1,-1,-1,1,0,50,1,0,0,0,0,0,0,0,[0|0],0,0,0,0,0,0,0,0,0,0,0,0,0,0,1,0,0,0,0,0,0,0,0,0,0,-1,-1,-1,-1,-1,-1,-1,-1,1,0,0,0,0,0,0,0,0,0,0,1,0,2,0,1,0,1,80,1,0,0,0,0,2,0,0,-1,0,-1,-1,-1,0,0,0,0,0,0,0,0,0,0,0,0,0,0,0,0,0,0,[0|0],0,[0|0|0|0|0|0|0|0],过去摘采墓地铃兰的人物留下的铃珠。\n\n献给圆桌厅堂的孪生老妪，\n能增加下列交易项目：\n\n·墓地铃兰【７】\n·墓地铃兰【８】\n·墓地铃兰【９】
8963,灵依摘采工的铃珠【１】,1,0,[0|0|0],-1,-1,0,0,-1,0,-1,208310,-1,-1,0,-1,0,3142,0,-1,-1,-1,1,0,50,1,0,0,0,0,0,0,0,[0|0],0,0,0,0,0,0,0,0,0,0,0,0,0,0,1,0,0,0,0,0,0,0,0,0,0,-1,-1,-1,-1,-1,-1,-1,-1,1,0,0,0,0,0,0,0,0,0,0,1,0,2,0,1,0,1,80,1,0,0,0,0,2,0,0,-1,0,-1,-1,-1,0,0,0,0,0,0,0,0,0,0,0,0,0,0,0,0,0,0,[0|0],0,[0|0|0|0|0|0|0|0],过去摘采灵依墓地铃兰的人物留下的铃珠。\n\n献给圆桌厅堂的孪生老妪，\n能增加下列交易项目：\n\n·灵依墓地铃兰【１】\n·灵依墓地铃兰【２】\n·灵依墓地铃兰【３】
8964,灵依摘采工的铃珠【２】,1,0,[0|0|0],-1,-1,0,0,-1,0,-1,208320,-1,-1,0,-1,0,3142,0,-1,-1,-1,1,0,50,1,0,0,0,0,0,0,0,[0|0],0,0,0,0,0,0,0,0,0,0,0,0,0,0,1,0,0,0,0,0,0,0,0,0,0,-1,-1,-1,-1,-1,-1,-1,-1,1,0,0,0,0,0,0,0,0,0,0,1,0,2,0,1,0,1,80,1,0,0,0,0,2,0,0,-1,0,-1,-1,-1,0,0,0,0,0,0,0,0,0,0,0,0,0,0,0,0,0,0,[0|0],0,[0|0|0|0|0|0|0|0],过去摘采灵依墓地铃兰的人物留下的铃珠。\n\n献给圆桌厅堂的孪生老妪，\n能增加下列交易项目：\n\n·灵依墓地铃兰【４】\n·灵依墓地铃兰【５】\n·灵依墓地铃兰【６】
8965,灵依摘采工的铃珠【３】,1,0,[0|0|0],-1,-1,0,0,-1,0,-1,208330,-1,-1,0,-1,0,3142,0,-1,-1,-1,1,0,50,1,0,0,0,0,0,0,0,[0|0],0,0,0,0,0,0,0,0,0,0,0,0,0,0,1,0,0,0,0,0,0,0,0,0,0,-1,-1,-1,-1,-1,-1,-1,-1,1,0,0,0,0,0,0,0,0,0,0,1,0,2,0,1,0,1,80,1,0,0,0,0,2,0,0,-1,0,-1,-1,-1,0,0,0,0,0,0,0,0,0,0,0,0,0,0,0,0,0,0,[0|0],0,[0|0|0|0|0|0|0|0],过去摘采灵依墓地铃兰的人物留下的铃珠。\n\n献给圆桌厅堂的孪生老妪，\n能增加下列交易项目：\n\n·灵依墓地铃兰【７】\n·灵依墓地铃兰【８】\n·灵依墓地铃兰【９】
8970,铁制砥石刀,1,0,[0|0|0],-1,-1,0,0,-1,0,-1,206070,-1,-1,0,-1,0,3020,0,-1,-1,-1,1,0,50,1,0,0,0,0,0,0,0,[0|0],0,0,0,0,0,0,0,0,0,0,0,0,0,0,0,0,0,0,0,0,0,0,0,0,0,-1,-1,-1,-1,-1,-1,-1,-1,1,0,0,0,0,0,0,0,0,0,0,1,0,2,0,1,0,1,60,1,0,0,0,0,2,0,0,-1,0,-1,-1,-1,0,0,0,0,0,0,0,0,0,0,0,0,0,0,0,0,0,0,[0|0],0,[0|0|0|0|0|0|0|0],刻上秘文的铁制刀。\n作为砥石小刀使用的物品。\n\n使用战灰赋予属性时，\n能追加下列属性选择：\n厚重、锋利、优质。
8971,灼热砥石刀,1,0,[0|0|0],-1,-1,0,0,-1,0,-1,206090,-1,-1,0,-1,0,3021,0,-1,-1,-1,1,0,50,1,0,0,0,0,0,0,0,[0|0],0,0,0,0,0,0,0,0,0,0,0,0,0,0,0,0,0,0,0,0,0,0,0,0,0,-1,-1,-1,-1,-1,-1,-1,-1,1,0,0,0,0,0,0,0,0,0,0,1,0,2,0,1,0,1,60,1,0,0,0,0,2,0,0,-1,0,-1,-1,-1,0,0,0,0,0,0,0,0,0,0,0,0,0,0,0,0,0,0,[0|0],0,[0|0|0|0|0|0|0|0],刻上秘文，烧得火红的刀。\n作为砥石小刀使用的物品。\n\n使用物理、火系列的战灰赋予属性时，\n能追加下列属性选择：\n火焰、焰术。
8972,神圣砥石刀,1,0,[0|0|0],-1,-1,0,0,-1,0,-1,206100,-1,-1,0,-1,0,3022,0,-1,-1,-1,1,0,50,1,0,0,0,0,0,0,0,[0|0],0,0,0,0,0,0,0,0,0,0,0,0,0,0,0,0,0,0,0,0,0,0,0,0,0,-1,-1,-1,-1,-1,-1,-1,-1,1,0,0,0,0,0,0,0,0,0,0,1,0,2,0,1,0,1,60,1,0,0,0,0,2,0,0,-1,0,-1,-1,-1,0,0,0,0,0,0,0,0,0,0,0,0,0,0,0,0,0,0,[0|0],0,[0|0|0|0|0|0|0|0],刻上秘文的神圣刀。\n作为砥石小刀使用的物品。\n\n使用物理、黄金系列的战灰赋予属性时，\n能追加下列属性选择：\n神圣、雷电。
8973,辉石砥石刀,1,0,[0|0|0],-1,-1,0,0,-1,0,-1,206080,-1,-1,0,-1,0,3023,0,-1,-1,-1,1,0,50,1,0,0,0,0,0,0,0,[0|0],0,0,0,0,0,0,0,0,0,0,0,0,0,0,0,0,0,0,0,0,0,0,0,0,0,-1,-1,-1,-1,-1,-1,-1,-1,1,0,0,0,0,0,0,0,0,0,0,1,0,2,0,1,0,1,60,1,0,0,0,0,2,0,0,-1,0,-1,-1,-1,0,0,0,0,0,0,0,0,0,0,0,0,0,0,0,0,0,0,[0|0],0,[0|0|0|0|0|0|0|0],刻上秘文的辉石刀。\n作为砥石小刀使用的物品。\n\n使用物理、魔法系列的战灰赋予属性时，\n能追加下列属性选择：\n魔力、寒冷。
8974,漆黑砥石刀,1,0,[0|0|0],-1,-1,0,0,-1,0,-1,206110,-1,-1,0,-1,0,3024,0,-1,-1,-1,1,0,50,1,0,0,0,0,0,0,0,[0|0],0,0,0,0,0,0,0,0,0,0,0,0,0,0,0,0,0,0,0,0,0,0,0,0,0,-1,-1,-1,-1,-1,-1,-1,-1,1,0,0,0,0,0,0,0,0,0,0,1,0,2,0,1,0,1,60,1,0,0,0,0,2,0,0,-1,0,-1,-1,-1,0,0,0,0,0,0,0,0,0,0,0,0,0,0,0,0,0,0,[0|0],0,[0|0|0|0|0|0|0|0],刻上秘文的黑色刀。\n作为砥石小刀使用的物品。\n\n使用物理、神秘系列的战灰赋予属性时，\n能追加下列属性选择：\n毒、血、神秘。
8975,纯净金针,1,0,[0|0|0],-1,-1,0,0,-1,0,-1,204100,-1,-1,0,-1,0,3231,0,-1,-1,-1,1,0,50,1,0,0,0,0,0,0,0,[0|0],0,0,0,0,0,0,0,0,0,0,0,0,0,0,1,0,0,0,0,0,0,0,0,0,0,-1,-1,-1,-1,-1,-1,-1,-1,1,0,0,0,0,0,0,0,0,0,0,1,0,2,0,1,0,1,50,1,0,0,0,0,2,0,0,-1,0,-1,-1,-1,0,0,0,0,0,0,0,0,0,0,0,0,0,0,0,0,0,0,[0|0],0,[0|0|0|0|0|0|0|0],造型纤细优美的纯净金针，\n但是已从中间折成两半。\n\n用来驱退外在神祇干涉的诅咒器具，\n据说能抑制不治宿疾──腐败病。\n\n贤者格威想要得到的物品。
8976,纯净金针,1,0,[0|0|0],-1,-1,0,0,-1,0,-1,204110,-1,-1,0,-1,0,3232,0,-1,-1,-1,1,0,50,1,0,0,0,0,0,0,0,[0|0],0,0,0,0,0,0,0,0,0,0,0,0,0,0,1,0,0,0,0,0,0,0,0,0,0,-1,-1,-1,-1,-1,-1,-1,-1,1,0,0,0,0,0,0,0,0,0,0,1,0,2,0,1,0,1,50,1,0,0,0,0,2,0,0,-1,0,-1,-1,-1,0,0,0,0,0,0,0,0,0,0,0,0,0,0,0,0,0,0,[0|0],0,[0|0|0|0|0|0|0|0],造型纤细优美的纯净金针。\n贤者格威已经修复折断的部分。\n\n用来驱退外在神祇干涉的诅咒器具，\n据说能抑制不治宿疾──腐败病。\n\n　……这根针能请您转交吗？\n　请交给米莉森。她在穿过瑟利亚镇之后，\n　一座山崖上的教堂里，卧病不起。
8977,女武神的义手,1,0,[0|0|0],-1,-1,0,0,-1,0,-1,204120,-1,-1,0,-1,0,3233,0,-1,-1,-1,1,0,50,1,0,0,0,0,0,0,0,[0|0],0,0,0,0,0,0,0,0,0,0,0,0,0,0,1,0,0,0,0,0,0,0,0,0,0,-1,-1,-1,-1,-1,-1,-1,-1,1,0,0,0,0,0,0,0,0,0,0,1,0,2,0,1,0,1,50,1,0,0,0,0,2,0,0,-1,0,-1,-1,-1,0,0,0,0,0,0,0,0,0,0,0,0,0,0,0,0,0,0,[0|0],0,[0|0|0|0|0|0|0|0],据说是单臂女武神使用的黄金义手。\n构造极为精细，使用者经过训练，\n再加上有天分的话，应该能运用自如。\n\n“日荫城主”玛雷玛雷怀抱此物，\n借此感受属于他的女神。
8978,瑟利亚镇的秘密,1,0,[0|0|0],-1,-1,0,0,-1,0,-1,451080,-1,-1,0,-1,0,3234,0,-1,-1,-1,1,0,50,12,0,0,0,0,0,0,0,[0|0],0,0,0,0,0,0,0,0,0,0,0,0,0,0,1,0,0,0,0,0,0,0,0,0,0,-1,-1,-1,-1,-1,-1,-1,-1,1,0,0,0,0,0,0,0,0,0,0,1,0,2,0,1,0,1,10,1,0,0,0,0,2,0,0,-1,0,-1,-1,-1,0,0,0,0,0,0,0,0,0,0,0,0,0,0,0,0,0,0,[0|0],0,[0|0|0|0|0|0|0|0],贤者格威交出的纸片。\n上头写着承诺告知的秘密：\n\n　瑟利亚镇藏着起源。\n\n　只要用火点亮高塔上的３座烛台，\n　就能解开封印。
8979,野兽眼眸,1,0,[0|0|0],-1,-1,0,0,-1,0,-1,204310,-1,-1,0,-1,0,637,0,-1,-1,-1,1,0,50,1,0,0,0,0,0,0,0,[0|0],0,0,0,0,0,0,0,0,0,0,0,0,0,0,1,0,0,0,0,0,0,0,0,0,0,-1,-1,-1,-1,-1,-1,-1,-1,1,0,0,0,0,0,0,0,0,0,0,1,0,2,0,0,0,1,50,1,0,0,0,0,2,0,0,-1,0,-1,-1,-1,0,0,0,0,0,0,0,0,0,0,0,0,0,0,0,0,0,0,[0|0],0,[0|0|0|0|0|0|0|0],有着爪痕的石眼珠。\n“野兽祭司”古兰格给予的物品。\n\n据说靠近死根时，会产生颤动。\n\n深紫色的瞳孔会随之蠕动，仿佛具有生命。\n\n　饿了……\n　献上更多死亡，让我吞下……
8980,侵蚀短剑,1,0,[0|0|0],-1,-1,0,0,-1,0,-1,204160,-1,-1,0,-1,0,3222,0,-1,-1,-1,1,0,50,1,0,0,0,0,0,0,0,[0|0],0,0,0,0,0,0,0,0,0,0,0,0,0,0,1,0,0,0,0,0,0,0,0,0,0,-1,-1,-1,-1,-1,-1,-1,-1,1,0,0,0,0,0,0,0,0,0,0,1,0,2,0,1,0,1,50,1,0,0,0,0,2,0,0,-1,0,-1,-1,-1,0,0,0,0,0,0,0,0,0,0,0,0,0,0,0,0,0,0,[0|0],0,[0|0|0|0|0|0|0|0],“死眠少女”菲雅托付的短剑。\n\n她希望将此物品物归原主。\n\n原本有着黄金与白银交叉结合的设计，\n看起来是特殊的武器。\n但现在布满黑色的侵蚀损伤，破碎不堪。
9000,敬礼,0,0,[0|0|0],-1,-1,0,0,-1,0,-1,990180,-1,-1,0,-1,0,7000,0,-1,-1,-1,1,0,50,0,0,0,0,0,0,0,0,[0|0],0,0,0,0,0,0,0,0,0,0,0,0,0,0,0,0,0,0,0,0,0,0,0,0,0,-1,-1,-1,-1,-1,-1,-1,-1,1,0,0,0,0,0,0,0,0,0,0,1,0,2,0,1,0,1,250,1,0,0,0,0,0,0,0,-1,0,-1,-1,-1,0,0,0,0,0,0,0,0,0,0,0,0,0,0,0,0,0,0,[0|0],0,[0|0|0|0|0|0|0|0],敬礼
9001,郑重敬礼,0,0,[0|0|0],-1,-1,0,0,-1,0,-1,990190,-1,-1,0,-1,0,7001,0,-1,-1,-1,1,0,50,0,0,0,0,0,0,0,0,[0|0],0,0,0,0,0,0,0,0,0,0,0,0,0,0,0,0,0,0,0,0,0,0,0,0,0,-1,-1,-1,-1,-1,-1,-1,-1,1,0,0,0,0,0,0,0,0,0,0,1,0,2,0,1,0,1,250,1,0,0,0,0,0,0,0,-1,0,-1,-1,-1,0,0,0,0,0,0,0,0,0,0,0,0,0,0,0,0,0,0,[0|0],0,[0|0|0|0|0|0|0|0],郑重地敬礼
9002,致谢,0,0,[0|0|0],-1,-1,0,0,-1,0,-1,990210,-1,-1,0,-1,0,7002,0,-1,-1,-1,1,0,50,0,0,0,0,0,0,0,0,[0|0],0,0,0,0,0,0,0,0,0,0,0,0,0,0,0,0,0,0,0,0,0,0,0,0,0,-1,-1,-1,-1,-1,-1,-1,-1,1,0,0,0,0,0,0,0,0,0,0,1,0,2,0,1,0,1,250,1,0,0,0,0,0,0,0,-1,0,-1,-1,-1,0,0,0,0,0,0,0,0,0,0,0,0,0,0,0,0,0,0,[0|0],0,[0|0|0|0|0|0|0|0],严谨地敬礼
9003,屈膝礼,1,0,[0|0|0],-1,-1,0,0,-1,0,-1,990220,-1,-1,0,-1,0,7003,0,-1,-1,-1,1,0,50,0,0,0,0,0,0,0,0,[0|0],0,0,0,0,0,0,0,0,0,0,0,0,0,0,0,0,0,0,0,0,0,0,0,0,0,-1,-1,-1,-1,-1,-1,-1,-1,1,0,0,0,0,0,0,0,0,0,0,1,0,2,0,1,0,1,250,1,0,0,0,0,0,0,0,-1,0,-1,-1,-1,0,0,0,0,0,0,0,0,0,0,0,0,0,0,0,0,0,0,[0|0],0,[0|0|0|0|0|0|0|0],
9004,恭敬敬礼,0,0,[0|0|0],-1,-1,0,0,-1,0,-1,990230,-1,-1,0,-1,0,7004,0,-1,-1,-1,1,0,50,0,0,0,0,0,0,0,0,[0|0],0,0,0,0,0,0,0,0,0,0,0,0,0,0,0,0,0,0,0,0,0,0,0,0,0,-1,-1,-1,-1,-1,-1,-1,-1,1,0,0,0,0,0,0,0,0,0,0,1,0,2,0,1,0,1,250,1,0,0,0,0,0,0,0,-1,0,-1,-1,-1,0,0,0,0,0,0,0,0,0,0,0,0,0,0,0,0,0,0,[0|0],0,[0|0|0|0|0|0|0|0],恭敬地敬礼
9005,吾王啊,1,0,[0|0|0],-1,-1,0,0,-1,0,-1,990240,-1,-1,0,-1,0,7005,0,-1,-1,-1,1,0,50,0,0,0,0,0,0,0,0,[0|0],0,0,0,0,0,0,0,0,0,0,0,0,0,0,0,0,0,0,0,0,0,0,0,0,0,-1,-1,-1,-1,-1,-1,-1,-1,1,0,0,0,0,0,0,0,0,0,0,1,0,2,0,1,0,1,250,1,0,0,0,0,0,0,0,-1,0,-1,-1,-1,0,0,0,0,0,0,0,0,0,0,0,0,0,0,0,0,0,0,[0|0],0,[0|0|0|0|0|0|0|0],
9006,欢迎,1,0,[0|0|0],-1,-1,0,0,-1,0,-1,990080,-1,-1,0,-1,0,7006,0,-1,-1,-1,1,0,50,0,0,0,0,0,0,0,0,[0|0],0,0,0,0,0,0,0,0,0,0,0,0,0,0,0,0,0,0,0,0,0,0,0,0,0,-1,-1,-1,-1,-1,-1,-1,-1,1,0,0,0,0,0,0,0,0,0,0,0,0,0,0,1,0,1,250,1,0,0,0,0,0,0,0,-1,0,-1,-1,-1,0,0,0,0,0,0,0,0,0,0,0,0,0,0,0,0,0,0,[0|0],0,[0|0|0|0|0|0|0|0],
9007,挥手,0,0,[0|0|0],-1,-1,0,0,-1,0,-1,990050,-1,-1,0,-1,0,7007,0,-1,-1,-1,1,0,50,0,0,0,0,0,0,0,0,[0|0],0,0,0,0,0,0,0,0,0,0,0,0,0,0,0,0,0,0,0,0,0,0,0,0,0,-1,-1,-1,-1,-1,-1,-1,-1,1,0,0,0,0,0,0,0,0,0,0,1,0,2,0,1,0,1,250,1,0,0,0,0,0,0,0,-1,0,-1,-1,-1,0,0,0,0,0,0,0,0,0,0,0,0,0,0,0,0,0,0,[0|0],0,[0|0|0|0|0|0|0|0],挥手
9008,打招呼,1,0,[0|0|0],-1,-1,0,0,-1,0,-1,990070,-1,-1,0,-1,0,7008,0,-1,-1,-1,1,0,50,0,0,0,0,0,0,0,0,[0|0],0,0,0,0,0,0,0,0,0,0,0,0,0,0,0,0,0,0,0,0,0,0,0,0,0,-1,-1,-1,-1,-1,-1,-1,-1,1,0,0,0,0,0,0,0,0,0,0,1,0,2,0,1,0,1,250,1,0,0,0,0,0,0,0,-1,0,-1,-1,-1,0,0,0,0,0,0,0,0,0,0,0,0,0,0,0,0,0,0,[0|0],0,[0|0|0|0|0|0|0|0],
9009,用力握拳,0,0,[0|0|0],-1,-1,0,0,-1,0,-1,990100,-1,-1,0,-1,0,7009,0,-1,-1,-1,1,0,50,0,0,0,0,0,0,0,0,[0|0],0,0,0,0,0,0,0,0,0,0,0,0,0,0,0,0,0,0,0,0,0,0,0,0,0,-1,-1,-1,-1,-1,-1,-1,-1,1,0,0,0,0,0,0,0,0,0,0,1,0,2,0,1,0,1,250,1,0,0,0,0,0,0,0,-1,0,-1,-1,-1,0,0,0,0,0,0,0,0,0,0,0,0,0,0,0,0,0,0,[0|0],0,[0|0|0|0|0|0|0|0],用力握拳
9010,就照你的意思,1,0,[0|0|0],-1,-1,0,0,-1,0,-1,990200,-1,-1,0,-1,0,7010,0,-1,-1,-1,1,0,50,0,0,0,0,0,0,0,0,[0|0],0,0,0,0,0,0,0,0,0,0,0,0,0,0,0,0,0,0,0,0,0,0,0,0,0,-1,-1,-1,-1,-1,-1,-1,-1,1,0,0,0,0,0,0,0,0,0,0,1,0,2,0,1,0,1,250,1,0,0,0,0,0,0,0,-1,0,-1,-1,-1,0,0,0,0,0,0,0,0,0,0,0,0,0,0,0,0,0,0,[0|0],0,[0|0|0|0|0|0|0|0],
9011,向前指,1,0,[0|0|0],-1,-1,0,0,-1,0,-1,990000,-1,-1,0,-1,0,7011,0,-1,-1,-1,1,0,50,0,0,0,0,0,0,0,0,[0|0],0,0,0,0,0,0,0,0,0,0,0,0,0,0,0,0,0,0,0,0,0,0,0,0,0,-1,-1,-1,-1,-1,-1,-1,-1,1,0,0,0,0,0,0,0,0,0,0,1,0,2,0,1,0,1,250,1,0,0,0,0,0,0,0,-1,0,-1,-1,-1,0,0,0,0,0,0,0,0,0,0,0,0,0,0,0,0,0,0,[0|0],0,[0|0|0|0|0|0|0|0],
9012,向上指,1,0,[0|0|0],-1,-1,0,0,-1,0,-1,990010,-1,-1,0,-1,0,7012,0,-1,-1,-1,1,0,50,0,0,0,0,0,0,0,0,[0|0],0,0,0,0,0,0,0,0,0,0,0,0,0,0,0,0,0,0,0,0,0,0,0,0,0,-1,-1,-1,-1,-1,-1,-1,-1,1,0,0,0,0,0,0,0,0,0,0,0,0,0,0,1,0,1,250,1,0,0,0,0,0,0,0,-1,0,-1,-1,-1,0,0,0,0,0,0,0,0,0,0,0,0,0,0,0,0,0,0,[0|0],0,[0|0|0|0|0|0|0|0],
9013,向下指,1,0,[0|0|0],-1,-1,0,0,-1,0,-1,990020,-1,-1,0,-1,0,7013,0,-1,-1,-1,1,0,50,0,0,0,0,0,0,0,0,[0|0],0,0,0,0,0,0,0,0,0,0,0,0,0,0,0,0,0,0,0,0,0,0,0,0,0,-1,-1,-1,-1,-1,-1,-1,-1,1,0,0,0,0,0,0,0,0,0,0,0,0,0,0,1,0,1,250,1,0,0,0,0,0,0,0,-1,0,-1,-1,-1,0,0,0,0,0,0,0,0,0,0,0,0,0,0,0,0,0,0,[0|0],0,[0|0|0|0|0|0|0|0],
9014,过来,1,0,[0|0|0],-1,-1,0,0,-1,0,-1,990060,-1,-1,0,-1,0,7014,0,-1,-1,-1,1,0,50,0,0,0,0,0,0,0,0,[0|0],0,0,0,0,0,0,0,0,0,0,0,0,0,0,0,0,0,0,0,0,0,0,0,0,0,-1,-1,-1,-1,-1,-1,-1,-1,1,0,0,0,0,0,0,0,0,0,0,0,0,0,0,1,0,1,250,1,0,0,0,0,0,0,0,-1,0,-1,-1,-1,0,0,0,0,0,0,0,0,0,0,0,0,0,0,0,0,0,0,[0|0],0,[0|0|0|0|0|0|0|0],
9015,等一下,1,0,[0|0|0],-1,-1,1,0,0,0,-1,990030,-1,-1,0,-1,0,7015,0,0,-1,-1,0,0,0,0,0,0,0,0,0,0,0,[0|0],0,0,0,0,0,0,0,0,0,0,0,0,0,0,0,0,0,0,0,0,0,0,0,0,0,-1,-1,-1,-1,-1,-1,-1,-1,1,0,0,0,0,0,0,0,0,0,0,0,0,0,0,1,0,0,250,1,0,0,0,-1,0,0,0,-1,0,-1,-1,-1,0,0,0,0,0,0,0,0,0,0,0,0,0,0,0,0,0,0,[0|0],0,[0|0|0|0|0|0|0|0],
9016,冷静点,1,0,[0|0|0],-1,-1,0,0,-1,0,-1,990040,-1,-1,0,-1,0,7016,0,-1,-1,-1,1,0,50,0,0,0,0,0,0,0,0,[0|0],0,0,0,0,0,0,0,0,0,0,0,0,0,0,0,0,0,0,0,0,0,0,0,0,0,-1,-1,-1,-1,-1,-1,-1,-1,1,0,0,0,0,0,0,0,0,0,0,1,0,2,0,1,0,1,250,1,0,0,0,0,0,0,0,-1,0,-1,-1,-1,0,0,0,0,0,0,0,0,0,0,0,0,0,0,0,0,0,0,[0|0],0,[0|0|0|0|0|0|0|0],
9017,点头称是,1,0,[0|0|0],-1,-1,0,0,-1,0,-1,990140,-1,-1,0,-1,0,7017,0,-1,-1,-1,1,0,50,0,0,0,0,0,0,0,0,[0|0],0,0,0,0,0,0,0,0,0,0,0,0,0,0,0,0,0,0,0,0,0,0,0,0,0,-1,-1,-1,-1,-1,-1,-1,-1,1,0,0,0,0,0,0,0,0,0,0,1,0,2,0,1,0,1,250,1,0,0,0,0,0,0,0,-1,0,-1,-1,-1,0,0,0,0,0,0,0,0,0,0,0,0,0,0,0,0,0,0,[0|0],0,[0|0|0|0|0|0|0|0],
9018,下跪,1,0,[0|0|0],-1,-1,0,0,-1,0,-1,990380,-1,-1,0,-1,0,7018,0,-1,-1,-1,1,0,50,0,0,0,0,0,0,0,0,[0|0],0,0,0,0,0,0,0,0,0,0,0,0,0,0,0,0,0,0,0,0,0,0,0,0,0,-1,-1,-1,-1,-1,-1,-1,-1,1,0,0,0,0,0,0,0,0,0,0,1,0,2,0,1,0,1,250,1,0,0,0,0,0,0,0,-1,0,-1,-1,-1,0,0,0,0,0,0,0,0,0,0,0,0,0,0,0,0,0,0,[0|0],0,[0|0|0|0|0|0|0|0],
9019,求饶,1,0,[0|0|0],-1,-1,0,0,-1,0,-1,990390,-1,-1,0,-1,0,7019,0,-1,-1,-1,1,0,50,0,0,0,0,0,0,0,0,[0|0],0,0,0,0,0,0,0,0,0,0,0,0,0,0,0,0,0,0,0,0,0,0,0,0,0,-1,-1,-1,-1,-1,-1,-1,-1,1,0,0,0,0,0,0,0,0,0,0,1,0,2,0,1,0,1,250,1,0,0,0,0,0,0,0,-1,0,-1,-1,-1,0,0,0,0,0,0,0,0,0,0,0,0,0,0,0,0,0,0,[0|0],0,[0|0|0|0|0|0|0|0],
9020,欢呼,0,0,[0|0|0],-1,-1,0,0,-1,0,-1,990160,-1,-1,0,-1,0,7020,0,-1,-1,-1,1,0,50,0,0,0,0,0,0,0,0,[0|0],0,0,0,0,0,0,0,0,0,0,0,0,0,0,0,0,0,0,0,0,0,0,0,0,0,-1,-1,-1,-1,-1,-1,-1,-1,1,0,0,0,0,0,0,0,0,0,0,1,0,2,0,1,0,1,250,1,0,0,0,0,0,0,0,-1,0,-1,-1,-1,0,0,0,0,0,0,0,0,0,0,0,0,0,0,0,0,0,0,[0|0],0,[0|0|0|0|0|0|0|0],欢呼
9021,兴奋大吼,1,0,[0|0|0],-1,-1,0,0,-1,0,-1,990170,-1,-1,0,-1,0,7021,0,-1,-1,-1,1,0,50,0,0,0,0,0,0,0,0,[0|0],0,0,0,0,0,0,0,0,0,0,0,0,0,0,0,0,0,0,0,0,0,0,0,0,0,-1,-1,-1,-1,-1,-1,-1,-1,1,0,0,0,0,0,0,0,0,0,0,1,0,2,0,1,0,1,250,1,0,0,0,0,0,0,0,-1,0,-1,-1,-1,0,0,0,0,0,0,0,0,0,0,0,0,0,0,0,0,0,0,[0|0],0,[0|0|0|0|0|0|0|0],
9022,以剑立誓,0,0,[0|0|0],-1,-1,0,0,-1,0,-1,990260,-1,-1,0,-1,0,7022,0,-1,-1,-1,1,0,50,0,0,0,0,0,0,0,0,[0|0],0,0,0,0,0,0,0,0,0,0,0,0,0,0,0,0,0,0,0,0,0,0,0,0,0,-1,-1,-1,-1,-1,-1,-1,-1,1,0,0,0,0,0,0,0,0,0,0,1,0,2,0,1,0,1,250,1,0,0,0,0,0,0,0,-1,0,-1,-1,-1,0,0,0,0,0,0,0,0,0,0,0,0,0,0,0,0,0,0,[0|0],0,[0|0|0|0|0|0|0|0],以剑立誓
9023,霍斯劳立誓,0,0,[0|0|0],-1,-1,0,0,-1,0,-1,990270,-1,-1,0,-1,0,7023,0,-1,-1,-1,1,0,50,0,0,0,0,0,0,0,0,[0|0],0,0,0,0,0,0,0,0,0,0,0,0,0,0,0,0,0,0,0,0,0,0,0,0,0,-1,-1,-1,-1,-1,-1,-1,-1,1,0,0,0,0,0,0,0,0,0,0,1,0,2,0,1,0,1,250,1,0,0,0,0,0,0,0,-1,0,-1,-1,-1,0,0,0,0,0,0,0,0,0,0,0,0,0,0,0,0,0,0,[0|0],0,[0|0|0|0|0|0|0|0],我要消灭你
9024,愿火焰常在我心,0,0,[0|0|0],-1,-1,0,0,-1,0,-1,990280,-1,-1,0,-1,0,7024,0,-1,-1,-1,1,0,50,0,0,0,0,0,0,0,0,[0|0],0,0,0,0,0,0,0,0,0,0,0,0,0,0,0,0,0,0,0,0,0,0,0,0,0,-1,-1,-1,-1,-1,-1,-1,-1,1,0,0,0,0,0,0,0,0,0,0,1,0,2,0,1,0,1,250,1,0,0,0,0,0,0,0,-1,0,-1,-1,-1,0,0,0,0,0,0,0,0,0,0,0,0,0,0,0,0,0,0,[0|0],0,[0|0|0|0|0|0|0|0],愿火焰常在我心
9026,拍手,1,0,[0|0|0],-1,-1,0,0,-1,0,-1,990090,-1,-1,0,-1,0,7026,0,-1,-1,-1,1,0,50,0,0,0,0,0,0,0,0,[0|0],0,0,0,0,0,0,0,0,0,0,0,0,0,0,0,0,0,0,0,0,0,0,0,0,0,-1,-1,-1,-1,-1,-1,-1,-1,1,0,0,0,0,0,0,0,0,0,0,1,0,2,0,1,0,1,250,1,0,0,0,0,0,0,0,-1,0,-1,-1,-1,0,0,0,0,0,0,0,0,0,0,0,0,0,0,0,0,0,0,[0|0],0,[0|0|0|0|0|0|0|0],
9027,开心到跳起来,0,0,[0|0|0],-1,-1,0,0,-1,0,-1,990110,-1,-1,0,-1,0,7027,0,-1,-1,-1,1,0,50,0,0,0,0,0,0,0,0,[0|0],0,0,0,0,0,0,0,0,0,0,0,0,0,0,0,0,0,0,0,0,0,0,0,0,0,-1,-1,-1,-1,-1,-1,-1,-1,1,0,0,0,0,0,0,0,0,0,0,1,0,2,0,1,0,1,250,1,0,0,0,0,0,0,0,-1,0,-1,-1,-1,0,0,0,0,0,0,0,0,0,0,0,0,0,0,0,0,0,0,[0|0],0,[0|0|0|0|0|0|0|0],开心到跳起来
9028,举手欢呼,1,0,[0|0|0],-1,-1,0,0,-1,0,-1,990120,-1,-1,0,-1,0,7028,0,-1,-1,-1,1,0,50,0,0,0,0,0,0,0,0,[0|0],0,0,0,0,0,0,0,0,0,0,0,0,0,0,0,0,0,0,0,0,0,0,0,0,0,-1,-1,-1,-1,-1,-1,-1,-1,1,0,0,0,0,0,0,0,0,0,0,1,0,2,0,1,0,1,250,1,0,0,0,0,0,0,0,-1,0,-1,-1,-1,0,0,0,0,0,0,0,0,0,0,0,0,0,0,0,0,0,0,[0|0],0,[0|0|0|0|0|0|0|0],
9029,转圈,1,0,[0|0|0],-1,-1,0,0,-1,0,-1,990130,-1,-1,0,-1,0,7029,0,-1,-1,-1,1,0,50,0,0,0,0,0,0,0,0,[0|0],0,0,0,0,0,0,0,0,0,0,0,0,0,0,0,0,0,0,0,0,0,0,0,0,0,-1,-1,-1,-1,-1,-1,-1,-1,1,0,0,0,0,0,0,0,0,0,0,1,0,2,0,1,0,1,250,1,0,0,0,0,0,0,0,-1,0,-1,-1,-1,0,0,0,0,0,0,0,0,0,0,0,0,0,0,0,0,0,0,[0|0],0,[0|0|0|0|0|0|0|0],
9030,弹指,1,0,[0|0|0],-1,-1,0,0,-1,0,-1,990150,-1,-1,0,-1,0,7030,0,-1,-1,-1,1,0,50,0,0,0,0,0,0,0,0,[0|0],0,0,0,0,0,0,0,0,0,0,0,0,0,0,0,0,0,0,0,0,0,0,0,0,0,-1,-1,-1,-1,-1,-1,-1,-1,1,0,0,0,0,0,0,0,0,0,0,1,0,2,0,1,0,1,250,1,0,0,0,0,0,0,0,-1,0,-1,-1,-1,0,0,0,0,0,0,0,0,0,0,0,0,0,0,0,0,0,0,[0|0],0,[0|0|0|0|0|0|0|0],
9031,沮丧,0,0,[0|0|0],-1,-1,0,0,-1,0,-1,990440,-1,-1,0,-1,0,7031,0,-1,-1,-1,1,0,50,0,0,0,0,0,0,0,0,[0|0],0,0,0,0,0,0,0,0,0,0,0,0,0,0,0,0,0,0,0,0,0,0,0,0,0,-1,-1,-1,-1,-1,-1,-1,-1,1,0,0,0,0,0,0,0,0,0,0,0,0,0,0,1,0,1,250,1,0,0,0,0,0,0,0,-1,0,-1,-1,-1,0,0,0,0,0,0,0,0,0,0,0,0,0,0,0,0,0,0,[0|0],0,[0|0|0|0|0|0|0|0],沮丧
9032,帕奇坐姿,1,0,[0|0|0],-1,-1,0,0,-1,0,-1,990450,-1,-1,0,-1,0,7032,0,-1,-1,-1,1,0,50,0,0,0,0,0,0,0,0,[0|0],0,0,0,0,0,0,0,0,0,0,0,0,0,0,0,0,0,0,0,0,0,0,0,0,0,-1,-1,-1,-1,-1,-1,-1,-1,1,0,0,0,0,0,0,0,0,0,0,1,0,2,0,1,0,1,250,1,0,0,0,0,0,0,0,-1,0,-1,-1,-1,0,0,0,0,0,0,0,0,0,0,0,0,0,0,0,0,0,0,[0|0],0,[0|0|0|0|0|0|0|0],
9033,盘腿坐,1,0,[0|0|0],-1,-1,0,0,-1,0,-1,990400,-1,-1,0,-1,0,7033,0,-1,-1,-1,1,0,50,0,0,0,0,0,0,0,0,[0|0],0,0,0,0,0,0,0,0,0,0,0,0,0,0,0,0,0,0,0,0,0,0,0,0,0,-1,-1,-1,-1,-1,-1,-1,-1,1,0,0,0,0,0,0,0,0,0,0,1,0,2,0,1,0,1,250,1,0,0,0,0,0,0,0,-1,0,-1,-1,-1,0,0,0,0,0,0,0,0,0,0,0,0,0,0,0,0,0,0,[0|0],0,[0|0|0|0|0|0|0|0],
9034,立单膝而坐,0,0,[0|0|0],-1,-1,0,0,-1,0,-1,990420,-1,-1,0,-1,0,7034,0,-1,-1,-1,1,0,50,0,0,0,0,0,0,0,0,[0|0],0,0,0,0,0,0,0,0,0,0,0,0,0,0,0,0,0,0,0,0,0,0,0,0,0,-1,-1,-1,-1,-1,-1,-1,-1,1,0,0,0,0,0,0,0,0,0,0,1,0,2,0,1,0,1,250,1,0,0,0,0,0,0,0,-1,0,-1,-1,-1,0,0,0,0,0,0,0,0,0,0,0,0,0,0,0,0,0,0,[0|0],0,[0|0|0|0|0|0|0|0],立单膝而坐
9035,收拢双腿而坐,1,0,[0|0|0],-1,-1,0,0,-1,0,-1,990430,-1,-1,0,-1,0,7035,0,-1,-1,-1,1,0,50,0,0,0,0,0,0,0,0,[0|0],0,0,0,0,0,0,0,0,0,0,0,0,0,0,0,0,0,0,0,0,0,0,0,0,0,-1,-1,-1,-1,-1,-1,-1,-1,1,0,0,0,0,0,0,0,0,0,0,1,0,2,0,1,0,1,250,1,0,0,0,0,0,0,0,-1,0,-1,-1,-1,0,0,0,0,0,0,0,0,0,0,0,0,0,0,0,0,0,0,[0|0],0,[0|0|0|0|0|0|0|0],
9036,盘腿熟睡,1,0,[0|0|0],-1,-1,0,0,-1,0,-1,990410,-1,-1,0,-1,0,7036,0,-1,-1,-1,1,0,50,0,0,0,0,0,0,0,0,[0|0],0,0,0,0,0,0,0,0,0,0,0,0,0,0,0,0,0,0,0,0,0,0,0,0,0,-1,-1,-1,-1,-1,-1,-1,-1,1,0,0,0,0,0,0,0,0,0,0,1,0,2,0,1,0,1,250,1,0,0,0,0,0,0,0,-1,0,-1,-1,-1,0,0,0,0,0,0,0,0,0,0,0,0,0,0,0,0,0,0,[0|0],0,[0|0|0|0|0|0|0|0],
9037,大字躺,1,0,[0|0|0],-1,-1,0,0,-1,0,-1,990470,-1,-1,0,-1,0,7037,0,-1,-1,-1,1,0,50,0,0,0,0,0,0,0,0,[0|0],0,0,0,0,0,0,0,0,0,0,0,0,0,0,0,0,0,0,0,0,0,0,0,0,0,-1,-1,-1,-1,-1,-1,-1,-1,1,0,0,0,0,0,0,0,0,0,0,1,0,2,0,1,0,1,250,1,0,0,0,0,0,0,0,-1,0,-1,-1,-1,0,0,0,0,0,0,0,0,0,0,0,0,0,0,0,0,0,0,[0|0],0,[0|0|0|0|0|0|0|0],
9039,缩成一团,1,0,[0|0|0],-1,-1,0,0,-1,0,-1,990460,-1,-1,0,-1,0,7039,0,-1,-1,-1,1,0,50,0,0,0,0,0,0,0,0,[0|0],0,0,0,0,0,0,0,0,0,0,0,0,0,0,0,0,0,0,0,0,0,0,0,0,0,-1,-1,-1,-1,-1,-1,-1,-1,1,0,0,0,0,0,0,0,0,0,0,1,0,2,0,1,0,1,250,1,0,0,0,0,0,0,0,-1,0,-1,-1,-1,0,0,0,0,0,0,0,0,0,0,0,0,0,0,0,0,0,0,[0|0],0,[0|0|0|0|0|0|0|0],
9040,有何贵干？,0,0,[0|0|0],-1,-1,0,0,-1,0,-1,990250,-1,-1,0,-1,0,7040,0,-1,-1,-1,1,0,50,0,0,0,0,0,0,0,0,[0|0],0,0,0,0,0,0,0,0,0,0,0,0,0,0,0,0,0,0,0,0,0,0,0,0,0,-1,-1,-1,-1,-1,-1,-1,-1,1,0,0,0,0,0,0,0,0,0,0,1,0,2,0,1,0,1,250,1,0,0,0,0,0,0,0,-1,0,-1,-1,-1,0,0,0,0,0,0,0,0,0,0,0,0,0,0,0,0,0,0,[0|0],0,[0|0|0|0|0|0|0|0],有何贵干？
9041,祈祷,1,0,[0|0|0],-1,-1,0,0,-1,0,-1,990320,-1,-1,0,-1,0,7041,0,-1,-1,-1,1,0,50,0,0,0,0,0,0,0,0,[0|0],0,0,0,0,0,0,0,0,0,0,0,0,0,0,0,0,0,0,0,0,0,0,0,0,0,-1,-1,-1,-1,-1,-1,-1,-1,1,0,0,0,0,0,0,0,0,0,0,1,0,2,0,1,0,1,250,1,0,0,0,0,0,0,0,-1,0,-1,-1,-1,0,0,0,0,0,0,0,0,0,0,0,0,0,0,0,0,0,0,[0|0],0,[0|0|0|0|0|0|0|0],
9042,专注的祈祷,0,0,[0|0|0],-1,-1,0,0,-1,0,-1,990330,-1,-1,0,-1,0,7042,0,-1,-1,-1,1,0,50,0,0,0,0,0,0,0,0,[0|0],0,0,0,0,0,0,0,0,0,0,0,0,0,0,0,0,0,0,0,0,0,0,0,0,0,-1,-1,-1,-1,-1,-1,-1,-1,1,0,0,0,0,0,0,0,0,0,0,1,0,2,0,1,0,1,250,1,0,0,0,0,0,0,0,-1,0,-1,-1,-1,0,0,0,0,0,0,0,0,0,0,0,0,0,0,0,0,0,0,[0|0],0,[0|0|0|0|0|0|0|0],悲伤地祈祷
9043,恍惚,1,0,[0|0|0],-1,-1,0,0,-1,0,-1,990340,-1,-1,0,-1,0,7043,0,-1,-1,-1,1,0,50,0,0,0,0,0,0,0,0,[0|0],0,0,0,0,0,0,0,0,0,0,0,0,0,0,0,0,0,0,0,0,0,0,0,0,0,-1,-1,-1,-1,-1,-1,-1,-1,1,0,0,0,0,0,0,0,0,0,0,1,0,2,0,1,0,1,250,1,0,0,0,0,0,0,0,-1,0,-1,-1,-1,0,0,0,0,0,0,0,0,0,0,0,0,0,0,0,0,0,0,[0|0],0,[0|0|0|0|0|0|0|0],
9045,深具睿智,1,0,[0|0|0],-1,-1,0,0,-1,0,-1,990310,-1,-1,0,-1,0,7046,0,-1,-1,-1,1,0,50,0,0,0,0,0,0,0,0,[0|0],0,0,0,0,0,0,0,0,0,0,0,0,0,0,0,0,0,0,0,0,0,0,0,0,0,-1,-1,-1,-1,-1,-1,-1,-1,1,0,0,0,0,0,0,0,0,0,0,1,0,2,0,1,0,1,250,1,0,0,0,0,0,0,0,-1,0,-1,-1,-1,0,0,0,0,0,0,0,0,0,0,0,0,0,0,0,0,0,0,[0|0],0,[0|0|0|0|0|0|0|0],
9046,外在律法,1,0,[0|0|0],-1,-1,0,0,-1,0,-1,990360,-1,-1,0,-1,0,7047,0,-1,-1,-1,1,0,50,0,0,0,0,0,0,0,0,[0|0],0,0,0,0,0,0,0,0,0,0,0,0,0,0,0,0,0,0,0,0,0,0,0,0,0,-1,-1,-1,-1,-1,-1,-1,-1,1,0,0,0,0,0,0,0,0,0,0,1,0,2,0,1,0,1,250,1,0,0,0,0,0,0,0,-1,0,-1,-1,-1,0,0,0,0,0,0,0,0,0,0,0,0,0,0,0,0,0,0,[0|0],0,[0|0|0|0|0|0|0|0],
9047,内在律法,1,0,[0|0|0],-1,-1,0,0,-1,0,-1,990350,-1,-1,0,-1,0,7048,0,-1,-1,-1,1,0,50,0,0,0,0,0,0,0,0,[0|0],0,0,0,0,0,0,0,0,0,0,0,0,0,0,0,0,0,0,0,0,0,0,0,0,0,-1,-1,-1,-1,-1,-1,-1,-1,1,0,0,0,0,0,0,0,0,0,0,1,0,2,0,1,0,1,250,1,0,0,0,0,0,0,0,-1,0,-1,-1,-1,0,0,0,0,0,0,0,0,0,0,0,0,0,0,0,0,0,0,[0|0],0,[0|0|0|0|0|0|0|0],
9048,黄金律法全貌,1,0,[0|0|0],-1,-1,0,0,-1,0,-1,990370,-1,-1,0,-1,0,7049,0,-1,-1,-1,1,0,50,0,0,0,0,0,0,0,0,[0|0],0,0,0,0,0,0,0,0,0,0,0,0,0,0,0,0,0,0,0,0,0,0,0,0,0,-1,-1,-1,-1,-1,-1,-1,-1,1,0,0,0,0,0,0,0,0,0,0,1,0,2,0,1,0,1,250,1,0,0,0,0,0,0,0,-1,0,-1,-1,-1,0,0,0,0,0,0,0,0,0,0,0,0,0,0,0,0,0,0,[0|0],0,[0|0|0|0|0|0|0|0],
9049,法环之姿,1,0,[0|0|0],-1,-1,0,0,-1,0,-1,990290,-1,-1,0,-1,0,7050,0,-1,-1,-1,1,0,50,0,0,0,0,0,0,0,0,[0|0],0,0,0,0,0,0,0,0,0,0,0,0,0,0,0,0,0,0,0,0,0,0,0,0,0,-1,-1,-1,-1,-1,-1,-1,-1,1,0,0,0,0,0,0,0,0,0,0,1,0,2,0,1,0,1,250,1,0,0,0,0,0,0,0,-1,0,-1,-1,-1,0,0,0,0,0,0,0,0,0,0,0,0,0,0,0,0,0,0,[0|0],0,[0|0|0|0|0|0|0|0],
9050,法环之姿,1,0,[0|0|0],-1,-1,0,0,-1,0,-1,990300,-1,-1,0,-1,0,7050,0,-1,-1,-1,1,0,50,0,0,0,0,0,0,0,0,[0|0],0,0,0,0,0,0,0,0,0,0,0,0,0,0,0,0,0,0,0,0,0,0,0,0,0,-1,-1,-1,-1,-1,-1,-1,-1,1,0,0,0,0,0,0,0,0,0,0,1,0,2,0,1,0,1,250,1,0,0,0,0,0,0,0,-1,0,-1,-1,-1,0,0,0,0,0,0,0,0,0,0,0,0,0,0,0,0,0,0,[0|0],0,[0|0|0|0|0|0|0|0],
9100,说明：赐福,0,0,[0|0|0],-1,-1,0,0,-1,0,-1,460005,-1,-1,0,-1,0,3300,0,-1,-1,-1,1,0,50,12,0,0,0,0,0,0,0,[0|0],0,0,0,0,0,0,0,0,0,0,0,0,0,0,0,0,0,0,0,0,0,0,0,0,0,-1,-1,-1,-1,-1,-1,-1,-1,1,0,0,0,0,0,0,0,0,0,0,1,0,2,0,1,0,1,20,1,0,0,0,0,0,0,0,-1,0,-1,-1,-1,0,0,0,0,0,0,0,0,0,0,0,0,0,0,0,0,0,0,[0|0],0,[0|0|0|0|0|0|0|0],在赐福休息能完全恢复血量、专注值，\n治愈异常状态等等，也能补充圣杯瓶。\n\n但是大部分的敌人也会随之复活。\n\n能够在光芒聚集的地方发现赐福。
9101,说明：魔法与祷告,0,0,[0|0|0],-1,-1,0,0,-1,0,-1,460140,-1,-1,0,-1,0,3301,0,-1,-1,-1,1,0,50,12,0,0,0,0,0,0,0,[0|0],0,0,0,0,0,0,0,0,0,0,0,0,0,0,0,0,0,0,0,0,0,0,0,0,0,-1,-1,-1,-1,-1,-1,-1,-1,1,0,0,0,0,0,0,0,0,0,0,1,0,2,0,1,0,1,20,1,0,0,0,0,0,0,0,-1,0,-1,-1,-1,0,0,0,0,0,0,0,0,0,0,0,0,0,0,0,0,0,0,[0|0],0,[0|0|0|0|0|0|0|0],能在赐福记忆魔法、祷告。\n\n在装备手杖、圣印记之后，\n能够消耗专注值使用先行记忆的魔法、祷告。\n\n<?keyicon@0017?>：<?keyActName@17?>
9102,说明：弓,0,0,[0|0|0],-1,-1,0,0,-1,0,-1,460120,-1,-1,0,-1,0,3303,0,-1,-1,-1,1,0,50,12,0,0,0,0,0,0,0,[0|0],0,0,0,0,0,0,0,0,0,0,0,0,0,0,0,0,0,0,0,0,0,0,0,0,0,-1,-1,-1,-1,-1,-1,-1,-1,1,0,0,0,0,0,0,0,0,0,0,1,0,2,0,1,0,1,20,1,0,0,0,0,0,0,0,-1,0,-1,-1,-1,0,0,0,0,0,0,0,0,0,0,0,0,0,0,0,0,0,0,[0|0],0,[0|0|0|0|0|0|0|0],能够装备弓，射出箭矢攻击。\n总共能装备２种箭，可以依照情况切换使用。\n\n双手共持弓，按住<?keyicon@24?>能精密射击。\n用<?keyControlCamera?>能移动准心。\n\n按下<?keyicon@22?>：射出“箭１”的箭\n按下<?keyicon@23?>：射出“箭２”的箭\n按住<?keyicon@24?>：精密射击
9103,说明：蹲下,0,0,[0|0|0],-1,-1,0,0,-1,0,-1,460190,-1,-1,0,-1,0,3304,0,-1,-1,-1,1,0,50,12,0,0,0,0,0,0,0,[0|0],0,0,0,0,0,0,0,0,0,0,0,0,0,0,0,0,0,0,0,0,0,0,0,0,0,-1,-1,-1,-1,-1,-1,-1,-1,1,0,0,0,0,0,0,0,0,0,0,1,0,2,0,1,0,1,20,1,0,0,0,0,0,0,0,-1,0,-1,-1,-1,0,0,0,0,0,0,0,0,0,0,0,0,0,0,0,0,0,0,[0|0],0,[0|0|0|0|0|0|0|0],蹲下后较不容易被敌人发现。\n在草丛蹲下，藏身效果更佳。\n\n在没有被敌人发现的情况下攻击，\n能够比一般攻击给予更多的伤害。\n\n<?keyicon@9?>：<?keyActName@9?>
9104,说明：失去平衡,0,0,[0|0|0],-1,-1,0,0,-1,0,-1,460100,-1,-1,0,-1,0,3305,0,-1,-1,-1,1,0,50,12,0,0,0,0,0,0,0,[0|0],0,0,0,0,0,0,0,0,0,0,0,0,0,0,0,0,0,0,0,0,0,0,0,0,0,-1,-1,-1,-1,-1,-1,-1,-1,1,0,0,0,0,0,0,0,0,0,0,1,0,2,0,1,0,1,20,1,0,0,0,0,0,0,0,-1,0,-1,-1,-1,0,0,0,0,0,0,0,0,0,0,0,0,0,0,0,0,0,0,[0|0],0,[0|0|0|0|0|0|0|0],敌人会因为我方的攻击而失去平衡，\n此时就有机会使出致命一击。\n\n蓄力攻击、跳跃攻击\n特别容易让敌人失去平衡。\n\n按住<?keyicon@23?>：蓄力攻击\n跳跃时按下<?keyicon@23?>：跳跃攻击
9105,说明：玛莉卡楔石,0,0,[0|0|0],-1,-1,0,0,-1,0,-1,460060,-1,-1,0,-1,0,3307,0,-1,-1,-1,1,0,50,12,0,0,0,0,0,0,0,[0|0],0,0,0,0,0,0,0,0,0,0,0,0,0,0,0,0,0,0,0,0,0,0,0,0,0,-1,-1,-1,-1,-1,-1,-1,-1,1,0,0,0,0,0,0,0,0,0,0,1,0,2,0,1,0,1,20,1,0,0,0,0,0,0,0,-1,0,-1,-1,-1,0,0,0,0,0,0,0,0,0,0,0,0,0,0,0,0,0,0,[0|0],0,[0|0|0|0|0|0|0|0],死亡之后，会在最后停留的赐福复活。\n\n如果死亡地点附近有“玛莉卡楔石”，\n也能选择在那里复活。
9106,说明：防御反击,0,0,[0|0|0],-1,-1,0,0,-1,0,-1,460110,-1,-1,0,-1,0,3306,0,-1,-1,-1,1,0,50,12,0,0,0,0,0,0,0,[0|0],0,0,0,0,0,0,0,0,0,0,0,0,0,0,0,0,0,0,0,0,0,0,0,0,0,-1,-1,-1,-1,-1,-1,-1,-1,1,0,0,0,0,0,0,0,0,0,0,1,0,2,0,1,0,1,20,1,0,0,0,0,0,0,0,-1,0,-1,-1,-1,0,0,0,0,0,0,0,0,0,0,0,0,0,0,0,0,0,0,[0|0],0,[0|0|0|0|0|0|0|0],防住敌人攻击的当下，能立刻使出防御反击。\n防御反击容易让敌人失去平衡。\n\n防住敌人攻击后\n立刻按下<?keyicon@23?>：防御反击
9107,说明：地图,0,0,[0|0|0],-1,-1,0,0,-1,0,-1,460020,-1,-1,0,-1,0,3308,0,-1,-1,-1,1,0,50,12,0,0,0,0,0,0,0,[0|0],0,0,0,0,0,0,0,0,0,0,0,0,0,0,0,0,0,0,0,0,0,0,0,0,0,-1,-1,-1,-1,-1,-1,-1,-1,1,0,0,0,0,0,0,0,0,0,0,1,0,2,0,1,0,1,20,1,0,0,0,0,0,0,0,-1,0,-1,-1,-1,0,0,0,0,0,0,0,0,0,0,0,0,0,0,0,0,0,0,[0|0],0,[0|0|0|0|0|0|0|0],透过地图能确认自己的所在位置、\n地形以及建筑物等等资讯。\n\n座落路边的石碑放有“地图碎片”，\n取得后能更新地图。\n\n另外，也能在地图上放置光柱，\n作为探索时的标记。\n\n<?keyicon@29?>：<?keyActName@29?>
9108,说明：赐福的指引,0,0,[0|0|0],-1,-1,0,0,-1,0,-1,460010,-1,-1,0,-1,0,3309,0,-1,-1,-1,1,0,50,12,0,0,0,0,0,0,0,[0|0],0,0,0,0,0,0,0,0,0,0,0,0,0,0,0,0,0,0,0,0,0,0,0,0,0,-1,-1,-1,-1,-1,-1,-1,-1,1,0,0,0,0,0,0,0,0,0,0,1,0,2,0,1,0,1,20,1,0,0,0,0,0,0,0,-1,0,-1,-1,-1,0,0,0,0,0,0,0,0,0,0,0,0,0,0,0,0,0,0,[0|0],0,[0|0|0|0|0|0|0|0],赐福原本是引导褪色者前进，\n替褪色者指路的存在。\n\n如今仍有部分赐福留有指引的力量，\n会以金黄色的光芒轨迹，\n指出褪色者该前进的方向。
9109,说明：骑马,0,0,[0|0|0],-1,-1,0,0,-1,0,-1,460170,-1,-1,0,-1,0,3310,0,-1,-1,-1,1,0,50,12,0,0,0,0,0,0,0,[0|0],0,0,0,0,0,0,0,0,0,0,0,0,0,0,0,0,0,0,0,0,0,0,0,0,0,-1,-1,-1,-1,-1,-1,-1,-1,1,0,0,0,0,0,0,0,0,0,0,1,0,2,0,1,0,1,20,1,0,0,0,0,0,0,0,-1,0,-1,-1,-1,0,0,0,0,0,0,0,0,0,0,0,0,0,0,0,0,0,0,[0|0],0,[0|0|0|0|0|0|0|0],使用“灵马哨笛”能召唤出灵马，\n骑马行动。\n\n灵马死亡后能再一次召唤，\n但必须消耗１瓶“红露滴圣杯瓶”。\n\n骑马时再次使用灵马哨笛，\n或是按下<?keyicon@0009?>能够下马。
9110,说明：死亡,0,0,[0|0|0],-1,-1,0,0,-1,0,-1,460050,-1,-1,0,-1,0,3311,0,-1,-1,-1,1,0,50,12,0,0,0,0,0,0,0,[0|0],0,0,0,0,0,0,0,0,0,0,0,0,0,0,0,0,0,0,0,0,0,0,0,0,0,-1,-1,-1,-1,-1,-1,-1,-1,1,0,0,0,0,0,0,0,0,0,0,1,0,2,0,1,0,1,20,1,0,0,0,0,0,0,0,-1,0,-1,-1,-1,0,0,0,0,0,0,0,0,0,0,0,0,0,0,0,0,0,0,[0|0],0,[0|0|0|0|0|0|0|0],死亡之后，会在最后停留的赐福复活。\n\n持有卢恩会留在死亡地点。\n在拿回卢恩之前再次死亡，卢恩将会消失。\n\n留在死亡地点的卢恩，\n所在方向会显示在画面上方的方位条。
9111,说明：召唤灵魂,0,0,[0|0|0],-1,-1,0,0,-1,0,-1,460150,-1,-1,0,-1,0,3313,0,-1,-1,-1,1,0,50,12,0,0,0,0,0,0,0,[0|0],0,0,0,0,0,0,0,0,0,0,0,0,0,0,0,0,0,0,0,0,0,0,0,0,0,-1,-1,-1,-1,-1,-1,-1,-1,1,0,0,0,0,0,0,0,0,0,0,1,0,2,0,1,0,1,20,1,0,0,0,0,0,0,0,-1,0,-1,-1,-1,0,0,0,0,0,0,0,0,0,0,0,0,0,0,0,0,0,0,[0|0],0,[0|0|0|0|0|0|0|0],拥有“召魂铃”之后，\n能透过骨灰道具召唤各种灵魂。\n召唤时基本上需要消耗专注值。\n\n在同一时间内，只能召唤１种灵魂。\n多人联机游玩时无法召唤灵魂。
9112,说明：防御,0,0,[0|0|0],-1,-1,0,0,-1,0,-1,460070,-1,-1,0,-1,0,3302,0,-1,-1,-1,1,0,50,12,0,0,0,0,0,0,0,[0|0],0,0,0,0,0,0,0,0,0,0,0,0,0,0,0,0,0,0,0,0,0,0,0,0,0,-1,-1,-1,-1,-1,-1,-1,-1,1,0,0,0,0,0,0,0,0,0,0,1,0,2,0,1,0,1,20,1,0,0,0,0,0,0,0,-1,0,-1,-1,-1,0,0,0,0,0,0,0,0,0,0,0,0,0,0,0,0,0,0,[0|0],0,[0|0|0|0|0|0|0|0],能用左手武器，\n或是以双手共持的武器防御敌人攻击。\n\n用盾牌防御的效果尤佳。\n\n防御攻击时会消耗精力，\n精力耗尽后会失去平衡。\n\n按下<?keyicon@24?>：防御
9113,说明：制作道具,0,0,[0|0|0],-1,-1,0,0,-1,0,-1,460230,-1,-1,0,-1,0,3314,0,-1,-1,-1,1,0,50,12,0,0,0,0,0,0,0,[0|0],0,0,0,0,0,0,0,0,0,0,0,0,0,0,0,0,0,0,0,0,0,0,0,0,0,-1,-1,-1,-1,-1,-1,-1,-1,1,0,0,0,0,0,0,0,0,0,0,1,0,2,0,1,0,1,20,1,0,0,0,0,0,0,0,-1,0,-1,-1,-1,0,0,0,0,0,0,0,0,0,0,0,0,0,0,0,0,0,0,[0|0],0,[0|0|0|0|0|0|0|0],拥有“工具皮袋”之后，\n能用材料道具制作各种道具。\n\n从主选单的“制作道具”选单能制作道具。\n\n取得“制作笔记”之后，\n能制作的道具种类也会随之增加。\n\n<?keyicon@28?>：<?keyActName@28?>
9115,说明：灵药圣杯瓶,0,0,[0|0|0],-1,-1,0,0,-1,0,-1,460260,-1,-1,0,-1,0,3315,0,-1,-1,-1,1,0,50,12,0,0,0,0,0,0,0,[0|0],0,0,0,0,0,0,0,0,0,0,0,0,0,0,0,0,0,0,0,0,0,0,0,0,0,-1,-1,-1,-1,-1,-1,-1,-1,1,0,0,0,0,0,0,0,0,0,0,1,0,2,0,1,0,1,20,1,0,0,0,0,0,0,0,-1,0,-1,-1,-1,0,0,0,0,0,0,0,0,0,0,0,0,0,0,0,0,0,0,[0|0],0,[0|0|0|0|0|0|0|0],在交界地各处，\n例如小黄金树的树脚等等地方，\n会找到名为结晶露滴的道具。\n\n将２块结晶露滴加入“灵药圣杯瓶”调配，\n灵药会产生各式各样的效用。\n\n能在赐福进行调配。
9116,说明：赋予战技,0,0,[0|0|0],-1,-1,0,0,-1,0,-1,460280,-1,-1,0,-1,0,3316,0,-1,-1,-1,1,0,50,12,0,0,0,0,0,0,0,[0|0],0,0,0,0,0,0,0,0,0,0,0,0,0,0,0,0,0,0,0,0,0,0,0,0,0,-1,-1,-1,-1,-1,-1,-1,-1,1,0,0,0,0,0,0,0,0,0,0,1,0,2,0,1,0,1,20,1,0,0,0,0,0,0,0,-1,0,-1,-1,-1,0,0,0,0,0,0,0,0,0,0,0,0,0,0,0,0,0,0,[0|0],0,[0|0|0|0|0|0|0|0],拥有“砥石小刀”之后，\n能在赐福使用“战灰”，赋予武器战技。\n\n每一把武器只能有一个战技，\n赋予战技之后，会移除旧有的战技。\n\n能赋予的战技会依照武器类别有所限制。\n部分特殊武器（例如具备固有战技的武器），\n无法赋予战技。
9117,说明：鸟瞰镜,0,0,[0|0|0],-1,-1,0,0,-1,0,-1,460200,-1,-1,0,-1,0,3317,0,-1,-1,-1,1,0,50,12,0,0,0,0,0,0,0,[0|0],0,0,0,0,0,0,0,0,0,0,0,0,0,0,0,0,0,0,0,0,0,0,0,0,0,-1,-1,-1,-1,-1,-1,-1,-1,1,0,0,0,0,0,0,0,0,0,0,1,0,2,0,1,0,1,20,1,0,0,0,0,0,0,0,-1,0,-1,-1,-1,0,0,0,0,0,0,0,0,0,0,0,0,0,0,0,0,0,0,[0|0],0,[0|0|0|0|0|0|0|0],使用散置各地的“鸟瞰镜”，\n能以鸟类的视野观察前方道路。\n\n<?keyicon@17?>：放大影像\n<?keyicon@18?>：缩小影像
9118,说明：灵魂气流跳跃,0,0,[0|0|0],-1,-1,0,0,-1,0,-1,460180,-1,-1,0,-1,0,3318,0,-1,-1,-1,1,0,50,12,0,0,0,0,0,0,0,[0|0],0,0,0,0,0,0,0,0,0,0,0,0,0,0,0,0,0,0,0,0,0,0,0,0,0,-1,-1,-1,-1,-1,-1,-1,-1,1,0,0,0,0,0,0,0,0,0,0,1,0,2,0,1,0,1,20,1,0,0,0,0,0,0,0,-1,0,-1,-1,-1,0,0,0,0,0,0,0,0,0,0,0,0,0,0,0,0,0,0,[0|0],0,[0|0|0|0|0|0|0|0],骑马时靠近有“灵魂气流”的地方跳跃，\n能够顺着气流往上大幅跳跃。\n\n骑马状态下顺着“灵魂气流”落地时，\n即使是从高处坠落，也不会受到损伤。\n\n骑马时靠近灵魂气流，\n按下<?keyicon@8?>：灵魂气流跳跃
9119,说明：打败敌对团体,0,0,[0|0|0],-1,-1,0,0,-1,0,-1,460220,-1,-1,0,-1,0,3319,0,-1,-1,-1,1,0,50,12,0,0,0,0,0,0,0,[0|0],0,0,0,0,0,0,0,0,0,0,0,0,0,0,0,0,0,0,0,0,0,0,0,0,0,-1,-1,-1,-1,-1,-1,-1,-1,1,0,0,0,0,0,0,0,0,0,0,1,0,2,0,1,0,1,20,1,0,0,0,0,0,0,0,-1,0,-1,-1,-1,0,0,0,0,0,0,0,0,0,0,0,0,0,0,0,0,0,0,[0|0],0,[0|0|0|0|0|0|0|0],打败敌对团体之后，\n能恢复圣杯瓶的使用次数。\n\n恢复的圣杯瓶种类、次数，\n会依照敌对团体而不同。\n\n如果恢复前使用次数已达上限，\n则不能累加。
9120,说明：露滴粪金龟,0,0,[0|0|0],-1,-1,0,0,-1,0,-1,460210,-1,-1,0,-1,0,3320,0,-1,-1,-1,1,0,50,12,0,0,0,0,0,0,0,[0|0],0,0,0,0,0,0,0,0,0,0,0,0,0,0,0,0,0,0,0,0,0,0,0,0,0,-1,-1,-1,-1,-1,-1,-1,-1,1,0,0,0,0,0,0,0,0,0,0,1,0,2,0,1,0,1,20,1,0,0,0,0,0,0,0,-1,0,-1,-1,-1,0,0,0,0,0,0,0,0,0,0,0,0,0,0,0,0,0,0,[0|0],0,[0|0|0|0|0|0|0|0],露滴粪金龟有红色、蓝色之分，\n打败它之后能恢复与颜色对应的圣杯瓶。\n\n如果恢复前使用次数已达上限，则不能累加。
9121,说明：召唤其他玩家,1,0,[0|0|0],-1,-1,0,0,-1,0,-1,460310,-1,-1,0,-1,0,3321,0,-1,-1,-1,1,0,50,12,0,0,0,0,0,0,0,[0|0],0,0,0,0,0,0,0,0,0,0,0,0,0,0,0,0,0,0,0,0,0,0,0,0,0,-1,-1,-1,-1,-1,-1,-1,-1,1,0,0,0,0,0,0,0,0,0,0,1,0,2,0,1,0,1,20,1,0,0,0,0,0,0,0,-1,0,-1,-1,-1,0,0,0,0,0,0,0,0,0,0,0,0,0,0,0,0,0,0,[0|0],0,[0|0|0|0|0|0|0|0],使用“唤勾指药”\n能看见其他世界玩家的召唤记号。\n\n召唤记号有下列种类：\n金色记号能召唤协助者；\n红色记号能召唤敌对者。\n\n召唤后，会开始多人联机游玩。\n多人联机游玩时，您将成为“勾指主人”。
9122,说明：协力多人联机游玩,1,0,[0|0|0],-1,-1,0,0,-1,0,-1,460320,-1,-1,0,-1,0,3322,0,-1,-1,-1,1,0,50,12,0,0,0,0,0,0,0,[0|0],0,0,0,0,0,0,0,0,0,0,0,0,0,0,0,0,0,0,0,0,0,0,0,0,0,-1,-1,-1,-1,-1,-1,-1,-1,1,0,0,0,0,0,0,0,0,0,0,1,0,2,0,1,0,1,20,1,0,0,0,0,0,0,0,-1,0,-1,-1,-1,0,0,0,0,0,0,0,0,0,0,0,0,0,0,0,0,0,0,[0|0],0,[0|0|0|0|0|0|0|0],使用“褪色者勾指”\n能写下金色召唤记号。\n\n当其他世界的玩家透过记号召唤您，\n会开始协力多人联机游玩。\n\n您将成为协助者（勾指），\n目标是打败区域头目。\n\n召唤主方（勾指主人）的所在方向\n会显示在画面上方的方位条。
9123,说明：敌对多人联机游玩,1,0,[0|0|0],-1,-1,0,0,-1,0,-1,460330,-1,-1,0,-1,0,3323,0,-1,-1,-1,1,0,50,12,0,0,0,0,0,0,0,[0|0],0,0,0,0,0,0,0,0,0,0,0,0,0,0,0,0,0,0,0,0,0,0,0,0,0,-1,-1,-1,-1,-1,-1,-1,-1,1,0,0,0,0,0,0,0,0,0,0,1,0,2,0,1,0,1,20,1,0,0,0,0,0,0,0,-1,0,-1,-1,-1,0,0,0,0,0,0,0,0,0,0,0,0,0,0,0,0,0,0,[0|0],0,[0|0|0|0|0|0|0|0],使用“斗士勾指”\n能写下红色召唤记号。\n\n当其他世界的玩家透过记号召唤您，\n会开始敌对多人联机游玩。\n\n您将成为敌对者（斗士），\n目标是打败召唤您的“勾指主人”。
9124,说明：入侵多人联机游玩,1,0,[0|0|0],-1,-1,0,0,-1,0,-1,460340,-1,-1,0,-1,0,3324,0,-1,-1,-1,1,0,50,12,0,0,0,0,0,0,0,[0|0],0,0,0,0,0,0,0,0,0,0,0,0,0,0,0,0,0,0,0,0,0,0,0,0,0,-1,-1,-1,-1,-1,-1,-1,-1,1,0,0,0,0,0,0,0,0,0,0,1,0,2,0,1,0,1,20,1,0,0,0,0,0,0,0,-1,0,-1,-1,-1,0,0,0,0,0,0,0,0,0,0,0,0,0,0,0,0,0,0,[0|0],0,[0|0|0|0|0|0|0|0],使用“溃烂血指”等等道具，\n能入侵其他玩家的世界。\n\n入侵成功后，会开始入侵多人联机游玩。\n\n您将成为入侵者（血指），\n目标是打败入侵世界的主人“勾指主人”。\n\n当勾指主人位在远方，\n所在方向会显示在画面上方的方位条。
9125,说明：猎人多人联机游玩,1,0,[0|0|0],-1,-1,0,0,-1,0,-1,460360,-1,-1,0,-1,0,3325,0,-1,-1,-1,1,0,50,12,0,0,0,0,0,0,0,[0|0],0,0,0,0,0,0,0,0,0,0,0,0,0,0,0,0,0,0,0,0,0,0,0,0,0,-1,-1,-1,-1,-1,-1,-1,-1,1,0,0,0,0,0,0,0,0,0,0,1,0,2,0,1,0,1,20,1,0,0,0,0,0,0,0,-1,0,-1,-1,-1,0,0,0,0,0,0,0,0,0,0,0,0,0,0,0,0,0,0,[0|0],0,[0|0|0|0|0|0|0|0],使用“蓝秘文戒指”，\n在收到其他世界召唤猎人的请求时，\n能回应要求，接受召唤。\n\n作为猎人受召唤之后，\n将开始猎人多人联机游玩。\n目标是打败入侵者。\n\n召唤主方（勾指主人）的所在方向\n会显示在画面上方的方位条。
9126,说明：记号聚集处,0,0,[0|0|0],-1,-1,0,0,-1,0,-1,460370,-1,-1,0,-1,0,3326,0,-1,-1,-1,1,0,50,12,0,0,0,0,0,0,0,[0|0],0,0,0,0,0,0,0,0,0,0,0,0,0,0,0,0,0,0,0,0,0,0,0,0,0,-1,-1,-1,-1,-1,-1,-1,-1,1,0,0,0,0,0,0,0,0,0,0,1,0,2,0,1,0,1,20,1,0,0,0,0,0,0,0,-1,0,-1,-1,-1,0,0,0,0,0,0,0,0,0,0,0,0,0,0,0,0,0,0,[0|0],0,[0|0|0|0|0|0|0|0],散布各地的殉教者雕像，\n是记号的聚集处。\n\n使用小雕像写下的协力记号、\n敌对记号会汇集在记号聚集处，\n方便召唤其他玩家。
9127,说明：碑文图案,0,0,[0|0|0],-1,-1,0,0,-1,0,-1,460160,-1,-1,0,-1,0,3327,0,-1,-1,-1,1,0,50,12,0,0,0,0,0,0,0,[0|0],0,0,0,0,0,0,0,0,0,0,0,0,0,0,0,0,0,0,0,0,0,0,0,0,0,-1,-1,-1,-1,-1,-1,-1,-1,1,0,0,0,0,0,0,0,0,0,0,1,0,2,0,1,0,1,20,1,0,0,0,0,0,0,0,-1,0,-1,-1,-1,0,0,0,0,0,0,0,0,0,0,0,0,0,0,0,0,0,0,[0|0],0,[0|0|0|0|0|0|0|0],透过骨灰道具进行的灵魂召唤，\n只能在还魂碑附近进行。\n\n当身在还魂碑附近，\n或是在能召唤灵魂的地方时，\n画面左侧会出现碑文图案。
9128,说明：召唤猎人,1,0,[0|0|0],-1,-1,0,0,-1,0,-1,460350,-1,-1,0,-1,0,3328,0,-1,-1,-1,1,0,50,12,0,0,0,0,0,0,0,[0|0],0,0,0,0,0,0,0,0,0,0,0,0,0,0,0,0,0,0,0,0,0,0,0,0,0,-1,-1,-1,-1,-1,-1,-1,-1,1,0,0,0,0,0,0,0,0,0,0,1,0,2,0,1,0,1,20,1,0,0,0,0,0,0,0,-1,0,-1,-1,-1,0,0,0,0,0,0,0,0,0,0,0,0,0,0,0,0,0,0,[0|0],0,[0|0|0|0|0|0|0|0],使用“白秘文戒指”，\n在被入侵者入侵时，能自动发出请求，\n召唤其他世界的猎人。\n（也能在被入侵后再使用。）\n\n成功后能召唤猎人，\n猎人的目标是打败入侵者。
9129,说明：战技,0,0,[0|0|0],-1,-1,0,0,-1,0,-1,460130,-1,-1,0,-1,0,3329,0,-1,-1,-1,1,0,50,12,0,0,0,0,0,0,0,[0|0],0,0,0,0,0,0,0,0,0,0,0,0,0,0,0,0,0,0,0,0,0,0,0,0,0,-1,-1,-1,-1,-1,-1,-1,-1,1,0,0,0,0,0,0,0,0,0,0,1,0,2,0,1,0,1,20,1,0,0,0,0,0,0,0,-1,0,-1,-1,-1,0,0,0,0,0,0,0,0,0,0,0,0,0,0,0,0,0,0,[0|0],0,[0|0|0|0|0|0|0|0],战技是武器具备的特殊招式。\n\n战技的种类繁多，从使出强大攻击，\n到产生短暂特殊效果皆有。\n使用时会消耗专注值。\n\n<?keyicon@25?>：<?keyActName@25?>
9130,说明：传送至赐福,0,0,[0|0|0],-1,-1,0,0,-1,0,-1,460030,-1,-1,0,-1,0,3330,0,-1,-1,-1,1,0,50,12,0,0,0,0,0,0,0,[0|0],0,0,0,0,0,0,0,0,0,0,0,0,0,0,0,0,0,0,0,0,0,0,0,0,0,-1,-1,-1,-1,-1,-1,-1,-1,1,0,0,0,0,0,0,0,0,0,0,1,0,2,0,1,0,1,20,1,0,0,0,0,0,0,0,-1,0,-1,-1,-1,0,0,0,0,0,0,0,0,0,0,0,0,0,0,0,0,0,0,[0|0],0,[0|0|0|0|0|0|0|0],能够从地图点选已知的赐福，瞬间移动过去。\n\n但是部分区域（例如地下迷宫等等），\n无法进行瞬间移动。
9131,说明：强化武器,0,0,[0|0|0],-1,-1,0,0,-1,0,-1,460270,-1,-1,0,-1,0,3331,0,-1,-1,-1,1,0,50,12,0,0,0,0,0,0,0,[0|0],0,0,0,0,0,0,0,0,0,0,0,0,0,0,0,0,0,0,0,0,0,0,0,0,0,-1,-1,-1,-1,-1,-1,-1,-1,1,0,0,0,0,0,0,0,0,0,0,1,0,2,0,1,0,1,20,1,0,0,0,0,0,0,0,-1,0,-1,-1,-1,0,0,0,0,0,0,0,0,0,0,0,0,0,0,0,0,0,0,[0|0],0,[0|0|0|0|0|0|0|0],在锻造台消耗“锻造石”与花费卢恩，\n能够强化武器。\n\n如果在交界地之中找到铁匠，\n武器就能得到更进一步的强化。
9132,说明：圆桌厅堂,1,0,[0|0|0],-1,-1,0,0,-1,0,-1,460040,-1,-1,0,-1,0,3332,0,-1,-1,-1,1,0,50,12,0,0,0,0,0,0,0,[0|0],0,0,0,0,0,0,0,0,0,0,0,0,0,0,0,0,0,0,0,0,0,0,0,0,0,-1,-1,-1,-1,-1,-1,-1,-1,1,0,0,0,0,0,0,0,0,0,0,1,0,2,0,1,0,1,20,1,0,0,0,0,0,0,0,-1,0,-1,-1,-1,0,0,0,0,0,0,0,0,0,0,0,0,0,0,0,0,0,0,[0|0],0,[0|0|0|0|0|0|0|0],圆桌厅堂是受赐福引导的褪色者聚集的地方。\n基于非战的约定，不得于此械斗。\n（圆桌厅堂的图案代表着非战的约定。）\n\n圆桌厅堂不存在于现世，\n只能透过赐福往来，但也能透过地图传送。\n\n<?keyicon@29?>：<?keyActName@29?>
9134,说明：材料道具,0,0,[0|0|0],-1,-1,0,0,-1,0,-1,460240,-1,-1,0,-1,0,3335,0,-1,-1,-1,1,0,50,12,0,0,0,0,0,0,0,[0|0],0,0,0,0,0,0,0,0,0,0,0,0,0,0,0,0,0,0,0,0,0,0,0,0,0,-1,-1,-1,-1,-1,-1,-1,-1,1,0,0,0,0,0,0,0,0,0,0,1,0,2,0,1,0,1,20,1,0,0,0,0,0,0,0,-1,0,-1,-1,-1,0,0,0,0,0,0,0,0,0,0,0,0,0,0,0,0,0,0,[0|0],0,[0|0|0|0|0|0|0|0],交界地各处生长的果实、花朵、菇类，\n或是蝴蝶等等生物，皆能作为材料道具。\n\n材料道具会在制作道具时使用。
9135,说明：容器道具,0,0,[0|0|0],-1,-1,0,0,-1,0,-1,460250,-1,-1,0,-1,0,3336,0,-1,-1,-1,1,0,50,12,0,0,0,0,0,0,0,[0|0],0,0,0,0,0,0,0,0,0,0,0,0,0,0,0,0,0,0,0,0,0,0,0,0,0,-1,-1,-1,-1,-1,-1,-1,-1,1,0,0,0,0,0,0,0,0,0,0,1,0,2,0,1,0,1,20,1,0,0,0,0,0,0,0,-1,0,-1,-1,-1,0,0,0,0,0,0,0,0,0,0,0,0,0,0,0,0,0,0,[0|0],0,[0|0|0|0|0|0|0|0],在能够制作的道具之中，\n部分道具需要有特定的容器\n（例如龟裂壶等等）才能制作。\n\n制作的数量无法超过容器道具的数量。\n\n制作道具会消耗容器道具，\n但容器本身不会不见。
9136,说明：赋予属性,0,0,[0|0|0],-1,-1,0,0,-1,0,-1,460290,-1,-1,0,-1,0,3337,0,-1,-1,-1,1,0,50,12,0,0,0,0,0,0,0,[0|0],0,0,0,0,0,0,0,0,0,0,0,0,0,0,0,0,0,0,0,0,0,0,0,0,0,-1,-1,-1,-1,-1,-1,-1,-1,1,0,0,0,0,0,0,0,0,0,0,1,0,2,0,1,0,1,20,1,0,0,0,0,0,0,0,-1,0,-1,-1,-1,0,0,0,0,0,0,0,0,0,0,0,0,0,0,0,0,0,0,[0|0],0,[0|0|0|0|0|0|0|0],拥有“砥石小刀”之后，\n能在赐福使用“战灰”，赋予武器属性。\n\n根据赋予的属性，\n武器的攻击属性、能力加成\n会随之产生变化。\n\n能赋予的属性会依照武器类别有所限制。\n部分特殊武器（例如具备固有战技的武器），\n无法赋予属性。
9137,说明：随身包包,0,0,[0|0|0],-1,-1,0,0,-1,0,-1,460300,-1,-1,0,-1,0,3338,0,-1,-1,-1,1,0,50,12,0,0,0,0,0,0,0,[0|0],0,0,0,0,0,0,0,0,0,0,0,0,0,0,0,0,0,0,0,0,0,0,0,0,0,-1,-1,-1,-1,-1,-1,-1,-1,1,0,0,0,0,0,0,0,0,0,0,1,0,2,0,1,0,1,20,1,0,0,0,0,0,0,0,-1,0,-1,-1,-1,0,0,0,0,0,0,0,0,0,0,0,0,0,0,0,0,0,0,[0|0],0,[0|0|0|0|0|0|0|0],在主选单的“随身包包”能配置６项道具，\n直接从主选单使用。\n\n此外，随身包包中配置于前４项的道具，\n能不打开主选单直接使用。\n\n<?keyicon@27?>＋<?keyicon@17?>：使用“随身包包１”的道具\n<?keyicon@27?>＋<?keyicon@19?>：使用“随身包包２”的道具\n<?keyicon@27?>＋<?keyicon@20?>：使用“随身包包３”的道具\n<?keyicon@27?>＋<?keyicon@18?>：使用“随身包包４”的道具
9138,说明：闪避,1,0,[0|0|0],-1,-1,0,0,-1,0,-1,460080,-1,-1,0,-1,0,3340,0,-1,-1,-1,1,0,50,12,0,0,0,0,0,0,0,[0|0],0,0,0,0,0,0,0,0,0,0,0,0,0,0,0,0,0,0,0,0,0,0,0,0,0,-1,-1,-1,-1,-1,-1,-1,-1,1,0,0,0,0,0,0,0,0,0,0,1,0,2,0,1,0,1,20,1,0,0,0,0,0,0,0,-1,0,-1,-1,-1,0,0,0,0,0,0,0,0,0,0,0,0,0,0,0,0,0,0,[0|0],0,[0|0|0|0|0|0|0|0],利用翻滚或是后跃，能闪避敌人的攻击。\n只是做出这两种行动都需要消耗精力。\n\n<?keyMove?>＋<?keyicon@7?>：翻滚\n<?keyicon@7?>：后跃
9140,说明：切换武器,1,0,[0|0|0],-1,-1,0,0,-1,0,-1,460090,-1,-1,0,-1,0,3342,0,-1,-1,-1,1,0,50,12,0,0,0,0,0,0,0,[0|0],0,0,0,0,0,0,0,0,0,0,0,0,0,0,0,0,0,0,0,0,0,0,0,0,0,-1,-1,-1,-1,-1,-1,-1,-1,1,0,0,0,0,0,0,0,0,0,0,1,0,2,0,1,0,1,20,1,0,0,0,0,0,0,0,-1,0,-1,-1,-1,0,0,0,0,0,0,0,0,0,0,0,0,0,0,0,0,0,0,[0|0],0,[0|0|0|0|0|0|0|0],左手与右手各能装备３把武器，\n自由切换使用。\n\n此外，也能以双手共持武器。\n双手共持武器时，攻击比较不会被盾牌弹开，\n力气会以１.５倍计算。\n\n<?keyicon@19?>：<?keyActName@19?>\n<?keyicon@20?>：<?keyActName@20?>\n<?keyicon@27?>＋<?keyicon@24?>／<?keyicon@22?>：双手共持武器
9141,说明：大卢恩,1,0,[0|0|0],-1,-1,0,0,-1,0,-1,460305,-1,-1,0,-1,0,3341,0,-1,-1,-1,1,0,50,12,0,0,0,0,0,0,0,[0|0],0,0,0,0,0,0,0,0,0,0,0,0,0,0,0,0,0,0,0,0,0,0,0,0,0,-1,-1,-1,-1,-1,-1,-1,-1,1,0,0,0,0,0,0,0,0,0,0,1,0,2,0,1,0,1,20,1,0,0,0,0,0,0,0,-1,0,-1,-1,-1,0,0,0,0,0,0,0,0,0,0,0,0,0,0,0,0,0,0,[0|0],0,[0|0|0|0|0|0|0|0],打败碎片君王获得的大卢恩\n失去了恩惠的力量。\n到各处的神授塔，能让它再次获得力量。\n\n相对应的神授塔，\n写在各个大卢恩的道具说明内。
9142,说明：求学洞窟,1,0,[0|0|0],-1,-1,0,0,-1,0,-1,460000,-1,-1,0,-1,0,3343,0,-1,-1,-1,1,0,50,12,0,0,0,0,0,0,0,[0|0],0,0,0,0,0,0,0,0,0,0,0,0,0,0,0,0,0,0,0,0,0,0,0,0,0,-1,-1,-1,-1,-1,-1,-1,-1,1,0,0,0,0,0,0,0,0,0,0,1,0,2,0,1,0,1,20,1,0,0,0,0,0,0,0,-1,0,-1,-1,-1,0,0,0,0,0,0,0,0,0,0,0,0,0,0,0,0,0,0,[0|0],0,[0|0|0|0|0|0|0|0],跳下前方的地洞之后，就是“求学洞窟”。\n\n在求学洞窟能学习各类基本行动与操作，\n也能获得在交界地冒险时的实用知识。
9150,说明：决斗,1,0,[0|0|0],-1,-1,0,0,-1,0,-1,460380,-1,-1,0,-1,0,3344,0,-1,-1,-1,1,0,50,12,0,0,0,0,0,0,0,[0|0],0,0,0,0,0,0,0,0,0,0,0,0,0,0,0,0,0,0,0,0,0,0,0,0,0,-1,-1,-1,-1,-1,-1,-1,-1,1,0,0,0,0,0,0,0,0,0,0,1,0,2,0,1,0,1,20,1,0,0,0,0,0,0,0,-1,0,-1,-1,-1,0,0,0,0,0,0,0,0,0,0,0,0,0,0,0,0,0,0,[0|0],0,[0|0|0|0|0|0|0|0],触碰竞技场的玛莉卡雕像\n能参加竞技，与其他玩家对战。\n\n此竞技场采取的规则\n为“决斗”，是１对１的战斗。
9151,说明：组队战、乱战,1,0,[0|0|0],-1,-1,0,0,-1,0,-1,460390,-1,-1,0,-1,0,3345,0,-1,-1,-1,1,0,50,12,0,0,0,0,0,0,0,[0|0],0,0,0,0,0,0,0,0,0,0,0,0,0,0,0,0,0,0,0,0,0,0,0,0,0,-1,-1,-1,-1,-1,-1,-1,-1,1,0,0,0,0,0,0,0,0,0,0,1,0,2,0,1,0,1,20,1,0,0,0,0,0,0,0,-1,0,-1,-1,-1,0,0,0,0,0,0,0,0,0,0,0,0,0,0,0,0,0,0,[0|0],0,[0|0|0|0|0|0|0|0],触碰竞技场的玛莉卡雕像\n能参加竞技，与其他玩家对战。\n\n此竞技场采取的规则\n为“组队战”或是“乱战”。\n\n“组队战”是分成２队交战；\n“乱战”是全部玩家互相为敌而战。
9152,说明：使用骨灰的竞技,1,0,[0|0|0],-1,-1,0,0,-1,0,-1,460400,-1,-1,0,-1,0,3346,0,-1,-1,-1,1,0,50,12,0,0,0,0,0,0,0,[0|0],0,0,0,0,0,0,0,0,0,0,0,0,0,0,0,0,0,0,0,0,0,0,0,0,0,-1,-1,-1,-1,-1,-1,-1,-1,1,0,0,0,0,0,0,0,0,0,0,1,0,2,0,1,0,1,20,1,0,0,0,0,0,0,0,-1,0,-1,-1,-1,0,0,0,0,0,0,0,0,0,0,0,0,0,0,0,0,0,0,[0|0],0,[0|0|0|0|0|0|0|0],触碰竞技场的玛莉卡雕像\n能参加竞技，与其他玩家对战。\n\n此竞技场在战斗时能使用骨灰。
9153,说明：圆桌厅堂的玛莉卡雕像,1,0,[0|0|0],-1,-1,0,0,-1,0,-1,460410,-1,-1,0,-1,0,3347,0,-1,-1,-1,1,0,50,12,0,0,0,0,0,0,0,[0|0],0,0,0,0,0,0,0,0,0,0,0,0,0,0,0,0,0,0,0,0,0,0,0,0,0,-1,-1,-1,-1,-1,-1,-1,-1,1,0,0,0,0,0,0,0,0,0,0,1,0,2,0,1,0,1,20,1,0,0,0,0,0,0,0,-1,0,-1,-1,-1,0,0,0,0,0,0,0,0,0,0,0,0,0,0,0,0,0,0,[0|0],0,[0|0|0|0|0|0|0|0],透过圆桌厅堂的玛莉卡雕像也能参加竞技。\n\n以此方法参战时，只能选择\n过去造访的竞技场所使用的规则。
9195,[ERROR]说明：多人联机游玩,0,0,[0|0|0],-1,-1,0,0,-1,0,-1,999999,-1,-1,0,-1,0,3334,0,-1,-1,-1,1,0,50,12,0,0,0,0,0,0,0,[0|0],0,0,0,0,0,0,0,0,0,0,0,0,0,0,0,0,0,0,0,0,0,0,0,0,0,-1,-1,-1,-1,-1,-1,-1,-1,1,0,0,0,0,0,0,0,0,0,0,1,0,2,0,1,0,1,255,1,0,0,0,0,0,0,0,-1,0,-1,-1,-1,0,0,0,0,0,0,0,0,0,0,0,0,0,0,0,0,0,0,[0|0],0,[0|0|0|0|0|0|0|0],要进行协力、入侵、敌对多人联机游玩，\n必须先取得各自所需的道具。\n\n多人联机游玩的相关道具，\n能在主选单的“多人联机游玩”选单确认，\n也能从选单直接使用。\n\n<?keyicon@28?>：<?keyActName@28?>
9300,流浪战士的制作笔记【１】,1,0,[0|0|0],-1,-1,0,0,-1,0,-1,205010,-1,-1,0,-1,0,3119,0,-1,-1,-1,1,0,50,1,0,0,0,0,0,0,0,[0|0],0,0,0,0,0,0,0,0,0,0,0,0,0,0,0,0,0,0,0,0,0,0,0,0,0,-1,-1,-1,-1,-1,-1,-1,-1,1,0,0,0,0,0,0,0,0,0,0,1,0,2,0,1,0,1,60,1,0,0,0,0,2,0,0,-1,0,-1,-1,-1,0,0,0,0,0,0,0,0,0,0,0,0,0,0,0,0,0,0,[0|0],710570,[0|0|0|0|0|0|0|0],不停流浪的战士们所写下的制作笔记。\n内容记载着能在一无所有的窘境下，\n从中获得生机的知识。\n\n能制作下列道具：\n\n·兽骨箭\n·兽骨箭（附箭羽）\n·兽骨弩箭
9301,流浪战士的制作笔记【３】,0,0,[0|0|0],-1,-1,0,0,-1,0,-1,205030,-1,-1,0,-1,0,3119,0,-1,-1,-1,1,0,50,1,0,0,0,0,0,0,0,[0|0],0,0,0,0,0,0,0,0,0,0,0,0,0,0,0,0,0,0,0,0,0,0,0,0,0,-1,-1,-1,-1,-1,-1,-1,-1,1,0,0,0,0,0,0,0,0,0,0,1,0,2,0,1,0,1,60,1,0,0,0,0,2,0,0,-1,0,-1,-1,-1,0,0,0,0,0,0,0,0,0,0,0,0,0,0,0,0,0,0,[0|0],710570,[0|0|0|0|0|0|0|0],不停流浪的战士们所写下的制作笔记。\n内容记载着能在一无所有的窘境下，\n从中获得生机的知识。\n\n能制作下列道具：\n\n·腌制龟颈肉\n·兽骨毒箭\n·兽骨毒箭（附箭羽）\n·兽骨毒弩箭
9302,流浪战士的制作笔记【６】,1,0,[0|0|0],-1,-1,0,0,-1,0,-1,205060,-1,-1,0,-1,0,3119,0,-1,-1,-1,1,0,50,1,0,0,0,0,0,0,0,[0|0],0,0,0,0,0,0,0,0,0,0,0,0,0,0,0,0,0,0,0,0,0,0,0,0,0,-1,-1,-1,-1,-1,-1,-1,-1,1,0,0,0,0,0,0,0,0,0,0,1,0,2,0,1,0,1,60,1,0,0,0,0,2,0,0,-1,0,-1,-1,-1,0,0,0,0,0,0,0,0,0,0,0,0,0,0,0,0,0,0,[0|0],710570,[0|0|0|0|0|0|0|0],不停流浪的战士们所写下的制作笔记。\n内容记载着能在一无所有的窘境下，\n从中获得生机的知识。\n\n能制作下列道具：\n\n·出血油脂\n·附绳出血油脂\n·兽骨出血箭\n·兽骨出血箭（附箭羽）\n·兽骨出血弩箭
9303,流浪战士的制作笔记【１０】,1,0,[0|0|0],-1,-1,0,0,-1,0,-1,205100,-1,-1,0,-1,0,3119,0,-1,-1,-1,1,0,50,1,0,0,0,0,0,0,0,[0|0],0,0,0,0,0,0,0,0,0,0,0,0,0,0,0,0,0,0,0,0,0,0,0,0,0,-1,-1,-1,-1,-1,-1,-1,-1,1,0,0,0,0,0,0,0,0,0,0,1,0,2,0,1,0,1,60,1,0,0,0,0,2,0,0,-1,0,-1,-1,-1,0,0,0,0,0,0,0,0,0,0,0,0,0,0,0,0,0,0,[0|0],710570,[0|0|0|0|0|0|0|0],不停流浪的战士们所写下的制作笔记。\n内容记载着能在一无所有的窘境下，\n从中获得生机的知识。\n\n能制作下列道具：\n\n·风暴羽毛兽骨箭
9304,[ERROR]亡命战士的制作笔记【５】,1,0,[0|0|0],-1,-1,0,0,-1,0,-1,0,-1,-1,0,-1,0,3119,0,-1,-1,-1,1,0,50,1,0,0,0,0,0,0,0,[0|0],0,0,0,0,0,0,0,0,0,0,0,0,0,0,0,0,0,0,0,0,0,0,0,0,0,-1,-1,-1,-1,-1,-1,-1,-1,1,0,0,0,0,0,0,0,0,0,0,1,0,2,0,1,0,1,255,1,0,0,0,0,2,0,0,-1,0,-1,-1,-1,0,0,0,0,0,0,0,0,0,0,0,0,0,0,0,0,0,0,[0|0],710570,[0|0|0|0|0|0|0|0],
9305,流浪战士的制作笔记【７】,1,0,[0|0|0],-1,-1,0,0,-1,0,-1,205070,-1,-1,0,-1,0,3119,0,-1,-1,-1,1,0,50,1,0,0,0,0,0,0,0,[0|0],0,0,0,0,0,0,0,0,0,0,0,0,0,0,0,0,0,0,0,0,0,0,0,0,0,-1,-1,-1,-1,-1,-1,-1,-1,1,0,0,0,0,0,0,0,0,0,0,1,0,2,0,1,0,1,60,1,0,0,0,0,2,0,0,-1,0,-1,-1,-1,0,0,0,0,0,0,0,0,0,0,0,0,0,0,0,0,0,0,[0|0],710570,[0|0|0|0|0|0|0|0],不停流浪的战士们所写下的制作笔记。\n内容记载着能在一无所有的窘境下，\n从中获得生机的知识。\n\n能制作下列道具：\n\n·柔软棉花\n·出血苔药\n·虹彩石箭
9306,流浪战士的制作笔记【１２】,1,0,[0|0|0],-1,-1,0,0,-1,0,-1,205120,-1,-1,0,-1,0,3119,0,-1,-1,-1,1,0,50,1,0,0,0,0,0,0,0,[0|0],0,0,0,0,0,0,0,0,0,0,0,0,0,0,0,0,0,0,0,0,0,0,0,0,0,-1,-1,-1,-1,-1,-1,-1,-1,1,0,0,0,0,0,0,0,0,0,0,1,0,2,0,1,0,1,60,1,0,0,0,0,2,0,0,-1,0,-1,-1,-1,0,0,0,0,0,0,0,0,0,0,0,0,0,0,0,0,0,0,[0|0],710570,[0|0|0|0|0|0|0|0],不停流浪的战士们所写下的制作笔记。\n内容记载着能在一无所有的窘境下，\n从中获得生机的知识。\n\n能制作下列道具：\n\n·咒血壶
9307,流浪战士的制作笔记【１９】,1,0,[0|0|0],-1,-1,0,0,-1,0,-1,205190,-1,-1,0,-1,0,3119,0,-1,-1,-1,1,0,50,1,0,0,0,0,0,0,0,[0|0],0,0,0,0,0,0,0,0,0,0,0,0,0,0,0,0,0,0,0,0,0,0,0,0,0,-1,-1,-1,-1,-1,-1,-1,-1,1,0,0,0,0,0,0,0,0,0,0,1,0,2,0,1,0,1,60,1,0,0,0,0,2,0,0,-1,0,-1,-1,-1,0,0,0,0,0,0,0,0,0,0,0,0,0,0,0,0,0,0,[0|0],710570,[0|0|0|0|0|0|0|0],不停流浪的战士们所写下的制作笔记。\n内容记载着能在一无所有的窘境下，\n从中获得生机的知识。\n\n能制作下列道具：\n\n·甜酿果干\n·温热石
9308,流浪战士的制作笔记【１３】,1,0,[0|0|0],-1,-1,0,0,-1,0,-1,205130,-1,-1,0,-1,0,3119,0,-1,-1,-1,1,0,50,1,0,0,0,0,0,0,0,[0|0],0,0,0,0,0,0,0,0,0,0,0,0,0,0,0,0,0,0,0,0,0,0,0,0,0,-1,-1,-1,-1,-1,-1,-1,-1,1,0,0,0,0,0,0,0,0,0,0,1,0,2,0,1,0,1,60,1,0,0,0,0,2,0,0,-1,0,-1,-1,-1,0,0,0,0,0,0,0,0,0,0,0,0,0,0,0,0,0,0,[0|0],710570,[0|0|0|0|0|0|0|0],不停流浪的战士们所写下的制作笔记。\n内容记载着能在一无所有的窘境下，\n从中获得生机的知识。\n\n能制作下列道具：\n\n·兽骨大箭\n·兽骨大箭（附箭羽）\n·兽骨弩炮箭
9309,流浪战士的制作笔记【２３】,1,0,[0|0|0],-1,-1,0,0,-1,0,-1,205230,-1,-1,0,-1,0,3119,0,-1,-1,-1,1,0,50,1,0,0,0,0,0,0,0,[0|0],0,0,0,0,0,0,0,0,0,0,0,0,0,0,0,0,0,0,0,0,0,0,0,0,0,-1,-1,-1,-1,-1,-1,-1,-1,1,0,0,0,0,0,0,0,0,0,0,1,0,2,0,1,0,1,60,1,0,0,0,0,2,0,0,-1,0,-1,-1,-1,0,0,0,0,0,0,0,0,0,0,0,0,0,0,0,0,0,0,[0|0],710570,[0|0|0|0|0|0|0|0],不停流浪的战士们所写下的制作笔记。\n内容记载着能在一无所有的窘境下，\n从中获得生机的知识。\n\n能制作下列道具：\n\n·冰冻果干\n·理智肉干\n·理智白肉干
9310,流浪战士的制作笔记【１７】,1,0,[0|0|0],-1,-1,0,0,-1,0,-1,205170,-1,-1,0,-1,0,3119,0,-1,-1,-1,1,0,50,1,0,0,0,0,0,0,0,[0|0],0,0,0,0,0,0,0,0,0,0,0,0,0,0,0,0,0,0,0,0,0,0,0,0,0,-1,-1,-1,-1,-1,-1,-1,-1,1,0,0,0,0,0,0,0,0,0,0,1,0,2,0,1,0,1,60,1,0,0,0,0,2,0,0,-1,0,-1,-1,-1,0,0,0,0,0,0,0,0,0,0,0,0,0,0,0,0,0,0,[0|0],710570,[0|0|0|0|0|0|0|0],不停流浪的战士们所写下的制作笔记。\n内容记载着能在一无所有的窘境下，\n从中获得生机的知识。\n\n能制作下列道具：\n\n·肥皂\n·油壶\n·附绳油壶
9311,流浪战士的制作笔记【２】,1,0,[0|0|0],-1,-1,0,0,-1,0,-1,205020,-1,-1,0,-1,0,3119,0,-1,-1,-1,1,0,50,1,0,0,0,0,0,0,0,[0|0],0,0,0,0,0,0,0,0,0,0,0,0,0,0,0,0,0,0,0,0,0,0,0,0,0,-1,-1,-1,-1,-1,-1,-1,-1,1,0,0,0,0,0,0,0,0,0,0,1,0,2,0,1,0,1,60,1,0,0,0,0,2,0,0,-1,0,-1,-1,-1,0,0,0,0,0,0,0,0,0,0,0,0,0,0,0,0,0,0,[0|0],710570,[0|0|0|0|0|0|0|0],不停流浪的战士们所写下的制作笔记。\n内容记载着能在一无所有的窘境下，\n从中获得生机的知识。\n\n能制作下列道具：\n\n·照明石\n·健壮肉干\n·健壮白肉干
9312,流浪战士的制作笔记【２１】,1,0,[0|0|0],-1,-1,0,0,-1,0,-1,205210,-1,-1,0,-1,0,3119,0,-1,-1,-1,1,0,50,1,0,0,0,0,0,0,0,[0|0],0,0,0,0,0,0,0,0,0,0,0,0,0,0,0,0,0,0,0,0,0,0,0,0,0,-1,-1,-1,-1,-1,-1,-1,-1,1,0,0,0,0,0,0,0,0,0,0,1,0,2,0,1,0,1,60,1,0,0,0,0,2,0,0,-1,0,-1,-1,-1,0,0,0,0,0,0,0,0,0,0,0,0,0,0,0,0,0,0,[0|0],710570,[0|0|0|0|0|0|0|0],不停流浪的战士们所写下的制作笔记。\n内容记载着能在一无所有的窘境下，\n从中获得生机的知识。\n\n能制作下列道具：\n\n·诱敌壶
9313,传道士的制作笔记【６】,1,0,[0|0|0],-1,-1,0,0,-1,0,-1,205450,-1,-1,0,-1,0,3122,0,-1,-1,-1,1,0,50,1,0,0,0,0,0,0,0,[0|0],0,0,0,0,0,0,0,0,0,0,0,0,0,0,0,0,0,0,0,0,0,0,0,0,0,-1,-1,-1,-1,-1,-1,-1,-1,1,0,0,0,0,0,0,0,0,0,0,1,0,2,0,1,0,1,60,1,0,0,0,0,2,0,0,-1,0,-1,-1,-1,0,0,0,0,0,0,0,0,0,0,0,0,0,0,0,0,0,0,[0|0],710570,[0|0|0|0|0|0|0|0],无法成为指头女巫的男性写下的制作笔记。\n他作为传道士，借此传播神圣的知识。\n\n能制作下列道具：\n\n·抗圣肝脏干
9314,,1,0,[0|0|0],-1,-1,0,0,-1,0,-1,999999,-1,-1,0,-1,0,0,0,-1,-1,-1,1,0,50,1,0,0,0,0,0,0,0,[0|0],0,0,0,0,0,0,0,0,0,0,0,0,0,0,0,0,0,0,0,0,0,0,0,0,0,-1,-1,-1,-1,-1,-1,-1,-1,1,0,0,0,0,0,0,0,0,0,0,1,0,2,0,1,0,1,255,1,0,0,0,0,2,0,0,-1,0,-1,-1,-1,0,0,0,0,0,0,0,0,0,0,0,0,0,0,0,0,0,0,[0|0],710570,[0|0|0|0|0|0|0|0],
9315,,1,0,[0|0|0],-1,-1,0,0,-1,0,-1,999999,-1,-1,0,-1,0,0,0,-1,-1,-1,1,0,50,1,0,0,0,0,0,0,0,[0|0],0,0,0,0,0,0,0,0,0,0,0,0,0,0,0,0,0,0,0,0,0,0,0,0,0,-1,-1,-1,-1,-1,-1,-1,-1,1,0,0,0,0,0,0,0,0,0,0,1,0,2,0,1,0,1,255,1,0,0,0,0,2,0,0,-1,0,-1,-1,-1,0,0,0,0,0,0,0,0,0,0,0,0,0,0,0,0,0,0,[0|0],710570,[0|0|0|0|0|0|0|0],
9316,,1,0,[0|0|0],-1,-1,0,0,-1,0,-1,999999,-1,-1,0,-1,0,0,0,-1,-1,-1,1,0,50,1,0,0,0,0,0,0,0,[0|0],0,0,0,0,0,0,0,0,0,0,0,0,0,0,0,0,0,0,0,0,0,0,0,0,0,-1,-1,-1,-1,-1,-1,-1,-1,1,0,0,0,0,0,0,0,0,0,0,1,0,2,0,1,0,1,255,1,0,0,0,0,2,0,0,-1,0,-1,-1,-1,0,0,0,0,0,0,0,0,0,0,0,0,0,0,0,0,0,0,[0|0],710570,[0|0|0|0|0|0|0|0],
9317,,1,0,[0|0|0],-1,-1,0,0,-1,0,-1,999999,-1,-1,0,-1,0,0,0,-1,-1,-1,1,0,50,1,0,0,0,0,0,0,0,[0|0],0,0,0,0,0,0,0,0,0,0,0,0,0,0,0,0,0,0,0,0,0,0,0,0,0,-1,-1,-1,-1,-1,-1,-1,-1,1,0,0,0,0,0,0,0,0,0,0,1,0,2,0,1,0,1,255,1,0,0,0,0,2,0,0,-1,0,-1,-1,-1,0,0,0,0,0,0,0,0,0,0,0,0,0,0,0,0,0,0,[0|0],710570,[0|0|0|0|0|0|0|0],
9318,,1,0,[0|0|0],-1,-1,0,0,-1,0,-1,999999,-1,-1,0,-1,0,0,0,-1,-1,-1,1,0,50,1,0,0,0,0,0,0,0,[0|0],0,0,0,0,0,0,0,0,0,0,0,0,0,0,0,0,0,0,0,0,0,0,0,0,0,-1,-1,-1,-1,-1,-1,-1,-1,1,0,0,0,0,0,0,0,0,0,0,1,0,2,0,1,0,1,255,1,0,0,0,0,2,0,0,-1,0,-1,-1,-1,0,0,0,0,0,0,0,0,0,0,0,0,0,0,0,0,0,0,[0|0],710570,[0|0|0|0|0|0|0|0],
9319,,1,0,[0|0|0],-1,-1,0,0,-1,0,-1,999999,-1,-1,0,-1,0,0,0,-1,-1,-1,1,0,50,1,0,0,0,0,0,0,0,[0|0],0,0,0,0,0,0,0,0,0,0,0,0,0,0,0,0,0,0,0,0,0,0,0,0,0,-1,-1,-1,-1,-1,-1,-1,-1,1,0,0,0,0,0,0,0,0,0,0,1,0,2,0,1,0,1,255,1,0,0,0,0,2,0,0,-1,0,-1,-1,-1,0,0,0,0,0,0,0,0,0,0,0,0,0,0,0,0,0,0,[0|0],710570,[0|0|0|0|0|0|0|0],
9320,武器工匠的制作笔记【１】,1,0,[0|0|0],-1,-1,0,0,-1,0,-1,205250,-1,-1,0,-1,0,3120,0,-1,-1,-1,1,0,50,1,0,0,0,0,0,0,0,[0|0],0,0,0,0,0,0,0,0,0,0,0,0,0,0,0,0,0,0,0,0,0,0,0,0,0,-1,-1,-1,-1,-1,-1,-1,-1,1,0,0,0,0,0,0,0,0,0,0,1,0,2,0,1,0,1,60,1,0,0,0,0,2,0,0,-1,0,-1,-1,-1,0,0,0,0,0,0,0,0,0,0,0,0,0,0,0,0,0,0,[0|0],710570,[0|0|0|0|0|0|0|0],侍奉拉塔恩将军的武器工匠写下的制作笔记。\n内容记载着对抗腐败的知识，\n其中尤其写着与火相关的技术。\n\n能制作下列道具：\n\n·火油脂\n·附绳火油脂\n·抗火肝脏干
9321,武器工匠的制作笔记【２】,0,0,[0|0|0],-1,-1,0,0,-1,0,-1,205260,-1,-1,0,-1,0,3120,0,-1,-1,-1,1,0,50,1,0,0,0,0,0,0,0,[0|0],0,0,0,0,0,0,0,0,0,0,0,0,0,0,0,0,0,0,0,0,0,0,0,0,0,-1,-1,-1,-1,-1,-1,-1,-1,1,0,0,0,0,0,0,0,0,0,0,1,0,2,0,1,0,1,60,1,0,0,0,0,2,0,0,-1,0,-1,-1,-1,0,0,0,0,0,0,0,0,0,0,0,0,0,0,0,0,0,0,[0|0],710570,[0|0|0|0|0|0|0|0],侍奉拉塔恩将军的武器工匠写下的制作笔记。\n内容记载着对抗腐败的知识，\n其中尤其写着与火相关的技术。\n\n能制作下列道具：\n\n·兽骨火箭\n·兽骨火箭（附箭羽）\n·兽骨火弩箭\n·中毒苔药
9322,流浪战士的制作笔记【１１】,1,0,[0|0|0],-1,-1,0,0,-1,0,-1,205110,-1,-1,0,-1,0,3119,0,-1,-1,-1,1,0,50,1,0,0,0,0,0,0,0,[0|0],0,0,0,0,0,0,0,0,0,0,0,0,0,0,0,0,0,0,0,0,0,0,0,0,0,-1,-1,-1,-1,-1,-1,-1,-1,1,0,0,0,0,0,0,0,0,0,0,1,0,2,0,1,0,1,60,1,0,0,0,0,2,0,0,-1,0,-1,-1,-1,0,0,0,0,0,0,0,0,0,0,0,0,0,0,0,0,0,0,[0|0],710570,[0|0|0|0|0|0|0|0],不停流浪的战士们所写下的制作笔记。\n内容记载着能在一无所有的窘境下，\n从中获得生机的知识。\n\n能制作下列道具：\n\n·结晶飞刀\n·抗魔肝脏干\n·碎片生音箭
9323,流浪战士的制作笔记【２０】,1,0,[0|0|0],-1,-1,0,0,-1,0,-1,205200,-1,-1,0,-1,0,3119,0,-1,-1,-1,1,0,50,1,0,0,0,0,0,0,0,[0|0],0,0,0,0,0,0,0,0,0,0,0,0,0,0,0,0,0,0,0,0,0,0,0,0,0,-1,-1,-1,-1,-1,-1,-1,-1,1,0,0,0,0,0,0,0,0,0,0,1,0,2,0,1,0,1,60,1,0,0,0,0,2,0,0,-1,0,-1,-1,-1,0,0,0,0,0,0,0,0,0,0,0,0,0,0,0,0,0,0,[0|0],710570,[0|0|0|0|0|0|0|0],不停流浪的战士们所写下的制作笔记。\n内容记载着能在一无所有的窘境下，\n从中获得生机的知识。\n\n能制作下列道具：\n\n·火山壶\n·附绳火山壶
9324,[ERROR]武器工匠的制作笔记【５】,1,0,[0|0|0],-1,-1,0,0,-1,0,-1,999999,-1,-1,0,-1,0,3120,0,-1,-1,-1,1,0,50,1,0,0,0,0,0,0,0,[0|0],0,0,0,0,0,0,0,0,0,0,0,0,0,0,0,0,0,0,0,0,0,0,0,0,0,-1,-1,-1,-1,-1,-1,-1,-1,1,0,0,0,0,0,0,0,0,0,0,1,0,2,0,1,0,1,255,1,0,0,0,0,2,0,0,-1,0,-1,-1,-1,0,0,0,0,0,0,0,0,0,0,0,0,0,0,0,0,0,0,[0|0],710570,[0|0|0|0|0|0|0|0],能增加可制作的道具种类
9325,武器工匠的制作笔记【７】,1,0,[0|0|0],-1,-1,0,0,-1,0,-1,205310,-1,-1,0,-1,0,3120,0,-1,-1,-1,1,0,50,1,0,0,0,0,0,0,0,[0|0],0,0,0,0,0,0,0,0,0,0,0,0,0,0,0,0,0,0,0,0,0,0,0,0,0,-1,-1,-1,-1,-1,-1,-1,-1,1,0,0,0,0,0,0,0,0,0,0,1,0,2,0,1,0,1,60,1,0,0,0,0,2,0,0,-1,0,-1,-1,-1,0,0,0,0,0,0,0,0,0,0,0,0,0,0,0,0,0,0,[0|0],710570,[0|0|0|0|0|0|0|0],侍奉拉塔恩将军的武器工匠写下的制作笔记。\n内容记载着对抗腐败的知识，\n其中尤其写着与火相关的技术。\n\n能制作下列道具：\n\n·巨人火火焰壶
9326,武器工匠的制作笔记【４】,1,0,[0|0|0],-1,-1,0,0,-1,0,-1,205280,-1,-1,0,-1,0,3120,0,-1,-1,-1,1,0,50,1,0,0,0,0,0,0,0,[0|0],0,0,0,0,0,0,0,0,0,0,0,0,0,0,0,0,0,0,0,0,0,0,0,0,0,-1,-1,-1,-1,-1,-1,-1,-1,1,0,0,0,0,0,0,0,0,0,0,1,0,2,0,1,0,1,60,1,0,0,0,0,2,0,0,-1,0,-1,-1,-1,0,0,0,0,0,0,0,0,0,0,0,0,0,0,0,0,0,0,[0|0],710570,[0|0|0|0|0|0|0|0],侍奉拉塔恩将军的武器工匠写下的制作笔记。\n内容记载着对抗腐败的知识，\n其中尤其写着与火相关的技术。\n\n能制作下列道具：\n\n·红狮子火焰壶
9327,流浪战士的制作笔记【１８】,1,0,[0|0|0],-1,-1,0,0,-1,0,-1,205180,-1,-1,0,-1,0,3119,0,-1,-1,-1,1,0,50,1,0,0,0,0,0,0,0,[0|0],0,0,0,0,0,0,0,0,0,0,0,0,0,0,0,0,0,0,0,0,0,0,0,0,0,-1,-1,-1,-1,-1,-1,-1,-1,1,0,0,0,0,0,0,0,0,0,0,1,0,2,0,1,0,1,60,1,0,0,0,0,2,0,0,-1,0,-1,-1,-1,0,0,0,0,0,0,0,0,0,0,0,0,0,0,0,0,0,0,[0|0],710570,[0|0|0|0|0|0|0|0],不停流浪的战士们所写下的制作笔记。\n内容记载着能在一无所有的窘境下，\n从中获得生机的知识。\n\n能制作下列道具：\n\n·斑斓肉干\n·斑斓白肉干
9328,武器工匠的制作笔记【３】,1,0,[0|0|0],-1,-1,0,0,-1,0,-1,205270,-1,-1,0,-1,0,3120,0,-1,-1,-1,1,0,50,1,0,0,0,0,0,0,0,[0|0],0,0,0,0,0,0,0,0,0,0,0,0,0,0,0,0,0,0,0,0,0,0,0,0,0,-1,-1,-1,-1,-1,-1,-1,-1,1,0,0,0,0,0,0,0,0,0,0,1,0,2,0,1,0,1,60,1,0,0,0,0,2,0,0,-1,0,-1,-1,-1,0,0,0,0,0,0,0,0,0,0,0,0,0,0,0,0,0,0,[0|0],710570,[0|0|0|0|0|0|0|0],侍奉拉塔恩将军的武器工匠写下的制作笔记。\n内容记载着对抗腐败的知识，\n其中尤其写着与火相关的技术。\n\n能制作下列道具：\n\n·勇者肉块
9329,流浪战士的制作笔记【１６】,1,0,[0|0|0],-1,-1,0,0,-1,0,-1,205160,-1,-1,0,-1,0,3119,0,-1,-1,-1,1,0,50,1,0,0,0,0,0,0,0,[0|0],0,0,0,0,0,0,0,0,0,0,0,0,0,0,0,0,0,0,0,0,0,0,0,0,0,-1,-1,-1,-1,-1,-1,-1,-1,1,0,0,0,0,0,0,0,0,0,0,1,0,2,0,1,0,1,60,1,0,0,0,0,2,0,0,-1,0,-1,-1,-1,0,0,0,0,0,0,0,0,0,0,0,0,0,0,0,0,0,0,[0|0],710570,[0|0|0|0|0|0|0|0],不停流浪的战士们所写下的制作笔记。\n内容记载着能在一无所有的窘境下，\n从中获得生机的知识。\n\n能制作下列道具：\n\n·冻伤苔药\n·催眠苔药
9330,武器工匠的制作笔记【６】,1,0,[0|0|0],-1,-1,0,0,-1,0,-1,205300,-1,-1,0,-1,0,3120,0,-1,-1,-1,1,0,50,1,0,0,0,0,0,0,0,[0|0],0,0,0,0,0,0,0,0,0,0,0,0,0,0,0,0,0,0,0,0,0,0,0,0,0,-1,-1,-1,-1,-1,-1,-1,-1,1,0,0,0,0,0,0,0,0,0,0,1,0,2,0,1,0,1,60,1,0,0,0,0,2,0,0,-1,0,-1,-1,-1,0,0,0,0,0,0,0,0,0,0,0,0,0,0,0,0,0,0,[0|0],710570,[0|0|0|0|0|0|0|0],侍奉拉塔恩将军的武器工匠写下的制作笔记。\n内容记载着对抗腐败的知识，\n其中尤其写着与火相关的技术。\n\n能制作下列道具：\n\n·腐败苔药
9331,武器工匠的制作笔记【５】,1,0,[0|0|0],-1,-1,0,0,-1,0,-1,205290,-1,-1,0,-1,0,3120,0,-1,-1,-1,1,0,50,1,0,0,0,0,0,0,0,[0|0],0,0,0,0,0,0,0,0,0,0,0,0,0,0,0,0,0,0,0,0,0,0,0,0,0,-1,-1,-1,-1,-1,-1,-1,-1,1,0,0,0,0,0,0,0,0,0,0,1,0,2,0,1,0,1,60,1,0,0,0,0,2,0,0,-1,0,-1,-1,-1,0,0,0,0,0,0,0,0,0,0,0,0,0,0,0,0,0,0,[0|0],710570,[0|0|0|0|0|0|0|0],侍奉拉塔恩将军的武器工匠写下的制作笔记。\n内容记载着对抗腐败的知识，\n其中尤其写着与火相关的技术。\n\n能制作下列道具：\n\n·免疫肉干\n·免疫白肉干
9332,,1,0,[0|0|0],-1,-1,0,0,-1,0,-1,999999,-1,-1,0,-1,0,0,0,-1,-1,-1,1,0,50,1,0,0,0,0,0,0,0,[0|0],0,0,0,0,0,0,0,0,0,0,0,0,0,0,0,0,0,0,0,0,0,0,0,0,0,-1,-1,-1,-1,-1,-1,-1,-1,1,0,0,0,0,0,0,0,0,0,0,1,0,2,0,1,0,1,255,1,0,0,0,0,2,0,0,-1,0,-1,-1,-1,0,0,0,0,0,0,0,0,0,0,0,0,0,0,0,0,0,0,[0|0],710570,[0|0|0|0|0|0|0|0],
9333,,1,0,[0|0|0],-1,-1,0,0,-1,0,-1,999999,-1,-1,0,-1,0,0,0,-1,-1,-1,1,0,50,1,0,0,0,0,0,0,0,[0|0],0,0,0,0,0,0,0,0,0,0,0,0,0,0,0,0,0,0,0,0,0,0,0,0,0,-1,-1,-1,-1,-1,-1,-1,-1,1,0,0,0,0,0,0,0,0,0,0,1,0,2,0,1,0,1,255,1,0,0,0,0,2,0,0,-1,0,-1,-1,-1,0,0,0,0,0,0,0,0,0,0,0,0,0,0,0,0,0,0,[0|0],710570,[0|0|0|0|0|0|0|0],
9334,,1,0,[0|0|0],-1,-1,0,0,-1,0,-1,999999,-1,-1,0,-1,0,0,0,-1,-1,-1,1,0,50,1,0,0,0,0,0,0,0,[0|0],0,0,0,0,0,0,0,0,0,0,0,0,0,0,0,0,0,0,0,0,0,0,0,0,0,-1,-1,-1,-1,-1,-1,-1,-1,1,0,0,0,0,0,0,0,0,0,0,1,0,2,0,1,0,1,255,1,0,0,0,0,2,0,0,-1,0,-1,-1,-1,0,0,0,0,0,0,0,0,0,0,0,0,0,0,0,0,0,0,[0|0],710570,[0|0|0|0|0|0|0|0],
9335,,1,0,[0|0|0],-1,-1,0,0,-1,0,-1,999999,-1,-1,0,-1,0,0,0,-1,-1,-1,1,0,50,1,0,0,0,0,0,0,0,[0|0],0,0,0,0,0,0,0,0,0,0,0,0,0,0,0,0,0,0,0,0,0,0,0,0,0,-1,-1,-1,-1,-1,-1,-1,-1,1,0,0,0,0,0,0,0,0,0,0,1,0,2,0,1,0,1,255,1,0,0,0,0,2,0,0,-1,0,-1,-1,-1,0,0,0,0,0,0,0,0,0,0,0,0,0,0,0,0,0,0,[0|0],710570,[0|0|0|0|0|0|0|0],
9336,,1,0,[0|0|0],-1,-1,0,0,-1,0,-1,999999,-1,-1,0,-1,0,0,0,-1,-1,-1,1,0,50,1,0,0,0,0,0,0,0,[0|0],0,0,0,0,0,0,0,0,0,0,0,0,0,0,0,0,0,0,0,0,0,0,0,0,0,-1,-1,-1,-1,-1,-1,-1,-1,1,0,0,0,0,0,0,0,0,0,0,1,0,2,0,1,0,1,255,1,0,0,0,0,2,0,0,-1,0,-1,-1,-1,0,0,0,0,0,0,0,0,0,0,0,0,0,0,0,0,0,0,[0|0],710570,[0|0|0|0|0|0|0|0],
9337,,1,0,[0|0|0],-1,-1,0,0,-1,0,-1,999999,-1,-1,0,-1,0,0,0,-1,-1,-1,1,0,50,1,0,0,0,0,0,0,0,[0|0],0,0,0,0,0,0,0,0,0,0,0,0,0,0,0,0,0,0,0,0,0,0,0,0,0,-1,-1,-1,-1,-1,-1,-1,-1,1,0,0,0,0,0,0,0,0,0,0,1,0,2,0,1,0,1,255,1,0,0,0,0,2,0,0,-1,0,-1,-1,-1,0,0,0,0,0,0,0,0,0,0,0,0,0,0,0,0,0,0,[0|0],710570,[0|0|0|0|0|0|0|0],
9338,,1,0,[0|0|0],-1,-1,0,0,-1,0,-1,999999,-1,-1,0,-1,0,0,0,-1,-1,-1,1,0,50,1,0,0,0,0,0,0,0,[0|0],0,0,0,0,0,0,0,0,0,0,0,0,0,0,0,0,0,0,0,0,0,0,0,0,0,-1,-1,-1,-1,-1,-1,-1,-1,1,0,0,0,0,0,0,0,0,0,0,1,0,2,0,1,0,1,255,1,0,0,0,0,2,0,0,-1,0,-1,-1,-1,0,0,0,0,0,0,0,0,0,0,0,0,0,0,0,0,0,0,[0|0],710570,[0|0|0|0|0|0|0|0],
9339,,1,0,[0|0|0],-1,-1,0,0,-1,0,-1,999999,-1,-1,0,-1,0,0,0,-1,-1,-1,1,0,50,1,0,0,0,0,0,0,0,[0|0],0,0,0,0,0,0,0,0,0,0,0,0,0,0,0,0,0,0,0,0,0,0,0,0,0,-1,-1,-1,-1,-1,-1,-1,-1,1,0,0,0,0,0,0,0,0,0,0,1,0,2,0,1,0,1,255,1,0,0,0,0,2,0,0,-1,0,-1,-1,-1,0,0,0,0,0,0,0,0,0,0,0,0,0,0,0,0,0,0,[0|0],710570,[0|0|0|0|0|0|0|0],
9340,辉石工匠的制作笔记【４】,1,0,[0|0|0],-1,-1,0,0,-1,0,-1,205350,-1,-1,0,-1,0,3121,0,-1,-1,-1,1,0,50,1,0,0,0,0,0,0,0,[0|0],0,0,0,0,0,0,0,0,0,0,0,0,0,0,0,0,0,0,0,0,0,0,0,0,0,-1,-1,-1,-1,-1,-1,-1,-1,1,0,0,0,0,0,0,0,0,0,0,1,0,2,0,1,0,1,60,1,0,0,0,0,2,0,0,-1,0,-1,-1,-1,0,0,0,0,0,0,0,0,0,0,0,0,0,0,0,0,0,0,[0|0],710570,[0|0|0|0|0|0|0|0],侍奉魔法学院的辉石工匠写下的制作笔记。\n内容记载着“仿造魔法”的技术。\n\n能制作下列道具：\n\n·魔力壶\n·附绳魔力壶\n·坚盾油脂
9341,辉石工匠的制作笔记【１】,1,0,[0|0|0],-1,-1,0,0,-1,0,-1,205320,-1,-1,0,-1,0,3121,0,-1,-1,-1,1,0,50,1,0,0,0,0,0,0,0,[0|0],0,0,0,0,0,0,0,0,0,0,0,0,0,0,0,0,0,0,0,0,0,0,0,0,0,-1,-1,-1,-1,-1,-1,-1,-1,1,0,0,0,0,0,0,0,0,0,0,1,0,2,0,1,0,1,60,1,0,0,0,0,2,0,0,-1,0,-1,-1,-1,0,0,0,0,0,0,0,0,0,0,0,0,0,0,0,0,0,0,[0|0],710570,[0|0|0|0|0|0|0|0],侍奉魔法学院的辉石工匠写下的制作笔记。\n内容记载着“仿造魔法”的技术。\n\n能制作下列道具：\n\n·杜鹃辉石
9342,辉石工匠的制作笔记【５】,1,0,[0|0|0],-1,-1,0,0,-1,0,-1,205360,-1,-1,0,-1,0,3121,0,-1,-1,-1,1,0,50,1,0,0,0,0,0,0,0,[0|0],0,0,0,0,0,0,0,0,0,0,0,0,0,0,0,0,0,0,0,0,0,0,0,0,0,-1,-1,-1,-1,-1,-1,-1,-1,1,0,0,0,0,0,0,0,0,0,0,1,0,2,0,1,0,1,60,1,0,0,0,0,2,0,0,-1,0,-1,-1,-1,0,0,0,0,0,0,0,0,0,0,0,0,0,0,0,0,0,0,[0|0],710570,[0|0|0|0|0|0|0|0],侍奉魔法学院的辉石工匠写下的制作笔记。\n内容记载着“仿造魔法”的技术。\n\n能制作下列道具：\n\n·魔力油脂\n·附绳魔力油脂\n·兽骨魔力箭\n·兽骨魔力箭（附箭羽）\n·兽骨魔力弩箭
9343,流浪战士的制作笔记【９】,1,0,[0|0|0],-1,-1,0,0,-1,0,-1,205090,-1,-1,0,-1,0,3119,0,-1,-1,-1,1,0,50,1,0,0,0,0,0,0,0,[0|0],0,0,0,0,0,0,0,0,0,0,0,0,0,0,0,0,0,0,0,0,0,0,0,0,0,-1,-1,-1,-1,-1,-1,-1,-1,1,0,0,0,0,0,0,0,0,0,0,1,0,2,0,1,0,1,60,1,0,0,0,0,2,0,0,-1,0,-1,-1,-1,0,0,0,0,0,0,0,0,0,0,0,0,0,0,0,0,0,0,[0|0],710570,[0|0|0|0|0|0|0|0],不停流浪的战士们所写下的制作笔记。\n内容记载着能在一无所有的窘境下，\n从中获得生机的知识。\n\n能制作下列道具：\n\n·怨魂壶
9344,辉石工匠的制作笔记【８】,1,0,[0|0|0],-1,-1,0,0,-1,0,-1,205390,-1,-1,0,-1,0,3121,0,-1,-1,-1,1,0,50,1,0,0,0,0,0,0,0,[0|0],0,0,0,0,0,0,0,0,0,0,0,0,0,0,0,0,0,0,0,0,0,0,0,0,0,-1,-1,-1,-1,-1,-1,-1,-1,1,0,0,0,0,0,0,0,0,0,0,1,0,2,0,1,0,1,60,1,0,0,0,0,2,0,0,-1,0,-1,-1,-1,0,0,0,0,0,0,0,0,0,0,0,0,0,0,0,0,0,0,[0|0],710570,[0|0|0|0|0|0|0|0],侍奉魔法学院的辉石工匠写下的制作笔记。\n内容记载着“仿造魔法”的技术。\n\n能制作下列道具：\n\n·学院魔力壶
9345,辉石工匠的制作笔记【２】,1,0,[0|0|0],-1,-1,0,0,-1,0,-1,205330,-1,-1,0,-1,0,3121,0,-1,-1,-1,1,0,50,1,0,0,0,0,0,0,0,[0|0],0,0,0,0,0,0,0,0,0,0,0,0,0,0,0,0,0,0,0,0,0,0,0,0,0,-1,-1,-1,-1,-1,-1,-1,-1,1,0,0,0,0,0,0,0,0,0,0,1,0,2,0,1,0,1,60,1,0,0,0,0,2,0,0,-1,0,-1,-1,-1,0,0,0,0,0,0,0,0,0,0,0,0,0,0,0,0,0,0,[0|0],710570,[0|0|0|0|0|0|0|0],侍奉魔法学院的辉石工匠写下的制作笔记。\n内容记载着“仿造魔法”的技术。\n\n能制作下列道具：\n\n·结冰油脂
9346,辉石工匠的制作笔记【６】,1,0,[0|0|0],-1,-1,0,0,-1,0,-1,205370,-1,-1,0,-1,0,3121,0,-1,-1,-1,1,0,50,1,0,0,0,0,0,0,0,[0|0],0,0,0,0,0,0,0,0,0,0,0,0,0,0,0,0,0,0,0,0,0,0,0,0,0,-1,-1,-1,-1,-1,-1,-1,-1,1,0,0,0,0,0,0,0,0,0,0,1,0,2,0,1,0,1,60,1,0,0,0,0,2,0,0,-1,0,-1,-1,-1,0,0,0,0,0,0,0,0,0,0,0,0,0,0,0,0,0,0,[0|0],710570,[0|0|0|0|0|0|0|0],侍奉魔法学院的辉石工匠写下的制作笔记。\n内容记载着“仿造魔法”的技术。\n\n能制作下列道具：\n\n·结冰壶
9347,辉石工匠的制作笔记【７】,1,0,[0|0|0],-1,-1,0,0,-1,0,-1,205380,-1,-1,0,-1,0,3121,0,-1,-1,-1,1,0,50,1,0,0,0,0,0,0,0,[0|0],0,0,0,0,0,0,0,0,0,0,0,0,0,0,0,0,0,0,0,0,0,0,0,0,0,-1,-1,-1,-1,-1,-1,-1,-1,1,0,0,0,0,0,0,0,0,0,0,1,0,2,0,1,0,1,60,1,0,0,0,0,2,0,0,-1,0,-1,-1,-1,0,0,0,0,0,0,0,0,0,0,0,0,0,0,0,0,0,0,[0|0],710570,[0|0|0|0|0|0|0|0],侍奉魔法学院的辉石工匠写下的制作笔记。\n内容记载着“仿造魔法”的技术。\n\n能制作下列道具：\n\n·兽骨结冰箭\n·兽骨结冰箭（附箭羽）\n·兽骨结冰弩箭
9348,辉石工匠的制作笔记【３】,1,0,[0|0|0],-1,-1,0,0,-1,0,-1,205340,-1,-1,0,-1,0,3121,0,-1,-1,-1,1,0,50,1,0,0,0,0,0,0,0,[0|0],0,0,0,0,0,0,0,0,0,0,0,0,0,0,0,0,0,0,0,0,0,0,0,0,0,-1,-1,-1,-1,-1,-1,-1,-1,1,0,0,0,0,0,0,0,0,0,0,1,0,2,0,1,0,1,60,1,0,0,0,0,2,0,0,-1,0,-1,-1,-1,0,0,0,0,0,0,0,0,0,0,0,0,0,0,0,0,0,0,[0|0],710570,[0|0|0|0|0|0|0|0],侍奉魔法学院的辉石工匠写下的制作笔记。\n内容记载着“仿造魔法”的技术。\n\n能制作下列道具：\n\n·白金壶
9349,,1,0,[0|0|0],-1,-1,0,0,-1,0,-1,999999,-1,-1,0,-1,0,0,0,-1,-1,-1,1,0,50,1,0,0,0,0,0,0,0,[0|0],0,0,0,0,0,0,0,0,0,0,0,0,0,0,0,0,0,0,0,0,0,0,0,0,0,-1,-1,-1,-1,-1,-1,-1,-1,1,0,0,0,0,0,0,0,0,0,0,1,0,2,0,1,0,1,255,1,0,0,0,0,2,0,0,-1,0,-1,-1,-1,0,0,0,0,0,0,0,0,0,0,0,0,0,0,0,0,0,0,[0|0],710570,[0|0|0|0|0|0|0|0],
9350,,1,0,[0|0|0],-1,-1,0,0,-1,0,-1,999999,-1,-1,0,-1,0,0,0,-1,-1,-1,1,0,50,1,0,0,0,0,0,0,0,[0|0],0,0,0,0,0,0,0,0,0,0,0,0,0,0,0,0,0,0,0,0,0,0,0,0,0,-1,-1,-1,-1,-1,-1,-1,-1,1,0,0,0,0,0,0,0,0,0,0,1,0,2,0,1,0,1,255,1,0,0,0,0,2,0,0,-1,0,-1,-1,-1,0,0,0,0,0,0,0,0,0,0,0,0,0,0,0,0,0,0,[0|0],710570,[0|0|0|0|0|0|0|0],
9351,,1,0,[0|0|0],-1,-1,0,0,-1,0,-1,999999,-1,-1,0,-1,0,0,0,-1,-1,-1,1,0,50,1,0,0,0,0,0,0,0,[0|0],0,0,0,0,0,0,0,0,0,0,0,0,0,0,0,0,0,0,0,0,0,0,0,0,0,-1,-1,-1,-1,-1,-1,-1,-1,1,0,0,0,0,0,0,0,0,0,0,1,0,2,0,1,0,1,255,1,0,0,0,0,2,0,0,-1,0,-1,-1,-1,0,0,0,0,0,0,0,0,0,0,0,0,0,0,0,0,0,0,[0|0],710570,[0|0|0|0|0|0|0|0],
9352,,1,0,[0|0|0],-1,-1,0,0,-1,0,-1,999999,-1,-1,0,-1,0,0,0,-1,-1,-1,1,0,50,1,0,0,0,0,0,0,0,[0|0],0,0,0,0,0,0,0,0,0,0,0,0,0,0,0,0,0,0,0,0,0,0,0,0,0,-1,-1,-1,-1,-1,-1,-1,-1,1,0,0,0,0,0,0,0,0,0,0,1,0,2,0,1,0,1,255,1,0,0,0,0,2,0,0,-1,0,-1,-1,-1,0,0,0,0,0,0,0,0,0,0,0,0,0,0,0,0,0,0,[0|0],710570,[0|0|0|0|0|0|0|0],
9353,,1,0,[0|0|0],-1,-1,0,0,-1,0,-1,999999,-1,-1,0,-1,0,0,0,-1,-1,-1,1,0,50,1,0,0,0,0,0,0,0,[0|0],0,0,0,0,0,0,0,0,0,0,0,0,0,0,0,0,0,0,0,0,0,0,0,0,0,-1,-1,-1,-1,-1,-1,-1,-1,1,0,0,0,0,0,0,0,0,0,0,1,0,2,0,1,0,1,255,1,0,0,0,0,2,0,0,-1,0,-1,-1,-1,0,0,0,0,0,0,0,0,0,0,0,0,0,0,0,0,0,0,[0|0],710570,[0|0|0|0|0|0|0|0],
9354,,1,0,[0|0|0],-1,-1,0,0,-1,0,-1,999999,-1,-1,0,-1,0,0,0,-1,-1,-1,1,0,50,1,0,0,0,0,0,0,0,[0|0],0,0,0,0,0,0,0,0,0,0,0,0,0,0,0,0,0,0,0,0,0,0,0,0,0,-1,-1,-1,-1,-1,-1,-1,-1,1,0,0,0,0,0,0,0,0,0,0,1,0,2,0,1,0,1,255,1,0,0,0,0,2,0,0,-1,0,-1,-1,-1,0,0,0,0,0,0,0,0,0,0,0,0,0,0,0,0,0,0,[0|0],710570,[0|0|0|0|0|0|0|0],
9355,,1,0,[0|0|0],-1,-1,0,0,-1,0,-1,999999,-1,-1,0,-1,0,0,0,-1,-1,-1,1,0,50,1,0,0,0,0,0,0,0,[0|0],0,0,0,0,0,0,0,0,0,0,0,0,0,0,0,0,0,0,0,0,0,0,0,0,0,-1,-1,-1,-1,-1,-1,-1,-1,1,0,0,0,0,0,0,0,0,0,0,1,0,2,0,1,0,1,255,1,0,0,0,0,2,0,0,-1,0,-1,-1,-1,0,0,0,0,0,0,0,0,0,0,0,0,0,0,0,0,0,0,[0|0],710570,[0|0|0|0|0|0|0|0],
9356,,1,0,[0|0|0],-1,-1,0,0,-1,0,-1,999999,-1,-1,0,-1,0,0,0,-1,-1,-1,1,0,50,1,0,0,0,0,0,0,0,[0|0],0,0,0,0,0,0,0,0,0,0,0,0,0,0,0,0,0,0,0,0,0,0,0,0,0,-1,-1,-1,-1,-1,-1,-1,-1,1,0,0,0,0,0,0,0,0,0,0,1,0,2,0,1,0,1,255,1,0,0,0,0,2,0,0,-1,0,-1,-1,-1,0,0,0,0,0,0,0,0,0,0,0,0,0,0,0,0,0,0,[0|0],710570,[0|0|0|0|0|0|0|0],
9357,,1,0,[0|0|0],-1,-1,0,0,-1,0,-1,999999,-1,-1,0,-1,0,0,0,-1,-1,-1,1,0,50,1,0,0,0,0,0,0,0,[0|0],0,0,0,0,0,0,0,0,0,0,0,0,0,0,0,0,0,0,0,0,0,0,0,0,0,-1,-1,-1,-1,-1,-1,-1,-1,1,0,0,0,0,0,0,0,0,0,0,1,0,2,0,1,0,1,255,1,0,0,0,0,2,0,0,-1,0,-1,-1,-1,0,0,0,0,0,0,0,0,0,0,0,0,0,0,0,0,0,0,[0|0],710570,[0|0|0|0|0|0|0|0],
9358,,1,0,[0|0|0],-1,-1,0,0,-1,0,-1,999999,-1,-1,0,-1,0,0,0,-1,-1,-1,1,0,50,1,0,0,0,0,0,0,0,[0|0],0,0,0,0,0,0,0,0,0,0,0,0,0,0,0,0,0,0,0,0,0,0,0,0,0,-1,-1,-1,-1,-1,-1,-1,-1,1,0,0,0,0,0,0,0,0,0,0,1,0,2,0,1,0,1,255,1,0,0,0,0,2,0,0,-1,0,-1,-1,-1,0,0,0,0,0,0,0,0,0,0,0,0,0,0,0,0,0,0,[0|0],710570,[0|0|0|0|0|0|0|0],
9359,,1,0,[0|0|0],-1,-1,0,0,-1,0,-1,999999,-1,-1,0,-1,0,0,0,-1,-1,-1,1,0,50,1,0,0,0,0,0,0,0,[0|0],0,0,0,0,0,0,0,0,0,0,0,0,0,0,0,0,0,0,0,0,0,0,0,0,0,-1,-1,-1,-1,-1,-1,-1,-1,1,0,0,0,0,0,0,0,0,0,0,1,0,2,0,1,0,1,255,1,0,0,0,0,2,0,0,-1,0,-1,-1,-1,0,0,0,0,0,0,0,0,0,0,0,0,0,0,0,0,0,0,[0|0],710570,[0|0|0|0|0|0|0|0],
9360,传道士的制作笔记【２】,1,0,[0|0|0],-1,-1,0,0,-1,0,-1,205410,-1,-1,0,-1,0,3122,0,-1,-1,-1,1,0,50,1,0,0,0,0,0,0,0,[0|0],0,0,0,0,0,0,0,0,0,0,0,0,0,0,0,0,0,0,0,0,0,0,0,0,0,-1,-1,-1,-1,-1,-1,-1,-1,1,0,0,0,0,0,0,0,0,0,0,1,0,2,0,1,0,1,60,1,0,0,0,0,2,0,0,-1,0,-1,-1,-1,0,0,0,0,0,0,0,0,0,0,0,0,0,0,0,0,0,0,[0|0],710570,[0|0|0|0|0|0|0|0],无法成为指头女巫的男性写下的制作笔记。\n他作为传道士，借此传播神圣的知识。\n\n能制作下列道具：\n\n·絮语石\n·拟态赐福\n·腌制黄金鸟爪
9361,传道士的制作笔记【１】,1,0,[0|0|0],-1,-1,0,0,-1,0,-1,205400,-1,-1,0,-1,0,3122,0,-1,-1,-1,1,0,50,1,0,0,0,0,0,0,0,[0|0],0,0,0,0,0,0,0,0,0,0,0,0,0,0,0,0,0,0,0,0,0,0,0,0,0,-1,-1,-1,-1,-1,-1,-1,-1,1,0,0,0,0,0,0,0,0,0,0,1,0,2,0,1,0,1,60,1,0,0,0,0,2,0,0,-1,0,-1,-1,-1,0,0,0,0,0,0,0,0,0,0,0,0,0,0,0,0,0,0,[0|0],710570,[0|0|0|0|0|0|0|0],无法成为指头女巫的男性写下的制作笔记。\n他作为传道士，借此传播神圣的知识。\n\n能制作下列道具：\n\n·圣水壶\n·附绳圣水壶
9362,[ERROR]传道士的制作笔记【３】,1,0,[0|0|0],-1,-1,0,0,-1,0,-1,999999,-1,-1,0,-1,0,0,0,-1,-1,-1,1,0,50,1,0,0,0,0,0,0,0,[0|0],0,0,0,0,0,0,0,0,0,0,0,0,0,0,0,0,0,0,0,0,0,0,0,0,0,-1,-1,-1,-1,-1,-1,-1,-1,1,0,0,0,0,0,0,0,0,0,0,1,0,2,0,1,0,1,255,1,0,0,0,0,2,0,0,-1,0,-1,-1,-1,0,0,0,0,0,0,0,0,0,0,0,0,0,0,0,0,0,0,[0|0],710570,[0|0|0|0|0|0|0|0],能增加可制作的道具种类
9363,传道士的制作笔记【５】,1,0,[0|0|0],-1,-1,0,0,-1,0,-1,205440,-1,-1,0,-1,0,3122,0,-1,-1,-1,1,0,50,1,0,0,0,0,0,0,0,[0|0],0,0,0,0,0,0,0,0,0,0,0,0,0,0,0,0,0,0,0,0,0,0,0,0,0,-1,-1,-1,-1,-1,-1,-1,-1,1,0,0,0,0,0,0,0,0,0,0,1,0,2,0,1,0,1,60,1,0,0,0,0,2,0,0,-1,0,-1,-1,-1,0,0,0,0,0,0,0,0,0,0,0,0,0,0,0,0,0,0,[0|0],710570,[0|0|0|0|0|0|0|0],无法成为指头女巫的男性写下的制作笔记。\n他作为传道士，借此传播神圣的知识。\n\n能制作下列道具：\n\n·圣律壶
9364,传道士的制作笔记【４】,1,0,[0|0|0],-1,-1,0,0,-1,0,-1,205430,-1,-1,0,-1,0,3122,0,-1,-1,-1,1,0,50,1,0,0,0,0,0,0,0,[0|0],0,0,0,0,0,0,0,0,0,0,0,0,0,0,0,0,0,0,0,0,0,0,0,0,0,-1,-1,-1,-1,-1,-1,-1,-1,1,0,0,0,0,0,0,0,0,0,0,1,0,2,0,1,0,1,60,1,0,0,0,0,2,0,0,-1,0,-1,-1,-1,0,0,0,0,0,0,0,0,0,0,0,0,0,0,0,0,0,0,[0|0],710570,[0|0|0|0|0|0|0|0],无法成为指头女巫的男性写下的制作笔记。\n他作为传道士，借此传播神圣的知识。\n\n能制作下列道具：\n\n·圣油脂\n·附绳圣油脂\n·兽骨圣箭\n·兽骨圣箭（附箭羽）\n·兽骨圣弩箭
9365,传道士的制作笔记【３】,1,0,[0|0|0],-1,-1,0,0,-1,0,-1,205420,-1,-1,0,-1,0,3122,0,-1,-1,-1,1,0,50,1,0,0,0,0,0,0,0,[0|0],0,0,0,0,0,0,0,0,0,0,0,0,0,0,0,0,0,0,0,0,0,0,0,0,0,-1,-1,-1,-1,-1,-1,-1,-1,1,0,0,0,0,0,0,0,0,0,0,1,0,2,0,1,0,1,60,1,0,0,0,0,2,0,0,-1,0,-1,-1,-1,0,0,0,0,0,0,0,0,0,0,0,0,0,0,0,0,0,0,[0|0],710570,[0|0|0|0|0|0|0|0],无法成为指头女巫的男性写下的制作笔记。\n他作为传道士，借此传播神圣的知识。\n\n能制作下列道具：\n\n·腌制白银鸟爪
9366,,1,0,[0|0|0],-1,-1,0,0,-1,0,-1,999999,-1,-1,0,-1,0,0,0,-1,-1,-1,1,0,50,1,0,0,0,0,0,0,0,[0|0],0,0,0,0,0,0,0,0,0,0,0,0,0,0,0,0,0,0,0,0,0,0,0,0,0,-1,-1,-1,-1,-1,-1,-1,-1,1,0,0,0,0,0,0,0,0,0,0,1,0,2,0,1,0,1,255,1,0,0,0,0,2,0,0,-1,0,-1,-1,-1,0,0,0,0,0,0,0,0,0,0,0,0,0,0,0,0,0,0,[0|0],710570,[0|0|0|0|0|0|0|0],
9367,,1,0,[0|0|0],-1,-1,0,0,-1,0,-1,999999,-1,-1,0,-1,0,0,0,-1,-1,-1,1,0,50,1,0,0,0,0,0,0,0,[0|0],0,0,0,0,0,0,0,0,0,0,0,0,0,0,0,0,0,0,0,0,0,0,0,0,0,-1,-1,-1,-1,-1,-1,-1,-1,1,0,0,0,0,0,0,0,0,0,0,1,0,2,0,1,0,1,255,1,0,0,0,0,2,0,0,-1,0,-1,-1,-1,0,0,0,0,0,0,0,0,0,0,0,0,0,0,0,0,0,0,[0|0],710570,[0|0|0|0|0|0|0|0],
9368,,1,0,[0|0|0],-1,-1,0,0,-1,0,-1,999999,-1,-1,0,-1,0,0,0,-1,-1,-1,1,0,50,1,0,0,0,0,0,0,0,[0|0],0,0,0,0,0,0,0,0,0,0,0,0,0,0,0,0,0,0,0,0,0,0,0,0,0,-1,-1,-1,-1,-1,-1,-1,-1,1,0,0,0,0,0,0,0,0,0,0,1,0,2,0,1,0,1,255,1,0,0,0,0,2,0,0,-1,0,-1,-1,-1,0,0,0,0,0,0,0,0,0,0,0,0,0,0,0,0,0,0,[0|0],710570,[0|0|0|0|0|0|0|0],
9369,,1,0,[0|0|0],-1,-1,0,0,-1,0,-1,999999,-1,-1,0,-1,0,0,0,-1,-1,-1,1,0,50,1,0,0,0,0,0,0,0,[0|0],0,0,0,0,0,0,0,0,0,0,0,0,0,0,0,0,0,0,0,0,0,0,0,0,0,-1,-1,-1,-1,-1,-1,-1,-1,1,0,0,0,0,0,0,0,0,0,0,1,0,2,0,1,0,1,255,1,0,0,0,0,2,0,0,-1,0,-1,-1,-1,0,0,0,0,0,0,0,0,0,0,0,0,0,0,0,0,0,0,[0|0],710570,[0|0|0|0|0|0|0|0],
9370,,1,0,[0|0|0],-1,-1,0,0,-1,0,-1,999999,-1,-1,0,-1,0,0,0,-1,-1,-1,1,0,50,1,0,0,0,0,0,0,0,[0|0],0,0,0,0,0,0,0,0,0,0,0,0,0,0,0,0,0,0,0,0,0,0,0,0,0,-1,-1,-1,-1,-1,-1,-1,-1,1,0,0,0,0,0,0,0,0,0,0,1,0,2,0,1,0,1,255,1,0,0,0,0,2,0,0,-1,0,-1,-1,-1,0,0,0,0,0,0,0,0,0,0,0,0,0,0,0,0,0,0,[0|0],710570,[0|0|0|0|0|0|0|0],
9380,流浪战士的制作笔记【４】,1,0,[0|0|0],-1,-1,0,0,-1,0,-1,205040,-1,-1,0,-1,0,3119,0,-1,-1,-1,1,0,50,1,0,0,0,0,0,0,0,[0|0],0,0,0,0,0,0,0,0,0,0,0,0,0,0,0,0,0,0,0,0,0,0,0,0,0,-1,-1,-1,-1,-1,-1,-1,-1,1,0,0,0,0,0,0,0,0,0,0,1,0,2,0,1,0,1,60,1,0,0,0,0,2,0,0,-1,0,-1,-1,-1,0,0,0,0,0,0,0,0,0,0,0,0,0,0,0,0,0,0,[0|0],710570,[0|0|0|0|0|0|0|0],不停流浪的战士们所写下的制作笔记。\n内容记载着能在一无所有的窘境下，\n从中获得生机的知识。\n\n能制作下列道具：\n\n·粪便壶\n·附绳粪便壶
9381,[ERROR]调香师的制作笔记【１】,1,0,[0|0|0],-1,-1,0,0,-1,0,-1,999999,-1,-1,0,-1,0,0,0,-1,-1,-1,1,0,50,1,0,0,0,0,0,0,0,[0|0],0,0,0,0,0,0,0,0,0,0,0,0,0,0,0,0,0,0,0,0,0,0,0,0,0,-1,-1,-1,-1,-1,-1,-1,-1,1,0,0,0,0,0,0,0,0,0,0,1,0,2,0,1,0,1,255,1,0,0,0,0,2,0,0,-1,0,-1,-1,-1,0,0,0,0,0,0,0,0,0,0,0,0,0,0,0,0,0,0,[0|0],710570,[0|0|0|0|0|0|0|0],能增加可制作的道具种类
9382,[ERROR]调香师的制作笔记【２】,1,0,[0|0|0],-1,-1,0,0,-1,0,-1,999999,-1,-1,0,-1,0,0,0,-1,-1,-1,1,0,50,1,0,0,0,0,0,0,0,[0|0],0,0,0,0,0,0,0,0,0,0,0,0,0,0,0,0,0,0,0,0,0,0,0,0,0,-1,-1,-1,-1,-1,-1,-1,-1,1,0,0,0,0,0,0,0,0,0,0,1,0,2,0,1,0,1,255,1,0,0,0,0,2,0,0,-1,0,-1,-1,-1,0,0,0,0,0,0,0,0,0,0,0,0,0,0,0,0,0,0,[0|0],710570,[0|0|0|0|0|0|0|0],能增加可制作的道具种类
9383,流浪战士的制作笔记【５】,1,0,[0|0|0],-1,-1,0,0,-1,0,-1,205050,-1,-1,0,-1,0,3119,0,-1,-1,-1,1,0,50,1,0,0,0,0,0,0,0,[0|0],0,0,0,0,0,0,0,0,0,0,0,0,0,0,0,0,0,0,0,0,0,0,0,0,0,-1,-1,-1,-1,-1,-1,-1,-1,1,0,0,0,0,0,0,0,0,0,0,1,0,2,0,1,0,1,60,1,0,0,0,0,2,0,0,-1,0,-1,-1,-1,0,0,0,0,0,0,0,0,0,0,0,0,0,0,0,0,0,0,[0|0],710570,[0|0|0|0|0|0|0|0],不停流浪的战士们所写下的制作笔记。\n内容记载着能在一无所有的窘境下，\n从中获得生机的知识。\n\n能制作下列道具：\n\n·引兽壶
9384,调香师的制作笔记【１】,1,0,[0|0|0],-1,-1,0,0,-1,0,-1,205510,-1,-1,0,-1,0,3123,0,-1,-1,-1,1,0,50,1,0,0,0,0,0,0,0,[0|0],0,0,0,0,0,0,0,0,0,0,0,0,0,0,0,0,0,0,0,0,0,0,0,0,0,-1,-1,-1,-1,-1,-1,-1,-1,1,0,0,0,0,0,0,0,0,0,0,1,0,2,0,1,0,1,60,1,0,0,0,0,2,0,0,-1,0,-1,-1,-1,0,0,0,0,0,0,0,0,0,0,0,0,0,0,0,0,0,0,[0|0],710570,[0|0|0|0|0|0|0|0],从军的调香师留下的制作笔记。\n与药草学家可能写下的内容相去甚远，\n上头记载着战斗的技术。\n\n能制作下列道具：\n\n·火花香\n·振奋香
9385,调香师的制作笔记【２】,1,0,[0|0|0],-1,-1,0,0,-1,0,-1,205520,-1,-1,0,-1,0,3123,0,-1,-1,-1,1,0,50,1,0,0,0,0,0,0,0,[0|0],0,0,0,0,0,0,0,0,0,0,0,0,0,0,0,0,0,0,0,0,0,0,0,0,0,-1,-1,-1,-1,-1,-1,-1,-1,1,0,0,0,0,0,0,0,0,0,0,1,0,2,0,1,0,1,60,1,0,0,0,0,2,0,0,-1,0,-1,-1,-1,0,0,0,0,0,0,0,0,0,0,0,0,0,0,0,0,0,0,[0|0],710570,[0|0|0|0|0|0|0|0],堕落调香师留下的制作笔记。\n与药草学家可能写下的内容相去甚远，\n上头记载着危险的技术。\n\n能制作下列道具：\n\n·毒发喷雾\n·狂热香药
9386,调香师的制作笔记【３】,1,0,[0|0|0],-1,-1,0,0,-1,0,-1,205530,-1,-1,0,-1,0,3123,0,-1,-1,-1,1,0,50,1,0,0,0,0,0,0,0,[0|0],0,0,0,0,0,0,0,0,0,0,0,0,0,0,0,0,0,0,0,0,0,0,0,0,0,-1,-1,-1,-1,-1,-1,-1,-1,1,0,0,0,0,0,0,0,0,0,0,1,0,2,0,1,0,1,60,1,0,0,0,0,2,0,0,-1,0,-1,-1,-1,0,0,0,0,0,0,0,0,0,0,0,0,0,0,0,0,0,0,[0|0],710570,[0|0|0|0|0|0|0|0],堕落调香师留下的制作笔记。\n与药草学家可能写下的内容相去甚远，\n上头记载着危险的技术。\n\n能制作下列道具：\n\n·铁壶香药
9387,流浪战士的制作笔记【１４】,1,0,[0|0|0],-1,-1,0,0,-1,0,-1,205140,-1,-1,0,-1,0,3119,0,-1,-1,-1,1,0,50,1,0,0,0,0,0,0,0,[0|0],0,0,0,0,0,0,0,0,0,0,0,0,0,0,0,0,0,0,0,0,0,0,0,0,0,-1,-1,-1,-1,-1,-1,-1,-1,1,0,0,0,0,0,0,0,0,0,0,1,0,2,0,1,0,1,60,1,0,0,0,0,2,0,0,-1,0,-1,-1,-1,0,0,0,0,0,0,0,0,0,0,0,0,0,0,0,0,0,0,[0|0],710570,[0|0|0|0|0|0|0|0],不停流浪的战士们所写下的制作笔记。\n内容记载着能在一无所有的窘境下，\n从中获得生机的知识。\n\n能制作下列道具：\n\n·毒壶\n·附绳毒壶\n·兽骨毒飞刀
9388,流浪战士的制作笔记【８】,1,0,[0|0|0],-1,-1,0,0,-1,0,-1,205080,-1,-1,0,-1,0,3119,0,-1,-1,-1,1,0,50,1,0,0,0,0,0,0,0,[0|0],0,0,0,0,0,0,0,0,0,0,0,0,0,0,0,0,0,0,0,0,0,0,0,0,0,-1,-1,-1,-1,-1,-1,-1,-1,1,0,0,0,0,0,0,0,0,0,0,1,0,2,0,1,0,1,60,1,0,0,0,0,2,0,0,-1,0,-1,-1,-1,0,0,0,0,0,0,0,0,0,0,0,0,0,0,0,0,0,0,[0|0],710570,[0|0|0|0|0|0|0|0],不停流浪的战士们所写下的制作笔记。\n内容记载着能在一无所有的窘境下，\n从中获得生机的知识。\n\n能制作下列道具：\n\n·中毒油脂\n·附绳中毒油脂
9389,流浪战士的制作笔记【２２】,1,0,[0|0|0],-1,-1,0,0,-1,0,-1,205220,-1,-1,0,-1,0,3119,0,-1,-1,-1,1,0,50,1,0,0,0,0,0,0,0,[0|0],0,0,0,0,0,0,0,0,0,0,0,0,0,0,0,0,0,0,0,0,0,0,0,0,0,-1,-1,-1,-1,-1,-1,-1,-1,1,0,0,0,0,0,0,0,0,0,0,1,0,2,0,1,0,1,60,1,0,0,0,0,2,0,0,-1,0,-1,-1,-1,0,0,0,0,0,0,0,0,0,0,0,0,0,0,0,0,0,0,[0|0],710570,[0|0|0|0|0|0|0|0],不停流浪的战士们所写下的制作笔记。\n内容记载着能在一无所有的窘境下，\n从中获得生机的知识。\n\n能制作下列道具：\n\n·腐败壶\n·腐败油脂\n·附绳腐败油脂
9390,流浪战士的制作笔记【１５】,1,0,[0|0|0],-1,-1,0,0,-1,0,-1,205150,-1,-1,0,-1,0,3119,0,-1,-1,-1,1,0,50,1,0,0,0,0,0,0,0,[0|0],0,0,0,0,0,0,0,0,0,0,0,0,0,0,0,0,0,0,0,0,0,0,0,0,0,-1,-1,-1,-1,-1,-1,-1,-1,1,0,0,0,0,0,0,0,0,0,0,1,0,2,0,1,0,1,60,1,0,0,0,0,2,0,0,-1,0,-1,-1,-1,0,0,0,0,0,0,0,0,0,0,0,0,0,0,0,0,0,0,[0|0],710570,[0|0|0|0|0|0|0|0],不停流浪的战士们所写下的制作笔记。\n内容记载着能在一无所有的窘境下，\n从中获得生机的知识。\n\n能制作下列道具：\n\n·兽骨腐败箭\n·兽骨腐败箭（附箭羽）\n·兽骨腐败弩箭
9391,流浪战士的制作笔记【２４】,1,0,[0|0|0],-1,-1,0,0,-1,0,-1,205240,-1,-1,0,-1,0,3119,0,-1,-1,-1,1,0,50,1,0,0,0,0,0,0,0,[0|0],0,0,0,0,0,0,0,0,0,0,0,0,0,0,0,0,0,0,0,0,0,0,0,0,0,-1,-1,-1,-1,-1,-1,-1,-1,1,0,0,0,0,0,0,0,0,0,0,1,0,2,0,1,0,1,60,1,0,0,0,0,2,0,0,-1,0,-1,-1,-1,0,0,0,0,0,0,0,0,0,0,0,0,0,0,0,0,0,0,[0|0],710570,[0|0|0|0|0|0|0|0],不停流浪的战士们所写下的制作笔记。\n内容记载着能在一无所有的窘境下，\n从中获得生机的知识。\n\n能制作下列道具：\n\n·苍蝇壶\n·附绳苍蝇壶
9392,调香师的制作笔记【４】,1,0,[0|0|0],-1,-1,0,0,-1,0,-1,205540,-1,-1,0,-1,0,3123,0,-1,-1,-1,1,0,50,1,0,0,0,0,0,0,0,[0|0],0,0,0,0,0,0,0,0,0,0,0,0,0,0,0,0,0,0,0,0,0,0,0,0,0,-1,-1,-1,-1,-1,-1,-1,-1,1,0,0,0,0,0,0,0,0,0,0,1,0,2,0,1,0,1,60,1,0,0,0,0,2,0,0,-1,0,-1,-1,-1,0,0,0,0,0,0,0,0,0,0,0,0,0,0,0,0,0,0,[0|0],710570,[0|0|0|0|0|0|0|0],堕落调香师留下的制作笔记。\n与药草学家可能写下的内容相去甚远，\n上头记载着危险的技术。\n\n能制作下列道具：\n\n·酸蚀喷雾
9393,[ERROR]调香师的制作笔记【１３】,1,0,[0|0|0],-1,-1,0,0,-1,0,-1,999999,-1,-1,0,-1,0,0,0,-1,-1,-1,1,0,50,1,0,0,0,0,0,0,0,[0|0],0,0,0,0,0,0,0,0,0,0,0,0,0,0,0,0,0,0,0,0,0,0,0,0,0,-1,-1,-1,-1,-1,-1,-1,-1,1,0,0,0,0,0,0,0,0,0,0,1,0,2,0,1,0,1,255,1,0,0,0,0,2,0,0,-1,0,-1,-1,-1,0,0,0,0,0,0,0,0,0,0,0,0,0,0,0,0,0,0,[0|0],710570,[0|0|0|0|0|0|0|0],
9394,,1,0,[0|0|0],-1,-1,0,0,-1,0,-1,999999,-1,-1,0,-1,0,0,0,-1,-1,-1,1,0,50,1,0,0,0,0,0,0,0,[0|0],0,0,0,0,0,0,0,0,0,0,0,0,0,0,0,0,0,0,0,0,0,0,0,0,0,-1,-1,-1,-1,-1,-1,-1,-1,1,0,0,0,0,0,0,0,0,0,0,1,0,2,0,1,0,1,255,1,0,0,0,0,2,0,0,-1,0,-1,-1,-1,0,0,0,0,0,0,0,0,0,0,0,0,0,0,0,0,0,0,[0|0],710570,[0|0|0|0|0|0|0|0],
9395,,1,0,[0|0|0],-1,-1,0,0,-1,0,-1,999999,-1,-1,0,-1,0,0,0,-1,-1,-1,1,0,50,1,0,0,0,0,0,0,0,[0|0],0,0,0,0,0,0,0,0,0,0,0,0,0,0,0,0,0,0,0,0,0,0,0,0,0,-1,-1,-1,-1,-1,-1,-1,-1,1,0,0,0,0,0,0,0,0,0,0,1,0,2,0,1,0,1,255,1,0,0,0,0,2,0,0,-1,0,-1,-1,-1,0,0,0,0,0,0,0,0,0,0,0,0,0,0,0,0,0,0,[0|0],710570,[0|0|0|0|0|0|0|0],
9396,,1,0,[0|0|0],-1,-1,0,0,-1,0,-1,999999,-1,-1,0,-1,0,0,0,-1,-1,-1,1,0,50,1,0,0,0,0,0,0,0,[0|0],0,0,0,0,0,0,0,0,0,0,0,0,0,0,0,0,0,0,0,0,0,0,0,0,0,-1,-1,-1,-1,-1,-1,-1,-1,1,0,0,0,0,0,0,0,0,0,0,1,0,2,0,1,0,1,255,1,0,0,0,0,2,0,0,-1,0,-1,-1,-1,0,0,0,0,0,0,0,0,0,0,0,0,0,0,0,0,0,0,[0|0],710570,[0|0|0|0|0|0|0|0],
9397,,1,0,[0|0|0],-1,-1,0,0,-1,0,-1,999999,-1,-1,0,-1,0,0,0,-1,-1,-1,1,0,50,1,0,0,0,0,0,0,0,[0|0],0,0,0,0,0,0,0,0,0,0,0,0,0,0,0,0,0,0,0,0,0,0,0,0,0,-1,-1,-1,-1,-1,-1,-1,-1,1,0,0,0,0,0,0,0,0,0,0,1,0,2,0,1,0,1,255,1,0,0,0,0,2,0,0,-1,0,-1,-1,-1,0,0,0,0,0,0,0,0,0,0,0,0,0,0,0,0,0,0,[0|0],710570,[0|0|0|0|0|0|0|0],
9398,,1,0,[0|0|0],-1,-1,0,0,-1,0,-1,999999,-1,-1,0,-1,0,0,0,-1,-1,-1,1,0,50,1,0,0,0,0,0,0,0,[0|0],0,0,0,0,0,0,0,0,0,0,0,0,0,0,0,0,0,0,0,0,0,0,0,0,0,-1,-1,-1,-1,-1,-1,-1,-1,1,0,0,0,0,0,0,0,0,0,0,1,0,2,0,1,0,1,255,1,0,0,0,0,2,0,0,-1,0,-1,-1,-1,0,0,0,0,0,0,0,0,0,0,0,0,0,0,0,0,0,0,[0|0],710570,[0|0|0|0|0|0|0|0],
9399,,1,0,[0|0|0],-1,-1,0,0,-1,0,-1,999999,-1,-1,0,-1,0,0,0,-1,-1,-1,1,0,50,1,0,0,0,0,0,0,0,[0|0],0,0,0,0,0,0,0,0,0,0,0,0,0,0,0,0,0,0,0,0,0,0,0,0,0,-1,-1,-1,-1,-1,-1,-1,-1,1,0,0,0,0,0,0,0,0,0,0,1,0,2,0,1,0,1,255,1,0,0,0,0,2,0,0,-1,0,-1,-1,-1,0,0,0,0,0,0,0,0,0,0,0,0,0,0,0,0,0,0,[0|0],710570,[0|0|0|0|0|0|0|0],
9400,古龙信徒的制作笔记【１】,1,0,[0|0|0],-1,-1,0,0,-1,0,-1,205470,-1,-1,0,-1,0,3124,0,-1,-1,-1,1,0,50,1,0,0,0,0,0,0,0,[0|0],0,0,0,0,0,0,0,0,0,0,0,0,0,0,0,0,0,0,0,0,0,0,0,0,0,-1,-1,-1,-1,-1,-1,-1,-1,1,0,0,0,0,0,0,0,0,0,0,1,0,2,0,1,0,1,60,1,0,0,0,0,2,0,0,-1,0,-1,-1,-1,0,0,0,0,0,0,0,0,0,0,0,0,0,0,0,0,0,0,[0|0],710570,[0|0|0|0|0|0|0|0],王城古龙信仰传承下来的制作笔记。\n内容记载着古龙的武器──\n关于雷电的技术。\n\n能制作下列道具：\n\n·雷油脂\n·附绳雷油脂\n·兽骨雷箭\n·兽骨雷箭（附箭羽）\n·兽骨雷弩箭
9401,古龙信徒的制作笔记【２】,1,0,[0|0|0],-1,-1,0,0,-1,0,-1,205480,-1,-1,0,-1,0,3124,0,-1,-1,-1,1,0,50,1,0,0,0,0,0,0,0,[0|0],0,0,0,0,0,0,0,0,0,0,0,0,0,0,0,0,0,0,0,0,0,0,0,0,0,-1,-1,-1,-1,-1,-1,-1,-1,1,0,0,0,0,0,0,0,0,0,0,1,0,2,0,1,0,1,60,1,0,0,0,0,2,0,0,-1,0,-1,-1,-1,0,0,0,0,0,0,0,0,0,0,0,0,0,0,0,0,0,0,[0|0],710570,[0|0|0|0|0|0|0|0],王城古龙信仰传承下来的制作笔记。\n内容记载着古龙的武器──\n关于雷电的技术。\n\n能制作下列道具：\n\n·雷电壶\n·附绳雷电壶
9402,古龙信徒的制作笔记【４】,1,0,[0|0|0],-1,-1,0,0,-1,0,-1,205500,-1,-1,0,-1,0,3124,0,-1,-1,-1,1,0,50,1,0,0,0,0,0,0,0,[0|0],0,0,0,0,0,0,0,0,0,0,0,0,0,0,0,0,0,0,0,0,0,0,0,0,0,-1,-1,-1,-1,-1,-1,-1,-1,1,0,0,0,0,0,0,0,0,0,0,1,0,2,0,1,0,1,60,1,0,0,0,0,2,0,0,-1,0,-1,-1,-1,0,0,0,0,0,0,0,0,0,0,0,0,0,0,0,0,0,0,[0|0],710570,[0|0|0|0|0|0|0|0],王城古龙信仰传承下来的制作笔记。\n内容记载着古龙的武器──\n关于雷电的技术。\n\n能制作下列道具：\n\n·古龙雷电壶\n·抗雷肝脏干
9403,古龙信徒的制作笔记【３】,1,0,[0|0|0],-1,-1,0,0,-1,0,-1,205490,-1,-1,0,-1,0,3124,0,-1,-1,-1,1,0,50,1,0,0,0,0,0,0,0,[0|0],0,0,0,0,0,0,0,0,0,0,0,0,0,0,0,0,0,0,0,0,0,0,0,0,0,-1,-1,-1,-1,-1,-1,-1,-1,1,0,0,0,0,0,0,0,0,0,0,1,0,2,0,1,0,1,60,1,0,0,0,0,2,0,0,-1,0,-1,-1,-1,0,0,0,0,0,0,0,0,0,0,0,0,0,0,0,0,0,0,[0|0],710570,[0|0|0|0|0|0|0|0],王城古龙信仰传承下来的制作笔记。\n内容记载着古龙的武器──\n关于雷电的技术。\n\n能制作下列道具：\n\n·伤龙油脂
9404,,1,0,[0|0|0],-1,-1,0,0,-1,0,-1,999999,-1,-1,0,-1,0,0,0,-1,-1,-1,1,0,50,1,0,0,0,0,0,0,0,[0|0],0,0,0,0,0,0,0,0,0,0,0,0,0,0,0,0,0,0,0,0,0,0,0,0,0,-1,-1,-1,-1,-1,-1,-1,-1,1,0,0,0,0,0,0,0,0,0,0,1,0,2,0,1,0,1,255,1,0,0,0,0,2,0,0,-1,0,-1,-1,-1,0,0,0,0,0,0,0,0,0,0,0,0,0,0,0,0,0,0,[0|0],710570,[0|0|0|0|0|0|0|0],
9405,,1,0,[0|0|0],-1,-1,0,0,-1,0,-1,999999,-1,-1,0,-1,0,0,0,-1,-1,-1,1,0,50,1,0,0,0,0,0,0,0,[0|0],0,0,0,0,0,0,0,0,0,0,0,0,0,0,0,0,0,0,0,0,0,0,0,0,0,-1,-1,-1,-1,-1,-1,-1,-1,1,0,0,0,0,0,0,0,0,0,0,1,0,2,0,1,0,1,255,1,0,0,0,0,2,0,0,-1,0,-1,-1,-1,0,0,0,0,0,0,0,0,0,0,0,0,0,0,0,0,0,0,[0|0],710570,[0|0|0|0|0|0|0|0],
9406,,1,0,[0|0|0],-1,-1,0,0,-1,0,-1,999999,-1,-1,0,-1,0,0,0,-1,-1,-1,1,0,50,1,0,0,0,0,0,0,0,[0|0],0,0,0,0,0,0,0,0,0,0,0,0,0,0,0,0,0,0,0,0,0,0,0,0,0,-1,-1,-1,-1,-1,-1,-1,-1,1,0,0,0,0,0,0,0,0,0,0,1,0,2,0,1,0,1,255,1,0,0,0,0,2,0,0,-1,0,-1,-1,-1,0,0,0,0,0,0,0,0,0,0,0,0,0,0,0,0,0,0,[0|0],710570,[0|0|0|0|0|0|0|0],
9407,,1,0,[0|0|0],-1,-1,0,0,-1,0,-1,999999,-1,-1,0,-1,0,0,0,-1,-1,-1,1,0,50,1,0,0,0,0,0,0,0,[0|0],0,0,0,0,0,0,0,0,0,0,0,0,0,0,0,0,0,0,0,0,0,0,0,0,0,-1,-1,-1,-1,-1,-1,-1,-1,1,0,0,0,0,0,0,0,0,0,0,1,0,2,0,1,0,1,255,1,0,0,0,0,2,0,0,-1,0,-1,-1,-1,0,0,0,0,0,0,0,0,0,0,0,0,0,0,0,0,0,0,[0|0],710570,[0|0|0|0|0|0|0|0],
9408,,1,0,[0|0|0],-1,-1,0,0,-1,0,-1,999999,-1,-1,0,-1,0,0,0,-1,-1,-1,1,0,50,1,0,0,0,0,0,0,0,[0|0],0,0,0,0,0,0,0,0,0,0,0,0,0,0,0,0,0,0,0,0,0,0,0,0,0,-1,-1,-1,-1,-1,-1,-1,-1,1,0,0,0,0,0,0,0,0,0,0,1,0,2,0,1,0,1,255,1,0,0,0,0,2,0,0,-1,0,-1,-1,-1,0,0,0,0,0,0,0,0,0,0,0,0,0,0,0,0,0,0,[0|0],710570,[0|0|0|0|0|0|0|0],
9409,,1,0,[0|0|0],-1,-1,0,0,-1,0,-1,999999,-1,-1,0,-1,0,0,0,-1,-1,-1,1,0,50,1,0,0,0,0,0,0,0,[0|0],0,0,0,0,0,0,0,0,0,0,0,0,0,0,0,0,0,0,0,0,0,0,0,0,0,-1,-1,-1,-1,-1,-1,-1,-1,1,0,0,0,0,0,0,0,0,0,0,1,0,2,0,1,0,1,255,1,0,0,0,0,2,0,0,-1,0,-1,-1,-1,0,0,0,0,0,0,0,0,0,0,0,0,0,0,0,0,0,0,[0|0],710570,[0|0|0|0|0|0|0|0],
9410,,1,0,[0|0|0],-1,-1,0,0,-1,0,-1,999999,-1,-1,0,-1,0,0,0,-1,-1,-1,1,0,50,1,0,0,0,0,0,0,0,[0|0],0,0,0,0,0,0,0,0,0,0,0,0,0,0,0,0,0,0,0,0,0,0,0,0,0,-1,-1,-1,-1,-1,-1,-1,-1,1,0,0,0,0,0,0,0,0,0,0,1,0,2,0,1,0,1,255,1,0,0,0,0,2,0,0,-1,0,-1,-1,-1,0,0,0,0,0,0,0,0,0,0,0,0,0,0,0,0,0,0,[0|0],710570,[0|0|0|0|0|0|0|0],
9420,法力斯的制作笔记【１】,1,0,[0|0|0],-1,-1,0,0,-1,0,-1,205550,-1,-1,0,-1,0,3125,0,-1,-1,-1,1,0,50,1,0,0,0,0,0,0,0,[0|0],0,0,0,0,0,0,0,0,0,0,0,0,0,0,0,0,0,0,0,0,0,0,0,0,0,-1,-1,-1,-1,-1,-1,-1,-1,1,0,0,0,0,0,0,0,0,0,0,1,0,2,0,1,0,1,60,1,0,0,0,0,2,0,0,-1,0,-1,-1,-1,0,0,0,0,0,0,0,0,0,0,0,0,0,0,0,0,0,0,[0|0],710570,[0|0|0|0|0|0|0|0],对圣女托莉娜为之倾倒的男性写下的制作笔记。\n他在酣梦之中，不停寻找托莉娜的身影。\n\n能制作下列道具：\n\n·催眠壶
9421,法力斯的制作笔记【３】,1,0,[0|0|0],-1,-1,0,0,-1,0,-1,205570,-1,-1,0,-1,0,3125,0,-1,-1,-1,1,0,50,1,0,0,0,0,0,0,0,[0|0],0,0,0,0,0,0,0,0,0,0,0,0,0,0,0,0,0,0,0,0,0,0,0,0,0,-1,-1,-1,-1,-1,-1,-1,-1,1,0,0,0,0,0,0,0,0,0,0,1,0,2,0,1,0,1,60,1,0,0,0,0,2,0,0,-1,0,-1,-1,-1,0,0,0,0,0,0,0,0,0,0,0,0,0,0,0,0,0,0,[0|0],710570,[0|0|0|0|0|0|0|0],对圣女托莉娜为之倾倒的男性写下的制作笔记。\n他在酣梦之中，不停寻找托莉娜的身影。\n\n能制作下列道具：\n\n·魅惑树枝
9422,法力斯的制作笔记【２】,1,0,[0|0|0],-1,-1,0,0,-1,0,-1,205560,-1,-1,0,-1,0,3125,0,-1,-1,-1,1,0,50,1,0,0,0,0,0,0,0,[0|0],0,0,0,0,0,0,0,0,0,0,0,0,0,0,0,0,0,0,0,0,0,0,0,0,0,-1,-1,-1,-1,-1,-1,-1,-1,1,0,0,0,0,0,0,0,0,0,0,1,0,2,0,1,0,1,60,1,0,0,0,0,2,0,0,-1,0,-1,-1,-1,0,0,0,0,0,0,0,0,0,0,0,0,0,0,0,0,0,0,[0|0],710570,[0|0|0|0|0|0|0|0],对圣女托莉娜为之倾倒的男性写下的制作笔记。\n他在酣梦之中，不停寻找托莉娜的身影。\n\n能制作下列道具：\n\n·催眠油脂\n·附绳催眠油脂\n·兽骨催眠箭\n·兽骨催眠箭（附箭羽）\n·兽骨催眠弩箭
9423,传道士的制作笔记【７】,1,0,[0|0|0],-1,-1,0,0,-1,0,-1,205460,-1,-1,0,-1,0,3122,0,-1,-1,-1,1,0,50,1,0,0,0,0,0,0,0,[0|0],0,0,0,0,0,0,0,0,0,0,0,0,0,0,0,0,0,0,0,0,0,0,0,0,0,-1,-1,-1,-1,-1,-1,-1,-1,1,0,0,0,0,0,0,0,0,0,0,1,0,2,0,1,0,1,60,1,0,0,0,0,2,0,0,-1,0,-1,-1,-1,0,0,0,0,0,0,0,0,0,0,0,0,0,0,0,0,0,0,[0|0],710570,[0|0|0|0|0|0|0|0],无法成为指头女巫的男性写下的制作笔记。\n他作为传道士，借此传播神圣的知识。\n\n能制作下列道具：\n\n·死亡苔药
9424,,1,0,[0|0|0],-1,-1,0,0,-1,0,-1,999999,-1,-1,0,-1,0,0,0,-1,-1,-1,1,0,50,1,0,0,0,0,0,0,0,[0|0],0,0,0,0,0,0,0,0,0,0,0,0,0,0,0,0,0,0,0,0,0,0,0,0,0,-1,-1,-1,-1,-1,-1,-1,-1,1,0,0,0,0,0,0,0,0,0,0,1,0,2,0,1,0,1,255,1,0,0,0,0,2,0,0,-1,0,-1,-1,-1,0,0,0,0,0,0,0,0,0,0,0,0,0,0,0,0,0,0,[0|0],710570,[0|0|0|0|0|0|0|0],
9425,,1,0,[0|0|0],-1,-1,0,0,-1,0,-1,999999,-1,-1,0,-1,0,0,0,-1,-1,-1,1,0,50,1,0,0,0,0,0,0,0,[0|0],0,0,0,0,0,0,0,0,0,0,0,0,0,0,0,0,0,0,0,0,0,0,0,0,0,-1,-1,-1,-1,-1,-1,-1,-1,1,0,0,0,0,0,0,0,0,0,0,1,0,2,0,1,0,1,255,1,0,0,0,0,2,0,0,-1,0,-1,-1,-1,0,0,0,0,0,0,0,0,0,0,0,0,0,0,0,0,0,0,[0|0],710570,[0|0|0|0|0|0|0|0],
9426,,1,0,[0|0|0],-1,-1,0,0,-1,0,-1,999999,-1,-1,0,-1,0,0,0,-1,-1,-1,1,0,50,1,0,0,0,0,0,0,0,[0|0],0,0,0,0,0,0,0,0,0,0,0,0,0,0,0,0,0,0,0,0,0,0,0,0,0,-1,-1,-1,-1,-1,-1,-1,-1,1,0,0,0,0,0,0,0,0,0,0,1,0,2,0,1,0,1,255,1,0,0,0,0,2,0,0,-1,0,-1,-1,-1,0,0,0,0,0,0,0,0,0,0,0,0,0,0,0,0,0,0,[0|0],710570,[0|0|0|0|0|0|0|0],
9427,,1,0,[0|0|0],-1,-1,0,0,-1,0,-1,999999,-1,-1,0,-1,0,0,0,-1,-1,-1,1,0,50,1,0,0,0,0,0,0,0,[0|0],0,0,0,0,0,0,0,0,0,0,0,0,0,0,0,0,0,0,0,0,0,0,0,0,0,-1,-1,-1,-1,-1,-1,-1,-1,1,0,0,0,0,0,0,0,0,0,0,1,0,2,0,1,0,1,255,1,0,0,0,0,2,0,0,-1,0,-1,-1,-1,0,0,0,0,0,0,0,0,0,0,0,0,0,0,0,0,0,0,[0|0],710570,[0|0|0|0|0|0|0|0],
9428,,1,0,[0|0|0],-1,-1,0,0,-1,0,-1,999999,-1,-1,0,-1,0,0,0,-1,-1,-1,1,0,50,1,0,0,0,0,0,0,0,[0|0],0,0,0,0,0,0,0,0,0,0,0,0,0,0,0,0,0,0,0,0,0,0,0,0,0,-1,-1,-1,-1,-1,-1,-1,-1,1,0,0,0,0,0,0,0,0,0,0,1,0,2,0,1,0,1,255,1,0,0,0,0,2,0,0,-1,0,-1,-1,-1,0,0,0,0,0,0,0,0,0,0,0,0,0,0,0,0,0,0,[0|0],710570,[0|0|0|0|0|0|0|0],
9429,,1,0,[0|0|0],-1,-1,0,0,-1,0,-1,999999,-1,-1,0,-1,0,0,0,-1,-1,-1,1,0,50,1,0,0,0,0,0,0,0,[0|0],0,0,0,0,0,0,0,0,0,0,0,0,0,0,0,0,0,0,0,0,0,0,0,0,0,-1,-1,-1,-1,-1,-1,-1,-1,1,0,0,0,0,0,0,0,0,0,0,1,0,2,0,1,0,1,255,1,0,0,0,0,2,0,0,-1,0,-1,-1,-1,0,0,0,0,0,0,0,0,0,0,0,0,0,0,0,0,0,0,[0|0],710570,[0|0|0|0|0|0|0|0],
9430,,1,0,[0|0|0],-1,-1,0,0,-1,0,-1,999999,-1,-1,0,-1,0,0,0,-1,-1,-1,1,0,50,1,0,0,0,0,0,0,0,[0|0],0,0,0,0,0,0,0,0,0,0,0,0,0,0,0,0,0,0,0,0,0,0,0,0,0,-1,-1,-1,-1,-1,-1,-1,-1,1,0,0,0,0,0,0,0,0,0,0,1,0,2,0,1,0,1,255,1,0,0,0,0,2,0,0,-1,0,-1,-1,-1,0,0,0,0,0,0,0,0,0,0,0,0,0,0,0,0,0,0,[0|0],710570,[0|0|0|0|0|0|0|0],
9440,罹病者的制作笔记【１】,1,0,[0|0|0],-1,-1,0,0,-1,0,-1,205580,-1,-1,0,-1,0,3126,0,-1,-1,-1,1,0,50,1,0,0,0,0,0,0,0,[0|0],0,0,0,0,0,0,0,0,0,0,0,0,0,0,0,0,0,0,0,0,0,0,0,0,0,-1,-1,-1,-1,-1,-1,-1,-1,1,0,0,0,0,0,0,0,0,0,0,1,0,2,0,1,0,1,60,1,0,0,0,0,2,0,0,-1,0,-1,-1,-1,0,0,0,0,0,0,0,0,0,0,0,0,0,0,0,0,0,0,[0|0],710570,[0|0|0|0|0|0|0|0],癫火病的罹病者们写下的制作笔记。\n内容记载着穷途末路之际发现的技术。\n\n能制作下列道具：\n\n·发狂苔药
9441,罹病者的制作笔记【２】,1,0,[0|0|0],-1,-1,0,0,-1,0,-1,205590,-1,-1,0,-1,0,3126,0,-1,-1,-1,1,0,50,1,0,0,0,0,0,0,0,[0|0],0,0,0,0,0,0,0,0,0,0,0,0,0,0,0,0,0,0,0,0,0,0,0,0,0,-1,-1,-1,-1,-1,-1,-1,-1,1,0,0,0,0,0,0,0,0,0,0,1,0,2,0,1,0,1,60,1,0,0,0,0,2,0,0,-1,0,-1,-1,-1,0,0,0,0,0,0,0,0,0,0,0,0,0,0,0,0,0,0,[0|0],710570,[0|0|0|0|0|0|0|0],癫火病的罹病者们写下的制作笔记。\n内容记载着穷途末路之际发现的技术。\n\n能制作下列道具：\n\n·癫火石
9442,,1,0,[0|0|0],-1,-1,0,0,-1,0,-1,999999,-1,-1,0,-1,0,0,0,-1,-1,-1,1,0,50,1,0,0,0,0,0,0,0,[0|0],0,0,0,0,0,0,0,0,0,0,0,0,0,0,0,0,0,0,0,0,0,0,0,0,0,-1,-1,-1,-1,-1,-1,-1,-1,1,0,0,0,0,0,0,0,0,0,0,1,0,2,0,1,0,1,255,1,0,0,0,0,2,0,0,-1,0,-1,-1,-1,0,0,0,0,0,0,0,0,0,0,0,0,0,0,0,0,0,0,[0|0],710570,[0|0|0|0|0|0|0|0],
9443,,1,0,[0|0|0],-1,-1,0,0,-1,0,-1,999999,-1,-1,0,-1,0,0,0,-1,-1,-1,1,0,50,1,0,0,0,0,0,0,0,[0|0],0,0,0,0,0,0,0,0,0,0,0,0,0,0,0,0,0,0,0,0,0,0,0,0,0,-1,-1,-1,-1,-1,-1,-1,-1,1,0,0,0,0,0,0,0,0,0,0,1,0,2,0,1,0,1,255,1,0,0,0,0,2,0,0,-1,0,-1,-1,-1,0,0,0,0,0,0,0,0,0,0,0,0,0,0,0,0,0,0,[0|0],710570,[0|0|0|0|0|0|0|0],
9444,,1,0,[0|0|0],-1,-1,0,0,-1,0,-1,999999,-1,-1,0,-1,0,0,0,-1,-1,-1,1,0,50,1,0,0,0,0,0,0,0,[0|0],0,0,0,0,0,0,0,0,0,0,0,0,0,0,0,0,0,0,0,0,0,0,0,0,0,-1,-1,-1,-1,-1,-1,-1,-1,1,0,0,0,0,0,0,0,0,0,0,1,0,2,0,1,0,1,255,1,0,0,0,0,2,0,0,-1,0,-1,-1,-1,0,0,0,0,0,0,0,0,0,0,0,0,0,0,0,0,0,0,[0|0],710570,[0|0|0|0|0|0|0|0],
9445,,1,0,[0|0|0],-1,-1,0,0,-1,0,-1,999999,-1,-1,0,-1,0,0,0,-1,-1,-1,1,0,50,1,0,0,0,0,0,0,0,[0|0],0,0,0,0,0,0,0,0,0,0,0,0,0,0,0,0,0,0,0,0,0,0,0,0,0,-1,-1,-1,-1,-1,-1,-1,-1,1,0,0,0,0,0,0,0,0,0,0,1,0,2,0,1,0,1,255,1,0,0,0,0,2,0,0,-1,0,-1,-1,-1,0,0,0,0,0,0,0,0,0,0,0,0,0,0,0,0,0,0,[0|0],710570,[0|0|0|0|0|0|0|0],
9446,,1,0,[0|0|0],-1,-1,0,0,-1,0,-1,999999,-1,-1,0,-1,0,0,0,-1,-1,-1,1,0,50,1,0,0,0,0,0,0,0,[0|0],0,0,0,0,0,0,0,0,0,0,0,0,0,0,0,0,0,0,0,0,0,0,0,0,0,-1,-1,-1,-1,-1,-1,-1,-1,1,0,0,0,0,0,0,0,0,0,0,1,0,2,0,1,0,1,255,1,0,0,0,0,2,0,0,-1,0,-1,-1,-1,0,0,0,0,0,0,0,0,0,0,0,0,0,0,0,0,0,0,[0|0],710570,[0|0|0|0|0|0|0|0],
9447,,1,0,[0|0|0],-1,-1,0,0,-1,0,-1,999999,-1,-1,0,-1,0,0,0,-1,-1,-1,1,0,50,1,0,0,0,0,0,0,0,[0|0],0,0,0,0,0,0,0,0,0,0,0,0,0,0,0,0,0,0,0,0,0,0,0,0,0,-1,-1,-1,-1,-1,-1,-1,-1,1,0,0,0,0,0,0,0,0,0,0,1,0,2,0,1,0,1,255,1,0,0,0,0,2,0,0,-1,0,-1,-1,-1,0,0,0,0,0,0,0,0,0,0,0,0,0,0,0,0,0,0,[0|0],710570,[0|0|0|0|0|0|0|0],
9448,,1,0,[0|0|0],-1,-1,0,0,-1,0,-1,999999,-1,-1,0,-1,0,0,0,-1,-1,-1,1,0,50,1,0,0,0,0,0,0,0,[0|0],0,0,0,0,0,0,0,0,0,0,0,0,0,0,0,0,0,0,0,0,0,0,0,0,0,-1,-1,-1,-1,-1,-1,-1,-1,1,0,0,0,0,0,0,0,0,0,0,1,0,2,0,1,0,1,255,1,0,0,0,0,2,0,0,-1,0,-1,-1,-1,0,0,0,0,0,0,0,0,0,0,0,0,0,0,0,0,0,0,[0|0],710570,[0|0|0|0|0|0|0|0],
9449,,1,0,[0|0|0],-1,-1,0,0,-1,0,-1,999999,-1,-1,0,-1,0,0,0,-1,-1,-1,1,0,50,1,0,0,0,0,0,0,0,[0|0],0,0,0,0,0,0,0,0,0,0,0,0,0,0,0,0,0,0,0,0,0,0,0,0,0,-1,-1,-1,-1,-1,-1,-1,-1,1,0,0,0,0,0,0,0,0,0,0,1,0,2,0,1,0,1,255,1,0,0,0,0,2,0,0,-1,0,-1,-1,-1,0,0,0,0,0,0,0,0,0,0,0,0,0,0,0,0,0,0,[0|0],710570,[0|0|0|0|0|0|0|0],
9450,,1,0,[0|0|0],-1,-1,0,0,-1,0,-1,999999,-1,-1,0,-1,0,0,0,-1,-1,-1,1,0,50,1,0,0,0,0,0,0,0,[0|0],0,0,0,0,0,0,0,0,0,0,0,0,0,0,0,0,0,0,0,0,0,0,0,0,0,-1,-1,-1,-1,-1,-1,-1,-1,1,0,0,0,0,0,0,0,0,0,0,1,0,2,0,1,0,1,255,1,0,0,0,0,2,0,0,-1,0,-1,-1,-1,0,0,0,0,0,0,0,0,0,0,0,0,0,0,0,0,0,0,[0|0],710570,[0|0|0|0|0|0|0|0],
9500,龟裂壶,0,0,[0|0|0],-1,-1,0,0,-1,0,-1,202000,-1,-1,0,1,0,504,0,-1,-1,-1,20,0,50,11,0,0,0,0,0,0,0,[0|0],0,0,0,0,0,0,0,1,0,0,0,0,0,0,0,0,0,0,0,0,0,0,0,0,0,-1,-1,-1,-1,-1,-1,-1,-1,1,0,0,0,0,0,0,0,0,0,0,1,0,2,0,1,0,0,30,1,0,0,0,0,2,0,0,-1,0,-1,-1,-1,0,0,0,0,0,0,0,0,0,0,0,0,0,0,0,0,0,0,[0|0],710580,[0|0|0|0|0|0|0|0],即使坏掉也会复原的空壶。\n制作龟裂壶类道具所需的容器。\n\n壶内可以封入各种材料与法术，\n投出后能发挥效用。
9501,仪式壶,1,0,[0|0|0],-1,-1,0,0,-1,0,-1,202010,-1,-1,0,3,0,3010,0,-1,-1,-1,10,0,50,11,0,0,0,0,0,0,0,[0|0],0,0,0,0,0,0,0,1,0,0,0,0,0,0,0,0,0,0,0,0,0,0,0,0,0,-1,-1,-1,-1,-1,-1,-1,-1,1,0,0,0,0,0,0,0,0,0,0,1,0,2,0,1,0,0,30,1,0,0,0,0,2,0,0,-1,0,-1,-1,-1,0,0,0,0,0,0,0,0,0,0,0,0,0,0,0,0,0,0,[0|0],0,[0|0|0|0|0|0|0|0],即使坏掉也会复原的空壶。\n承载力比龟裂壶更强的特殊物品。\n\n制作仪式壶类道具所需的容器。\n\n壶内可以封入各种材料与法术，\n投出后能发挥效用。
9510,调香瓶,1,0,[0|0|0],-1,-1,0,0,-1,0,-1,202020,-1,-1,0,2,0,443,0,-1,-1,-1,10,0,50,11,0,0,0,0,0,0,0,[0|0],0,0,0,0,0,0,0,1,0,0,0,0,0,0,0,0,0,0,0,0,0,0,0,0,0,-1,-1,-1,-1,-1,-1,-1,-1,1,0,0,0,0,0,0,0,0,0,0,1,0,2,0,1,0,0,30,1,0,0,0,0,2,0,0,-1,0,-1,-1,-1,0,0,0,0,0,0,0,0,0,0,0,0,0,0,0,0,0,0,[0|0],0,[0|0|0|0|0|0|0|0],调香师们使用的玻璃瓶。\n能封入各种调配香料。\n\n制作调香类道具所需的容器。\n\n调香术在过去曾是王城的秘术，\n然而当调香师们投身破碎战争的战场，\n这项技术因此在交界地各处广为流传。
10000,玻璃碎片,1,0,[0|0|0],-1,-1,0,0,0,0,-1,7080,-1,-1,0,-1,0,382,0,-1,-1,-1,99,0,50,0,0,0,0,0,0,0,0,[0|0],0,0,0,0,0,0,0,1,0,0,0,1,1,0,0,0,0,0,0,0,0,0,0,0,0,-1,-1,-1,-1,-1,-1,-1,-1,1,0,0,0,0,0,0,0,0,0,1,1,0,2,0,1,0,600,80,1,0,0,0,0,0,0,0,-1,0,-1,-1,-1,0,0,0,0,0,0,0,0,0,0,0,0,0,0,0,0,0,0,[0|0],0,[0|0|0|0|0|0|0|0],骯脏的玻璃碎片。\n\n能稍微反射光线，功能也不过如此。\n放在远处乍看之下，会让人以为是珍贵物品。\n\n绝对不会自行发光。\n简单来说，是垃圾残渣。
10010,黄金种子,1,0,[0|0|0],-1,-1,0,0,-1,0,-1,150010,-1,-1,0,-1,0,383,0,-1,-1,-1,99,0,50,14,0,0,0,0,0,0,0,[0|0],0,0,0,0,0,0,0,1,0,0,0,0,1,0,0,0,0,0,0,1,0,0,0,0,0,-1,-1,-1,-1,-1,-1,-1,-1,1,0,0,0,0,0,0,0,0,0,0,1,0,2,0,1,0,600,10,1,0,0,0,0,2,0,0,-1,0,-1,-1,-1,0,0,0,0,0,0,0,0,0,0,0,0,0,0,0,0,0,0,[0|0],0,[0|0|0|0|0|0|0|0],在幻影树的树根找到的黄金种子。\n\n能够增加圣杯瓶的使用次数。\n（需在赐福使用。）\n\n在艾尔登法环破碎之际，\n黄金树将黄金种子投向各区域──\n有如生命明了自己最后的下场。
10020,圣杯露滴,1,0,[0|0|0],-1,-1,0,0,-1,0,-1,150000,-1,-1,0,-1,0,384,0,-1,-1,-1,99,0,50,14,0,0,0,0,0,0,0,[0|0],0,0,0,0,0,0,0,1,0,0,0,0,1,0,0,0,0,0,0,1,0,0,0,0,0,-1,-1,-1,-1,-1,-1,-1,-1,1,0,0,0,0,0,0,0,0,0,0,1,0,2,0,1,0,600,10,1,0,0,0,0,2,0,0,-1,0,-1,-1,-1,0,0,0,0,0,0,0,0,0,0,0,0,0,0,0,0,0,0,[0|0],0,[0|0|0|0|0|0|0|0],供奉在各处教堂内的黄金树恩惠。\n此为所剩无几的碎屑。\n\n能够提升圣杯瓶的恢复量。\n（需在赐福使用。）\n\n在黄金树时代，露滴是传教活动中的关键。\n当时的露滴确实赐予了恩惠。
10030,记忆石,1,0,[0|0|0],-1,-1,0,0,-1,0,-1,202030,-1,-1,0,-1,0,553,0,-1,-1,-1,8,0,50,1,0,0,0,0,0,0,0,[0|0],0,0,0,0,0,0,0,1,0,0,0,0,0,0,0,0,0,0,0,0,0,0,0,0,0,-1,-1,-1,-1,-1,-1,-1,-1,1,0,0,0,0,0,0,0,0,0,0,1,0,2,0,1,0,0,30,1,0,0,0,0,2,0,0,-1,0,-1,-1,-1,0,0,0,0,0,0,0,0,0,0,0,0,0,0,0,0,0,0,[0|0],0,[0|0|0|0|0|0|0|0],带一点神秘色彩的黑色石头。\n经过加工的物品，魔法师们的秘密宝藏。\n\n能增加记忆空格。\n\n在过去，永恒之城的上空挂着黑色月亮，\n据说此为那轮月亮的碎片。
10040,护符皮袋,1,0,[0|0|0],-1,-1,0,0,-1,0,-1,202040,-1,-1,0,-1,0,554,0,-1,-1,-1,3,0,50,1,0,0,0,0,0,0,0,[0|0],0,0,0,0,0,0,0,1,0,0,0,0,0,0,0,0,0,0,0,0,0,0,0,0,0,-1,-1,-1,-1,-1,-1,-1,-1,1,0,0,0,0,0,0,0,0,0,0,1,0,2,0,1,0,0,30,1,0,0,0,0,2,0,0,-1,0,-1,-1,-1,0,0,0,0,0,0,0,0,0,0,0,0,0,0,0,0,0,0,[0|0],0,[0|0|0|0|0|0|0|0],干缩的手工小皮袋。\n解指老妪会赠予王，或是希望成为王的人物。\n\n能增加护符的装备数量。\n\n解指替双指发声，拥有永恒生命。\n据说她是王的乳母。
10060,龙心脏,0,0,[0|0|0],-1,-1,0,0,-1,0,-1,204320,-1,-1,0,-1,0,3230,0,-1,-1,-1,99,0,50,1,0,0,0,0,0,0,0,[0|0],0,0,0,0,0,0,0,1,0,0,0,0,1,0,0,0,0,0,0,0,0,0,0,0,0,-1,-1,-1,-1,-1,-1,-1,-1,1,0,0,0,0,0,0,0,0,0,0,1,0,2,0,1,0,600,50,1,0,0,0,0,2,0,0,-1,0,-1,-1,-1,0,0,0,0,0,0,0,0,0,0,0,0,0,0,0,0,0,0,[0|0],0,[0|0|0|0|0|0|0|0],猎龙行动的成果──龙的心脏。\n混杂碎石的异样物品，仍传出脉动。\n\n称作“龙飨”的仪式所需的供品。\n在祭坛上吞下此物，能将龙的力量化为己有。\n\n那模样恐怖又野蛮，却也十分美丽。
10070,失力战灰,1,0,[0|0|0],-1,-1,0,0,500,0,-1,204330,-1,-1,0,-1,0,3223,0,-1,-1,-1,99,0,50,1,0,0,0,0,0,0,0,[0|0],0,0,0,0,0,0,0,1,0,0,0,0,1,0,0,0,0,0,0,0,0,0,0,0,0,-1,-1,-1,-1,-1,-1,-1,-1,1,0,0,0,0,0,0,0,0,0,0,1,0,2,0,1,0,600,50,1,0,0,0,0,1,0,0,-1,0,-1,-1,-1,0,0,0,0,0,0,0,0,0,0,0,0,0,0,0,0,0,0,[0|0],0,[0|0|0|0|0|0|0|0],失去战斗记忆的战灰空壳。\n\n无法替武器赋予任何效果。\n透过圆桌厅堂的铁匠修古的帮助，\n能成为所有战灰的复制品。\n\n复制品会变成另一个真品。
10080,无缘诞生者的大卢恩,1,0,[0|0|0],-1,-1,0,0,-1,0,-1,200060,-1,-1,0,-1,0,3202,0,-1,-1,-1,1,0,50,1,0,0,0,0,0,0,0,[0|0],0,0,0,0,0,0,0,0,0,0,0,0,0,0,1,0,0,0,0,0,0,0,0,0,0,-1,-1,-1,-1,-1,-1,-1,-1,1,0,0,0,0,0,0,0,0,0,0,1,0,2,0,1,0,1,10,1,0,0,0,0,3,0,0,-1,0,-1,-1,-1,0,0,0,0,0,0,0,0,0,0,0,0,0,0,0,0,0,0,[0|0],0,[0|0|0|0|0|0|0|0],“满月女王”蕾娜菈抱着的琥珀卵。\n无缘诞生的半神拥有的大卢恩。\n\n能让“重新诞生”变得完整。\n\n蕾娜菈的那群重新诞生的孩子，\n全部都相当脆弱，而且短命──\n原因就出在那不完整。
10100,锻造石【１】,0,0,[0|0|0],-1,-1,0,0,100,0,-1,151000,-1,-1,0,-1,0,2000,0,-1,-1,-1,999,0,50,14,0,0,0,0,0,0,0,[0|0],0,0,0,0,0,0,0,1,0,0,0,1,1,0,0,0,0,0,0,1,0,0,0,0,0,-1,-1,-1,-1,-1,-1,-1,-1,1,0,0,0,0,0,0,0,0,1,0,1,0,2,0,1,0,999,20,1,0,0,0,0,1,0,0,-1,0,-1,-1,-1,0,0,0,0,0,0,0,0,0,0,0,0,0,0,0,0,0,0,[0|0],0,[0|0|0|0|0|0|0|0],在交界地用来锻造各类武器的石头，\n其中十分常见的碎片。\n\n能将武器强化至＋３。\n\n锻造石遍布整个交界地，\n各处皆有为了开采它而挖掘的坑道。
10101,锻造石【２】,1,0,[0|0|0],-1,-1,0,0,200,0,-1,151010,-1,-1,0,-1,0,2001,0,-1,-1,-1,999,0,50,14,0,0,0,0,0,0,0,[0|0],0,0,0,0,0,0,0,1,0,0,0,1,1,0,0,0,0,0,0,1,0,0,0,0,0,-1,-1,-1,-1,-1,-1,-1,-1,1,0,0,0,0,0,0,0,0,1,0,1,0,2,0,1,0,999,20,1,0,0,0,0,1,0,0,-1,0,-1,-1,-1,0,0,0,0,0,0,0,0,0,0,0,0,0,0,0,0,0,0,[0|0],0,[0|0|0|0|0|0|0|0],在交界地用来锻造各类武器的石头，\n其中十分常见的大碎片。\n\n能将武器强化至＋６。\n\n锻造石遍布整个交界地，\n各处皆有为了开采它而挖掘的坑道。
10102,锻造石【３】,1,0,[0|0|0],-1,-1,0,0,300,0,-1,151020,-1,-1,0,-1,0,2002,0,-1,-1,-1,999,0,50,14,0,0,0,0,0,0,0,[0|0],0,0,0,0,0,0,0,1,0,0,0,1,1,0,0,0,0,0,0,1,0,0,0,0,0,-1,-1,-1,-1,-1,-1,-1,-1,1,0,0,0,0,0,0,0,0,1,0,1,0,2,0,1,0,999,20,1,0,0,0,0,1,0,0,-1,0,-1,-1,-1,0,0,0,0,0,0,0,0,0,0,0,0,0,0,0,0,0,0,[0|0],0,[0|0|0|0|0|0|0|0],在交界地用来锻造各类武器的石头，\n其中特别坚硬的一种。\n\n能将武器强化至＋９。\n\n锻造石遍布整个交界地，\n各处皆有为了开采它而挖掘的坑道。
10103,锻造石【４】,1,0,[0|0|0],-1,-1,0,0,400,0,-1,151030,-1,-1,0,-1,0,2003,0,-1,-1,-1,999,0,50,14,0,0,0,0,0,0,0,[0|0],0,0,0,0,0,0,0,1,0,0,0,1,1,0,0,0,0,0,0,1,0,0,0,0,0,-1,-1,-1,-1,-1,-1,-1,-1,1,0,0,0,0,0,0,0,0,1,0,1,0,2,0,1,0,999,20,1,0,0,0,0,1,0,0,-1,0,-1,-1,-1,0,0,0,0,0,0,0,0,0,0,0,0,0,0,0,0,0,0,[0|0],0,[0|0|0|0|0|0|0|0],在交界地用来锻造各类武器的石头，\n其中特别坚硬、大颗的一种。\n\n能将武器强化至＋１２。\n\n锻造石遍布整个交界地，\n各处皆有为了开采它而挖掘的坑道。
10104,锻造石【５】,1,0,[0|0|0],-1,-1,0,0,500,0,-1,151040,-1,-1,0,-1,0,2004,0,-1,-1,-1,999,0,50,14,0,0,0,0,0,0,0,[0|0],0,0,0,0,0,0,0,1,0,0,0,1,1,0,0,0,0,0,0,1,0,0,0,0,0,-1,-1,-1,-1,-1,-1,-1,-1,1,0,0,0,0,0,0,0,0,1,0,1,0,2,0,1,0,999,20,1,0,0,0,0,1,0,0,-1,0,-1,-1,-1,0,0,0,0,0,0,0,0,0,0,0,0,0,0,0,0,0,0,[0|0],0,[0|0|0|0|0|0|0|0],在交界地用来锻造各类武器的石头，\n其中含有黄金，较为罕见的一种。\n\n能将武器强化至＋１５。\n\n此锻造石于黄金树树脚的地区开采。\n据说王城军之所以精锐，其为背后功臣。
10105,锻造石【６】,1,0,[0|0|0],-1,-1,0,0,600,0,-1,151050,-1,-1,0,-1,0,2005,0,-1,-1,-1,999,0,50,14,0,0,0,0,0,0,0,[0|0],0,0,0,0,0,0,0,1,0,0,0,1,1,0,0,0,0,0,0,1,0,0,0,0,0,-1,-1,-1,-1,-1,-1,-1,-1,1,0,0,0,0,0,0,0,0,1,0,1,0,2,0,1,0,999,20,1,0,0,0,0,1,0,0,-1,0,-1,-1,-1,0,0,0,0,0,0,0,0,0,0,0,0,0,0,0,0,0,0,[0|0],0,[0|0|0|0|0|0|0|0],在交界地用来锻造各类武器的石头，\n其中含有黄金、大颗的一种。\n\n能将武器强化至＋１８。\n\n此锻造石于黄金树树脚的地区开采。\n据说王城军之所以精锐，其为背后功臣。
10106,锻造石【７】,1,0,[0|0|0],-1,-1,0,0,700,0,-1,151060,-1,-1,0,-1,0,2006,0,-1,-1,-1,999,0,50,14,0,0,0,0,0,0,0,[0|0],0,0,0,0,0,0,0,1,0,0,0,1,1,0,0,0,0,0,0,1,0,0,0,0,0,-1,-1,-1,-1,-1,-1,-1,-1,1,0,0,0,0,0,0,0,0,1,0,1,0,2,0,1,0,999,20,1,0,0,0,0,1,0,0,-1,0,-1,-1,-1,0,0,0,0,0,0,0,0,0,0,0,0,0,0,0,0,0,0,[0|0],0,[0|0|0|0|0|0|0|0],在交界地用来锻造各类武器的石头，\n其中产自极地，半玻璃化的一种。\n\n能将武器强化至＋２１。\n\n据说在黄金树之始，那场巨人战争中，\n此锻造石用在锻造众英雄的武器。
10107,锻造石【８】,1,0,[0|0|0],-1,-1,0,0,800,0,-1,151070,-1,-1,0,-1,0,2007,0,-1,-1,-1,999,0,50,14,0,0,0,0,0,0,0,[0|0],0,0,0,0,0,0,0,1,0,0,0,1,1,0,0,0,0,0,0,1,0,0,0,0,0,-1,-1,-1,-1,-1,-1,-1,-1,1,0,0,0,0,0,0,0,0,1,0,1,0,2,0,1,0,999,20,1,0,0,0,0,1,0,0,-1,0,-1,-1,-1,0,0,0,0,0,0,0,0,0,0,0,0,0,0,0,0,0,0,[0|0],0,[0|0|0|0|0|0|0|0],在交界地用来锻造各类武器的石头，\n其中产自极地，半玻璃化、大颗的一种。\n\n能将武器强化至＋２４。\n\n据说在黄金树之始，那场巨人战争中，\n此锻造石用在锻造众英雄的武器。
10140,古龙岩锻造石,1,0,[0|0|0],-1,-1,0,0,1000,0,-1,151080,-1,-1,0,-1,0,2008,0,-1,-1,-1,999,0,50,14,0,0,0,0,0,0,0,[0|0],0,0,0,0,0,0,0,1,0,0,0,1,1,0,0,0,0,0,0,1,0,0,0,0,0,-1,-1,-1,-1,-1,-1,-1,-1,1,0,0,0,0,0,0,0,0,1,0,1,0,2,0,1,0,999,20,1,0,0,0,0,3,0,0,-1,0,-1,-1,-1,0,0,0,0,0,0,0,0,0,0,0,0,0,0,0,0,0,0,[0|0],0,[0|0|0|0|0|0|0|0],打磨黄金碎石而成的锻造石。\n此为古龙之王的鳞片，\n法姆·亚兹拉的秘密宝藏。\n\n能将武器强化至＋２５。\n\n据说古龙之王坐镇时空夹缝之中，\n此锻造石带有些微时空扭曲的现象。\n也因此，能用于锻造弒神武器。
10160,失色锻造石【１】,1,0,[0|0|0],-1,-1,0,0,200,0,-1,152000,-1,-1,0,-1,0,2010,0,-1,-1,-1,999,0,50,14,0,0,0,0,0,0,0,[0|0],0,0,0,0,0,0,0,1,0,0,0,1,1,0,0,0,0,0,0,1,0,0,0,0,0,-1,-1,-1,-1,-1,-1,-1,-1,1,0,0,0,0,0,0,0,0,1,0,1,0,2,0,1,0,999,30,1,0,0,0,0,1,0,0,-1,0,-1,-1,-1,0,0,0,0,0,0,0,0,0,0,0,0,0,0,0,0,0,0,[0|0],0,[0|0|0|0|0|0|0|0],失去颜色的锻造石碎片。\n\n能将特殊武器强化至＋１。\n\n各种具备固有力量的特殊武器，\n无法利用具有色彩的锻造石强化。\n能强化的程度与强度，也和一般武器不同。
10161,失色锻造石【２】,1,0,[0|0|0],-1,-1,0,0,400,0,-1,152010,-1,-1,0,-1,0,2011,0,-1,-1,-1,999,0,50,14,0,0,0,0,0,0,0,[0|0],0,0,0,0,0,0,0,1,0,0,0,1,1,0,0,0,0,0,0,1,0,0,0,0,0,-1,-1,-1,-1,-1,-1,-1,-1,1,0,0,0,0,0,0,0,0,1,0,1,0,2,0,1,0,999,30,1,0,0,0,0,1,0,0,-1,0,-1,-1,-1,0,0,0,0,0,0,0,0,0,0,0,0,0,0,0,0,0,0,[0|0],0,[0|0|0|0|0|0|0|0],失去颜色的锻造石大碎片。\n\n能将特殊武器强化至＋２。\n\n各种具备固有力量的特殊武器，\n无法利用具有色彩的锻造石强化。\n能强化的程度与强度，也和一般武器不同。
10162,失色锻造石【３】,1,0,[0|0|0],-1,-1,0,0,600,0,-1,152020,-1,-1,0,-1,0,2012,0,-1,-1,-1,999,0,50,14,0,0,0,0,0,0,0,[0|0],0,0,0,0,0,0,0,1,0,0,0,1,1,0,0,0,0,0,0,1,0,0,0,0,0,-1,-1,-1,-1,-1,-1,-1,-1,1,0,0,0,0,0,0,0,0,1,0,1,0,2,0,1,0,999,30,1,0,0,0,0,1,0,0,-1,0,-1,-1,-1,0,0,0,0,0,0,0,0,0,0,0,0,0,0,0,0,0,0,[0|0],0,[0|0|0|0|0|0|0|0],失去颜色的硬质锻造石。\n\n能将特殊武器强化至＋３。\n\n各种具备固有力量的特殊武器，\n无法利用具有色彩的锻造石强化。\n能强化的程度与强度，也和一般武器不同。
10163,失色锻造石【４】,1,0,[0|0|0],-1,-1,0,0,800,0,-1,152030,-1,-1,0,-1,0,2013,0,-1,-1,-1,999,0,50,14,0,0,0,0,0,0,0,[0|0],0,0,0,0,0,0,0,1,0,0,0,1,1,0,0,0,0,0,0,1,0,0,0,0,0,-1,-1,-1,-1,-1,-1,-1,-1,1,0,0,0,0,0,0,0,0,1,0,1,0,2,0,1,0,999,30,1,0,0,0,0,1,0,0,-1,0,-1,-1,-1,0,0,0,0,0,0,0,0,0,0,0,0,0,0,0,0,0,0,[0|0],0,[0|0|0|0|0|0|0|0],失去颜色的硬质大锻造石。\n\n能将特殊武器强化至＋４。\n\n各种具备固有力量的特殊武器，\n无法利用具有色彩的锻造石强化。\n能强化的程度与强度，也和一般武器不同。
10164,失色锻造石【５】,1,0,[0|0|0],-1,-1,0,0,1000,0,-1,152040,-1,-1,0,-1,0,2014,0,-1,-1,-1,999,0,50,14,0,0,0,0,0,0,0,[0|0],0,0,0,0,0,0,0,1,0,0,0,1,1,0,0,0,0,0,0,1,0,0,0,0,0,-1,-1,-1,-1,-1,-1,-1,-1,1,0,0,0,0,0,0,0,0,1,0,1,0,2,0,1,0,999,30,1,0,0,0,0,1,0,0,-1,0,-1,-1,-1,0,0,0,0,0,0,0,0,0,0,0,0,0,0,0,0,0,0,[0|0],0,[0|0|0|0|0|0|0|0],失去颜色的黄金锻造石。\n\n能将特殊武器强化至＋５。\n\n各种具备固有力量的特殊武器，\n无法利用具有色彩的锻造石强化。\n能强化的程度与强度，也和一般武器不同。
10165,失色锻造石【６】,1,0,[0|0|0],-1,-1,0,0,1200,0,-1,152050,-1,-1,0,-1,0,2015,0,-1,-1,-1,999,0,50,14,0,0,0,0,0,0,0,[0|0],0,0,0,0,0,0,0,1,0,0,0,1,1,0,0,0,0,0,0,1,0,0,0,0,0,-1,-1,-1,-1,-1,-1,-1,-1,1,0,0,0,0,0,0,0,0,1,0,1,0,2,0,1,0,999,30,1,0,0,0,0,1,0,0,-1,0,-1,-1,-1,0,0,0,0,0,0,0,0,0,0,0,0,0,0,0,0,0,0,[0|0],0,[0|0|0|0|0|0|0|0],失去颜色的黄金大锻造石。\n\n能将特殊武器强化至＋６。\n\n各种具备固有力量的特殊武器，\n无法利用具有色彩的锻造石强化。\n能强化的程度与强度，也和一般武器不同。
10166,失色锻造石【７】,1,0,[0|0|0],-1,-1,0,0,1400,0,-1,152060,-1,-1,0,-1,0,2016,0,-1,-1,-1,999,0,50,14,0,0,0,0,0,0,0,[0|0],0,0,0,0,0,0,0,1,0,0,0,1,1,0,0,0,0,0,0,1,0,0,0,0,0,-1,-1,-1,-1,-1,-1,-1,-1,1,0,0,0,0,0,0,0,0,1,0,1,0,2,0,1,0,999,30,1,0,0,0,0,1,0,0,-1,0,-1,-1,-1,0,0,0,0,0,0,0,0,0,0,0,0,0,0,0,0,0,0,[0|0],0,[0|0|0|0|0|0|0|0],失去颜色的极地锻造石。\n\n能将特殊武器强化至＋７。\n\n各种具备固有力量的特殊武器，\n无法利用具有色彩的锻造石强化。\n能强化的程度与强度，也和一般武器不同。
10167,失色锻造石【８】,1,0,[0|0|0],-1,-1,0,0,1600,0,-1,152070,-1,-1,0,-1,0,2017,0,-1,-1,-1,999,0,50,14,0,0,0,0,0,0,0,[0|0],0,0,0,0,0,0,0,1,0,0,0,1,1,0,0,0,0,0,0,1,0,0,0,0,0,-1,-1,-1,-1,-1,-1,-1,-1,1,0,0,0,0,0,0,0,0,1,0,1,0,2,0,1,0,999,30,1,0,0,0,0,1,0,0,-1,0,-1,-1,-1,0,0,0,0,0,0,0,0,0,0,0,0,0,0,0,0,0,0,[0|0],0,[0|0|0|0|0|0|0|0],失去颜色的极地大锻造石。\n\n能将特殊武器强化至＋８。\n\n各种具备固有力量的特殊武器，\n无法利用具有色彩的锻造石强化。\n能强化的程度与强度，也和一般武器不同。
10168,古龙岩失色锻造石,1,0,[0|0|0],-1,-1,0,0,2000,0,-1,152090,-1,-1,0,-1,0,2018,0,-1,-1,-1,999,0,50,14,0,0,0,0,0,0,0,[0|0],0,0,0,0,0,0,0,1,0,0,0,1,1,0,0,0,0,0,0,1,0,0,0,0,0,-1,-1,-1,-1,-1,-1,-1,-1,1,0,0,0,0,0,0,0,0,1,0,1,0,2,0,1,0,999,30,1,0,0,0,0,3,0,0,-1,0,-1,-1,-1,0,0,0,0,0,0,0,0,0,0,0,0,0,0,0,0,0,0,[0|0],0,[0|0|0|0|0|0|0|0],失去颜色的古龙岩锻造石。\n此为古龙之王的鳞片，\n法姆·亚兹拉的秘密宝藏。\n\n能将特殊武器强化至＋１０。\n\n据说古龙之王坐镇时空夹缝之中，\n此锻造石带有些微时空扭曲的现象。\n也因此，能用于锻造弒神武器。
10200,失色锻造石【９】,1,0,[0|0|0],-1,-1,0,0,1800,0,-1,152080,-1,-1,0,-1,0,2020,0,-1,-1,-1,999,0,50,14,0,0,0,0,0,0,0,[0|0],0,0,0,0,0,0,0,1,0,0,0,1,1,0,0,0,0,0,0,1,0,0,0,0,0,-1,-1,-1,-1,-1,-1,-1,-1,1,0,0,0,0,0,0,0,0,1,0,1,0,2,0,1,0,999,30,1,0,0,0,0,1,0,0,-1,0,-1,-1,-1,0,0,0,0,0,0,0,0,0,0,0,0,0,0,0,0,0,0,[0|0],0,[0|0|0|0|0|0|0|0],失去颜色、特别古老的锻造石。\n\n能将特殊武器强化至＋９。\n\n各种具备固有力量的特殊武器，\n无法利用具有色彩的锻造石强化。\n能强化的程度与强度，也和一般武器不同。
10900,墓地铃兰【１】,1,0,[0|0|0],-1,-1,0,0,50,0,-1,153000,-1,-1,0,-1,0,2100,0,-1,-1,-1,999,0,50,14,0,0,0,0,0,0,0,[0|0],0,0,0,0,0,0,0,1,0,0,0,1,1,0,0,0,0,0,0,1,0,0,0,0,0,-1,-1,-1,-1,-1,-1,-1,-1,1,0,0,0,0,0,0,0,0,1,0,1,0,2,0,1,0,999,40,1,0,0,0,0,1,0,0,-1,0,-1,-1,-1,0,0,0,0,0,0,0,0,0,0,0,0,0,0,0,0,0,0,[0|0],0,[0|0|0|0|0|0|0|0],在地下墓地绽放的白色花朵。\n人称能够唤灵的无声铃铛。\n\n能将骨灰强化至＋１。\n\n强化骨灰的技术称作“调灵”，\n是只有调灵师能办到的专业。
10901,墓地铃兰【２】,1,0,[0|0|0],-1,-1,0,0,100,0,-1,153010,-1,-1,0,-1,0,2101,0,-1,-1,-1,999,0,50,14,0,0,0,0,0,0,0,[0|0],0,0,0,0,0,0,0,1,0,0,0,1,1,0,0,0,0,0,0,1,0,0,0,0,0,-1,-1,-1,-1,-1,-1,-1,-1,1,0,0,0,0,0,0,0,0,1,0,1,0,2,0,1,0,999,40,1,0,0,0,0,1,0,0,-1,0,-1,-1,-1,0,0,0,0,0,0,0,0,0,0,0,0,0,0,0,0,0,0,[0|0],0,[0|0|0|0|0|0|0|0],在地下墓地绽放的白色花朵。\n人称能够唤灵的无声铃铛。\n\n能将骨灰强化至＋２。\n\n严格来说，调灵并不等于强化。\n比较偏似调灵师与灵魂对话，或是调和，\n一种让彼此共感的技术。
10902,墓地铃兰【３】,1,0,[0|0|0],-1,-1,0,0,150,0,-1,153020,-1,-1,0,-1,0,2102,0,-1,-1,-1,999,0,50,14,0,0,0,0,0,0,0,[0|0],0,0,0,0,0,0,0,1,0,0,0,1,1,0,0,0,0,0,0,1,0,0,0,0,0,-1,-1,-1,-1,-1,-1,-1,-1,1,0,0,0,0,0,0,0,0,1,0,1,0,2,0,1,0,999,40,1,0,0,0,0,1,0,0,-1,0,-1,-1,-1,0,0,0,0,0,0,0,0,0,0,0,0,0,0,0,0,0,0,[0|0],0,[0|0|0|0|0|0|0|0],在地下墓地绽放的白色花朵。\n人称能够唤灵的无声铃铛。\n\n能将骨灰强化至＋３。\n\n严格来说，调灵并不等于强化。\n比较偏似调灵师与灵魂对话，或是调和，\n一种让彼此共感的技术。
10903,墓地铃兰【４】,1,0,[0|0|0],-1,-1,0,0,200,0,-1,153030,-1,-1,0,-1,0,2103,0,-1,-1,-1,999,0,50,14,0,0,0,0,0,0,0,[0|0],0,0,0,0,0,0,0,1,0,0,0,1,1,0,0,0,0,0,0,1,0,0,0,0,0,-1,-1,-1,-1,-1,-1,-1,-1,1,0,0,0,0,0,0,0,0,1,0,1,0,2,0,1,0,999,40,1,0,0,0,0,1,0,0,-1,0,-1,-1,-1,0,0,0,0,0,0,0,0,0,0,0,0,0,0,0,0,0,0,[0|0],0,[0|0|0|0|0|0|0|0],在地下墓地绽放的白色花朵。\n人称能够唤灵的无声铃铛。\n\n能将骨灰强化至＋４。\n\n严格来说，调灵并不等于强化。\n比较偏似调灵师与灵魂对话，或是调和，\n一种让彼此共感的技术。
10904,墓地铃兰【５】,1,0,[0|0|0],-1,-1,0,0,250,0,-1,153040,-1,-1,0,-1,0,2104,0,-1,-1,-1,999,0,50,14,0,0,0,0,0,0,0,[0|0],0,0,0,0,0,0,0,1,0,0,0,1,1,0,0,0,0,0,0,1,0,0,0,0,0,-1,-1,-1,-1,-1,-1,-1,-1,1,0,0,0,0,0,0,0,0,1,0,1,0,2,0,1,0,999,40,1,0,0,0,0,1,0,0,-1,0,-1,-1,-1,0,0,0,0,0,0,0,0,0,0,0,0,0,0,0,0,0,0,[0|0],0,[0|0|0|0|0|0|0|0],在地下墓地绽放的白色花朵。\n人称能够唤灵的无声铃铛。\n\n能将骨灰强化至＋５。\n\n严格来说，调灵并不等于强化。\n比较偏似调灵师与灵魂对话，或是调和，\n一种让彼此共感的技术。
10905,墓地铃兰【６】,1,0,[0|0|0],-1,-1,0,0,300,0,-1,153050,-1,-1,0,-1,0,2105,0,-1,-1,-1,999,0,50,14,0,0,0,0,0,0,0,[0|0],0,0,0,0,0,0,0,1,0,0,0,1,1,0,0,0,0,0,0,1,0,0,0,0,0,-1,-1,-1,-1,-1,-1,-1,-1,1,0,0,0,0,0,0,0,0,1,0,1,0,2,0,1,0,999,40,1,0,0,0,0,1,0,0,-1,0,-1,-1,-1,0,0,0,0,0,0,0,0,0,0,0,0,0,0,0,0,0,0,[0|0],0,[0|0|0|0|0|0|0|0],在地下墓地绽放的白色花朵。\n人称能够唤灵的无声铃铛。\n\n能将骨灰强化至＋６。\n\n严格来说，调灵并不等于强化。\n比较偏似调灵师与灵魂对话，或是调和，\n一种让彼此共感的技术。
10906,墓地铃兰【７】,1,0,[0|0|0],-1,-1,0,0,350,0,-1,153060,-1,-1,0,-1,0,2106,0,-1,-1,-1,999,0,50,14,0,0,0,0,0,0,0,[0|0],0,0,0,0,0,0,0,1,0,0,0,1,1,0,0,0,0,0,0,1,0,0,0,0,0,-1,-1,-1,-1,-1,-1,-1,-1,1,0,0,0,0,0,0,0,0,1,0,1,0,2,0,1,0,999,40,1,0,0,0,0,1,0,0,-1,0,-1,-1,-1,0,0,0,0,0,0,0,0,0,0,0,0,0,0,0,0,0,0,[0|0],0,[0|0|0|0|0|0|0|0],在地下墓地绽放的白色花朵。\n人称能够唤灵的无声铃铛。\n\n能将骨灰强化至＋７。\n\n严格来说，调灵并不等于强化。\n比较偏似调灵师与灵魂对话，或是调和，\n一种让彼此共感的技术。
10907,墓地铃兰【８】,1,0,[0|0|0],-1,-1,0,0,400,0,-1,153070,-1,-1,0,-1,0,2107,0,-1,-1,-1,999,0,50,14,0,0,0,0,0,0,0,[0|0],0,0,0,0,0,0,0,1,0,0,0,1,1,0,0,0,0,0,0,1,0,0,0,0,0,-1,-1,-1,-1,-1,-1,-1,-1,1,0,0,0,0,0,0,0,0,1,0,1,0,2,0,1,0,999,40,1,0,0,0,0,1,0,0,-1,0,-1,-1,-1,0,0,0,0,0,0,0,0,0,0,0,0,0,0,0,0,0,0,[0|0],0,[0|0|0|0|0|0|0|0],在地下墓地绽放的白色花朵。\n人称能够唤灵的无声铃铛。\n\n能将骨灰强化至＋８。\n\n严格来说，调灵并不等于强化。\n比较偏似调灵师与灵魂对话，或是调和，\n一种让彼此共感的技术。
10908,墓地铃兰【９】,1,0,[0|0|0],-1,-1,0,0,450,0,-1,153080,-1,-1,0,-1,0,2108,0,-1,-1,-1,999,0,50,14,0,0,0,0,0,0,0,[0|0],0,0,0,0,0,0,0,1,0,0,0,1,1,0,0,0,0,0,0,1,0,0,0,0,0,-1,-1,-1,-1,-1,-1,-1,-1,1,0,0,0,0,0,0,0,0,1,0,1,0,2,0,1,0,999,40,1,0,0,0,0,1,0,0,-1,0,-1,-1,-1,0,0,0,0,0,0,0,0,0,0,0,0,0,0,0,0,0,0,[0|0],0,[0|0|0|0|0|0|0|0],在地下墓地绽放的白色花朵。\n人称能够唤灵的无声铃铛。\n\n能将骨灰强化至＋９。\n\n严格来说，调灵并不等于强化。\n比较偏似调灵师与灵魂对话，或是调和，\n一种让彼此共感的技术。
10909,大朵墓地铃兰,1,0,[0|0|0],-1,-1,0,0,500,0,-1,153090,-1,-1,0,-1,0,2109,0,-1,-1,-1,999,0,50,14,0,0,0,0,0,0,0,[0|0],0,0,0,0,0,0,0,1,0,0,0,1,1,0,0,0,0,0,0,1,0,0,0,0,0,-1,-1,-1,-1,-1,-1,-1,-1,1,0,0,0,0,0,0,0,0,1,0,1,0,2,0,1,0,999,40,1,0,0,0,0,3,0,0,-1,0,-1,-1,-1,0,0,0,0,0,0,0,0,0,0,0,0,0,0,0,0,0,0,[0|0],0,[0|0|0|0|0|0|0|0],在地下墓地绽放的白色花朵，\n其中较大朵的一种。\n\n能将骨灰强化至＋１０。\n\n自古以来，大朵铃兰用于慰借英灵──\n向最伟大的死亡献上花朵，\n祈祷英雄最终能化为神话。
10910,灵依墓地铃兰【１】,1,0,[0|0|0],-1,-1,0,0,100,0,-1,153100,-1,-1,0,-1,0,2110,0,-1,-1,-1,999,0,50,14,0,0,0,0,0,0,0,[0|0],0,0,0,0,0,0,0,1,0,0,0,1,1,0,0,0,0,0,0,1,0,0,0,0,0,-1,-1,-1,-1,-1,-1,-1,-1,1,0,0,0,0,0,0,0,0,1,0,1,0,2,0,1,0,999,40,1,0,0,0,0,1,0,0,-1,0,-1,-1,-1,0,0,0,0,0,0,0,0,0,0,0,0,0,0,0,0,0,0,[0|0],0,[0|0|0|0|0|0|0|0],在地下墓地绽放的白色花朵，\n其中有灵魂依偎的一种。\n\n能将有名字的骨灰强化至＋１。\n\n死后仍保有姓名的骨灰，\n只能用有灵魂依偎的铃兰强化。
10911,灵依墓地铃兰【２】,1,0,[0|0|0],-1,-1,0,0,200,0,-1,153110,-1,-1,0,-1,0,2111,0,-1,-1,-1,999,0,50,14,0,0,0,0,0,0,0,[0|0],0,0,0,0,0,0,0,1,0,0,0,1,1,0,0,0,0,0,0,1,0,0,0,0,0,-1,-1,-1,-1,-1,-1,-1,-1,1,0,0,0,0,0,0,0,0,1,0,1,0,2,0,1,0,999,40,1,0,0,0,0,1,0,0,-1,0,-1,-1,-1,0,0,0,0,0,0,0,0,0,0,0,0,0,0,0,0,0,0,[0|0],0,[0|0|0|0|0|0|0|0],在地下墓地绽放的白色花朵，\n其中有灵魂依偎的一种。\n\n能将有名字的骨灰强化至＋２。\n\n死后仍保有姓名的骨灰，\n只能用有灵魂依偎的铃兰强化。
10912,灵依墓地铃兰【３】,1,0,[0|0|0],-1,-1,0,0,300,0,-1,153120,-1,-1,0,-1,0,2112,0,-1,-1,-1,999,0,50,14,0,0,0,0,0,0,0,[0|0],0,0,0,0,0,0,0,1,0,0,0,1,1,0,0,0,0,0,0,1,0,0,0,0,0,-1,-1,-1,-1,-1,-1,-1,-1,1,0,0,0,0,0,0,0,0,1,0,1,0,2,0,1,0,999,40,1,0,0,0,0,1,0,0,-1,0,-1,-1,-1,0,0,0,0,0,0,0,0,0,0,0,0,0,0,0,0,0,0,[0|0],0,[0|0|0|0|0|0|0|0],在地下墓地绽放的白色花朵，\n其中有灵魂依偎的一种。\n\n能将有名字的骨灰强化至＋３。\n\n死后仍保有姓名的骨灰，\n只能用有灵魂依偎的铃兰强化。
10913,灵依墓地铃兰【４】,1,0,[0|0|0],-1,-1,0,0,400,0,-1,153130,-1,-1,0,-1,0,2113,0,-1,-1,-1,999,0,50,14,0,0,0,0,0,0,0,[0|0],0,0,0,0,0,0,0,1,0,0,0,1,1,0,0,0,0,0,0,1,0,0,0,0,0,-1,-1,-1,-1,-1,-1,-1,-1,1,0,0,0,0,0,0,0,0,1,0,1,0,2,0,1,0,999,40,1,0,0,0,0,1,0,0,-1,0,-1,-1,-1,0,0,0,0,0,0,0,0,0,0,0,0,0,0,0,0,0,0,[0|0],0,[0|0|0|0|0|0|0|0],在地下墓地绽放的白色花朵，\n其中有灵魂依偎的一种。\n\n能将有名字的骨灰强化至＋４。\n\n死后仍保有姓名的骨灰，\n只能用有灵魂依偎的铃兰强化。
10914,灵依墓地铃兰【５】,1,0,[0|0|0],-1,-1,0,0,500,0,-1,153140,-1,-1,0,-1,0,2114,0,-1,-1,-1,999,0,50,14,0,0,0,0,0,0,0,[0|0],0,0,0,0,0,0,0,1,0,0,0,1,1,0,0,0,0,0,0,1,0,0,0,0,0,-1,-1,-1,-1,-1,-1,-1,-1,1,0,0,0,0,0,0,0,0,1,0,1,0,2,0,1,0,999,40,1,0,0,0,0,1,0,0,-1,0,-1,-1,-1,0,0,0,0,0,0,0,0,0,0,0,0,0,0,0,0,0,0,[0|0],0,[0|0|0|0|0|0|0|0],在地下墓地绽放的白色花朵，\n其中有灵魂依偎的一种。\n\n能将有名字的骨灰强化至＋５。\n\n死后仍保有姓名的骨灰，\n只能用有灵魂依偎的铃兰强化。
10915,灵依墓地铃兰【６】,1,0,[0|0|0],-1,-1,0,0,600,0,-1,153150,-1,-1,0,-1,0,2115,0,-1,-1,-1,999,0,50,14,0,0,0,0,0,0,0,[0|0],0,0,0,0,0,0,0,1,0,0,0,1,1,0,0,0,0,0,0,1,0,0,0,0,0,-1,-1,-1,-1,-1,-1,-1,-1,1,0,0,0,0,0,0,0,0,1,0,1,0,2,0,1,0,999,40,1,0,0,0,0,1,0,0,-1,0,-1,-1,-1,0,0,0,0,0,0,0,0,0,0,0,0,0,0,0,0,0,0,[0|0],0,[0|0|0|0|0|0|0|0],在地下墓地绽放的白色花朵，\n其中有灵魂依偎的一种。\n\n能将有名字的骨灰强化至＋６。\n\n死后仍保有姓名的骨灰，\n只能用有灵魂依偎的铃兰强化。
10916,灵依墓地铃兰【７】,1,0,[0|0|0],-1,-1,0,0,700,0,-1,153160,-1,-1,0,-1,0,2116,0,-1,-1,-1,999,0,50,14,0,0,0,0,0,0,0,[0|0],0,0,0,0,0,0,0,1,0,0,0,1,1,0,0,0,0,0,0,1,0,0,0,0,0,-1,-1,-1,-1,-1,-1,-1,-1,1,0,0,0,0,0,0,0,0,1,0,1,0,2,0,1,0,999,40,1,0,0,0,0,1,0,0,-1,0,-1,-1,-1,0,0,0,0,0,0,0,0,0,0,0,0,0,0,0,0,0,0,[0|0],0,[0|0|0|0|0|0|0|0],在地下墓地绽放的白色花朵，\n其中有灵魂依偎的一种。\n\n能将有名字的骨灰强化至＋７。\n\n死后仍保有姓名的骨灰，\n只能用有灵魂依偎的铃兰强化。
10917,灵依墓地铃兰【８】,1,0,[0|0|0],-1,-1,0,0,800,0,-1,153170,-1,-1,0,-1,0,2117,0,-1,-1,-1,999,0,50,14,0,0,0,0,0,0,0,[0|0],0,0,0,0,0,0,0,1,0,0,0,1,1,0,0,0,0,0,0,1,0,0,0,0,0,-1,-1,-1,-1,-1,-1,-1,-1,1,0,0,0,0,0,0,0,0,1,0,1,0,2,0,1,0,999,40,1,0,0,0,0,1,0,0,-1,0,-1,-1,-1,0,0,0,0,0,0,0,0,0,0,0,0,0,0,0,0,0,0,[0|0],0,[0|0|0|0|0|0|0|0],在地下墓地绽放的白色花朵，\n其中有灵魂依偎的一种。\n\n能将有名字的骨灰强化至＋８。\n\n死后仍保有姓名的骨灰，\n只能用有灵魂依偎的铃兰强化。
10918,灵依墓地铃兰【９】,1,0,[0|0|0],-1,-1,0,0,900,0,-1,153180,-1,-1,0,-1,0,2118,0,-1,-1,-1,999,0,50,14,0,0,0,0,0,0,0,[0|0],0,0,0,0,0,0,0,1,0,0,0,1,1,0,0,0,0,0,0,1,0,0,0,0,0,-1,-1,-1,-1,-1,-1,-1,-1,1,0,0,0,0,0,0,0,0,1,0,1,0,2,0,1,0,999,40,1,0,0,0,0,1,0,0,-1,0,-1,-1,-1,0,0,0,0,0,0,0,0,0,0,0,0,0,0,0,0,0,0,[0|0],0,[0|0|0|0|0|0|0|0],在地下墓地绽放的白色花朵，\n其中有灵魂依偎的一种。\n\n能将有名字的骨灰强化至＋９。\n\n死后仍保有姓名的骨灰，\n只能用有灵魂依偎的铃兰强化。
10919,大朵灵依墓地铃兰,1,0,[0|0|0],-1,-1,0,0,1000,0,-1,153190,-1,-1,0,-1,0,2119,0,-1,-1,-1,999,0,50,14,0,0,0,0,0,0,0,[0|0],0,0,0,0,0,0,0,1,0,0,0,1,1,0,0,0,0,0,0,1,0,0,0,0,0,-1,-1,-1,-1,-1,-1,-1,-1,1,0,0,0,0,0,0,0,0,1,0,1,0,2,0,1,0,999,40,1,0,0,0,0,3,0,0,-1,0,-1,-1,-1,0,0,0,0,0,0,0,0,0,0,0,0,0,0,0,0,0,0,[0|0],0,[0|0|0|0|0|0|0|0],在地下墓地绽放的白色花朵，\n其中有灵魂依偎，较大朵的一种。\n\n能将有名字的骨灰强化至＋１０。\n\n自古以来，大朵铃兰用于慰借英灵──\n向最伟大的死亡献上花朵，\n祈祷英雄最终能化为神话。
11000,漫红结晶露滴,1,0,[0|0|0],3500,-1,0,0,-1,0,-1,201020,-1,-1,0,-1,0,400,0,-1,-1,-1,1,0,0,10,2,0,0,0,0,0,0,[0|0],0,0,0,0,0,0,0,0,0,0,0,0,0,0,0,0,0,0,0,0,0,0,0,0,0,-1,-1,-1,-1,-1,-1,331000,-1,0,0,0,0,0,0,0,0,0,0,0,1,0,2,0,0,0,1,20,0,0,0,0,0,2,0,0,-1,0,-1,-1,-1,0,0,0,0,0,0,0,0,0,0,0,0,0,0,0,0,0,0,[0|0],0,[0|0|0|0|0|0|0|0],沐浴在黄金树恩惠的大地中，\n历时悠久形成的结晶露滴。\n\n加入“灵药圣杯瓶”调配后，\n能暂时提升血量上限。
11001,漫绿结晶露滴,0,0,[0|0|0],3501,-1,0,0,-1,0,-1,201060,-1,-1,0,-1,0,401,0,-1,-1,-1,1,0,0,10,2,0,0,0,0,0,0,[0|0],0,0,0,0,0,0,0,0,0,0,0,0,0,0,0,0,0,0,0,0,0,0,0,0,0,-1,-1,-1,-1,-1,-1,331020,-1,0,0,0,0,0,0,0,0,0,0,0,1,0,2,0,0,0,1,20,0,0,0,0,0,2,0,0,-1,0,-1,-1,-1,0,0,0,0,0,0,0,0,0,0,0,0,0,0,0,0,0,0,[0|0],0,[0|0|0|0|0|0|0|0],沐浴在黄金树恩惠的大地中，\n历时悠久形成的结晶露滴。\n\n加入“灵药圣杯瓶”调配后，\n能暂时提升精力上限。
11002,红结晶露滴,0,0,[0|0|0],3505,-1,0,0,-1,0,-1,201000,-1,-1,0,-1,0,402,0,-1,-1,-1,1,0,0,10,2,0,0,0,0,0,0,[0|0],0,0,0,0,0,0,0,0,0,0,0,0,0,0,0,0,0,0,0,0,0,0,0,0,0,-1,-1,-1,-1,-1,-1,330000,-1,0,0,0,0,0,0,0,0,0,0,0,1,0,2,0,0,0,1,20,0,0,0,0,0,2,0,0,-1,0,-1,-1,-1,0,0,0,0,0,0,0,0,0,0,0,0,0,0,0,0,0,0,[0|0],0,[0|0|0|0|0|0|0|0],沐浴在黄金树恩惠的大地中，\n历时悠久形成的结晶露滴。\n\n加入“灵药圣杯瓶”调配后，\n能恢复血量上限一半的血量。
11003,红结晶露滴,1,0,[0|0|0],3505,-1,0,0,-1,0,-1,201010,-1,-1,0,-1,0,403,0,-1,-1,-1,1,0,0,10,2,0,0,0,0,0,0,[0|0],0,0,0,0,0,0,0,0,0,0,0,0,0,0,0,0,0,0,0,0,0,0,0,0,0,-1,-1,-1,-1,-1,-1,330000,-1,0,0,0,0,0,0,0,0,0,0,0,1,0,2,0,0,0,1,20,0,0,0,0,0,2,0,0,-1,0,-1,-1,-1,0,0,0,0,0,0,0,0,0,0,0,0,0,0,0,0,0,0,[0|0],0,[0|0|0|0|0|0|0|0],沐浴在黄金树恩惠的大地中，\n历时悠久形成的结晶露滴。\n\n加入“灵药圣杯瓶”调配后，\n能恢复血量上限一半的血量。
11004,蓝结晶露滴,0,0,[0|0|0],3506,-1,0,0,-1,0,-1,201040,-1,-1,0,-1,0,404,0,-1,-1,-1,1,0,0,10,2,0,0,0,0,0,0,[0|0],0,0,0,0,0,0,0,0,0,0,0,0,0,0,0,0,0,0,0,0,0,0,0,0,0,-1,-1,-1,-1,-1,-1,330100,-1,0,0,0,0,0,0,0,0,0,0,0,1,0,2,0,0,0,1,20,0,0,0,0,0,2,0,0,-1,0,-1,-1,-1,0,0,0,0,0,0,0,0,0,0,0,0,0,0,0,0,0,0,[0|0],0,[0|0|0|0|0|0|0|0],沐浴在黄金树恩惠的大地中，\n历时悠久形成的结晶露滴。\n\n加入“灵药圣杯瓶”调配后，\n能恢复专注值上限一半的专注值。
11005,蓝结晶露滴,1,0,[0|0|0],3506,-1,0,0,-1,0,-1,201050,-1,-1,0,-1,0,405,0,-1,-1,-1,1,0,0,10,2,0,0,0,0,0,0,[0|0],0,0,0,0,0,0,0,0,0,0,0,0,0,0,0,0,0,0,0,0,0,0,0,0,0,-1,-1,-1,-1,-1,-1,330100,-1,0,0,0,0,0,0,0,0,0,0,0,1,0,2,0,0,0,1,20,0,0,0,0,0,2,0,0,-1,0,-1,-1,-1,0,0,0,0,0,0,0,0,0,0,0,0,0,0,0,0,0,0,[0|0],0,[0|0|0|0|0|0|0|0],沐浴在黄金树恩惠的大地中，\n历时悠久形成的结晶露滴。\n\n加入“灵药圣杯瓶”调配后，\n能恢复专注值上限一半的专注值。
11006,斑斓硬露滴,1,0,[0|0|0],3603,-1,0,0,-1,0,-1,201130,-1,-1,0,-1,0,406,0,-1,-1,-1,1,0,0,10,2,0,0,0,0,0,0,[0|0],0,0,0,0,0,0,0,0,0,0,0,0,0,0,0,0,0,0,0,0,0,0,0,0,0,-1,-1,-1,-1,-1,-1,330200,-1,0,0,0,0,0,0,0,0,0,0,0,1,0,2,0,0,0,1,20,0,0,0,0,0,2,0,0,-1,0,-1,-1,-1,0,0,0,0,0,0,0,0,0,0,0,0,0,0,0,0,0,0,[0|0],0,[0|0|0|0|0|0|0|0],沐浴在黄金树恩惠的大地中，\n历时悠久形成的结晶露滴。\n\n加入“灵药圣杯瓶”调配后，\n能暂时提升所有的抵抗力、\n治愈所有的异常状态。
11007,红泡状露滴,1,0,[0|0|0],3512,-1,0,0,-1,0,-1,201250,-1,-1,0,-1,0,407,0,-1,-1,-1,1,0,0,10,2,0,0,0,0,0,0,[0|0],0,0,0,0,0,0,0,0,0,0,0,0,0,0,0,0,0,0,0,0,0,0,0,0,0,-1,-1,-1,-1,-1,-1,331300,-1,0,0,0,0,0,0,0,0,0,0,0,1,0,2,0,0,0,1,20,0,0,0,0,0,2,0,0,-1,0,-1,-1,-1,0,0,0,0,0,0,0,0,0,0,0,0,0,0,0,0,0,0,[0|0],0,[0|0|0|0|0|0|0|0],沐浴在黄金树恩惠的大地中，\n历时悠久形成的结晶露滴。\n\n加入“灵药圣杯瓶”调配后，\n濒死时能自动恢复血量。\n\n仅限一次有效。\n一定时间后，效果会消失。
11008,珍珠泡状露滴,1,0,[0|0|0],3507,-1,0,0,-1,0,-1,201270,-1,-1,0,-1,0,408,0,-1,-1,-1,1,0,0,10,2,0,0,0,0,0,0,[0|0],0,0,0,0,0,0,0,0,0,0,0,0,0,0,0,0,0,0,0,0,0,0,0,0,0,-1,-1,-1,-1,-1,-1,331400,-1,0,0,0,0,0,0,0,0,0,0,0,1,0,2,0,0,0,1,20,0,0,0,0,0,2,0,0,-1,0,-1,-1,-1,0,0,0,0,0,0,0,0,0,0,0,0,0,0,0,0,0,0,[0|0],0,[0|0|0|0|0|0|0|0],沐浴在黄金树恩惠的大地中，\n历时悠久形成的结晶露滴。\n\n加入“灵药圣杯瓶”调配后，\n大幅减少受到的损伤。\n\n仅限一次有效。\n一定时间后，效果会消失。
11009,涌红结晶露滴,1,0,[0|0|0],511009,-1,0,0,-1,0,-1,201030,-1,-1,0,-1,0,409,0,-1,-1,-1,1,0,0,10,2,0,0,0,0,0,0,[0|0],0,0,0,0,0,0,0,0,0,0,0,0,0,0,0,0,0,0,0,0,0,0,0,0,0,-1,-1,-1,-1,-1,-1,330400,-1,0,0,0,0,0,0,0,0,0,0,0,1,0,2,0,0,0,1,20,0,0,0,0,0,2,0,0,-1,0,-1,-1,-1,0,0,0,0,0,0,0,0,0,0,0,0,0,0,0,0,0,0,[0|0],0,[0|0|0|0|0|0|0|0],沐浴在黄金树恩惠的大地中，\n历时悠久形成的结晶露滴。\n\n加入“灵药圣杯瓶”调配后，\n一定时间内能缓慢恢复血量。
11010,涌绿结晶露滴,1,0,[0|0|0],511010,-1,0,0,-1,0,-1,201070,-1,-1,0,-1,0,410,0,-1,-1,-1,1,0,0,10,2,0,0,0,0,0,0,[0|0],0,0,0,0,0,0,0,0,0,0,0,0,0,0,0,0,0,0,0,0,0,0,0,0,0,-1,-1,-1,-1,-1,-1,331020,-1,0,0,0,0,0,0,0,0,0,0,0,1,0,2,0,0,0,1,20,0,0,0,0,0,2,0,0,-1,0,-1,-1,-1,0,0,0,0,0,0,0,0,0,0,0,0,0,0,0,0,0,0,[0|0],0,[0|0|0|0|0|0|0|0],沐浴在黄金树恩惠的大地中，\n历时悠久形成的结晶露滴。\n\n加入“灵药圣杯瓶”调配后，\n能暂时提升精力的恢复速度。
11011,珍珠硬露滴,1,0,[0|0|0],511011,-1,0,0,-1,0,-1,201120,-1,-1,0,-1,0,411,0,-1,-1,-1,1,0,0,10,2,0,0,0,0,0,0,[0|0],0,0,0,0,0,0,0,0,0,0,0,0,0,0,0,0,0,0,0,0,0,0,0,0,0,-1,-1,-1,-1,-1,-1,331400,-1,0,0,0,0,0,0,0,0,0,0,0,1,0,2,0,0,0,1,20,0,0,0,0,0,2,0,0,-1,0,-1,-1,-1,0,0,0,0,0,0,0,0,0,0,0,0,0,0,0,0,0,0,[0|0],0,[0|0|0|0|0|0|0|0],沐浴在黄金树恩惠的大地中，\n历时悠久形成的结晶露滴。\n\n加入“灵药圣杯瓶”调配后，\n能暂时提升所有的减伤率。
11012,羽毛结晶露滴,1,0,[0|0|0],511012,-1,0,0,-1,0,-1,201230,-1,-1,0,-1,0,412,0,-1,-1,-1,1,0,0,10,2,0,0,0,0,0,0,[0|0],0,0,0,0,0,0,0,0,0,0,0,0,0,0,0,0,0,0,0,0,0,0,0,0,0,-1,-1,-1,-1,-1,-1,331200,-1,0,0,0,0,0,0,0,0,0,0,0,1,0,2,0,0,0,1,20,0,0,0,0,0,2,0,0,-1,0,-1,-1,-1,0,0,0,0,0,0,0,0,0,0,0,0,0,0,0,0,0,0,[0|0],0,[0|0|0|0|0|0|0|0],沐浴在黄金树恩惠的大地中，\n历时悠久形成的结晶露滴。\n\n加入“灵药圣杯瓶”调配后，\n能暂时减轻装备重量。
11013,连刺破露滴,1,0,[0|0|0],3550,-1,0,0,-1,0,-1,201210,-1,-1,0,-1,0,413,0,-1,-1,-1,1,0,0,10,2,0,0,0,0,0,0,[0|0],0,0,0,0,0,0,0,0,0,0,0,0,0,0,0,0,0,0,0,0,0,0,0,0,0,-1,-1,-1,-1,-1,-1,331700,-1,0,0,0,0,0,0,0,0,0,0,0,1,0,2,0,0,0,1,20,0,0,0,0,0,2,0,0,-1,0,-1,-1,-1,0,0,0,0,0,0,0,0,0,0,0,0,0,0,0,0,0,0,[0|0],0,[0|0|0|0|0|0|0|0],沐浴在黄金树恩惠的大地中，\n历时悠久形成的结晶露滴。\n\n加入“灵药圣杯瓶”调配后，\n攻击越是连续，越能提升攻击力。\n但是一定时间后，效果会消失。
11014,大刺破露滴,1,0,[0|0|0],511014,-1,0,0,-1,0,-1,201200,-1,-1,0,-1,0,414,0,-1,-1,-1,1,0,0,10,2,0,0,0,0,0,0,[0|0],0,0,0,0,0,0,0,0,0,0,0,0,0,0,0,0,0,0,0,0,0,0,0,0,0,-1,-1,-1,-1,-1,-1,331700,-1,0,0,0,0,0,0,0,0,0,0,0,1,0,2,0,0,0,1,20,0,0,0,0,0,2,0,0,-1,0,-1,-1,-1,0,0,0,0,0,0,0,0,0,0,0,0,0,0,0,0,0,0,[0|0],0,[0|0|0|0|0|0|0|0],沐浴在黄金树恩惠的大地中，\n历时悠久形成的结晶露滴。\n\n加入“灵药圣杯瓶”调配后，\n一定时间内能强化蓄力攻击。
11015,风结晶露滴,1,0,[0|0|0],511015,-1,0,0,-1,0,-1,201240,-1,-1,0,-1,0,415,0,-1,-1,-1,1,0,0,10,2,0,0,0,0,0,0,[0|0],0,0,0,0,0,0,0,0,0,0,0,0,0,0,0,0,0,0,0,0,0,0,0,0,0,-1,-1,-1,-1,-1,-1,331200,-1,0,0,0,0,0,0,0,0,0,0,0,1,0,2,0,0,0,1,20,0,0,0,0,0,2,0,0,-1,0,-1,-1,-1,0,0,0,0,0,0,0,0,0,0,0,0,0,0,0,0,0,0,[0|0],0,[0|0|0|0|0|0|0|0],沐浴在黄金树恩惠的大地中，\n历时悠久形成的结晶露滴。\n\n加入“灵药圣杯瓶”调配后，\n一定时间内能强化翻滚的闪避能力，\n但在有效期间，会增加受到的损伤。
11016,爆裂结晶露滴,0,0,[0|0|0],511070,-1,0,0,-1,0,-1,201300,-1,-1,0,-1,0,416,0,-1,-1,-1,1,0,0,10,2,0,0,0,0,0,0,[0|0],0,0,0,0,0,0,0,0,0,0,0,0,0,0,0,0,0,0,0,0,0,0,0,0,0,-1,-1,-1,-1,-1,-1,332000,-1,0,0,0,0,0,0,0,0,0,0,0,1,0,2,0,0,0,1,20,0,0,0,0,0,2,0,0,-1,0,-1,-1,-1,0,0,0,0,0,0,0,0,0,0,0,0,0,0,0,0,0,0,[0|0],0,[0|0|0|0|0|0|0|0],沐浴在黄金树恩惠的大地中，\n历时悠久形成的结晶露滴。\n\n加入“灵药圣杯瓶”调配后，能引发自爆。\n\n即使是毫无药效的危险结晶露滴，\n也会有人从中得到残酷的天启──\n所谓的“信仰就是爆炸”。
11017,爆裂结晶露滴,1,0,[0|0|0],511078,-1,0,0,-1,0,-1,201310,-1,-1,0,-1,0,417,0,-1,-1,-1,1,0,0,10,2,0,0,0,0,0,0,[0|0],0,0,0,0,0,0,0,0,0,0,0,0,0,0,0,0,0,0,0,0,0,0,0,0,0,-1,-1,-1,-1,-1,-1,332000,-1,0,0,0,0,0,0,0,0,0,0,0,1,0,2,0,0,0,1,20,0,0,0,0,0,2,0,0,-1,0,-1,-1,-1,0,0,0,0,0,0,0,0,0,0,0,0,0,0,0,0,0,0,[0|0],0,[0|0|0|0|0|0|0|0],沐浴在黄金树恩惠的大地中，\n历时悠久形成的结晶露滴。\n\n加入“灵药圣杯瓶”调配后，能引发自爆。\n\n即使是毫无药效的危险结晶露滴，\n也会有人从中得到残酷的天启──\n所谓的“信仰就是爆炸”。
11018,铅化硬露滴,1,0,[0|0|0],3519,-1,0,0,-1,0,-1,201140,-1,-1,0,-1,0,418,0,-1,-1,-1,1,0,0,10,2,0,0,0,0,0,0,[0|0],0,0,0,0,0,0,0,0,0,0,0,0,0,0,0,0,0,0,0,0,0,0,0,0,0,-1,-1,-1,-1,-1,-1,331500,-1,0,0,0,0,0,0,0,0,0,0,0,1,0,2,0,0,0,1,20,0,0,0,0,0,2,0,0,-1,0,-1,-1,-1,0,0,0,0,0,0,0,0,0,0,0,0,0,0,0,0,0,0,[0|0],0,[0|0|0|0|0|0|0|0],沐浴在黄金树恩惠的大地中，\n历时悠久形成的结晶露滴。\n\n加入“灵药圣杯瓶”调配后，\n能暂时提升强韧度。
11019,细枝破露滴,1,0,[0|0|0],511019,-1,0,0,-1,0,-1,201220,-1,-1,0,-1,0,419,0,-1,-1,-1,1,0,0,10,2,0,0,0,0,0,0,[0|0],0,0,0,0,0,0,0,0,0,0,0,0,0,0,0,0,0,0,0,0,0,0,0,0,0,-1,-1,-1,-1,-1,-1,331200,-1,0,0,0,0,0,0,0,0,0,0,0,1,0,2,0,0,0,1,20,0,0,0,0,0,2,0,0,-1,0,-1,-1,-1,0,0,0,0,0,0,0,0,0,0,0,0,0,0,0,0,0,0,[0|0],0,[0|0|0|0|0|0|0|0],沐浴在黄金树恩惠的大地中，\n历时悠久形成的结晶露滴。\n\n加入“灵药圣杯瓶”调配后，\n死亡时不会掉落卢恩。\n但是一定时间后，效果会消失。
11020,红漩泡状露滴,1,0,[0|0|0],3580,-1,0,0,-1,0,-1,201260,-1,-1,0,-1,0,420,0,-1,-1,-1,1,0,0,10,2,0,0,0,0,0,0,[0|0],0,0,0,0,0,0,0,0,0,0,0,0,0,0,0,0,0,0,0,0,0,0,0,0,0,-1,-1,-1,-1,-1,-1,331400,-1,0,0,0,0,0,0,0,0,0,0,0,1,0,2,0,0,0,1,20,0,0,0,0,0,2,0,0,-1,0,-1,-1,-1,0,0,0,0,0,0,0,0,0,0,0,0,0,0,0,0,0,0,[0|0],0,[0|0|0|0|0|0|0|0],沐浴在黄金树恩惠的大地中，\n历时悠久形成的结晶露滴。\n\n加入“灵药圣杯瓶”调配后，\n受到的损伤能转为恢复血量，\n但是无法转换物理损伤。\n\n短暂时间后，效果会消失。
11021,力气瘤结晶露滴,1,0,[0|0|0],3515,-1,0,0,-1,0,-1,201080,-1,-1,0,-1,0,421,0,-1,-1,-1,1,0,0,10,2,0,0,0,0,0,0,[0|0],0,0,0,0,0,0,0,0,0,0,0,0,0,0,0,0,0,0,0,0,0,0,0,0,0,-1,-1,-1,-1,-1,-1,331700,-1,0,0,0,0,0,0,0,0,0,0,0,1,0,2,0,0,0,1,20,0,0,0,0,0,2,0,0,-1,0,-1,-1,-1,0,0,0,0,0,0,0,0,0,0,0,0,0,0,0,0,0,0,[0|0],0,[0|0|0|0|0|0|0|0],沐浴在黄金树恩惠的大地中，\n历时悠久形成的结晶露滴。\n\n加入“灵药圣杯瓶”调配后，\n能暂时提升力气。
11022,灵巧瘤结晶露滴,1,0,[0|0|0],3516,-1,0,0,-1,0,-1,201090,-1,-1,0,-1,0,422,0,-1,-1,-1,1,0,0,10,2,0,0,0,0,0,0,[0|0],0,0,0,0,0,0,0,0,0,0,0,0,0,0,0,0,0,0,0,0,0,0,0,0,0,-1,-1,-1,-1,-1,-1,331700,-1,0,0,0,0,0,0,0,0,0,0,0,1,0,2,0,0,0,1,20,0,0,0,0,0,2,0,0,-1,0,-1,-1,-1,0,0,0,0,0,0,0,0,0,0,0,0,0,0,0,0,0,0,[0|0],0,[0|0|0|0|0|0|0|0],沐浴在黄金树恩惠的大地中，\n历时悠久形成的结晶露滴。\n\n加入“灵药圣杯瓶”调配后，\n能暂时提升灵巧。
11023,智力瘤结晶露滴,1,0,[0|0|0],3517,-1,0,0,-1,0,-1,201100,-1,-1,0,-1,0,423,0,-1,-1,-1,1,0,0,10,2,0,0,0,0,0,0,[0|0],0,0,0,0,0,0,0,0,0,0,0,0,0,0,0,0,0,0,0,0,0,0,0,0,0,-1,-1,-1,-1,-1,-1,331900,-1,0,0,0,0,0,0,0,0,0,0,0,1,0,2,0,0,0,1,20,0,0,0,0,0,2,0,0,-1,0,-1,-1,-1,0,0,0,0,0,0,0,0,0,0,0,0,0,0,0,0,0,0,[0|0],0,[0|0|0|0|0|0|0|0],沐浴在黄金树恩惠的大地中，\n历时悠久形成的结晶露滴。\n\n加入“灵药圣杯瓶”调配后，\n能暂时提升智力。
11024,信仰瘤结晶露滴,1,0,[0|0|0],3518,-1,0,0,-1,0,-1,201110,-1,-1,0,-1,0,424,0,-1,-1,-1,1,0,0,10,2,0,0,0,0,0,0,[0|0],0,0,0,0,0,0,0,0,0,0,0,0,0,0,0,0,0,0,0,0,0,0,0,0,0,-1,-1,-1,-1,-1,-1,333100,-1,0,0,0,0,0,0,0,0,0,0,0,1,0,2,0,0,0,1,20,0,0,0,0,0,2,0,0,-1,0,-1,-1,-1,0,0,0,0,0,0,0,0,0,0,0,0,0,0,0,0,0,0,[0|0],0,[0|0|0|0|0|0|0|0],沐浴在黄金树恩惠的大地中，\n历时悠久形成的结晶露滴。\n\n加入“灵药圣杯瓶”调配后，\n能暂时提升信仰。
11025,蓝秘密露滴,1,0,[0|0|0],511060,-1,0,0,-1,0,-1,201280,-1,-1,0,-1,0,425,0,-1,-1,-1,1,0,0,10,2,0,0,0,0,0,0,[0|0],0,0,0,0,0,0,0,0,0,0,0,0,0,0,0,0,0,0,0,0,0,0,0,0,0,-1,-1,-1,-1,-1,-1,330100,-1,0,0,0,0,0,0,0,0,0,0,0,1,0,2,0,0,0,1,20,0,0,0,0,0,2,0,0,-1,0,-1,-1,-1,0,0,0,0,0,0,0,0,0,0,0,0,0,0,0,0,0,0,[0|0],0,[0|0|0|0|0|0|0|0],沐浴在黄金树恩惠的大地中，\n历时悠久形成的结晶露滴。\n\n加入“灵药圣杯瓶”调配后，\n所有专注值的消耗都归零。\n\n短暂时间后，效果会消失。
11026,岩刺破露滴,1,0,[0|0|0],511026,-1,0,0,-1,0,-1,201190,-1,-1,0,-1,0,426,0,-1,-1,-1,1,0,0,10,2,0,0,0,0,0,0,[0|0],0,0,0,0,0,0,0,0,0,0,0,0,0,0,0,0,0,0,0,0,0,0,0,0,0,-1,-1,-1,-1,-1,-1,331800,-1,0,0,0,0,0,0,0,0,0,0,0,1,0,2,0,0,0,1,20,0,0,0,0,0,2,0,0,-1,0,-1,-1,-1,0,0,0,0,0,0,0,0,0,0,0,0,0,0,0,0,0,0,[0|0],0,[0|0|0|0|0|0|0|0],沐浴在黄金树恩惠的大地中，\n历时悠久形成的结晶露滴。\n\n加入“灵药圣杯瓶”调配后，\n攻击时变得容易让敌人失去平衡。\n但是一定时间后，效果会消失。
11027,净血结晶露滴,1,0,[0|0|0],511027,-1,0,0,-1,0,-1,201290,-1,-1,0,-1,0,427,0,-1,-1,-1,1,0,0,10,2,0,0,0,0,0,0,[0|0],0,0,0,0,0,0,0,0,0,0,0,0,0,0,0,0,0,0,0,0,0,0,0,0,0,-1,-1,-1,-1,-1,-1,331600,-1,0,0,0,0,0,0,0,0,0,0,0,1,0,2,0,0,0,1,20,0,0,0,0,0,2,0,0,-1,0,-1,-1,-1,0,0,0,0,0,0,0,0,0,0,0,0,0,0,0,0,0,0,[0|0],0,[0|0|0|0|0|0|0|0],沐浴在黄金树恩惠的大地中，\n历时悠久形成的结晶露滴。\n\n加入“灵药圣杯瓶”调配后，\n能净化倒数诅咒──\n“鲜血君王”蒙格恐怖的鲜血仪式。
11028,带火破露滴,1,0,[0|0|0],511028,-1,0,0,-1,0,-1,201160,-1,-1,0,-1,0,428,0,-1,-1,-1,1,0,0,10,2,0,0,0,0,0,0,[0|0],0,0,0,0,0,0,0,0,0,0,0,0,0,0,0,0,0,0,0,0,0,0,0,0,0,-1,-1,-1,-1,-1,-1,333200,-1,0,0,0,0,0,0,0,0,0,0,0,1,0,2,0,0,0,1,20,0,0,0,0,0,2,0,0,-1,0,-1,-1,-1,0,0,0,0,0,0,0,0,0,0,0,0,0,0,0,0,0,0,[0|0],0,[0|0|0|0|0|0|0|0],沐浴在黄金树恩惠的大地中，\n历时悠久形成的结晶露滴。\n\n加入“灵药圣杯瓶”调配后，\n能暂时提升火属性攻击力。
11029,带魔力破露滴,1,0,[0|0|0],511029,-1,0,0,-1,0,-1,201150,-1,-1,0,-1,0,429,0,-1,-1,-1,1,0,0,10,2,0,0,0,0,0,0,[0|0],0,0,0,0,0,0,0,0,0,0,0,0,0,0,0,0,0,0,0,0,0,0,0,0,0,-1,-1,-1,-1,-1,-1,331900,-1,0,0,0,0,0,0,0,0,0,0,0,1,0,2,0,0,0,1,20,0,0,0,0,0,2,0,0,-1,0,-1,-1,-1,0,0,0,0,0,0,0,0,0,0,0,0,0,0,0,0,0,0,[0|0],0,[0|0|0|0|0|0|0|0],沐浴在黄金树恩惠的大地中，\n历时悠久形成的结晶露滴。\n\n加入“灵药圣杯瓶”调配后，\n能暂时提升魔力属性攻击力。
11030,带雷破露滴,1,0,[0|0|0],511030,-1,0,0,-1,0,-1,201170,-1,-1,0,-1,0,430,0,-1,-1,-1,1,0,0,10,2,0,0,0,0,0,0,[0|0],0,0,0,0,0,0,0,0,0,0,0,0,0,0,0,0,0,0,0,0,0,0,0,0,0,-1,-1,-1,-1,-1,-1,333000,-1,0,0,0,0,0,0,0,0,0,0,0,1,0,2,0,0,0,1,20,0,0,0,0,0,2,0,0,-1,0,-1,-1,-1,0,0,0,0,0,0,0,0,0,0,0,0,0,0,0,0,0,0,[0|0],0,[0|0|0|0|0|0|0|0],沐浴在黄金树恩惠的大地中，\n历时悠久形成的结晶露滴。\n\n加入“灵药圣杯瓶”调配后，\n能暂时提升雷属性攻击力。
11031,带圣破露滴,1,0,[0|0|0],511031,-1,0,0,-1,0,-1,201180,-1,-1,0,-1,0,431,0,-1,-1,-1,1,0,0,10,2,0,0,0,0,0,0,[0|0],0,0,0,0,0,0,0,0,0,0,0,0,0,0,0,0,0,0,0,0,0,0,0,0,0,-1,-1,-1,-1,-1,-1,333100,-1,0,0,0,0,0,0,0,0,0,0,0,1,0,2,0,0,0,1,20,0,0,0,0,0,2,0,0,-1,0,-1,-1,-1,0,0,0,0,0,0,0,0,0,0,0,0,0,0,0,0,0,0,[0|0],0,[0|0|0|0|0|0|0|0],沐浴在黄金树恩惠的大地中，\n历时悠久形成的结晶露滴。\n\n加入“灵药圣杯瓶”调配后，\n能暂时提升圣属性攻击力。
15000,肉片,0,0,[0|0|0],-1,-1,0,0,10,0,-1,100000,-1,-1,0,-1,0,506,0,-1,-1,-1,999,0,50,2,0,0,0,0,0,0,0,[0|0],0,0,0,0,0,0,0,1,0,0,0,1,1,0,0,0,0,0,0,0,0,0,0,0,0,-1,-1,-1,-1,-1,-1,-1,-1,1,0,0,0,0,0,0,0,0,2,1,1,0,2,0,1,0,999,10,1,0,0,0,0,0,0,0,-1,0,-1,-1,-1,0,0,0,0,0,0,0,0,0,0,0,0,0,0,0,0,0,0,[0|0],0,[0|0|0|0|0|0|0|0],切成薄片的野兽肉。\n用于制作道具的其中一项材料。\n狩猎草食性野兽，有机会获得。\n\n制成肉干，能提升抵抗力。
15010,野兽肝,0,0,[0|0|0],-1,-1,0,0,10,0,-1,100020,-1,-1,0,-1,0,507,0,-1,-1,-1,999,0,50,2,0,0,0,0,0,0,0,[0|0],0,0,0,0,0,0,0,1,0,0,0,1,1,0,0,0,0,0,0,0,0,0,0,0,0,-1,-1,-1,-1,-1,-1,-1,-1,1,0,0,0,0,0,0,0,0,2,1,1,0,2,0,1,0,999,10,1,0,0,0,0,0,0,0,-1,0,-1,-1,-1,0,0,0,0,0,0,0,0,0,0,0,0,0,0,0,0,0,0,[0|0],0,[0|0|0|0|0|0|0|0],野兽肝脏，堪称生命的果实。\n用于制作道具的其中一项材料。\n狩猎草食性野兽，有机会获得。\n\n制成肝脏干，能提升减伤率。
15020,野兽肉块,0,0,[0|0|0],-1,-1,0,0,10,0,-1,100030,-1,-1,0,-1,0,508,0,-1,-1,-1,999,0,50,2,0,0,0,0,0,0,0,[0|0],0,0,0,0,0,0,0,1,0,0,0,1,1,0,0,0,0,0,0,0,0,0,0,0,0,-1,-1,-1,-1,-1,-1,-1,-1,1,0,0,0,0,0,0,0,0,2,1,1,0,2,0,1,0,999,10,1,0,0,0,0,0,0,0,-1,0,-1,-1,-1,0,0,0,0,0,0,0,0,0,0,0,0,0,0,0,0,0,0,[0|0],0,[0|0|0|0|0|0|0|0],鲜味浓厚的野兽肉块。\n用于制作道具的其中一项材料。\n狩猎肉食性野兽，有机会获得。\n\n富有自然风味的料理材料。
15030,野兽血液,1,0,[0|0|0],-1,-1,0,0,50,0,-1,100050,-1,-1,0,-1,0,509,0,-1,-1,-1,999,0,50,2,0,0,0,0,0,0,0,[0|0],0,0,0,0,0,0,0,1,0,0,0,1,1,0,0,0,0,0,0,0,0,0,0,0,0,-1,-1,-1,-1,-1,-1,-1,-1,1,0,0,0,0,0,0,0,0,2,1,1,0,2,0,1,0,999,10,1,0,0,0,0,0,0,0,-1,0,-1,-1,-1,0,0,0,0,0,0,0,0,0,0,0,0,0,0,0,0,0,0,[0|0],0,[0|0|0|0|0|0|0|0],蕴藏金黄色光芒的野兽血液。\n用于制作道具的其中一项材料。\n狩猎肉食性野兽，有机会获得。\n\n不会腐败的血液。
15040,古牙,1,0,[0|0|0],-1,-1,0,0,50,0,-1,100080,-1,-1,0,-1,0,510,0,-1,-1,-1,999,0,50,2,0,0,0,0,0,0,0,[0|0],0,0,0,0,0,0,0,1,0,0,0,1,1,0,0,0,0,0,0,0,0,0,0,0,0,-1,-1,-1,-1,-1,-1,-1,-1,1,0,0,0,0,0,0,0,0,2,1,1,0,2,0,1,0,999,10,1,0,0,0,0,1,0,0,-1,0,-1,-1,-1,0,0,0,0,0,0,0,0,0,0,0,0,0,0,0,0,0,0,[0|0],0,[0|0|0|0|0|0|0|0],非常罕见的野兽牙齿。\n用于制作道具的其中一项材料。\n狩猎肉食性野兽，有机会获得。\n\n从一个牙根长出多颗牙冠。\n据说是“熔炉”留下的产物。
15050,芽角,1,0,[0|0|0],-1,-1,0,0,100,0,-1,100070,-1,-1,0,-1,0,511,0,-1,-1,-1,999,0,50,2,0,0,0,0,0,0,0,[0|0],0,0,0,0,0,0,0,1,0,0,0,1,1,0,0,0,0,0,0,0,0,0,0,0,0,-1,-1,-1,-1,-1,-1,-1,-1,1,0,0,0,0,0,0,0,0,2,1,1,0,2,0,1,0,999,10,1,0,0,0,0,1,0,0,-1,0,-1,-1,-1,0,0,0,0,0,0,0,0,0,0,0,0,0,0,0,0,0,0,[0|0],0,[0|0|0|0|0|0|0|0],非常罕见的短小兽角。\n用于制作道具的其中一项材料。\n狩猎草食性野兽，有机会获得。\n\n原本不可能长出角的野兽，长出来的角。\n据说是“熔炉”留下的产物。
15060,拨风羽毛,0,0,[0|0|0],-1,-1,0,0,10,0,-1,100090,-1,-1,0,-1,0,512,0,-1,-1,-1,999,0,50,2,0,0,0,0,0,0,0,[0|0],0,0,0,0,0,0,0,1,0,0,0,1,1,0,0,0,0,0,0,0,0,0,0,0,0,-1,-1,-1,-1,-1,-1,-1,-1,1,0,0,0,0,0,0,0,0,2,1,1,0,2,0,1,0,999,10,1,0,0,0,0,0,0,0,-1,0,-1,-1,-1,0,0,0,0,0,0,0,0,0,0,0,0,0,0,0,0,0,0,[0|0],0,[0|0|0|0|0|0|0|0],飞翔空中的鸟类翅膀羽毛。\n用于制作道具的其中一项材料。\n\n主要用在制作箭羽。
15080,四趾鸟爪,0,0,[0|0|0],-1,-1,0,0,10,0,-1,100110,-1,-1,0,-1,0,514,0,-1,-1,-1,999,0,50,2,0,0,0,0,0,0,0,[0|0],0,0,0,0,0,0,0,1,0,0,0,1,1,0,0,0,0,0,0,0,0,0,0,0,0,-1,-1,-1,-1,-1,-1,-1,-1,1,0,0,0,0,0,0,0,0,2,1,1,0,2,0,1,0,999,10,1,0,0,0,0,0,0,0,-1,0,-1,-1,-1,0,0,0,0,0,0,0,0,0,0,0,0,0,0,0,0,0,0,[0|0],0,[0|0|0|0|0|0|0|0],拥有四根趾的鸟爪。\n用于制作道具的其中一项材料。\n\n在交界地，三趾是不祥的象征。\n因此四趾鸟爪被视为极度幸运的象征，\n会作为礼物赠予他人。
15090,龟颈肉块,0,0,[0|0|0],-1,-1,0,0,10,0,-1,100040,-1,-1,0,-1,0,515,0,-1,-1,-1,999,0,50,2,0,0,0,0,0,0,0,[0|0],0,0,0,0,0,0,0,1,0,0,0,1,1,0,0,0,0,0,0,0,0,0,0,0,0,-1,-1,-1,-1,-1,-1,-1,-1,1,0,0,0,0,0,0,0,0,2,1,1,0,2,0,1,0,999,10,1,0,0,0,0,0,0,0,-1,0,-1,-1,-1,0,0,0,0,0,0,0,0,0,0,0,0,0,0,0,0,0,0,[0|0],0,[0|0|0|0|0|0|0|0],长而壮的乌龟脖子肉块。\n用于制作道具的其中一项材料。\n\n在交界地的南边，\n是以富有营养闻名的食材。
15100,人骨碎片,1,0,[0|0|0],-1,-1,0,0,10,0,-1,100170,-1,-1,0,-1,0,516,0,-1,-1,-1,999,0,50,2,0,0,0,0,0,0,0,[0|0],0,0,0,0,0,0,0,1,0,0,0,1,1,0,0,0,0,0,0,0,0,0,0,0,0,-1,-1,-1,-1,-1,-1,-1,-1,1,0,0,0,0,0,0,0,0,2,1,1,0,2,0,1,0,999,10,1,0,0,0,0,0,0,0,-1,0,-1,-1,-1,0,0,0,0,0,0,0,0,0,0,0,0,0,0,0,0,0,0,[0|0],0,[0|0|0|0|0|0|0|0],表面带有灰褐色的骨头碎片。\n用于制作道具的其中一项材料。\n狩猎死诞者，有机会获得。\n\n质地非常脆弱，易碎到令人感慨的程度。
15110,大蜻蜓头部,0,0,[0|0|0],-1,-1,0,0,10,0,-1,100180,-1,-1,0,-1,0,517,0,-1,-1,-1,999,0,50,2,0,0,0,0,0,0,0,[0|0],0,0,0,0,0,0,0,1,0,0,0,1,1,0,0,0,0,0,0,0,0,0,0,0,0,-1,-1,-1,-1,-1,-1,-1,-1,1,0,0,0,0,0,0,0,0,2,1,1,0,2,0,1,0,999,10,1,0,0,0,0,0,0,0,-1,0,-1,-1,-1,0,0,0,0,0,0,0,0,0,0,0,0,0,0,0,0,0,0,[0|0],0,[0|0|0|0|0|0|0|0],体型偏大的蜻蜓头部。\n用于制作道具的其中一项材料。\n\n自古以来，常用于消除毒性的材料。
15120,眠卵,0,0,[0|0|0],-1,-1,0,0,10,0,-1,100120,-1,-1,0,-1,0,518,0,-1,-1,-1,999,0,50,2,0,0,0,0,0,0,0,[0|0],0,0,0,0,0,0,0,1,0,0,0,1,1,0,0,0,0,0,0,0,0,0,0,0,0,-1,-1,-1,-1,-1,-1,-1,-1,1,0,0,0,0,0,0,0,0,2,1,1,0,2,0,1,0,999,10,1,0,0,0,0,0,0,0,-1,0,-1,-1,-1,0,0,0,0,0,0,0,0,0,0,0,0,0,0,0,0,0,0,[0|0],0,[0|0|0|0|0|0|0|0],由鸮孵育，却永无孵化之日的卵。\n用于制作道具的其中一项材料。\n\n被认为是最高等级的酣梦象征，\n因此受到珍视。
15130,蟹卵,0,0,[0|0|0],-1,-1,0,0,10,0,-1,100130,-1,-1,0,-1,0,519,0,-1,-1,-1,999,0,50,2,0,0,0,0,0,0,0,[0|0],0,0,0,0,0,0,0,1,0,0,0,1,1,0,0,0,0,0,0,0,0,0,0,0,0,-1,-1,-1,-1,-1,-1,-1,-1,1,0,0,0,0,0,0,0,0,2,1,1,0,2,0,1,0,999,10,1,0,0,0,0,0,0,0,-1,0,-1,-1,-1,0,0,0,0,0,0,0,0,0,0,0,0,0,0,0,0,0,0,[0|0],0,[0|0|0|0|0|0|0|0],栖息于浅滩的大螃蟹的卵。\n用于制作道具的其中一项材料。\n\n食用后能由内而外暖和身体，味道鲜美。\n出身卑微的人可能不知道：\n吃螃蟹不是吃它的肉，是要吃它的卵。
15140,章鱼卵,0,0,[0|0|0],-1,-1,0,0,10,0,-1,100140,-1,-1,0,-1,0,520,0,-1,-1,-1,999,0,50,2,0,0,0,0,0,0,0,[0|0],0,0,0,0,0,0,0,1,0,0,0,1,1,0,0,0,0,0,0,0,0,0,0,0,0,-1,-1,-1,-1,-1,-1,-1,-1,1,0,0,0,0,0,0,0,0,2,1,1,0,2,0,1,0,999,10,1,0,0,0,0,0,0,0,-1,0,-1,-1,-1,0,0,0,0,0,0,0,0,0,0,0,0,0,0,0,0,0,0,[0|0],0,[0|0|0|0|0|0|0|0],陆生章鱼的卵巢。膨大的乳白色物体。\n用于制作道具的其中一项材料。\n\n陆生章鱼会为了繁殖吞食人类，\n卵巢上带有的红色血丝，是人类的血。
15150,米兰达花粉,0,0,[0|0|0],-1,-1,0,0,10,0,-1,101250,-1,-1,0,-1,0,521,0,-1,-1,-1,999,0,50,2,0,0,0,0,0,0,0,[0|0],0,0,0,0,0,0,0,1,0,0,0,1,1,0,0,0,0,0,0,0,0,0,0,0,0,-1,-1,-1,-1,-1,-1,-1,-1,1,0,0,0,0,0,0,0,0,2,1,1,0,2,0,1,0,999,20,1,0,0,0,0,0,0,0,-1,0,-1,-1,-1,0,0,0,0,0,0,0,0,0,0,0,0,0,0,0,0,0,0,[0|0],0,[0|0|0|0|0|0|0|0],会攻击人的花，米兰达之花的花粉。\n用于制作道具的其中一项材料。\n\n散播到空气之前的花粉，味道很重。\n自古以来常用在调香之上。
15160,白色肉片,1,0,[0|0|0],-1,-1,0,0,10,0,-1,100010,-1,-1,0,-1,0,522,0,-1,-1,-1,999,0,50,2,0,0,0,0,0,0,0,[0|0],0,0,0,0,0,0,0,1,0,0,0,1,1,0,0,0,0,0,0,0,0,0,0,0,0,-1,-1,-1,-1,-1,-1,-1,-1,1,0,0,0,0,0,0,0,0,2,1,1,0,2,0,1,0,999,10,1,0,0,0,0,0,0,0,-1,0,-1,-1,-1,0,0,0,0,0,0,0,0,0,0,0,0,0,0,0,0,0,0,[0|0],0,[0|0|0|0|0|0|0|0],将无血生物的肉，切成薄片的肉。\n用于制作道具的其中一项材料。\n\n制成肉干，能提升抵抗力。\n以较为长效的特点为人所知。
15340,细小兽骨,0,0,[0|0|0],-1,-1,0,0,10,0,-1,100150,-1,-1,0,-1,0,540,0,-1,-1,-1,999,0,50,2,0,0,0,0,0,0,0,[0|0],0,0,0,0,0,0,0,1,0,0,0,1,1,0,0,0,0,0,0,0,0,0,0,0,0,-1,-1,-1,-1,-1,-1,-1,-1,1,0,0,0,0,0,0,0,0,2,1,1,0,2,0,1,0,999,10,1,0,0,0,0,0,0,0,-1,0,-1,-1,-1,0,0,0,0,0,0,0,0,0,0,0,0,0,0,0,0,0,0,[0|0],0,[0|0|0|0|0|0|0|0],细小的坚硬兽骨。\n用于制作道具的其中一项材料。\n狩猎野兽，有机会获得。\n\n主要用来加工成抛弃式武器。
15341,粗大兽骨,1,0,[0|0|0],-1,-1,0,0,10,0,-1,100160,-1,-1,0,-1,0,1020,0,-1,-1,-1,999,0,50,2,0,0,0,0,0,0,0,[0|0],0,0,0,0,0,0,0,1,0,0,0,1,1,0,0,0,0,0,0,0,0,0,0,0,0,-1,-1,-1,-1,-1,-1,-1,-1,1,0,0,0,0,0,0,0,0,2,1,1,0,2,0,1,0,999,10,1,0,0,0,0,0,0,0,-1,0,-1,-1,-1,0,0,0,0,0,0,0,0,0,0,0,0,0,0,0,0,0,0,[0|0],0,[0|0|0|0|0|0|0|0],粗大的坚硬兽骨。\n用于制作道具的其中一项材料。\n狩猎大型野兽，有机会获得。\n\n主要用来加工成抛弃式武器。
15400,绳索,0,0,[0|0|0],-1,-1,0,0,10,0,-1,102000,-1,-1,0,-1,0,505,0,-1,-1,-1,999,0,50,2,0,0,0,0,0,0,0,[0|0],0,0,0,0,0,0,0,1,0,0,0,1,1,0,0,0,0,0,0,0,0,0,0,0,0,-1,-1,-1,-1,-1,-1,-1,-1,1,0,0,0,0,0,0,0,0,2,1,1,0,2,0,1,0,999,30,1,0,0,0,0,0,0,0,-1,0,-1,-1,-1,0,0,0,0,0,0,0,0,0,0,0,0,0,0,0,0,0,0,[0|0],0,[0|0|0|0|0|0|0|0],随处可见，长度刚好的绳子。\n用于制作道具的其中一项材料。\n\n亚人常会持有此物，\n可能是他们的爱用品。\n\n在某些道具改变使用方式时，会用上的材料。
15410,活壶碎片,1,0,[0|0|0],-1,-1,0,0,200,0,-1,100260,-1,-1,0,-1,0,1026,0,-1,-1,-1,999,0,50,2,0,0,0,0,0,0,0,[0|0],0,0,0,0,0,0,0,1,0,0,0,1,1,0,0,0,0,0,0,0,0,0,0,0,0,-1,-1,-1,-1,-1,-1,-1,-1,1,0,0,0,0,0,0,0,0,2,1,1,0,2,0,1,0,999,10,1,0,0,0,0,1,0,0,-1,0,-1,-1,-1,0,0,0,0,0,0,0,0,0,0,0,0,0,0,0,0,0,0,[0|0],0,[0|0|0|0|0|0|0|0],死后硬化的活壶碎片。\n用于制作道具的其中一项材料。\n\n据说蕴藏着魔咒的力量，\n因此活壶成为盗猎的对象，\n并以高价进行买卖。
15420,白金凝血,1,0,[0|0|0],-1,-1,0,0,100,0,-1,100060,-1,-1,0,-1,0,1029,0,-1,-1,-1,999,0,50,2,0,0,0,0,0,0,0,[0|0],0,0,0,0,0,0,0,1,0,0,0,1,1,0,0,0,0,0,0,0,0,0,0,0,0,-1,-1,-1,-1,-1,-1,-1,-1,1,0,0,0,0,0,0,0,0,2,1,1,0,2,0,1,0,999,10,1,0,0,0,0,1,0,0,-1,0,-1,-1,-1,0,0,0,0,0,0,0,0,0,0,0,0,0,0,0,0,0,0,[0|0],0,[0|0|0|0|0|0|0|0],浓稠凝固的白金之子们的血液。\n用于制作道具的其中一项材料。\n\n白金之子是人造生命，\n因此他们不受到黄金树的赐福。\n有些人认为他们是污秽的存在。
15430,风暴鹰羽毛,1,0,[0|0|0],-1,-1,0,0,50,0,-1,100100,-1,-1,0,-1,0,1047,0,-1,-1,-1,999,0,50,2,0,0,0,0,0,0,0,[0|0],0,0,0,0,0,0,0,1,0,0,0,1,1,0,0,0,0,0,0,0,0,0,0,0,0,-1,-1,-1,-1,-1,-1,-1,-1,1,0,0,0,0,0,0,0,0,2,1,1,0,2,0,1,0,999,10,1,0,0,0,0,1,0,0,-1,0,-1,-1,-1,0,0,0,0,0,0,0,0,0,0,0,0,0,0,0,0,0,0,[0|0],0,[0|0|0|0|0|0|0|0],与风暴同在的老鹰羽毛。\n用于制作道具的其中一项材料。\n\n羽毛上缠绕着涡旋的风。\n主要用在制作箭羽。
20650,毒花,0,0,[0|0|0],-1,-1,0,0,10,0,-1,101120,-1,-1,0,-1,0,1013,0,-1,-1,-1,999,0,50,2,0,0,0,0,0,0,0,[0|0],0,0,0,0,0,0,0,1,0,0,0,1,1,0,0,0,0,0,0,0,0,0,0,0,0,-1,-1,-1,-1,-1,-1,-1,-1,1,0,0,0,0,0,0,0,0,2,1,1,0,2,0,1,0,999,20,1,0,0,0,0,0,0,0,-1,0,-1,-1,-1,0,0,0,0,0,0,0,0,0,0,0,0,0,0,0,0,0,0,[0|0],710560,[0|0|0|0|0|0|0|0],生长在有毒土地的花朵。\n用于制作道具的其中一项材料。\n\n深绿色的毒液不停滴落。
20651,托莉娜睡莲,0,0,[0|0|0],-1,-1,0,0,10,0,-1,101190,-1,-1,0,-1,0,1014,0,-1,-1,-1,999,0,50,2,0,0,0,0,0,0,0,[0|0],0,0,0,0,0,0,0,1,0,0,0,1,1,0,0,0,0,0,0,0,0,0,0,0,0,-1,-1,-1,-1,-1,-1,-1,-1,1,0,0,0,0,0,0,0,0,2,1,1,0,2,0,1,0,999,20,1,0,0,0,0,2,0,0,-1,0,-1,-1,-1,0,0,0,0,0,0,0,0,0,0,0,0,0,0,0,0,0,0,[0|0],710560,[0|0|0|0|0|0|0|0],姿态曼妙，即将枯萎的淡紫色睡莲。\n用于制作道具的其中一项材料。\n非常罕见的物品。\n\n为圣女托莉娜的信仰代表花。\n具有舒缓亢奋精神的效用。
20652,雷电花,0,0,[0|0|0],-1,-1,0,0,10,0,-1,101130,-1,-1,0,-1,0,1031,0,-1,-1,-1,999,0,50,2,0,0,0,0,0,0,0,[0|0],0,0,0,0,0,0,0,1,0,0,0,1,1,0,0,0,0,0,0,0,0,0,0,0,0,-1,-1,-1,-1,-1,-1,-1,-1,1,0,0,0,0,0,0,0,0,2,1,1,0,2,0,1,0,999,20,1,0,0,0,0,0,0,0,-1,0,-1,-1,-1,0,0,0,0,0,0,0,0,0,0,0,0,0,0,0,0,0,0,[0|0],710560,[0|0|0|0|0|0|0|0],生长在落雷土地的黄色花朵。\n用于制作道具的其中一项材料。\n\n花上缠绕着些许雷电。
20653,米凯拉睡莲,1,0,[0|0|0],-1,-1,0,0,100,0,-1,101200,-1,-1,0,-1,0,1039,0,-1,-1,-1,999,0,50,2,0,0,0,0,0,0,0,[0|0],0,0,0,0,0,0,0,1,0,0,0,1,1,0,0,0,0,0,0,0,0,0,0,0,0,-1,-1,-1,-1,-1,-1,-1,-1,1,0,0,0,0,0,0,0,0,2,1,1,0,2,0,1,0,999,20,1,0,0,0,0,2,0,0,-1,0,-1,-1,-1,0,0,0,0,0,0,0,0,0,0,0,0,0,0,0,0,0,0,[0|0],710560,[0|0|0|0|0|0|0|0],姿态曼妙，即将枯萎的纯净金睡莲。\n用于制作道具的其中一项材料。\n极为罕见的物品。\n\n为圣树的信仰代表花。\n神人米凯拉在幼年时，相当喜爱的虚幻之花。
20654,墓地紫花,1,0,[0|0|0],-1,-1,0,0,10,0,-1,101160,-1,-1,0,-1,0,1033,0,-1,-1,-1,999,0,50,2,0,0,0,0,0,0,0,[0|0],0,0,0,0,0,0,0,1,0,0,0,1,1,0,0,0,0,0,0,0,0,0,0,0,0,-1,-1,-1,-1,-1,-1,-1,-1,1,0,0,0,0,0,0,0,0,2,1,1,0,2,0,1,0,999,20,1,0,0,0,0,0,0,0,-1,0,-1,-1,-1,0,0,0,0,0,0,0,0,0,0,0,0,0,0,0,0,0,0,[0|0],710560,[0|0|0|0|0|0|0|0],生长在墓地的紫色花朵。\n用于制作道具的其中一项材料。\n\n人称灵火之花，据说能召唤灵魂。
20660,变色落叶花,1,0,[0|0|0],-1,-1,0,0,10,0,-1,101100,-1,-1,0,-1,0,1003,0,-1,-1,-1,999,0,50,2,0,0,0,0,0,0,0,[0|0],0,0,0,0,0,0,0,1,0,0,0,1,1,0,0,0,0,0,0,0,0,0,0,0,0,-1,-1,-1,-1,-1,-1,-1,-1,1,0,0,0,0,0,0,0,0,2,1,1,0,2,0,1,0,999,20,1,0,0,0,0,0,0,0,-1,0,-1,-1,-1,0,0,0,0,0,0,0,0,0,0,0,0,0,0,0,0,0,0,[0|0],710560,[0|0|0|0|0|0|0|0],些微转红的落叶花。\n用于制作道具的其中一项材料。\n会生长在腐败的土地。\n\n用远古黄金树的落叶，培育而成的花。
20680,落叶花,0,0,[0|0|0],-1,-1,0,0,10,0,-1,101090,-1,-1,0,-1,0,526,0,-1,-1,-1,999,0,50,2,0,0,0,0,0,0,0,[0|0],0,0,0,0,0,0,0,1,0,0,0,1,1,0,0,0,0,0,0,0,0,0,0,0,0,-1,-1,-1,-1,-1,-1,-1,-1,1,0,0,0,0,0,0,0,0,2,1,1,0,2,0,1,0,999,20,1,0,0,0,0,0,0,0,-1,0,-1,-1,-1,0,0,0,0,0,0,0,0,0,0,0,0,0,0,0,0,0,0,[0|0],710560,[0|0|0|0|0|0|0|0],快枯萎成褐色的深黄色花朵。\n用于制作道具的其中一项材料。\n能在交界地各处取得。\n\n用远古黄金树的落叶，培育而成的花。
20681,亚塔斯花,1,0,[0|0|0],-1,-1,0,0,10,0,-1,101140,-1,-1,0,-1,0,1001,0,-1,-1,-1,999,0,50,2,0,0,0,0,0,0,0,[0|0],0,0,0,0,0,0,0,1,0,0,0,1,1,0,0,0,0,0,0,0,0,0,0,0,0,-1,-1,-1,-1,-1,-1,-1,-1,1,0,0,0,0,0,0,0,0,2,1,1,0,2,0,1,0,999,20,1,0,0,0,0,0,0,0,-1,0,-1,-1,-1,0,0,0,0,0,0,0,0,0,0,0,0,0,0,0,0,0,0,[0|0],710560,[0|0|0|0|0|0|0|0],染上金黄色的多肉植物的花。\n用于制作道具的其中一项材料。\n会生长在亚坛高原。\n\n据说在黄金树之前的时代，\n是用于送葬的花。
20682,火焰花,1,0,[0|0|0],-1,-1,0,0,10,0,-1,101110,-1,-1,0,-1,0,1006,0,-1,-1,-1,999,0,50,2,0,0,0,0,0,0,0,[0|0],0,0,0,0,0,0,0,1,0,0,0,1,1,0,0,0,0,0,0,0,0,0,0,0,0,-1,-1,-1,-1,-1,-1,-1,-1,1,0,0,0,0,0,0,0,0,2,1,1,0,2,0,1,0,999,20,1,0,0,0,0,0,0,0,-1,0,-1,-1,-1,0,0,0,0,0,0,0,0,0,0,0,0,0,0,0,0,0,0,[0|0],710560,[0|0|0|0|0|0|0|0],半化成灰，受火熏烧的花。\n用于制作道具的其中一项材料。\n会生长在巨人山顶。\n\n巨人山顶的灰灭火焰大锅──\n此为用它的火星培育而成的花。
20683,金轮草,1,0,[0|0|0],-1,-1,0,0,10,0,-1,101180,-1,-1,0,-1,0,1021,0,-1,-1,-1,999,0,50,2,0,0,0,0,0,0,0,[0|0],0,0,0,0,0,0,0,1,0,0,0,1,1,0,0,0,0,0,0,0,0,0,0,0,0,-1,-1,-1,-1,-1,-1,-1,-1,1,0,0,0,0,0,0,0,0,2,1,1,0,2,0,1,0,999,20,1,0,0,0,0,0,0,0,-1,0,-1,-1,-1,0,0,0,0,0,0,0,0,0,0,0,0,0,0,0,0,0,0,[0|0],710560,[0|0|0|0|0|0|0|0],面向黄金树绽放的大株花朵。\n用于制作道具的其中一项材料。\n能在小黄金树附近发现。\n\n生长在黄金树树脚的花还留有颜色，\n蕴藏着强烈的神圣性。
20685,褪色金轮草,0,0,[0|0|0],-1,-1,0,0,10,0,-1,101170,-1,-1,0,-1,0,1044,0,-1,-1,-1,999,0,50,2,0,0,0,0,0,0,0,[0|0],0,0,0,0,0,0,0,1,0,0,0,1,1,0,0,0,0,0,0,0,0,0,0,0,0,-1,-1,-1,-1,-1,-1,-1,-1,1,0,0,0,0,0,0,0,0,2,1,1,0,2,0,1,0,999,20,1,0,0,0,0,0,0,0,-1,0,-1,-1,-1,0,0,0,0,0,0,0,0,0,0,0,0,0,0,0,0,0,0,[0|0],710560,[0|0|0|0|0|0|0|0],面向黄金树绽放的大株花朵。\n用于制作道具的其中一项材料。\n能在小黄金树附近发现。\n\n即将彻底枯萎，颜色也已经褪色，\n还残留些许神圣性。
20690,赫帕草,0,0,[0|0|0],-1,-1,0,0,10,0,-1,101030,-1,-1,0,-1,0,533,0,-1,-1,-1,999,0,50,2,0,0,0,0,0,0,0,[0|0],0,0,0,0,0,0,0,1,0,0,0,1,1,0,0,0,0,0,0,0,0,0,0,0,0,-1,-1,-1,-1,-1,-1,-1,-1,1,0,0,0,0,0,0,0,0,2,1,1,0,2,0,1,0,999,20,1,0,0,0,0,0,0,0,-1,0,-1,-1,-1,0,0,0,0,0,0,0,0,0,0,0,0,0,0,0,0,0,0,[0|0],710560,[0|0|0|0|0|0|0|0],散发微弱光芒的常绿叶子。\n用于制作道具的其中一项材料。\n\n分布范围广大的药用植物。\n能在树丛等等地方发现。
20691,亚缇莉亚叶,0,0,[0|0|0],-1,-1,0,0,100,0,-1,101050,-1,-1,0,-1,0,1042,0,-1,-1,-1,999,0,50,2,0,0,0,0,0,0,0,[0|0],0,0,0,0,0,0,0,1,0,0,0,1,1,0,0,0,0,0,0,0,0,0,0,0,0,-1,-1,-1,-1,-1,-1,-1,-1,1,0,0,0,0,0,0,0,0,2,1,1,0,2,0,1,0,999,20,1,0,0,0,0,2,0,0,-1,0,-1,-1,-1,0,0,0,0,0,0,0,0,0,0,0,0,0,0,0,0,0,0,[0|0],710560,[0|0|0|0|0|0|0|0],具有肥厚鼓起叶脉的暗红色叶子。\n用于制作道具的其中一项材料。\n非常罕见的物品。\n\n叶脉传出些微脉动，\n能让血脉贲张，情绪高昂。
20710,夜露赫帕草,1,0,[0|0|0],-1,-1,0,0,10,0,-1,101040,-1,-1,0,-1,0,1008,0,-1,-1,-1,999,0,50,2,0,0,0,0,0,0,0,[0|0],0,0,0,0,0,0,0,1,0,0,0,1,1,0,0,0,0,0,0,0,0,0,0,0,0,-1,-1,-1,-1,-1,-1,-1,-1,1,0,0,0,0,0,0,0,0,2,1,1,0,2,0,1,0,999,20,1,0,0,0,0,0,0,0,-1,0,-1,-1,-1,0,0,0,0,0,0,0,0,0,0,0,0,0,0,0,0,0,0,[0|0],710560,[0|0|0|0|0|0|0|0],在虚假的黑夜中培育长成的赫帕草。\n用于制作道具的其中一项材料。\n能在永恒之城，或是城附近发现。\n\n散发出微弱的星光，\n充满神秘气息的露水沾湿了叶面。
20720,罗亚果实,0,0,[0|0|0],-1,-1,0,0,10,0,-1,101000,-1,-1,0,-1,0,531,0,-1,-1,-1,999,0,50,2,0,0,0,0,0,0,0,[0|0],0,0,0,0,0,0,0,1,0,0,0,1,1,0,0,0,0,0,0,0,0,0,0,0,0,-1,-1,-1,-1,-1,-1,-1,-1,1,0,0,0,0,0,0,0,0,2,1,1,0,2,0,1,0,999,20,1,0,0,0,0,0,0,0,-1,0,-1,-1,-1,0,0,0,0,0,0,0,0,0,0,0,0,0,0,0,0,0,0,[0|0],710560,[0|0|0|0|0|0|0|0],生长在灌木上的红色小果实。\n用于制作道具的其中一项材料。\n\n能在交界地各处轻易取得，用途相当广泛。
20721,黄金罗亚果实,1,0,[0|0|0],-1,-1,0,0,10,0,-1,101010,-1,-1,0,-1,0,532,0,-1,-1,-1,999,0,50,2,0,0,0,0,0,0,0,[0|0],0,0,0,0,0,0,0,1,0,0,0,1,1,0,0,0,0,0,0,0,0,0,0,0,0,-1,-1,-1,-1,-1,-1,-1,-1,1,0,0,0,0,0,0,0,0,2,1,1,0,2,0,1,0,999,20,1,0,0,0,0,0,0,0,-1,0,-1,-1,-1,0,0,0,0,0,0,0,0,0,0,0,0,0,0,0,0,0,0,[0|0],710560,[0|0|0|0|0|0|0|0],带有金黄色光芒的罗亚果实。\n用于制作道具的其中一项材料。\n\n能在靠近黄金树的地区轻易取得。
20722,罗亚原种果实,1,0,[0|0|0],-1,-1,0,0,10,0,-1,101020,-1,-1,0,-1,0,1005,0,-1,-1,-1,999,0,50,2,0,0,0,0,0,0,0,[0|0],0,0,0,0,0,0,0,1,0,0,0,1,1,0,0,0,0,0,0,0,0,0,0,0,0,-1,-1,-1,-1,-1,-1,-1,-1,1,0,0,0,0,0,0,0,0,2,1,1,0,2,0,1,0,999,20,1,0,0,0,0,0,0,0,-1,0,-1,-1,-1,0,0,0,0,0,0,0,0,0,0,0,0,0,0,0,0,0,0,[0|0],710560,[0|0|0|0|0|0|0|0],据说是罗亚果实原种的小果实。\n用于制作道具的其中一项材料。\n能在寒冷的高地取得。\n\n即使结冰也能生根，属于较为强壮的种类。
20723,血蔷薇,0,0,[0|0|0],-1,-1,0,0,10,0,-1,101150,-1,-1,0,-1,0,1028,0,-1,-1,-1,999,0,50,2,0,0,0,0,0,0,0,[0|0],0,0,0,0,0,0,0,1,0,0,0,1,1,0,0,0,0,0,0,0,0,0,0,0,0,-1,-1,-1,-1,-1,-1,-1,-1,1,0,0,0,0,0,0,0,0,2,1,1,0,2,0,1,0,999,20,1,0,0,0,0,1,0,0,-1,0,-1,-1,-1,0,0,0,0,0,0,0,0,0,0,0,0,0,0,0,0,0,0,[0|0],710560,[0|0|0|0|0|0|0|0],生长在和血土壤之中的鲜血蔷薇。\n用于制作道具的其中一项材料。\n\n侍奉鲜血君王的人最喜爱此物。\n\n　即将到来的王朝啊，沐浴在美之下吧。
20740,耶罗眼珠,1,0,[0|0|0],-1,-1,0,0,100,0,-1,101240,-1,-1,0,-1,0,1025,0,-1,-1,-1,999,0,50,2,0,0,0,0,0,0,0,[0|0],0,0,0,0,0,0,0,1,0,0,0,1,1,0,0,0,0,0,0,0,0,0,0,0,0,-1,-1,-1,-1,-1,-1,-1,-1,1,0,0,0,0,0,0,0,0,2,1,1,0,2,0,1,0,999,20,1,0,0,0,0,2,0,0,-1,0,-1,-1,-1,0,0,0,0,0,0,0,0,0,0,0,0,0,0,0,0,0,0,[0|0],710560,[0|0|0|0|0|0|0|0],过熟因此从中腐烂的灌木果实。\n用于制作道具的其中一项材料。\n\n会在癫狂病流行的地方被人为种植，\n据说是用于制作镇痛剂。\n知名的危险麻醉药。
20750,结晶木芽,1,0,[0|0|0],-1,-1,0,0,10,0,-1,101210,-1,-1,0,-1,0,1000,0,-1,-1,-1,999,0,50,2,0,0,0,0,0,0,0,[0|0],0,0,0,0,0,0,0,1,0,0,0,1,1,0,0,0,0,0,0,0,0,0,0,0,0,-1,-1,-1,-1,-1,-1,-1,-1,1,0,0,0,0,0,0,0,0,2,1,1,0,2,0,1,0,999,20,1,0,0,0,0,0,0,0,-1,0,-1,-1,-1,0,0,0,0,0,0,0,0,0,0,0,0,0,0,0,0,0,0,[0|0],710560,[0|0|0|0|0|0|0|0],无法继续生长的嫩芽，结晶化的物品。\n用于制作道具的其中一项材料。\n\n能在利耶尼亚湖轻易发现。
20751,冰结晶木芽,1,0,[0|0|0],-1,-1,0,0,10,0,-1,101220,-1,-1,0,-1,0,1007,0,-1,-1,-1,999,0,50,2,0,0,0,0,0,0,0,[0|0],0,0,0,0,0,0,0,1,0,0,0,1,1,0,0,0,0,0,0,0,0,0,0,0,0,-1,-1,-1,-1,-1,-1,-1,-1,1,0,0,0,0,0,0,0,0,2,1,1,0,2,0,1,0,999,20,1,0,0,0,0,0,0,0,-1,0,-1,-1,-1,0,0,0,0,0,0,0,0,0,0,0,0,0,0,0,0,0,0,[0|0],710560,[0|0|0|0|0|0|0|0],无法继续生长的嫩芽，冰结晶化的物品。\n用于制作道具的其中一项材料。\n\n能在寒冷的地区轻易发现。
20753,圣血木芽,1,0,[0|0|0],-1,-1,0,0,100,0,-1,101230,-1,-1,0,-1,0,1016,0,-1,-1,-1,999,0,50,2,0,0,0,0,0,0,0,[0|0],0,0,0,0,0,0,0,1,0,0,0,1,1,0,0,0,0,0,0,0,0,0,0,0,0,-1,-1,-1,-1,-1,-1,-1,-1,1,0,0,0,0,0,0,0,0,2,1,1,0,2,0,1,0,999,20,1,0,0,0,0,2,0,0,-1,0,-1,-1,-1,0,0,0,0,0,0,0,0,0,0,0,0,0,0,0,0,0,0,[0|0],710560,[0|0|0|0|0|0|0|0],无法继续生长的嫩芽，饱含鲜血的物品。\n用于制作道具的其中一项材料。\n\n在过去，灌注稚幼圣血培育而成的嫩芽，\n据说是此嫩芽的原种。
20760,蘑菇,0,0,[0|0|0],-1,-1,0,0,10,0,-1,101060,-1,-1,0,-1,0,1024,0,-1,-1,-1,999,0,50,2,0,0,0,0,0,0,0,[0|0],0,0,0,0,0,0,0,1,0,0,0,1,1,0,0,0,0,0,0,0,0,0,0,0,0,-1,-1,-1,-1,-1,-1,-1,-1,1,0,0,0,0,0,0,0,0,2,1,1,0,2,0,1,0,999,20,1,0,0,0,0,0,0,0,-1,0,-1,-1,-1,0,0,0,0,0,0,0,0,0,0,0,0,0,0,0,0,0,0,[0|0],710560,[0|0|0|0|0|0|0|0],在潮湿的树丛等等地方，遍布生长的菌类。\n用于制作道具的其中一项材料。\n\n外表有如厚实的海绵，\n是制作投掷壶类道具的基本材料。
20761,稠液蘑菇,1,0,[0|0|0],-1,-1,0,0,10,0,-1,101080,-1,-1,0,-1,0,1009,0,-1,-1,-1,999,0,50,2,0,0,0,0,0,0,0,[0|0],0,0,0,0,0,0,0,1,0,0,0,1,1,0,0,0,0,0,0,0,0,0,0,0,0,-1,-1,-1,-1,-1,-1,-1,-1,1,0,0,0,0,0,0,0,0,2,1,1,0,2,0,1,0,999,20,1,0,0,0,0,0,0,0,-1,0,-1,-1,-1,0,0,0,0,0,0,0,0,0,0,0,0,0,0,0,0,0,0,[0|0],710560,[0|0|0|0|0|0|0|0],在虚假的黑夜中培育长成的菌类。\n用于制作道具的其中一项材料。\n能在永恒之城，或是城附近发现。\n\n那浓稠溢出的液体，具备油的特性。
20770,毒霉蘑菇,1,0,[0|0|0],-1,-1,0,0,10,0,-1,101070,-1,-1,0,-1,0,1004,0,-1,-1,-1,999,0,50,2,0,0,0,0,0,0,0,[0|0],0,0,0,0,0,0,0,1,0,0,0,1,1,0,0,0,0,0,0,0,0,0,0,0,0,-1,-1,-1,-1,-1,-1,-1,-1,1,0,0,0,0,0,0,0,0,2,1,1,0,2,0,1,0,999,20,1,0,0,0,0,0,0,0,-1,0,-1,-1,-1,0,0,0,0,0,0,0,0,0,0,0,0,0,0,0,0,0,0,[0|0],710560,[0|0|0|0|0|0|0|0],长满有毒霉菌的蘑菇。\n用于制作道具的其中一项材料。\n能在腐败的土地发现。\n\n据说那有毒的霉菌，\n是能从猩红腐败保身的关键。
20775,根脂,0,0,[0|0|0],-1,-1,0,0,10,0,-1,101260,-1,-1,0,-1,0,542,0,-1,-1,-1,999,0,50,2,0,0,0,0,0,0,0,[0|0],0,0,0,0,0,0,0,1,0,0,0,1,1,0,0,0,0,0,0,0,0,0,0,0,0,-1,-1,-1,-1,-1,-1,-1,-1,1,0,0,0,0,0,0,0,0,2,1,1,0,2,0,1,0,999,20,1,0,0,0,0,0,0,0,-1,0,-1,-1,-1,0,0,0,0,0,0,0,0,0,0,0,0,0,0,0,0,0,0,[0|0],710560,[0|0|0|0|0|0|0|0],主要在地底大树根采集的天然树脂，\n也能在地面的树旁等等地方发现。\n用于制作道具的其中一项材料。\n\n据说大树根过去与黄金树相连，\n因此地下墓地都落在大树根所在处。
20780,崩解结晶,0,0,[0|0|0],-1,-1,0,0,10,0,-1,102020,-1,-1,0,-1,0,541,0,-1,-1,-1,999,0,50,2,0,0,0,0,0,0,0,[0|0],0,0,0,0,0,0,0,1,0,0,0,1,1,0,0,0,0,0,0,0,0,0,0,0,0,-1,-1,-1,-1,-1,-1,-1,-1,1,0,0,0,0,0,0,0,0,2,1,1,0,2,0,1,0,999,30,1,0,0,0,0,0,0,0,-1,0,-1,-1,-1,0,0,0,0,0,0,0,0,0,0,0,0,0,0,0,0,0,0,[0|0],710560,[0|0|0|0|0|0|0|0],纯度过低，劣化后裂开的结晶。\n用于制作道具的其中一项材料。\n\n能在结晶的坑道轻易发现。
20795,神殿石,1,0,[0|0|0],-1,-1,0,0,10,0,-1,102010,-1,-1,0,-1,0,1038,0,-1,-1,-1,999,0,50,2,0,0,0,0,0,0,0,[0|0],0,0,0,0,0,0,0,1,0,0,0,1,1,0,0,0,0,0,0,0,0,0,0,0,0,-1,-1,-1,-1,-1,-1,-1,-1,1,0,0,0,0,0,0,0,0,2,1,1,0,2,0,1,0,999,30,1,0,0,0,0,1,0,0,-1,0,-1,-1,-1,0,0,0,0,0,0,0,0,0,0,0,0,0,0,0,0,0,0,[0|0],710560,[0|0|0|0|0|0|0|0],在天降遗迹的地区发现的小碎片。\n其中非常罕见，带有光芒的一种。\n用于制作道具的其中一项材料。\n\n带有光芒的碎片，能借由那光芒赋予力量。
20800,蜕生蝶,1,0,[0|0|0],-1,-1,0,0,100,0,-1,100240,-1,-1,0,-1,0,1043,0,-1,-1,-1,999,0,50,2,0,0,0,0,0,0,0,[0|0],0,0,0,0,0,0,0,1,0,0,0,1,1,0,0,0,0,0,0,0,0,0,0,0,0,-1,-1,-1,-1,-1,-1,-1,-1,1,0,0,0,0,0,0,0,0,2,1,1,0,2,0,1,0,999,10,1,0,0,0,0,2,0,0,-1,0,-1,-1,-1,0,0,0,0,0,0,0,0,0,0,0,0,0,0,0,0,0,0,[0|0],710560,[0|0|0|0|0|0|0|0],有着一双清透翅膀的神秘蝴蝶。\n用于制作道具的其中一项材料。\n非常罕见的物品。\n\n此种蝴蝶会维持羽化后那瞬间的模样，\n度过它的一生。
20801,艾奥尼亚蝶,1,0,[0|0|0],-1,-1,0,0,100,0,-1,100230,-1,-1,0,-1,0,1015,0,-1,-1,-1,999,0,50,2,0,0,0,0,0,0,0,[0|0],0,0,0,0,0,0,0,1,0,0,0,1,1,0,0,0,0,0,0,0,0,0,0,0,0,-1,-1,-1,-1,-1,-1,-1,-1,1,0,0,0,0,0,0,0,0,2,1,1,0,2,0,1,0,999,10,1,0,0,0,0,2,0,0,-1,0,-1,-1,-1,0,0,0,0,0,0,0,0,0,0,0,0,0,0,0,0,0,0,[0|0],710560,[0|0|0|0|0|0|0|0],有着一双猩红枯叶般翅膀的蝴蝶。\n用于制作道具的其中一项材料。\n能在艾奥尼亚沼泽发现。\n\n在古老的神话中，\n此种蝴蝶是腐败女神的双翼。
20802,火星蝶,0,0,[0|0|0],-1,-1,0,0,10,0,-1,100220,-1,-1,0,-1,0,1034,0,-1,-1,-1,999,0,50,2,0,0,0,0,0,0,0,[0|0],0,0,0,0,0,0,0,1,0,0,0,1,1,0,0,0,0,0,0,0,0,0,0,0,0,-1,-1,-1,-1,-1,-1,-1,-1,1,0,0,0,0,0,0,0,0,2,1,1,0,2,0,1,0,999,10,1,0,0,0,0,0,0,0,-1,0,-1,-1,-1,0,0,0,0,0,0,0,0,0,0,0,0,0,0,0,0,0,0,[0|0],710560,[0|0|0|0|0|0|0|0],在野火旁等等地方发现，没有被烧光的蝴蝶。\n用于制作道具的其中一项材料。\n\n能作为各种道具的火种。
20810,银色萤火虫,0,0,[0|0|0],-1,-1,0,0,10,0,-1,100200,-1,-1,0,-1,0,1018,0,-1,-1,-1,999,0,50,2,0,0,0,0,0,0,0,[0|0],0,0,0,0,0,0,0,1,0,0,0,1,1,0,0,0,0,0,0,0,0,0,0,0,0,-1,-1,-1,-1,-1,-1,-1,-1,1,0,0,0,0,0,0,0,0,2,1,1,0,2,0,1,0,999,10,1,0,0,0,0,1,0,0,-1,0,-1,-1,-1,0,0,0,0,0,0,0,0,0,0,0,0,0,0,0,0,0,0,[0|0],710560,[0|0|0|0|0|0|0|0],发出银色光芒的萤火虫。\n用于制作道具的其中一项材料。\n能在没有阳光直射，冰冷的水边等等地方发现。\n\n据说萤火虫的光具有诱导的魔力，\n其中银色的萤火虫能吸引贵重物品靠近。
20811,金色萤火虫,0,0,[0|0|0],-1,-1,0,0,10,0,-1,100190,-1,-1,0,-1,0,1019,0,-1,-1,-1,999,0,50,2,0,0,0,0,0,0,0,[0|0],0,0,0,0,0,0,0,1,0,0,0,1,1,0,0,0,0,0,0,0,0,0,0,0,0,-1,-1,-1,-1,-1,-1,-1,-1,1,0,0,0,0,0,0,0,0,2,1,1,0,2,0,1,0,999,10,1,0,0,0,0,1,0,0,-1,0,-1,-1,-1,0,0,0,0,0,0,0,0,0,0,0,0,0,0,0,0,0,0,[0|0],710560,[0|0|0|0|0|0|0|0],发出金色光芒的萤火虫。\n用于制作道具的其中一项材料。\n能在小黄金树附近的水边等等地方发现。\n\n据说萤火虫的光具有诱导的魔力，\n其中金色的萤火虫能吸引卢恩靠近。
20812,辉石萤火虫,1,0,[0|0|0],-1,-1,0,0,10,0,-1,100210,-1,-1,0,-1,0,1045,0,-1,-1,-1,999,0,50,2,0,0,0,0,0,0,0,[0|0],0,0,0,0,0,0,0,1,0,0,0,1,1,0,0,0,0,0,0,0,0,0,0,0,0,-1,-1,-1,-1,-1,-1,-1,-1,1,0,0,0,0,0,0,0,0,2,1,1,0,2,0,1,0,999,10,1,0,0,0,0,0,0,0,-1,0,-1,-1,-1,0,0,0,0,0,0,0,0,0,0,0,0,0,0,0,0,0,0,[0|0],710560,[0|0|0|0|0|0|0|0],发光部位辉石化的萤火虫。\n用于制作道具的其中一项材料。\n能在利耶尼亚湖轻易发现。\n\n受到辉石化的影响，已经失去诱导的魔力。
20820,黄金百足,1,0,[0|0|0],-1,-1,0,0,100,0,-1,100250,-1,-1,0,-1,0,1030,0,-1,-1,-1,999,0,50,2,0,0,0,0,0,0,0,[0|0],0,0,0,0,0,0,0,1,0,0,0,1,1,0,0,0,0,0,0,0,0,0,0,0,0,-1,-1,-1,-1,-1,-1,-1,-1,1,0,0,0,0,0,0,0,0,2,1,1,0,2,0,1,0,999,10,1,0,0,0,0,2,0,0,-1,0,-1,-1,-1,0,0,0,0,0,0,0,0,0,0,0,0,0,0,0,0,0,0,[0|0],710560,[0|0|0|0|0|0|0|0],干缩的金黄色蜈蚣尸体。\n用于制作道具的其中一项材料。\n\n此为黄金律法的基本主义者，\n其中狩猎死诞者的人们拥有的诅咒物。\n能在教堂旁边等等地方发现。
20825,银色泪滴空壳,1,0,[0|0|0],-1,-1,0,0,10,0,-1,100270,-1,-1,0,-1,0,1037,0,-1,-1,-1,999,0,50,2,0,0,0,0,0,0,0,[0|0],0,0,0,0,0,0,0,1,0,0,0,1,1,0,0,0,0,0,0,0,0,0,0,0,0,-1,-1,-1,-1,-1,-1,-1,-1,1,0,0,0,0,0,0,0,0,2,1,1,0,2,0,1,0,999,10,1,0,0,0,0,1,0,0,-1,0,-1,-1,-1,0,0,0,0,0,0,0,0,0,0,0,0,0,0,0,0,0,0,[0|0],710560,[0|0|0|0|0|0|0|0],称作银色泪滴的变形生物，硬化后的壳。\n用于制作道具的其中一项材料。\n能在永恒之城，或是城附近发现。\n\n银色泪滴会模仿其他生物，\n据说模仿的尽头会转为再世，\n终有一天会化身成王。
20830,金色排泄物,0,0,[0|0|0],-1,-1,0,0,10,0,-1,100280,-1,-1,0,-1,0,538,0,-1,-1,-1,999,0,50,2,0,0,0,0,0,0,0,[0|0],0,0,0,0,0,0,0,1,0,0,0,1,1,0,0,0,0,0,0,0,0,0,0,0,0,-1,-1,-1,-1,-1,-1,-1,-1,1,0,0,0,0,0,0,0,0,2,1,1,0,2,0,1,0,999,10,1,0,0,0,0,0,0,0,-1,0,-1,-1,-1,0,0,0,0,0,0,0,0,0,0,0,0,0,0,0,0,0,0,[0|0],710560,[0|0|0|0|0|0|0|0],某种生物的排泄物，金色的粪便。\n用于制作道具的其中一项材料。\n常隐藏在森林或树丛里。\n\n金色粪便的稳定性高──\n不会干掉，能保持温度与味道，\n维持粪便原本的模样。
20831,和血排泄物,1,0,[0|0|0],-1,-1,0,0,10,0,-1,100290,-1,-1,0,-1,0,539,0,-1,-1,-1,999,0,50,2,0,0,0,0,0,0,0,[0|0],0,0,0,0,0,0,0,1,0,0,0,1,1,0,0,0,0,0,0,0,0,0,0,0,0,-1,-1,-1,-1,-1,-1,-1,-1,1,0,0,0,0,0,0,0,0,2,1,1,0,2,0,1,0,999,10,1,0,0,0,0,0,0,0,-1,0,-1,-1,-1,0,0,0,0,0,0,0,0,0,0,0,0,0,0,0,0,0,0,[0|0],710560,[0|0|0|0|0|0|0|0],肉食野兽的排泄物，和着血液的粪便。\n用于制作道具的其中一项材料。\n能在新王朝之地发现。\n\n混着还没有消化掉的肉与血，\n不知名小颗卵密布附着在上头。
20840,洞窟苔藓,0,0,[0|0|0],-1,-1,0,0,10,0,-1,101270,-1,-1,0,-1,0,1022,0,-1,-1,-1,999,0,50,2,0,0,0,0,0,0,0,[0|0],0,0,0,0,0,0,0,1,0,0,0,1,1,0,0,0,0,0,0,0,0,0,0,0,0,-1,-1,-1,-1,-1,-1,-1,-1,1,0,0,0,0,0,0,0,0,2,1,1,0,2,0,1,0,999,20,1,0,0,0,0,0,0,0,-1,0,-1,-1,-1,0,0,0,0,0,0,0,0,0,0,0,0,0,0,0,0,0,0,[0|0],710560,[0|0|0|0|0|0|0|0],生长在昏暗洞窟内，散发微弱光芒的苔藓。\n用于制作道具的其中一项材料。\n\n制作治疗药丸“苔药”的基本材料。
20841,洞窟苔藓的花苞,1,0,[0|0|0],-1,-1,0,0,10,0,-1,101280,-1,-1,0,-1,0,1023,0,-1,-1,-1,999,0,50,2,0,0,0,0,0,0,0,[0|0],0,0,0,0,0,0,0,1,0,0,0,1,1,0,0,0,0,0,0,0,0,0,0,0,0,-1,-1,-1,-1,-1,-1,-1,-1,1,0,0,0,0,0,0,0,0,2,1,1,0,2,0,1,0,999,20,1,0,0,0,0,0,0,0,-1,0,-1,-1,-1,0,0,0,0,0,0,0,0,0,0,0,0,0,0,0,0,0,0,[0|0],710560,[0|0|0|0|0|0|0|0],生长在昏暗洞窟内，散发微弱光芒的苔藓。\n其中绽放小朵黄花的一种。\n\n用于制作道具的其中一项材料。\n主要用于调香。
20842,洞窟苔藓的结晶,1,0,[0|0|0],-1,-1,0,0,10,0,-1,101290,-1,-1,0,-1,0,1032,0,-1,-1,-1,999,0,50,2,0,0,0,0,0,0,0,[0|0],0,0,0,0,0,0,0,1,0,0,0,1,1,0,0,0,0,0,0,0,0,0,0,0,0,-1,-1,-1,-1,-1,-1,-1,-1,1,0,0,0,0,0,0,0,0,2,1,1,0,2,0,1,0,999,20,1,0,0,0,0,0,0,0,-1,0,-1,-1,-1,0,0,0,0,0,0,0,0,0,0,0,0,0,0,0,0,0,0,[0|0],710560,[0|0|0|0|0|0|0|0],生长在昏暗洞窟内，散发微弱光芒的苔藓。\n其中长出细小结晶的一种。\n\n用于制作道具的其中一项材料。\n为制作特殊苔药的材料。
20845,黄色余火,1,0,[0|0|0],-1,-1,0,0,10,0,-1,100300,-1,-1,0,-1,0,1046,0,-1,-1,-1,999,0,50,2,0,0,0,0,0,0,0,[0|0],0,0,0,0,0,0,0,1,0,0,0,1,1,0,0,0,0,0,0,0,0,0,0,0,0,-1,-1,-1,-1,-1,-1,-1,-1,1,0,0,0,0,0,0,0,0,2,1,1,0,2,0,1,0,999,10,1,0,0,0,0,1,0,0,-1,0,-1,-1,-1,0,0,0,0,0,0,0,0,0,0,0,0,0,0,0,0,0,0,[0|0],710560,[0|0|0|0|0|0|0|0],在尸体的眼窝发现的熏火。\n用于制作道具的其中一项材料。\n\n此为癫火病的痕迹──\n成熟之后迸出的葡萄。
20850,火山石,1,0,[0|0|0],-1,-1,0,0,10,0,-1,102030,-1,-1,0,-1,0,1002,0,-1,-1,-1,999,0,50,2,0,0,0,0,0,0,0,[0|0],0,0,0,0,0,0,0,1,0,0,0,1,1,0,0,0,0,0,0,0,0,0,0,0,0,-1,-1,-1,-1,-1,-1,-1,-1,1,0,0,0,0,0,0,0,0,2,1,1,0,2,0,1,0,999,30,1,0,0,0,0,0,0,0,-1,0,-1,-1,-1,0,0,0,0,0,0,0,0,0,0,0,0,0,0,0,0,0,0,[0|0],710560,[0|0|0|0|0|0|0|0],含有高温气体的天然石头。\n用于制作道具的其中一项材料。\n\n能在格密尔火山发现。
20852,蚁酸石,1,0,[0|0|0],-1,-1,0,0,100,0,-1,102040,-1,-1,0,-1,0,1017,0,-1,-1,-1,999,0,50,2,0,0,0,0,0,0,0,[0|0],0,0,0,0,0,0,0,1,0,0,0,1,1,0,0,0,0,0,0,0,0,0,0,0,0,-1,-1,-1,-1,-1,-1,-1,-1,1,0,0,0,0,0,0,0,0,2,1,1,0,2,0,1,0,999,30,1,0,0,0,0,1,0,0,-1,0,-1,-1,-1,0,0,0,0,0,0,0,0,0,0,0,0,0,0,0,0,0,0,[0|0],710560,[0|0|0|0|0|0|0|0],大蚂蚁的毒液凝固而成的强酸性石头。\n用于制作道具的其中一项材料。\n\n能在安瑟尔河等等，大蚂蚁的栖息地发现。
20855,碎石,1,0,[0|0|0],-1,-1,0,0,100,0,-1,102050,-1,-1,0,-1,0,1027,0,-1,-1,-1,999,0,50,2,0,0,0,0,0,0,0,[0|0],0,0,0,0,0,0,0,1,0,0,0,1,1,0,0,0,0,0,0,0,0,0,0,0,0,-1,-1,-1,-1,-1,-1,-1,-1,1,0,0,0,0,0,0,0,0,2,1,1,0,2,0,1,0,999,30,1,0,0,0,0,2,0,0,-1,0,-1,-1,-1,0,0,0,0,0,0,0,0,0,0,0,0,0,0,0,0,0,0,[0|0],710560,[0|0|0|0|0|0|0|0],剥落的尖锐石块。\n用于制作道具的其中一项材料。\n\n能在从前古龙袭击的地区发现。\n据说是古龙的龙鳞。
50200,,1,0,[0|0|0],-1,1,0,0,-1,0,50201,999999,-1,-1,0,-1,0,15,0,-1,-1,-1,1,0,50,0,0,0,0,254,0,0,0,[0|0],1,1,1,1,1,0,1,0,1,0,0,0,0,0,0,1,0,0,0,1,1,0,0,0,0,-1,-1,-1,-1,-1,301001,-1,-1,1,0,1,1,0,0,0,0,1,0,0,1,0,2,0,1,0,1,255,1,0,0,0,-1,2,0,0,20080000,0,-1,-1,-1,0,0,0,0,0,0,0,0,0,0,0,0,0,0,0,0,0,0,[0|0],0,[0|0|0|0|0|0|0|0],
50201,,1,0,[0|0|0],19391,1,0,0,-1,0,50200,999999,-1,-1,0,-1,0,16,0,-1,-1,-1,20,0,50,0,2,0,0,10,0,0,0,[0|0],1,1,1,1,1,0,1,1,1,0,0,0,0,0,0,0,1,0,0,1,1,0,0,0,1,-1,-1,-1,-1,-1,301000,-1,301002,1,0,1,1,0,0,0,0,1,0,0,1,0,2,0,1,0,20,255,1,0,0,0,-1,2,0,0,20070000,0,-1,-1,-1,0,0,0,0,0,0,0,0,0,0,0,0,0,0,0,0,0,0,[0|0],0,[0|0|0|0|0|0|0|0],
50202,,1,0,[0|0|0],-1,1,0,0,-1,0,50203,999999,-1,-1,0,-1,0,15,0,-1,-1,-1,1,0,50,0,0,0,0,254,0,0,0,[0|0],1,1,1,1,1,0,1,0,1,0,0,0,0,0,0,1,0,0,0,1,1,0,0,0,0,-1,-1,-1,-1,-1,301001,-1,-1,1,0,1,1,0,0,0,0,1,0,0,1,0,2,0,1,0,1,255,1,0,0,0,-1,2,0,0,20080000,0,-1,-1,-1,0,0,0,0,0,0,0,0,0,0,0,0,0,0,0,0,0,0,[0|0],0,[0|0|0|0|0|0|0|0],
50203,,1,0,[0|0|0],19392,1,0,0,-1,0,50202,999999,-1,-1,0,-1,0,16,0,-1,-1,-1,20,0,50,0,2,0,0,10,0,0,0,[0|0],1,1,1,1,1,0,1,1,1,0,0,0,0,0,0,0,1,0,0,1,1,0,0,0,1,-1,-1,-1,-1,-1,301000,-1,301002,1,0,1,1,0,0,0,0,1,0,0,1,0,2,0,1,0,20,255,1,0,0,0,-1,2,0,0,20070000,0,-1,-1,-1,0,0,0,0,0,0,0,0,0,0,0,0,0,0,0,0,0,0,[0|0],0,[0|0|0|0|0|0|0|0],
51760,,1,0,[0|0|0],10176000,-1,0,0,10,0,-1,999999,-1,-1,0,-1,0,523,0,-1,-1,-1,999,0,50,0,1,5,0,3,0,0,0,[0|0],1,1,1,1,1,0,1,0,0,0,0,1,1,0,0,0,0,0,0,0,0,0,0,1,0,-1,176000,-1,-1,-1,302140,-1,-1,1,0,0,1,0,0,0,0,0,2,0,1,0,2,0,1,0,999,255,0,0,0,0,0,0,0,0,10090002,0,-1,-1,-1,0,0,0,0,0,0,0,0,0,0,0,0,0,0,0,0,0,0,[0|0],0,[0|0|0|0|0|0|0|0],
53090,,1,0,[0|0|0],10361000,20,0,0,-1,0,-1,999999,-1,-1,0,-1,0,224,0,-1,-1,-1,999,0,50,0,1,0,0,94,0,0,0,[0|0],1,1,1,1,1,0,1,0,0,0,0,1,1,0,0,0,0,0,0,1,0,0,0,1,0,-1,361000,-1,-1,-1,300520,-1,-1,1,0,0,1,0,0,0,0,0,2,0,1,0,2,0,1,0,600,255,1,0,0,0,0,0,0,0,10000001,0,-1,-1,-1,0,0,0,0,0,0,0,0,0,0,0,0,0,0,0,0,0,0,[0|0],0,[0|0|0|0|0|0|0|0],
53230,,1,0,[0|0|0],10301100,17,0,0,-1,0,-1,999999,-1,-1,0,-1,0,677,0,-1,-1,-1,1,0,50,0,1,0,0,63,0,0,0,[0|0],1,1,1,1,1,0,1,0,0,0,0,0,1,0,0,0,0,0,0,1,0,0,0,1,0,-1,301100,-1,-1,-1,-1,300740,-1,1,0,0,1,0,0,0,0,0,0,0,1,0,2,0,1,0,600,255,0,0,0,0,0,2,0,0,10000001,0,-1,-1,-1,0,0,0,0,0,0,0,0,0,0,0,0,0,0,0,0,0,0,[0|0],0,[0|0|0|0|0|0|0|0],
53400,,1,0,[0|0|0],10175000,17,0,0,-1,0,-1,999999,-1,-1,0,-1,0,622,0,-1,-1,-1,999,0,50,0,1,5,0,2,0,0,0,[0|0],1,1,1,1,1,0,1,0,0,0,0,1,1,0,0,0,0,0,0,1,0,0,0,1,0,-1,175000,-1,-1,-1,300090,-1,-1,1,0,0,1,0,0,0,0,0,2,0,1,0,2,0,1,0,600,255,0,0,0,0,0,0,0,0,10000001,0,-1,-1,-1,0,0,0,0,0,0,0,0,0,0,0,0,0,0,0,0,0,0,[0|0],0,[0|0|0|0|0|0|0|0],
53630,,1,0,[0|0|0],10035000,17,0,0,-1,0,-1,999999,-1,-1,0,-1,0,32,0,-1,-1,-1,999,0,50,0,1,0,0,42,0,0,0,[0|0],1,1,1,1,1,0,1,0,0,0,0,1,1,0,0,0,0,0,0,1,0,0,0,1,0,-1,835000,-1,-1,-1,300180,-1,-1,1,0,0,1,0,0,0,0,0,2,0,1,0,2,0,1,0,600,255,1,0,0,0,0,0,0,0,10000000,0,-1,-1,-1,0,0,0,0,0,0,0,0,0,0,0,0,0,0,0,0,0,0,[0|0],0,[0|0|0|0|0|0|0|0],
53650,,1,0,[0|0|0],10030000,5,0,0,-1,0,-1,999999,-1,-1,0,1,0,25,0,-1,-1,-1,999,0,50,0,1,0,0,3,0,0,0,[0|0],1,1,1,1,1,0,1,0,0,0,0,1,1,0,0,0,0,0,0,1,0,0,0,1,0,-1,830000,-1,-1,-1,300120,-1,-1,1,0,0,1,0,0,0,0,0,2,0,1,0,2,0,1,0,600,255,0,0,0,0,0,0,0,0,10000000,0,-1,-1,-1,0,0,0,0,0,0,0,0,0,0,0,0,0,0,0,0,0,0,[0|0],0,[0|0|0|0|0|0|0|0],
53651,,0,0,[0|0|0],10032000,17,0,0,-1,0,-1,999999,-1,-1,0,1,0,28,0,-1,-1,-1,999,0,50,0,1,0,0,3,0,0,0,[0|0],1,1,1,1,1,0,1,0,0,0,0,1,1,0,0,0,0,0,0,1,0,0,0,1,0,-1,832000,-1,-1,-1,300170,-1,-1,1,0,0,1,0,0,0,0,0,2,0,1,0,2,0,1,0,600,255,0,0,0,0,0,0,0,0,10000000,0,-1,-1,-1,0,0,0,0,0,0,0,0,0,0,0,0,0,0,0,0,0,0,[0|0],0,[0|0|0|0|0|0|0|0],
53652,,1,0,[0|0|0],10033000,20,0,0,-1,0,-1,999999,-1,-1,0,1,0,30,0,-1,-1,-1,999,0,50,0,1,0,0,3,0,0,0,[0|0],1,1,1,1,1,0,1,0,0,0,0,1,1,0,0,0,0,0,0,1,0,0,0,1,0,-1,833000,-1,-1,-1,300190,-1,-1,1,0,0,1,0,0,0,0,0,2,0,1,0,2,0,1,0,600,255,0,0,0,0,0,0,0,0,10000000,0,-1,-1,-1,0,0,0,0,0,0,0,0,0,0,0,0,0,0,0,0,0,0,[0|0],0,[0|0|0|0|0|0|0|0],
53653,,1,0,[0|0|0],10034000,5,0,0,-1,0,-1,999999,-1,-1,0,1,0,31,0,-1,-1,-1,999,0,50,0,1,0,0,3,0,0,0,[0|0],1,1,1,1,1,0,1,0,0,0,0,1,1,0,0,0,0,0,0,1,0,0,0,1,0,-1,834000,-1,-1,-1,300200,-1,-1,1,0,0,1,0,0,0,0,0,2,0,1,0,2,0,1,0,600,255,0,0,0,0,0,0,0,0,10000000,0,-1,-1,-1,0,0,0,0,0,0,0,0,0,0,0,0,0,0,0,0,0,0,[0|0],0,[0|0|0|0|0|0|0|0],
53654,,1,0,[0|0|0],10036000,5,0,0,-1,0,-1,999999,-1,-1,0,3,0,560,0,-1,-1,-1,999,0,50,0,1,0,0,3,0,0,0,[0|0],1,1,1,1,1,0,1,0,0,0,0,1,1,0,0,0,0,0,0,1,0,0,0,1,0,-1,-1,-1,-1,-1,300160,-1,-1,1,0,0,1,0,0,0,0,0,2,0,1,0,2,0,1,0,600,255,0,0,0,0,0,0,0,0,10000000,0,-1,-1,-1,0,0,0,0,0,0,0,0,0,0,0,0,0,0,0,0,0,0,[0|0],0,[0|0|0|0|0|0|0|0],
53655,,1,0,[0|0|0],10037000,5,0,0,-1,0,-1,999999,-1,-1,0,1,0,561,0,-1,-1,-1,999,0,50,0,1,0,0,3,0,0,0,[0|0],1,1,1,1,1,0,1,0,0,0,0,1,1,0,0,0,0,0,0,1,0,0,0,1,0,-1,837000,-1,-1,-1,300240,-1,-1,1,0,0,1,0,0,0,0,0,2,0,1,0,2,0,1,0,600,255,0,0,0,0,0,0,0,0,10000000,0,-1,-1,-1,0,0,0,0,0,0,0,0,0,0,0,0,0,0,0,0,0,0,[0|0],0,[0|0|0|0|0|0|0|0],
53656,,1,0,[0|0|0],10038000,5,0,0,-1,0,-1,999999,-1,-1,0,1,0,565,0,-1,-1,-1,999,0,50,0,1,0,0,3,0,0,0,[0|0],1,1,1,1,1,0,1,0,0,0,0,1,1,0,0,0,0,0,0,1,0,0,0,1,0,-1,-1,-1,-1,-1,300140,-1,-1,1,0,0,1,0,0,0,0,0,2,0,1,0,2,0,1,0,600,255,0,0,0,0,0,0,0,0,10000000,0,-1,-1,-1,0,0,0,0,0,0,0,0,0,0,0,0,0,0,0,0,0,0,[0|0],0,[0|0|0|0|0|0|0|0],
53657,,1,0,[0|0|0],10030100,59,0,0,-1,0,-1,999999,-1,-1,0,3,0,26,0,-1,-1,-1,999,0,50,0,1,0,0,3,0,0,0,[0|0],1,1,1,1,1,0,1,0,0,0,0,1,1,0,0,0,0,0,0,1,0,0,0,1,0,-1,830100,-1,-1,-1,300110,-1,-1,1,0,0,1,0,0,0,0,0,2,0,1,0,2,0,1,0,600,255,0,0,0,0,0,0,0,0,10000000,0,-1,-1,-1,0,0,0,0,0,0,0,0,0,0,0,0,0,0,0,0,0,0,[0|0],0,[0|0|0|0|0|0|0|0],
53658,,1,0,[0|0|0],10060000,5,0,0,-1,0,-1,999999,-1,-1,0,1,0,585,0,-1,-1,-1,999,0,50,0,1,0,0,3,0,0,0,[0|0],1,1,1,1,1,0,1,0,0,0,0,1,1,0,0,0,0,0,0,1,0,0,0,1,0,-1,860000,-1,-1,-1,300130,-1,-1,1,0,0,1,0,0,0,0,0,2,0,1,0,2,0,1,0,600,255,0,0,0,0,0,0,0,0,10000000,0,-1,-1,-1,0,0,0,0,0,0,0,0,0,0,0,0,0,0,0,0,0,0,[0|0],0,[0|0|0|0|0|0|0|0],
200000,“黑刀”狄希,1,0,[0|0|0],200000,-1,0,0,-1,0,-1,61400,-1,20000610,0,-1,0,113,0,-1,15,-1,1,0,50,8,2,0,0,34,13,0,0,[0|0],1,1,1,1,1,0,1,0,0,0,0,1,1,0,0,0,0,0,0,0,0,0,0,0,0,-1,-1,-1,-1,-1,-1,-1,-1,1,0,0,1,0,0,0,0,0,0,0,1,0,2,0,1,0,600,30,1,0,0,0,0,3,1,0,-1,132,-1,200001,10100,2000,0,0,0,0,0,0,0,0,0,0,0,0,0,0,0,0,0,[0|0],710550,[0|0|0|0|0|0|0|0],“传说中的骨灰”之一。\n能召唤“黑刀”狄希的灵魂。\n\n在阴谋之夜，手持寄宿着死亡卢恩的黑刀，\n暗杀“黄金”葛德文的刺客之一。\n狄希是“黑刀之首”亚勒托的女儿，\n在逃出王城时，为了保护母亲而丧命。
200001,“黑刀”狄希＋１,1,0,[0|0|0],200001,-1,0,0,-1,0,-1,61401,-1,20000610,0,-1,0,113,0,-1,-1,-1,1,0,50,8,2,0,0,34,13,0,0,[0|0],1,1,1,1,1,0,1,0,0,0,0,1,1,0,0,0,0,0,0,0,0,0,0,0,0,-1,-1,-1,-1,-1,-1,-1,-1,1,0,0,1,0,0,0,0,0,0,0,1,0,2,0,1,0,600,30,1,0,0,0,0,3,1,0,-1,132,-1,200002,10101,3200,0,0,0,0,0,0,0,0,0,0,0,0,0,0,0,0,0,[0|0],710550,[0|0|0|0|0|0|0|0],“传说中的骨灰”之一。\n能召唤“黑刀”狄希的灵魂。\n\n在阴谋之夜，手持寄宿着死亡卢恩的黑刀，\n暗杀“黄金”葛德文的刺客之一。\n狄希是“黑刀之首”亚勒托的女儿，\n在逃出王城时，为了保护母亲而丧命。
200002,“黑刀”狄希＋２,1,0,[0|0|0],200002,-1,0,0,-1,0,-1,61402,-1,20000610,0,-1,0,113,0,-1,-1,-1,1,0,50,8,2,0,0,34,13,0,0,[0|0],1,1,1,1,1,0,1,0,0,0,0,1,1,0,0,0,0,0,0,0,0,0,0,0,0,-1,-1,-1,-1,-1,-1,-1,-1,1,0,0,1,0,0,0,0,0,0,0,1,0,2,0,1,0,600,30,1,0,0,0,0,3,1,0,-1,132,-1,200003,10102,4400,0,0,0,0,0,0,0,0,0,0,0,0,0,0,0,0,0,[0|0],710550,[0|0|0|0|0|0|0|0],“传说中的骨灰”之一。\n能召唤“黑刀”狄希的灵魂。\n\n在阴谋之夜，手持寄宿着死亡卢恩的黑刀，\n暗杀“黄金”葛德文的刺客之一。\n狄希是“黑刀之首”亚勒托的女儿，\n在逃出王城时，为了保护母亲而丧命。
200003,“黑刀”狄希＋３,1,0,[0|0|0],200003,-1,0,0,-1,0,-1,61403,-1,20000610,0,-1,0,113,0,-1,-1,-1,1,0,50,8,2,0,0,34,13,0,0,[0|0],1,1,1,1,1,0,1,0,0,0,0,1,1,0,0,0,0,0,0,0,0,0,0,0,0,-1,-1,-1,-1,-1,-1,-1,-1,1,0,0,1,0,0,0,0,0,0,0,1,0,2,0,1,0,600,30,1,0,0,0,0,3,1,0,-1,132,-1,200004,10103,5600,0,0,0,0,0,0,0,0,0,0,0,0,0,0,0,0,0,[0|0],710550,[0|0|0|0|0|0|0|0],“传说中的骨灰”之一。\n能召唤“黑刀”狄希的灵魂。\n\n在阴谋之夜，手持寄宿着死亡卢恩的黑刀，\n暗杀“黄金”葛德文的刺客之一。\n狄希是“黑刀之首”亚勒托的女儿，\n在逃出王城时，为了保护母亲而丧命。
200004,“黑刀”狄希＋４,1,0,[0|0|0],200004,-1,0,0,-1,0,-1,61404,-1,20000610,0,-1,0,113,0,-1,-1,-1,1,0,50,8,2,0,0,34,13,0,0,[0|0],1,1,1,1,1,0,1,0,0,0,0,1,1,0,0,0,0,0,0,0,0,0,0,0,0,-1,-1,-1,-1,-1,-1,-1,-1,1,0,0,1,0,0,0,0,0,0,0,1,0,2,0,1,0,600,30,1,0,0,0,0,3,1,0,-1,132,-1,200005,10104,6800,0,0,0,0,0,0,0,0,0,0,0,0,0,0,0,0,0,[0|0],710550,[0|0|0|0|0|0|0|0],“传说中的骨灰”之一。\n能召唤“黑刀”狄希的灵魂。\n\n在阴谋之夜，手持寄宿着死亡卢恩的黑刀，\n暗杀“黄金”葛德文的刺客之一。\n狄希是“黑刀之首”亚勒托的女儿，\n在逃出王城时，为了保护母亲而丧命。
200005,“黑刀”狄希＋５,1,0,[0|0|0],200005,-1,0,0,-1,0,-1,61405,-1,20000610,0,-1,0,113,0,-1,-1,-1,1,0,50,8,2,0,0,34,13,0,0,[0|0],1,1,1,1,1,0,1,0,0,0,0,1,1,0,0,0,0,0,0,0,0,0,0,0,0,-1,-1,-1,-1,-1,-1,-1,-1,1,0,0,1,0,0,0,0,0,0,0,1,0,2,0,1,0,600,30,1,0,0,0,0,3,1,0,-1,132,-1,200006,10105,8000,0,0,0,0,0,0,0,0,0,0,0,0,0,0,0,0,0,[0|0],710550,[0|0|0|0|0|0|0|0],“传说中的骨灰”之一。\n能召唤“黑刀”狄希的灵魂。\n\n在阴谋之夜，手持寄宿着死亡卢恩的黑刀，\n暗杀“黄金”葛德文的刺客之一。\n狄希是“黑刀之首”亚勒托的女儿，\n在逃出王城时，为了保护母亲而丧命。
200006,“黑刀”狄希＋６,1,0,[0|0|0],200006,-1,0,0,-1,0,-1,61406,-1,20000610,0,-1,0,113,0,-1,-1,-1,1,0,50,8,2,0,0,34,13,0,0,[0|0],1,1,1,1,1,0,1,0,0,0,0,1,1,0,0,0,0,0,0,0,0,0,0,0,0,-1,-1,-1,-1,-1,-1,-1,-1,1,0,0,1,0,0,0,0,0,0,0,1,0,2,0,1,0,600,30,1,0,0,0,0,3,1,0,-1,132,-1,200007,10106,9200,0,0,0,0,0,0,0,0,0,0,0,0,0,0,0,0,0,[0|0],710550,[0|0|0|0|0|0|0|0],“传说中的骨灰”之一。\n能召唤“黑刀”狄希的灵魂。\n\n在阴谋之夜，手持寄宿着死亡卢恩的黑刀，\n暗杀“黄金”葛德文的刺客之一。\n狄希是“黑刀之首”亚勒托的女儿，\n在逃出王城时，为了保护母亲而丧命。
200007,“黑刀”狄希＋７,1,0,[0|0|0],200007,-1,0,0,-1,0,-1,61407,-1,20000610,0,-1,0,113,0,-1,-1,-1,1,0,50,8,2,0,0,34,13,0,0,[0|0],1,1,1,1,1,0,1,0,0,0,0,1,1,0,0,0,0,0,0,0,0,0,0,0,0,-1,-1,-1,-1,-1,-1,-1,-1,1,0,0,1,0,0,0,0,0,0,0,1,0,2,0,1,0,600,30,1,0,0,0,0,3,1,0,-1,132,-1,200008,10107,10400,0,0,0,0,0,0,0,0,0,0,0,0,0,0,0,0,0,[0|0],710550,[0|0|0|0|0|0|0|0],“传说中的骨灰”之一。\n能召唤“黑刀”狄希的灵魂。\n\n在阴谋之夜，手持寄宿着死亡卢恩的黑刀，\n暗杀“黄金”葛德文的刺客之一。\n狄希是“黑刀之首”亚勒托的女儿，\n在逃出王城时，为了保护母亲而丧命。
200008,“黑刀”狄希＋８,1,0,[0|0|0],200008,-1,0,0,-1,0,-1,61408,-1,20000610,0,-1,0,113,0,-1,-1,-1,1,0,50,8,2,0,0,34,13,0,0,[0|0],1,1,1,1,1,0,1,0,0,0,0,1,1,0,0,0,0,0,0,0,0,0,0,0,0,-1,-1,-1,-1,-1,-1,-1,-1,1,0,0,1,0,0,0,0,0,0,0,1,0,2,0,1,0,600,30,1,0,0,0,0,3,1,0,-1,132,-1,200009,10108,11600,0,0,0,0,0,0,0,0,0,0,0,0,0,0,0,0,0,[0|0],710550,[0|0|0|0|0|0|0|0],“传说中的骨灰”之一。\n能召唤“黑刀”狄希的灵魂。\n\n在阴谋之夜，手持寄宿着死亡卢恩的黑刀，\n暗杀“黄金”葛德文的刺客之一。\n狄希是“黑刀之首”亚勒托的女儿，\n在逃出王城时，为了保护母亲而丧命。
200009,“黑刀”狄希＋９,1,0,[0|0|0],200009,-1,0,0,-1,0,-1,61409,-1,20000610,0,-1,0,113,0,-1,-1,-1,1,0,50,8,2,0,0,34,13,0,0,[0|0],1,1,1,1,1,0,1,0,0,0,0,1,1,0,0,0,0,0,0,0,0,0,0,0,0,-1,-1,-1,-1,-1,-1,-1,-1,1,0,0,1,0,0,0,0,0,0,0,1,0,2,0,1,0,600,30,1,0,0,0,0,3,1,0,-1,132,-1,200010,10109,14000,0,0,0,0,0,0,0,0,0,0,0,0,0,0,0,0,0,[0|0],710550,[0|0|0|0|0|0|0|0],“传说中的骨灰”之一。\n能召唤“黑刀”狄希的灵魂。\n\n在阴谋之夜，手持寄宿着死亡卢恩的黑刀，\n暗杀“黄金”葛德文的刺客之一。\n狄希是“黑刀之首”亚勒托的女儿，\n在逃出王城时，为了保护母亲而丧命。
200010,“黑刀”狄希＋１０,1,0,[0|0|0],200010,-1,0,0,-1,0,-1,61410,-1,20000610,0,-1,0,113,0,-1,-1,-1,1,0,50,8,2,0,0,34,13,0,0,[0|0],1,1,1,1,1,0,1,0,0,0,0,1,1,0,0,0,0,0,0,0,0,0,0,0,0,-1,-1,-1,-1,-1,-1,-1,-1,1,0,0,1,0,0,0,0,0,0,0,1,0,2,0,1,0,600,30,1,0,0,0,0,3,1,0,-1,132,-1,-1,-1,0,0,0,0,0,0,0,0,0,0,0,0,0,0,0,0,0,0,[0|0],710550,[0|0|0|0|0|0|0|0],“传说中的骨灰”之一。\n能召唤“黑刀”狄希的灵魂。\n\n在阴谋之夜，手持寄宿着死亡卢恩的黑刀，\n暗杀“黄金”葛德文的刺客之一。\n狄希是“黑刀之首”亚勒托的女儿，\n在逃出王城时，为了保护母亲而丧命。
201000,“失乡骑士”奥雷格,1,0,[0|0|0],201000,-1,0,0,-1,0,-1,60100,-1,20000610,0,-1,0,471,0,-1,-1,-1,1,0,50,8,2,0,0,34,13,0,0,[0|0],1,1,1,1,1,0,1,0,0,0,0,1,1,0,0,0,0,0,0,0,0,0,0,0,0,-1,-1,-1,-1,-1,-1,-1,-1,1,0,0,1,0,0,0,0,0,0,0,1,0,2,0,1,0,600,30,1,0,0,0,0,2,1,0,-1,100,-1,201001,10100,1550,0,0,0,0,0,0,0,0,0,0,0,0,0,0,0,0,0,[0|0],710550,[0|0|0|0|0|0|0|0],寄宿着灵魂的骨灰。\n能召唤“失乡骑士”奥雷格的灵魂。\n\n奥雷格过去以风暴王的双翼之一闻名，\n成为失乡骑士后被赐福王选出，狩猎了无数叛徒。\n因此受得赏赐，能以英雄的身分归树。
201001,“失乡骑士”奥雷格＋１,1,0,[0|0|0],201001,-1,0,0,-1,0,-1,60101,-1,20000610,0,-1,0,471,0,-1,-1,-1,1,0,50,8,2,0,0,34,13,0,0,[0|0],1,1,1,1,1,0,1,0,0,0,0,1,1,0,0,0,0,0,0,0,0,0,0,0,0,-1,-1,-1,-1,-1,-1,-1,-1,1,0,0,1,0,0,0,0,0,0,0,1,0,2,0,1,0,600,30,1,0,0,0,0,2,1,0,-1,100,-1,201002,10101,2480,0,0,0,0,0,0,0,0,0,0,0,0,0,0,0,0,0,[0|0],710550,[0|0|0|0|0|0|0|0],寄宿着灵魂的骨灰。\n能召唤“失乡骑士”奥雷格的灵魂。\n\n奥雷格过去以风暴王的双翼之一闻名，\n成为失乡骑士后被赐福王选出，狩猎了无数叛徒。\n因此受得赏赐，能以英雄的身分归树。
201002,“失乡骑士”奥雷格＋２,1,0,[0|0|0],201002,-1,0,0,-1,0,-1,60102,-1,20000610,0,-1,0,471,0,-1,-1,-1,1,0,50,8,2,0,0,34,13,0,0,[0|0],1,1,1,1,1,0,1,0,0,0,0,1,1,0,0,0,0,0,0,0,0,0,0,0,0,-1,-1,-1,-1,-1,-1,-1,-1,1,0,0,1,0,0,0,0,0,0,0,1,0,2,0,1,0,600,30,1,0,0,0,0,2,1,0,-1,100,-1,201003,10102,3410,0,0,0,0,0,0,0,0,0,0,0,0,0,0,0,0,0,[0|0],710550,[0|0|0|0|0|0|0|0],寄宿着灵魂的骨灰。\n能召唤“失乡骑士”奥雷格的灵魂。\n\n奥雷格过去以风暴王的双翼之一闻名，\n成为失乡骑士后被赐福王选出，狩猎了无数叛徒。\n因此受得赏赐，能以英雄的身分归树。
201003,“失乡骑士”奥雷格＋３,1,0,[0|0|0],201003,-1,0,0,-1,0,-1,60103,-1,20000610,0,-1,0,471,0,-1,-1,-1,1,0,50,8,2,0,0,34,13,0,0,[0|0],1,1,1,1,1,0,1,0,0,0,0,1,1,0,0,0,0,0,0,0,0,0,0,0,0,-1,-1,-1,-1,-1,-1,-1,-1,1,0,0,1,0,0,0,0,0,0,0,1,0,2,0,1,0,600,30,1,0,0,0,0,2,1,0,-1,100,-1,201004,10103,4340,0,0,0,0,0,0,0,0,0,0,0,0,0,0,0,0,0,[0|0],710550,[0|0|0|0|0|0|0|0],寄宿着灵魂的骨灰。\n能召唤“失乡骑士”奥雷格的灵魂。\n\n奥雷格过去以风暴王的双翼之一闻名，\n成为失乡骑士后被赐福王选出，狩猎了无数叛徒。\n因此受得赏赐，能以英雄的身分归树。
201004,“失乡骑士”奥雷格＋４,1,0,[0|0|0],201004,-1,0,0,-1,0,-1,60104,-1,20000610,0,-1,0,471,0,-1,-1,-1,1,0,50,8,2,0,0,34,13,0,0,[0|0],1,1,1,1,1,0,1,0,0,0,0,1,1,0,0,0,0,0,0,0,0,0,0,0,0,-1,-1,-1,-1,-1,-1,-1,-1,1,0,0,1,0,0,0,0,0,0,0,1,0,2,0,1,0,600,30,1,0,0,0,0,2,1,0,-1,100,-1,201005,10104,5270,0,0,0,0,0,0,0,0,0,0,0,0,0,0,0,0,0,[0|0],710550,[0|0|0|0|0|0|0|0],寄宿着灵魂的骨灰。\n能召唤“失乡骑士”奥雷格的灵魂。\n\n奥雷格过去以风暴王的双翼之一闻名，\n成为失乡骑士后被赐福王选出，狩猎了无数叛徒。\n因此受得赏赐，能以英雄的身分归树。
201005,“失乡骑士”奥雷格＋５,1,0,[0|0|0],201005,-1,0,0,-1,0,-1,60105,-1,20000610,0,-1,0,471,0,-1,-1,-1,1,0,50,8,2,0,0,34,13,0,0,[0|0],1,1,1,1,1,0,1,0,0,0,0,1,1,0,0,0,0,0,0,0,0,0,0,0,0,-1,-1,-1,-1,-1,-1,-1,-1,1,0,0,1,0,0,0,0,0,0,0,1,0,2,0,1,0,600,30,1,0,0,0,0,2,1,0,-1,100,-1,201006,10105,6200,0,0,0,0,0,0,0,0,0,0,0,0,0,0,0,0,0,[0|0],710550,[0|0|0|0|0|0|0|0],寄宿着灵魂的骨灰。\n能召唤“失乡骑士”奥雷格的灵魂。\n\n奥雷格过去以风暴王的双翼之一闻名，\n成为失乡骑士后被赐福王选出，狩猎了无数叛徒。\n因此受得赏赐，能以英雄的身分归树。
201006,“失乡骑士”奥雷格＋６,1,0,[0|0|0],201006,-1,0,0,-1,0,-1,60106,-1,20000610,0,-1,0,471,0,-1,-1,-1,1,0,50,8,2,0,0,34,13,0,0,[0|0],1,1,1,1,1,0,1,0,0,0,0,1,1,0,0,0,0,0,0,0,0,0,0,0,0,-1,-1,-1,-1,-1,-1,-1,-1,1,0,0,1,0,0,0,0,0,0,0,1,0,2,0,1,0,600,30,1,0,0,0,0,2,1,0,-1,100,-1,201007,10106,7130,0,0,0,0,0,0,0,0,0,0,0,0,0,0,0,0,0,[0|0],710550,[0|0|0|0|0|0|0|0],寄宿着灵魂的骨灰。\n能召唤“失乡骑士”奥雷格的灵魂。\n\n奥雷格过去以风暴王的双翼之一闻名，\n成为失乡骑士后被赐福王选出，狩猎了无数叛徒。\n因此受得赏赐，能以英雄的身分归树。
201007,“失乡骑士”奥雷格＋７,1,0,[0|0|0],201007,-1,0,0,-1,0,-1,60107,-1,20000610,0,-1,0,471,0,-1,-1,-1,1,0,50,8,2,0,0,34,13,0,0,[0|0],1,1,1,1,1,0,1,0,0,0,0,1,1,0,0,0,0,0,0,0,0,0,0,0,0,-1,-1,-1,-1,-1,-1,-1,-1,1,0,0,1,0,0,0,0,0,0,0,1,0,2,0,1,0,600,30,1,0,0,0,0,2,1,0,-1,100,-1,201008,10107,8060,0,0,0,0,0,0,0,0,0,0,0,0,0,0,0,0,0,[0|0],710550,[0|0|0|0|0|0|0|0],寄宿着灵魂的骨灰。\n能召唤“失乡骑士”奥雷格的灵魂。\n\n奥雷格过去以风暴王的双翼之一闻名，\n成为失乡骑士后被赐福王选出，狩猎了无数叛徒。\n因此受得赏赐，能以英雄的身分归树。
201008,“失乡骑士”奥雷格＋８,1,0,[0|0|0],201008,-1,0,0,-1,0,-1,60108,-1,20000610,0,-1,0,471,0,-1,-1,-1,1,0,50,8,2,0,0,34,13,0,0,[0|0],1,1,1,1,1,0,1,0,0,0,0,1,1,0,0,0,0,0,0,0,0,0,0,0,0,-1,-1,-1,-1,-1,-1,-1,-1,1,0,0,1,0,0,0,0,0,0,0,1,0,2,0,1,0,600,30,1,0,0,0,0,2,1,0,-1,100,-1,201009,10108,8990,0,0,0,0,0,0,0,0,0,0,0,0,0,0,0,0,0,[0|0],710550,[0|0|0|0|0|0|0|0],寄宿着灵魂的骨灰。\n能召唤“失乡骑士”奥雷格的灵魂。\n\n奥雷格过去以风暴王的双翼之一闻名，\n成为失乡骑士后被赐福王选出，狩猎了无数叛徒。\n因此受得赏赐，能以英雄的身分归树。
201009,“失乡骑士”奥雷格＋９,1,0,[0|0|0],201009,-1,0,0,-1,0,-1,60109,-1,20000610,0,-1,0,471,0,-1,-1,-1,1,0,50,8,2,0,0,34,13,0,0,[0|0],1,1,1,1,1,0,1,0,0,0,0,1,1,0,0,0,0,0,0,0,0,0,0,0,0,-1,-1,-1,-1,-1,-1,-1,-1,1,0,0,1,0,0,0,0,0,0,0,1,0,2,0,1,0,600,30,1,0,0,0,0,2,1,0,-1,100,-1,201010,10109,10850,0,0,0,0,0,0,0,0,0,0,0,0,0,0,0,0,0,[0|0],710550,[0|0|0|0|0|0|0|0],寄宿着灵魂的骨灰。\n能召唤“失乡骑士”奥雷格的灵魂。\n\n奥雷格过去以风暴王的双翼之一闻名，\n成为失乡骑士后被赐福王选出，狩猎了无数叛徒。\n因此受得赏赐，能以英雄的身分归树。
201010,“失乡骑士”奥雷格＋１０,1,0,[0|0|0],201010,-1,0,0,-1,0,-1,60110,-1,20000610,0,-1,0,471,0,-1,-1,-1,1,0,50,8,2,0,0,34,13,0,0,[0|0],1,1,1,1,1,0,1,0,0,0,0,1,1,0,0,0,0,0,0,0,0,0,0,0,0,-1,-1,-1,-1,-1,-1,-1,-1,1,0,0,1,0,0,0,0,0,0,0,1,0,2,0,1,0,600,30,1,0,0,0,0,2,1,0,-1,100,-1,-1,-1,0,0,0,0,0,0,0,0,0,0,0,0,0,0,0,0,0,0,[0|0],710550,[0|0|0|0|0|0|0|0],寄宿着灵魂的骨灰。\n能召唤“失乡骑士”奥雷格的灵魂。\n\n奥雷格过去以风暴王的双翼之一闻名，\n成为失乡骑士后被赐福王选出，狩猎了无数叛徒。\n因此受得赏赐，能以英雄的身分归树。
202000,“失乡骑士”英格威尔,1,0,[0|0|0],202000,-1,0,0,-1,0,-1,60200,-1,20000610,0,-1,0,472,0,-1,-1,-1,1,0,50,8,2,0,0,34,13,0,0,[0|0],1,1,1,1,1,0,1,0,0,0,0,1,1,0,0,0,0,0,0,0,0,0,0,0,0,-1,-1,-1,-1,-1,-1,-1,-1,1,0,0,1,0,0,0,0,0,0,0,1,0,2,0,1,0,600,30,1,0,0,0,0,2,1,0,-1,100,-1,202001,10100,1550,0,0,0,0,0,0,0,0,0,0,0,0,0,0,0,0,0,[0|0],710550,[0|0|0|0|0|0|0|0],寄宿着灵魂的骨灰。\n能召唤“失乡骑士”英格威尔的灵魂。\n\n英格威尔过去以风暴王的双翼之一闻名，\n成为失乡骑士后拒绝了赐福王的邀请，\n花费了无数时日，守着无王的城──\n随后，成为边境的英雄。
202001,“失乡骑士”英格威尔＋１,1,0,[0|0|0],202001,-1,0,0,-1,0,-1,60201,-1,20000610,0,-1,0,472,0,-1,-1,-1,1,0,50,8,2,0,0,34,13,0,0,[0|0],1,1,1,1,1,0,1,0,0,0,0,1,1,0,0,0,0,0,0,0,0,0,0,0,0,-1,-1,-1,-1,-1,-1,-1,-1,1,0,0,1,0,0,0,0,0,0,0,1,0,2,0,1,0,600,30,1,0,0,0,0,2,1,0,-1,100,-1,202002,10101,2480,0,0,0,0,0,0,0,0,0,0,0,0,0,0,0,0,0,[0|0],710550,[0|0|0|0|0|0|0|0],寄宿着灵魂的骨灰。\n能召唤“失乡骑士”英格威尔的灵魂。\n\n英格威尔过去以风暴王的双翼之一闻名，\n成为失乡骑士后拒绝了赐福王的邀请，\n花费了无数时日，守着无王的城──\n随后，成为边境的英雄。
202002,“失乡骑士”英格威尔＋２,1,0,[0|0|0],202002,-1,0,0,-1,0,-1,60202,-1,20000610,0,-1,0,472,0,-1,-1,-1,1,0,50,8,2,0,0,34,13,0,0,[0|0],1,1,1,1,1,0,1,0,0,0,0,1,1,0,0,0,0,0,0,0,0,0,0,0,0,-1,-1,-1,-1,-1,-1,-1,-1,1,0,0,1,0,0,0,0,0,0,0,1,0,2,0,1,0,600,30,1,0,0,0,0,2,1,0,-1,100,-1,202003,10102,3410,0,0,0,0,0,0,0,0,0,0,0,0,0,0,0,0,0,[0|0],710550,[0|0|0|0|0|0|0|0],寄宿着灵魂的骨灰。\n能召唤“失乡骑士”英格威尔的灵魂。\n\n英格威尔过去以风暴王的双翼之一闻名，\n成为失乡骑士后拒绝了赐福王的邀请，\n花费了无数时日，守着无王的城──\n随后，成为边境的英雄。
202003,“失乡骑士”英格威尔＋３,1,0,[0|0|0],202003,-1,0,0,-1,0,-1,60203,-1,20000610,0,-1,0,472,0,-1,-1,-1,1,0,50,8,2,0,0,34,13,0,0,[0|0],1,1,1,1,1,0,1,0,0,0,0,1,1,0,0,0,0,0,0,0,0,0,0,0,0,-1,-1,-1,-1,-1,-1,-1,-1,1,0,0,1,0,0,0,0,0,0,0,1,0,2,0,1,0,600,30,1,0,0,0,0,2,1,0,-1,100,-1,202004,10103,4340,0,0,0,0,0,0,0,0,0,0,0,0,0,0,0,0,0,[0|0],710550,[0|0|0|0|0|0|0|0],寄宿着灵魂的骨灰。\n能召唤“失乡骑士”英格威尔的灵魂。\n\n英格威尔过去以风暴王的双翼之一闻名，\n成为失乡骑士后拒绝了赐福王的邀请，\n花费了无数时日，守着无王的城──\n随后，成为边境的英雄。
202004,“失乡骑士”英格威尔＋４,1,0,[0|0|0],202004,-1,0,0,-1,0,-1,60204,-1,20000610,0,-1,0,472,0,-1,-1,-1,1,0,50,8,2,0,0,34,13,0,0,[0|0],1,1,1,1,1,0,1,0,0,0,0,1,1,0,0,0,0,0,0,0,0,0,0,0,0,-1,-1,-1,-1,-1,-1,-1,-1,1,0,0,1,0,0,0,0,0,0,0,1,0,2,0,1,0,600,30,1,0,0,0,0,2,1,0,-1,100,-1,202005,10104,5270,0,0,0,0,0,0,0,0,0,0,0,0,0,0,0,0,0,[0|0],710550,[0|0|0|0|0|0|0|0],寄宿着灵魂的骨灰。\n能召唤“失乡骑士”英格威尔的灵魂。\n\n英格威尔过去以风暴王的双翼之一闻名，\n成为失乡骑士后拒绝了赐福王的邀请，\n花费了无数时日，守着无王的城──\n随后，成为边境的英雄。
202005,“失乡骑士”英格威尔＋５,1,0,[0|0|0],202005,-1,0,0,-1,0,-1,60205,-1,20000610,0,-1,0,472,0,-1,-1,-1,1,0,50,8,2,0,0,34,13,0,0,[0|0],1,1,1,1,1,0,1,0,0,0,0,1,1,0,0,0,0,0,0,0,0,0,0,0,0,-1,-1,-1,-1,-1,-1,-1,-1,1,0,0,1,0,0,0,0,0,0,0,1,0,2,0,1,0,600,30,1,0,0,0,0,2,1,0,-1,100,-1,202006,10105,6200,0,0,0,0,0,0,0,0,0,0,0,0,0,0,0,0,0,[0|0],710550,[0|0|0|0|0|0|0|0],寄宿着灵魂的骨灰。\n能召唤“失乡骑士”英格威尔的灵魂。\n\n英格威尔过去以风暴王的双翼之一闻名，\n成为失乡骑士后拒绝了赐福王的邀请，\n花费了无数时日，守着无王的城──\n随后，成为边境的英雄。
202006,“失乡骑士”英格威尔＋６,1,0,[0|0|0],202006,-1,0,0,-1,0,-1,60206,-1,20000610,0,-1,0,472,0,-1,-1,-1,1,0,50,8,2,0,0,34,13,0,0,[0|0],1,1,1,1,1,0,1,0,0,0,0,1,1,0,0,0,0,0,0,0,0,0,0,0,0,-1,-1,-1,-1,-1,-1,-1,-1,1,0,0,1,0,0,0,0,0,0,0,1,0,2,0,1,0,600,30,1,0,0,0,0,2,1,0,-1,100,-1,202007,10106,7130,0,0,0,0,0,0,0,0,0,0,0,0,0,0,0,0,0,[0|0],710550,[0|0|0|0|0|0|0|0],寄宿着灵魂的骨灰。\n能召唤“失乡骑士”英格威尔的灵魂。\n\n英格威尔过去以风暴王的双翼之一闻名，\n成为失乡骑士后拒绝了赐福王的邀请，\n花费了无数时日，守着无王的城──\n随后，成为边境的英雄。
202007,“失乡骑士”英格威尔＋７,1,0,[0|0|0],202007,-1,0,0,-1,0,-1,60207,-1,20000610,0,-1,0,472,0,-1,-1,-1,1,0,50,8,2,0,0,34,13,0,0,[0|0],1,1,1,1,1,0,1,0,0,0,0,1,1,0,0,0,0,0,0,0,0,0,0,0,0,-1,-1,-1,-1,-1,-1,-1,-1,1,0,0,1,0,0,0,0,0,0,0,1,0,2,0,1,0,600,30,1,0,0,0,0,2,1,0,-1,100,-1,202008,10107,8060,0,0,0,0,0,0,0,0,0,0,0,0,0,0,0,0,0,[0|0],710550,[0|0|0|0|0|0|0|0],寄宿着灵魂的骨灰。\n能召唤“失乡骑士”英格威尔的灵魂。\n\n英格威尔过去以风暴王的双翼之一闻名，\n成为失乡骑士后拒绝了赐福王的邀请，\n花费了无数时日，守着无王的城──\n随后，成为边境的英雄。
202008,“失乡骑士”英格威尔＋８,1,0,[0|0|0],202008,-1,0,0,-1,0,-1,60208,-1,20000610,0,-1,0,472,0,-1,-1,-1,1,0,50,8,2,0,0,34,13,0,0,[0|0],1,1,1,1,1,0,1,0,0,0,0,1,1,0,0,0,0,0,0,0,0,0,0,0,0,-1,-1,-1,-1,-1,-1,-1,-1,1,0,0,1,0,0,0,0,0,0,0,1,0,2,0,1,0,600,30,1,0,0,0,0,2,1,0,-1,100,-1,202009,10108,8990,0,0,0,0,0,0,0,0,0,0,0,0,0,0,0,0,0,[0|0],710550,[0|0|0|0|0|0|0|0],寄宿着灵魂的骨灰。\n能召唤“失乡骑士”英格威尔的灵魂。\n\n英格威尔过去以风暴王的双翼之一闻名，\n成为失乡骑士后拒绝了赐福王的邀请，\n花费了无数时日，守着无王的城──\n随后，成为边境的英雄。
202009,“失乡骑士”英格威尔＋９,1,0,[0|0|0],202009,-1,0,0,-1,0,-1,60209,-1,20000610,0,-1,0,472,0,-1,-1,-1,1,0,50,8,2,0,0,34,13,0,0,[0|0],1,1,1,1,1,0,1,0,0,0,0,1,1,0,0,0,0,0,0,0,0,0,0,0,0,-1,-1,-1,-1,-1,-1,-1,-1,1,0,0,1,0,0,0,0,0,0,0,1,0,2,0,1,0,600,30,1,0,0,0,0,2,1,0,-1,100,-1,202010,10109,10850,0,0,0,0,0,0,0,0,0,0,0,0,0,0,0,0,0,[0|0],710550,[0|0|0|0|0|0|0|0],寄宿着灵魂的骨灰。\n能召唤“失乡骑士”英格威尔的灵魂。\n\n英格威尔过去以风暴王的双翼之一闻名，\n成为失乡骑士后拒绝了赐福王的邀请，\n花费了无数时日，守着无王的城──\n随后，成为边境的英雄。
202010,“失乡骑士”英格威尔＋１０,1,0,[0|0|0],202010,-1,0,0,-1,0,-1,60210,-1,20000610,0,-1,0,472,0,-1,-1,-1,1,0,50,8,2,0,0,34,13,0,0,[0|0],1,1,1,1,1,0,1,0,0,0,0,1,1,0,0,0,0,0,0,0,0,0,0,0,0,-1,-1,-1,-1,-1,-1,-1,-1,1,0,0,1,0,0,0,0,0,0,0,1,0,2,0,1,0,600,30,1,0,0,0,0,2,1,0,-1,100,-1,-1,-1,0,0,0,0,0,0,0,0,0,0,0,0,0,0,0,0,0,0,[0|0],710550,[0|0|0|0|0|0|0|0],寄宿着灵魂的骨灰。\n能召唤“失乡骑士”英格威尔的灵魂。\n\n英格威尔过去以风暴王的双翼之一闻名，\n成为失乡骑士后拒绝了赐福王的邀请，\n花费了无数时日，守着无王的城──\n随后，成为边境的英雄。
203000,尖牙小恶魔的骨灰,1,0,[0|0|0],203000,-1,0,0,-1,0,-1,51800,-1,20000610,0,-1,0,476,0,-1,-1,-1,1,0,50,7,2,0,0,34,13,0,0,[0|0],1,1,1,1,1,0,1,0,0,0,0,1,1,0,0,0,0,0,0,0,0,0,0,0,0,-1,-1,-1,-1,-1,-1,-1,-1,1,0,0,1,0,0,0,0,0,0,0,1,0,2,0,1,0,600,10,1,0,0,0,0,1,1,0,-1,50,-1,203001,10000,520,0,0,0,0,0,0,0,0,0,0,0,0,0,0,0,0,0,[0|0],0,[0|0|0|0|0|0|0|0],寄宿着灵魂的骨灰。\n能召唤２只尖牙小恶魔的灵魂。\n\n动作敏捷，会丢掷魔力壶，\n是擅长扰乱敌人的灵魂。\n这两只小恶魔的感情十分要好。
203001,尖牙小恶魔的骨灰＋１,1,0,[0|0|0],203001,-1,0,0,-1,0,-1,51801,-1,20000610,0,-1,0,476,0,-1,-1,-1,1,0,50,7,2,0,0,34,13,0,0,[0|0],1,1,1,1,1,0,1,0,0,0,0,1,1,0,0,0,0,0,0,0,0,0,0,0,0,-1,-1,-1,-1,-1,-1,-1,-1,1,0,0,1,0,0,0,0,0,0,0,1,0,2,0,1,0,600,10,1,0,0,0,0,1,1,0,-1,50,-1,203002,10001,728,0,0,0,0,0,0,0,0,0,0,0,0,0,0,0,0,0,[0|0],0,[0|0|0|0|0|0|0|0],寄宿着灵魂的骨灰。\n能召唤２只尖牙小恶魔的灵魂。\n\n动作敏捷，会丢掷魔力壶，\n是擅长扰乱敌人的灵魂。\n这两只小恶魔的感情十分要好。
203002,尖牙小恶魔的骨灰＋２,1,0,[0|0|0],203002,-1,0,0,-1,0,-1,51802,-1,20000610,0,-1,0,476,0,-1,-1,-1,1,0,50,7,2,0,0,34,13,0,0,[0|0],1,1,1,1,1,0,1,0,0,0,0,1,1,0,0,0,0,0,0,0,0,0,0,0,0,-1,-1,-1,-1,-1,-1,-1,-1,1,0,0,1,0,0,0,0,0,0,0,1,0,2,0,1,0,600,10,1,0,0,0,0,1,1,0,-1,50,-1,203003,10002,936,0,0,0,0,0,0,0,0,0,0,0,0,0,0,0,0,0,[0|0],0,[0|0|0|0|0|0|0|0],寄宿着灵魂的骨灰。\n能召唤２只尖牙小恶魔的灵魂。\n\n动作敏捷，会丢掷魔力壶，\n是擅长扰乱敌人的灵魂。\n这两只小恶魔的感情十分要好。
203003,尖牙小恶魔的骨灰＋３,1,0,[0|0|0],203003,-1,0,0,-1,0,-1,51803,-1,20000610,0,-1,0,476,0,-1,-1,-1,1,0,50,7,2,0,0,34,13,0,0,[0|0],1,1,1,1,1,0,1,0,0,0,0,1,1,0,0,0,0,0,0,0,0,0,0,0,0,-1,-1,-1,-1,-1,-1,-1,-1,1,0,0,1,0,0,0,0,0,0,0,1,0,2,0,1,0,600,10,1,0,0,0,0,1,1,0,-1,50,-1,203004,10003,1144,0,0,0,0,0,0,0,0,0,0,0,0,0,0,0,0,0,[0|0],0,[0|0|0|0|0|0|0|0],寄宿着灵魂的骨灰。\n能召唤２只尖牙小恶魔的灵魂。\n\n动作敏捷，会丢掷魔力壶，\n是擅长扰乱敌人的灵魂。\n这两只小恶魔的感情十分要好。
203004,尖牙小恶魔的骨灰＋４,1,0,[0|0|0],203004,-1,0,0,-1,0,-1,51804,-1,20000610,0,-1,0,476,0,-1,-1,-1,1,0,50,7,2,0,0,34,13,0,0,[0|0],1,1,1,1,1,0,1,0,0,0,0,1,1,0,0,0,0,0,0,0,0,0,0,0,0,-1,-1,-1,-1,-1,-1,-1,-1,1,0,0,1,0,0,0,0,0,0,0,1,0,2,0,1,0,600,10,1,0,0,0,0,1,1,0,-1,50,-1,203005,10004,1352,0,0,0,0,0,0,0,0,0,0,0,0,0,0,0,0,0,[0|0],0,[0|0|0|0|0|0|0|0],寄宿着灵魂的骨灰。\n能召唤２只尖牙小恶魔的灵魂。\n\n动作敏捷，会丢掷魔力壶，\n是擅长扰乱敌人的灵魂。\n这两只小恶魔的感情十分要好。
203005,尖牙小恶魔的骨灰＋５,1,0,[0|0|0],203005,-1,0,0,-1,0,-1,51805,-1,20000610,0,-1,0,476,0,-1,-1,-1,1,0,50,7,2,0,0,34,13,0,0,[0|0],1,1,1,1,1,0,1,0,0,0,0,1,1,0,0,0,0,0,0,0,0,0,0,0,0,-1,-1,-1,-1,-1,-1,-1,-1,1,0,0,1,0,0,0,0,0,0,0,1,0,2,0,1,0,600,10,1,0,0,0,0,1,1,0,-1,50,-1,203006,10005,1560,0,0,0,0,0,0,0,0,0,0,0,0,0,0,0,0,0,[0|0],0,[0|0|0|0|0|0|0|0],寄宿着灵魂的骨灰。\n能召唤２只尖牙小恶魔的灵魂。\n\n动作敏捷，会丢掷魔力壶，\n是擅长扰乱敌人的灵魂。\n这两只小恶魔的感情十分要好。
203006,尖牙小恶魔的骨灰＋６,1,0,[0|0|0],203006,-1,0,0,-1,0,-1,51806,-1,20000610,0,-1,0,476,0,-1,-1,-1,1,0,50,7,2,0,0,34,13,0,0,[0|0],1,1,1,1,1,0,1,0,0,0,0,1,1,0,0,0,0,0,0,0,0,0,0,0,0,-1,-1,-1,-1,-1,-1,-1,-1,1,0,0,1,0,0,0,0,0,0,0,1,0,2,0,1,0,600,10,1,0,0,0,0,1,1,0,-1,50,-1,203007,10006,1768,0,0,0,0,0,0,0,0,0,0,0,0,0,0,0,0,0,[0|0],0,[0|0|0|0|0|0|0|0],寄宿着灵魂的骨灰。\n能召唤２只尖牙小恶魔的灵魂。\n\n动作敏捷，会丢掷魔力壶，\n是擅长扰乱敌人的灵魂。\n这两只小恶魔的感情十分要好。
203007,尖牙小恶魔的骨灰＋７,1,0,[0|0|0],203007,-1,0,0,-1,0,-1,51807,-1,20000610,0,-1,0,476,0,-1,-1,-1,1,0,50,7,2,0,0,34,13,0,0,[0|0],1,1,1,1,1,0,1,0,0,0,0,1,1,0,0,0,0,0,0,0,0,0,0,0,0,-1,-1,-1,-1,-1,-1,-1,-1,1,0,0,1,0,0,0,0,0,0,0,1,0,2,0,1,0,600,10,1,0,0,0,0,1,1,0,-1,50,-1,203008,10007,1976,0,0,0,0,0,0,0,0,0,0,0,0,0,0,0,0,0,[0|0],0,[0|0|0|0|0|0|0|0],寄宿着灵魂的骨灰。\n能召唤２只尖牙小恶魔的灵魂。\n\n动作敏捷，会丢掷魔力壶，\n是擅长扰乱敌人的灵魂。\n这两只小恶魔的感情十分要好。
203008,尖牙小恶魔的骨灰＋８,1,0,[0|0|0],203008,-1,0,0,-1,0,-1,51808,-1,20000610,0,-1,0,476,0,-1,-1,-1,1,0,50,7,2,0,0,34,13,0,0,[0|0],1,1,1,1,1,0,1,0,0,0,0,1,1,0,0,0,0,0,0,0,0,0,0,0,0,-1,-1,-1,-1,-1,-1,-1,-1,1,0,0,1,0,0,0,0,0,0,0,1,0,2,0,1,0,600,10,1,0,0,0,0,1,1,0,-1,50,-1,203009,10008,2184,0,0,0,0,0,0,0,0,0,0,0,0,0,0,0,0,0,[0|0],0,[0|0|0|0|0|0|0|0],寄宿着灵魂的骨灰。\n能召唤２只尖牙小恶魔的灵魂。\n\n动作敏捷，会丢掷魔力壶，\n是擅长扰乱敌人的灵魂。\n这两只小恶魔的感情十分要好。
203009,尖牙小恶魔的骨灰＋９,1,0,[0|0|0],203009,-1,0,0,-1,0,-1,51809,-1,20000610,0,-1,0,476,0,-1,-1,-1,1,0,50,7,2,0,0,34,13,0,0,[0|0],1,1,1,1,1,0,1,0,0,0,0,1,1,0,0,0,0,0,0,0,0,0,0,0,0,-1,-1,-1,-1,-1,-1,-1,-1,1,0,0,1,0,0,0,0,0,0,0,1,0,2,0,1,0,600,10,1,0,0,0,0,1,1,0,-1,50,-1,203010,10009,2600,0,0,0,0,0,0,0,0,0,0,0,0,0,0,0,0,0,[0|0],0,[0|0|0|0|0|0|0|0],寄宿着灵魂的骨灰。\n能召唤２只尖牙小恶魔的灵魂。\n\n动作敏捷，会丢掷魔力壶，\n是擅长扰乱敌人的灵魂。\n这两只小恶魔的感情十分要好。
203010,尖牙小恶魔的骨灰＋１０,1,0,[0|0|0],203010,-1,0,0,-1,0,-1,51810,-1,20000610,0,-1,0,476,0,-1,-1,-1,1,0,50,7,2,0,0,34,13,0,0,[0|0],1,1,1,1,1,0,1,0,0,0,0,1,1,0,0,0,0,0,0,0,0,0,0,0,0,-1,-1,-1,-1,-1,-1,-1,-1,1,0,0,1,0,0,0,0,0,0,0,1,0,2,0,1,0,600,10,1,0,0,0,0,1,1,0,-1,50,-1,-1,-1,0,0,0,0,0,0,0,0,0,0,0,0,0,0,0,0,0,0,[0|0],0,[0|0|0|0|0|0|0|0],寄宿着灵魂的骨灰。\n能召唤２只尖牙小恶魔的灵魂。\n\n动作敏捷，会丢掷魔力壶，\n是擅长扰乱敌人的灵魂。\n这两只小恶魔的感情十分要好。
204000,白金之子勒缇娜,1,0,[0|0|0],204000,-1,0,0,-1,0,-1,60500,-1,20000610,0,-1,0,115,0,-1,-1,-1,1,0,50,8,2,0,0,34,13,0,0,[0|0],1,1,1,1,1,0,1,0,0,0,0,1,1,0,0,0,0,0,0,0,0,0,0,0,0,-1,-1,-1,-1,-1,-1,-1,-1,1,0,0,1,0,0,0,0,0,0,0,1,0,2,0,1,0,600,30,1,0,0,0,0,2,1,0,-1,74,-1,204001,10100,1870,0,0,0,0,0,0,0,0,0,0,0,0,0,0,0,0,0,[0|0],710550,[0|0|0|0|0|0|0|0],寄宿着灵魂的骨灰。\n能召唤白金之子勒缇娜的灵魂。\n\n出于自愿，化成灵魂的稀有存在。\n\n勒缇娜是著名的魔力弓射手。\n但因为失去了伙伴狼罗伯，\n只能待在受召唤的地点，无法移动。
204001,白金之子勒缇娜＋１,1,0,[0|0|0],204001,-1,0,0,-1,0,-1,60501,-1,20000610,0,-1,0,115,0,-1,-1,-1,1,0,50,8,2,0,0,34,13,0,0,[0|0],1,1,1,1,1,0,1,0,0,0,0,1,1,0,0,0,0,0,0,0,0,0,0,0,0,-1,-1,-1,-1,-1,-1,-1,-1,1,0,0,1,0,0,0,0,0,0,0,1,0,2,0,1,0,600,30,1,0,0,0,0,2,1,0,-1,74,-1,204002,10101,2992,0,0,0,0,0,0,0,0,0,0,0,0,0,0,0,0,0,[0|0],710550,[0|0|0|0|0|0|0|0],寄宿着灵魂的骨灰。\n能召唤白金之子勒缇娜的灵魂。\n\n出于自愿，化成灵魂的稀有存在。\n\n勒缇娜是著名的魔力弓射手。\n但因为失去了伙伴狼罗伯，\n只能待在受召唤的地点，无法移动。
204002,白金之子勒缇娜＋２,1,0,[0|0|0],204002,-1,0,0,-1,0,-1,60502,-1,20000610,0,-1,0,115,0,-1,-1,-1,1,0,50,8,2,0,0,34,13,0,0,[0|0],1,1,1,1,1,0,1,0,0,0,0,1,1,0,0,0,0,0,0,0,0,0,0,0,0,-1,-1,-1,-1,-1,-1,-1,-1,1,0,0,1,0,0,0,0,0,0,0,1,0,2,0,1,0,600,30,1,0,0,0,0,2,1,0,-1,74,-1,204003,10102,4114,0,0,0,0,0,0,0,0,0,0,0,0,0,0,0,0,0,[0|0],710550,[0|0|0|0|0|0|0|0],寄宿着灵魂的骨灰。\n能召唤白金之子勒缇娜的灵魂。\n\n出于自愿，化成灵魂的稀有存在。\n\n勒缇娜是著名的魔力弓射手。\n但因为失去了伙伴狼罗伯，\n只能待在受召唤的地点，无法移动。
204003,白金之子勒缇娜＋３,1,0,[0|0|0],204003,-1,0,0,-1,0,-1,60503,-1,20000610,0,-1,0,115,0,-1,-1,-1,1,0,50,8,2,0,0,34,13,0,0,[0|0],1,1,1,1,1,0,1,0,0,0,0,1,1,0,0,0,0,0,0,0,0,0,0,0,0,-1,-1,-1,-1,-1,-1,-1,-1,1,0,0,1,0,0,0,0,0,0,0,1,0,2,0,1,0,600,30,1,0,0,0,0,2,1,0,-1,74,-1,204004,10103,5236,0,0,0,0,0,0,0,0,0,0,0,0,0,0,0,0,0,[0|0],710550,[0|0|0|0|0|0|0|0],寄宿着灵魂的骨灰。\n能召唤白金之子勒缇娜的灵魂。\n\n出于自愿，化成灵魂的稀有存在。\n\n勒缇娜是著名的魔力弓射手。\n但因为失去了伙伴狼罗伯，\n只能待在受召唤的地点，无法移动。
204004,白金之子勒缇娜＋４,1,0,[0|0|0],204004,-1,0,0,-1,0,-1,60504,-1,20000610,0,-1,0,115,0,-1,-1,-1,1,0,50,8,2,0,0,34,13,0,0,[0|0],1,1,1,1,1,0,1,0,0,0,0,1,1,0,0,0,0,0,0,0,0,0,0,0,0,-1,-1,-1,-1,-1,-1,-1,-1,1,0,0,1,0,0,0,0,0,0,0,1,0,2,0,1,0,600,30,1,0,0,0,0,2,1,0,-1,74,-1,204005,10104,6358,0,0,0,0,0,0,0,0,0,0,0,0,0,0,0,0,0,[0|0],710550,[0|0|0|0|0|0|0|0],寄宿着灵魂的骨灰。\n能召唤白金之子勒缇娜的灵魂。\n\n出于自愿，化成灵魂的稀有存在。\n\n勒缇娜是著名的魔力弓射手。\n但因为失去了伙伴狼罗伯，\n只能待在受召唤的地点，无法移动。
204005,白金之子勒缇娜＋５,1,0,[0|0|0],204005,-1,0,0,-1,0,-1,60505,-1,20000610,0,-1,0,115,0,-1,-1,-1,1,0,50,8,2,0,0,34,13,0,0,[0|0],1,1,1,1,1,0,1,0,0,0,0,1,1,0,0,0,0,0,0,0,0,0,0,0,0,-1,-1,-1,-1,-1,-1,-1,-1,1,0,0,1,0,0,0,0,0,0,0,1,0,2,0,1,0,600,30,1,0,0,0,0,2,1,0,-1,74,-1,204006,10105,7480,0,0,0,0,0,0,0,0,0,0,0,0,0,0,0,0,0,[0|0],710550,[0|0|0|0|0|0|0|0],寄宿着灵魂的骨灰。\n能召唤白金之子勒缇娜的灵魂。\n\n出于自愿，化成灵魂的稀有存在。\n\n勒缇娜是著名的魔力弓射手。\n但因为失去了伙伴狼罗伯，\n只能待在受召唤的地点，无法移动。
204006,白金之子勒缇娜＋６,1,0,[0|0|0],204006,-1,0,0,-1,0,-1,60506,-1,20000610,0,-1,0,115,0,-1,-1,-1,1,0,50,8,2,0,0,34,13,0,0,[0|0],1,1,1,1,1,0,1,0,0,0,0,1,1,0,0,0,0,0,0,0,0,0,0,0,0,-1,-1,-1,-1,-1,-1,-1,-1,1,0,0,1,0,0,0,0,0,0,0,1,0,2,0,1,0,600,30,1,0,0,0,0,2,1,0,-1,74,-1,204007,10106,8602,0,0,0,0,0,0,0,0,0,0,0,0,0,0,0,0,0,[0|0],710550,[0|0|0|0|0|0|0|0],寄宿着灵魂的骨灰。\n能召唤白金之子勒缇娜的灵魂。\n\n出于自愿，化成灵魂的稀有存在。\n\n勒缇娜是著名的魔力弓射手。\n但因为失去了伙伴狼罗伯，\n只能待在受召唤的地点，无法移动。
204007,白金之子勒缇娜＋７,1,0,[0|0|0],204007,-1,0,0,-1,0,-1,60507,-1,20000610,0,-1,0,115,0,-1,-1,-1,1,0,50,8,2,0,0,34,13,0,0,[0|0],1,1,1,1,1,0,1,0,0,0,0,1,1,0,0,0,0,0,0,0,0,0,0,0,0,-1,-1,-1,-1,-1,-1,-1,-1,1,0,0,1,0,0,0,0,0,0,0,1,0,2,0,1,0,600,30,1,0,0,0,0,2,1,0,-1,74,-1,204008,10107,9724,0,0,0,0,0,0,0,0,0,0,0,0,0,0,0,0,0,[0|0],710550,[0|0|0|0|0|0|0|0],寄宿着灵魂的骨灰。\n能召唤白金之子勒缇娜的灵魂。\n\n出于自愿，化成灵魂的稀有存在。\n\n勒缇娜是著名的魔力弓射手。\n但因为失去了伙伴狼罗伯，\n只能待在受召唤的地点，无法移动。
204008,白金之子勒缇娜＋８,1,0,[0|0|0],204008,-1,0,0,-1,0,-1,60508,-1,20000610,0,-1,0,115,0,-1,-1,-1,1,0,50,8,2,0,0,34,13,0,0,[0|0],1,1,1,1,1,0,1,0,0,0,0,1,1,0,0,0,0,0,0,0,0,0,0,0,0,-1,-1,-1,-1,-1,-1,-1,-1,1,0,0,1,0,0,0,0,0,0,0,1,0,2,0,1,0,600,30,1,0,0,0,0,2,1,0,-1,74,-1,204009,10108,10846,0,0,0,0,0,0,0,0,0,0,0,0,0,0,0,0,0,[0|0],710550,[0|0|0|0|0|0|0|0],寄宿着灵魂的骨灰。\n能召唤白金之子勒缇娜的灵魂。\n\n出于自愿，化成灵魂的稀有存在。\n\n勒缇娜是著名的魔力弓射手。\n但因为失去了伙伴狼罗伯，\n只能待在受召唤的地点，无法移动。
204009,白金之子勒缇娜＋９,1,0,[0|0|0],204009,-1,0,0,-1,0,-1,60509,-1,20000610,0,-1,0,115,0,-1,-1,-1,1,0,50,8,2,0,0,34,13,0,0,[0|0],1,1,1,1,1,0,1,0,0,0,0,1,1,0,0,0,0,0,0,0,0,0,0,0,0,-1,-1,-1,-1,-1,-1,-1,-1,1,0,0,1,0,0,0,0,0,0,0,1,0,2,0,1,0,600,30,1,0,0,0,0,2,1,0,-1,74,-1,204010,10109,13090,0,0,0,0,0,0,0,0,0,0,0,0,0,0,0,0,0,[0|0],710550,[0|0|0|0|0|0|0|0],寄宿着灵魂的骨灰。\n能召唤白金之子勒缇娜的灵魂。\n\n出于自愿，化成灵魂的稀有存在。\n\n勒缇娜是著名的魔力弓射手。\n但因为失去了伙伴狼罗伯，\n只能待在受召唤的地点，无法移动。
204010,白金之子勒缇娜＋１０,1,0,[0|0|0],204010,-1,0,0,-1,0,-1,60510,-1,20000610,0,-1,0,115,0,-1,-1,-1,1,0,50,8,2,0,0,34,13,0,0,[0|0],1,1,1,1,1,0,1,0,0,0,0,1,1,0,0,0,0,0,0,0,0,0,0,0,0,-1,-1,-1,-1,-1,-1,-1,-1,1,0,0,1,0,0,0,0,0,0,0,1,0,2,0,1,0,600,30,1,0,0,0,0,2,1,0,-1,74,-1,-1,-1,0,0,0,0,0,0,0,0,0,0,0,0,0,0,0,0,0,0,[0|0],710550,[0|0|0|0|0|0|0|0],寄宿着灵魂的骨灰。\n能召唤白金之子勒缇娜的灵魂。\n\n出于自愿，化成灵魂的稀有存在。\n\n勒缇娜是著名的魔力弓射手。\n但因为失去了伙伴狼罗伯，\n只能待在受召唤的地点，无法移动。
205000,流浪民族的骨灰,1,0,[0|0|0],205000,-1,0,0,-1,0,-1,50200,-1,20000610,0,-1,0,116,0,-1,-1,-1,1,0,50,7,2,0,0,34,13,0,0,[0|0],1,1,1,1,1,0,1,0,0,0,0,1,1,0,0,0,0,0,0,0,0,0,0,0,0,-1,-1,-1,-1,-1,-1,-1,-1,1,0,0,1,0,0,0,0,0,0,0,1,0,2,0,1,0,600,10,1,0,0,0,0,1,1,0,-1,61,-1,205001,10000,650,0,0,0,0,0,0,0,0,0,0,0,0,0,0,0,0,0,[0|0],710550,[0|0|0|0|0|0|0|0],寄宿着灵魂的骨灰。\n能召唤流浪民族的灵魂。\n\n招来癫狂病，一族因此被埋进地底的灵魂。\n能从眼睛迸发恐怖的癫火，\n但因为是罹病者，血量偏低也不耐打。
205001,流浪民族的骨灰＋１,1,0,[0|0|0],205001,-1,0,0,-1,0,-1,50201,-1,20000610,0,-1,0,116,0,-1,-1,-1,1,0,50,7,2,0,0,34,13,0,0,[0|0],1,1,1,1,1,0,1,0,0,0,0,1,1,0,0,0,0,0,0,0,0,0,0,0,0,-1,-1,-1,-1,-1,-1,-1,-1,1,0,0,1,0,0,0,0,0,0,0,1,0,2,0,1,0,600,10,1,0,0,0,0,1,1,0,-1,61,-1,205002,10001,910,0,0,0,0,0,0,0,0,0,0,0,0,0,0,0,0,0,[0|0],710550,[0|0|0|0|0|0|0|0],寄宿着灵魂的骨灰。\n能召唤流浪民族的灵魂。\n\n招来癫狂病，一族因此被埋进地底的灵魂。\n能从眼睛迸发恐怖的癫火，\n但因为是罹病者，血量偏低也不耐打。
205002,流浪民族的骨灰＋２,1,0,[0|0|0],205002,-1,0,0,-1,0,-1,50202,-1,20000610,0,-1,0,116,0,-1,-1,-1,1,0,50,7,2,0,0,34,13,0,0,[0|0],1,1,1,1,1,0,1,0,0,0,0,1,1,0,0,0,0,0,0,0,0,0,0,0,0,-1,-1,-1,-1,-1,-1,-1,-1,1,0,0,1,0,0,0,0,0,0,0,1,0,2,0,1,0,600,10,1,0,0,0,0,1,1,0,-1,61,-1,205003,10002,1170,0,0,0,0,0,0,0,0,0,0,0,0,0,0,0,0,0,[0|0],710550,[0|0|0|0|0|0|0|0],寄宿着灵魂的骨灰。\n能召唤流浪民族的灵魂。\n\n招来癫狂病，一族因此被埋进地底的灵魂。\n能从眼睛迸发恐怖的癫火，\n但因为是罹病者，血量偏低也不耐打。
205003,流浪民族的骨灰＋３,1,0,[0|0|0],205003,-1,0,0,-1,0,-1,50203,-1,20000610,0,-1,0,116,0,-1,-1,-1,1,0,50,7,2,0,0,34,13,0,0,[0|0],1,1,1,1,1,0,1,0,0,0,0,1,1,0,0,0,0,0,0,0,0,0,0,0,0,-1,-1,-1,-1,-1,-1,-1,-1,1,0,0,1,0,0,0,0,0,0,0,1,0,2,0,1,0,600,10,1,0,0,0,0,1,1,0,-1,61,-1,205004,10003,1430,0,0,0,0,0,0,0,0,0,0,0,0,0,0,0,0,0,[0|0],710550,[0|0|0|0|0|0|0|0],寄宿着灵魂的骨灰。\n能召唤流浪民族的灵魂。\n\n招来癫狂病，一族因此被埋进地底的灵魂。\n能从眼睛迸发恐怖的癫火，\n但因为是罹病者，血量偏低也不耐打。
205004,流浪民族的骨灰＋４,1,0,[0|0|0],205004,-1,0,0,-1,0,-1,50204,-1,20000610,0,-1,0,116,0,-1,-1,-1,1,0,50,7,2,0,0,34,13,0,0,[0|0],1,1,1,1,1,0,1,0,0,0,0,1,1,0,0,0,0,0,0,0,0,0,0,0,0,-1,-1,-1,-1,-1,-1,-1,-1,1,0,0,1,0,0,0,0,0,0,0,1,0,2,0,1,0,600,10,1,0,0,0,0,1,1,0,-1,61,-1,205005,10004,1690,0,0,0,0,0,0,0,0,0,0,0,0,0,0,0,0,0,[0|0],710550,[0|0|0|0|0|0|0|0],寄宿着灵魂的骨灰。\n能召唤流浪民族的灵魂。\n\n招来癫狂病，一族因此被埋进地底的灵魂。\n能从眼睛迸发恐怖的癫火，\n但因为是罹病者，血量偏低也不耐打。
205005,流浪民族的骨灰＋５,1,0,[0|0|0],205005,-1,0,0,-1,0,-1,50205,-1,20000610,0,-1,0,116,0,-1,-1,-1,1,0,50,7,2,0,0,34,13,0,0,[0|0],1,1,1,1,1,0,1,0,0,0,0,1,1,0,0,0,0,0,0,0,0,0,0,0,0,-1,-1,-1,-1,-1,-1,-1,-1,1,0,0,1,0,0,0,0,0,0,0,1,0,2,0,1,0,600,10,1,0,0,0,0,1,1,0,-1,61,-1,205006,10005,1950,0,0,0,0,0,0,0,0,0,0,0,0,0,0,0,0,0,[0|0],710550,[0|0|0|0|0|0|0|0],寄宿着灵魂的骨灰。\n能召唤流浪民族的灵魂。\n\n招来癫狂病，一族因此被埋进地底的灵魂。\n能从眼睛迸发恐怖的癫火，\n但因为是罹病者，血量偏低也不耐打。
205006,流浪民族的骨灰＋６,1,0,[0|0|0],205006,-1,0,0,-1,0,-1,50206,-1,20000610,0,-1,0,116,0,-1,-1,-1,1,0,50,7,2,0,0,34,13,0,0,[0|0],1,1,1,1,1,0,1,0,0,0,0,1,1,0,0,0,0,0,0,0,0,0,0,0,0,-1,-1,-1,-1,-1,-1,-1,-1,1,0,0,1,0,0,0,0,0,0,0,1,0,2,0,1,0,600,10,1,0,0,0,0,1,1,0,-1,61,-1,205007,10006,2210,0,0,0,0,0,0,0,0,0,0,0,0,0,0,0,0,0,[0|0],710550,[0|0|0|0|0|0|0|0],寄宿着灵魂的骨灰。\n能召唤流浪民族的灵魂。\n\n招来癫狂病，一族因此被埋进地底的灵魂。\n能从眼睛迸发恐怖的癫火，\n但因为是罹病者，血量偏低也不耐打。
205007,流浪民族的骨灰＋７,1,0,[0|0|0],205007,-1,0,0,-1,0,-1,50207,-1,20000610,0,-1,0,116,0,-1,-1,-1,1,0,50,7,2,0,0,34,13,0,0,[0|0],1,1,1,1,1,0,1,0,0,0,0,1,1,0,0,0,0,0,0,0,0,0,0,0,0,-1,-1,-1,-1,-1,-1,-1,-1,1,0,0,1,0,0,0,0,0,0,0,1,0,2,0,1,0,600,10,1,0,0,0,0,1,1,0,-1,61,-1,205008,10007,2470,0,0,0,0,0,0,0,0,0,0,0,0,0,0,0,0,0,[0|0],710550,[0|0|0|0|0|0|0|0],寄宿着灵魂的骨灰。\n能召唤流浪民族的灵魂。\n\n招来癫狂病，一族因此被埋进地底的灵魂。\n能从眼睛迸发恐怖的癫火，\n但因为是罹病者，血量偏低也不耐打。
205008,流浪民族的骨灰＋８,1,0,[0|0|0],205008,-1,0,0,-1,0,-1,50208,-1,20000610,0,-1,0,116,0,-1,-1,-1,1,0,50,7,2,0,0,34,13,0,0,[0|0],1,1,1,1,1,0,1,0,0,0,0,1,1,0,0,0,0,0,0,0,0,0,0,0,0,-1,-1,-1,-1,-1,-1,-1,-1,1,0,0,1,0,0,0,0,0,0,0,1,0,2,0,1,0,600,10,1,0,0,0,0,1,1,0,-1,61,-1,205009,10008,2730,0,0,0,0,0,0,0,0,0,0,0,0,0,0,0,0,0,[0|0],710550,[0|0|0|0|0|0|0|0],寄宿着灵魂的骨灰。\n能召唤流浪民族的灵魂。\n\n招来癫狂病，一族因此被埋进地底的灵魂。\n能从眼睛迸发恐怖的癫火，\n但因为是罹病者，血量偏低也不耐打。
205009,流浪民族的骨灰＋９,1,0,[0|0|0],205009,-1,0,0,-1,0,-1,50209,-1,20000610,0,-1,0,116,0,-1,-1,-1,1,0,50,7,2,0,0,34,13,0,0,[0|0],1,1,1,1,1,0,1,0,0,0,0,1,1,0,0,0,0,0,0,0,0,0,0,0,0,-1,-1,-1,-1,-1,-1,-1,-1,1,0,0,1,0,0,0,0,0,0,0,1,0,2,0,1,0,600,10,1,0,0,0,0,1,1,0,-1,61,-1,205010,10009,3250,0,0,0,0,0,0,0,0,0,0,0,0,0,0,0,0,0,[0|0],710550,[0|0|0|0|0|0|0|0],寄宿着灵魂的骨灰。\n能召唤流浪民族的灵魂。\n\n招来癫狂病，一族因此被埋进地底的灵魂。\n能从眼睛迸发恐怖的癫火，\n但因为是罹病者，血量偏低也不耐打。
205010,流浪民族的骨灰＋１０,1,0,[0|0|0],205010,-1,0,0,-1,0,-1,50210,-1,20000610,0,-1,0,116,0,-1,-1,-1,1,0,50,7,2,0,0,34,13,0,0,[0|0],1,1,1,1,1,0,1,0,0,0,0,1,1,0,0,0,0,0,0,0,0,0,0,0,0,-1,-1,-1,-1,-1,-1,-1,-1,1,0,0,1,0,0,0,0,0,0,0,1,0,2,0,1,0,600,10,1,0,0,0,0,1,1,0,-1,61,-1,-1,-1,0,0,0,0,0,0,0,0,0,0,0,0,0,0,0,0,0,0,[0|0],710550,[0|0|0|0|0|0|0|0],寄宿着灵魂的骨灰。\n能召唤流浪民族的灵魂。\n\n招来癫狂病，一族因此被埋进地底的灵魂。\n能从眼睛迸发恐怖的癫火，\n但因为是罹病者，血量偏低也不耐打。
206000,黑夜女巫与剑士的傀儡,1,0,[0|0|0],206000,-1,0,0,-1,0,-1,70500,-1,20000610,0,-1,0,478,0,-1,-1,-1,1,0,50,8,2,0,0,34,13,0,0,[0|0],1,1,1,1,1,0,1,0,0,0,0,1,1,0,0,0,0,0,0,0,0,0,0,0,0,-1,-1,-1,-1,-1,-1,-1,-1,1,0,0,1,0,0,0,0,0,0,0,1,0,2,0,1,0,600,40,1,0,0,0,0,2,1,0,-1,97,-1,206001,10100,1520,0,0,0,0,0,0,0,0,0,0,0,0,0,0,0,0,0,[0|0],710550,[0|0|0|0|0|0|0|0],在永恒之城制成的古老傀儡。\n能召唤黑夜女巫与剑士的灵魂。\n\n自愿成为傀儡的姊妹俩，\n她们是流着冰冷血液的外来者，\n会挥舞流体武器。
206001,黑夜女巫与剑士的傀儡＋１,1,0,[0|0|0],206001,-1,0,0,-1,0,-1,70501,-1,20000610,0,-1,0,478,0,-1,-1,-1,1,0,50,8,2,0,0,34,13,0,0,[0|0],1,1,1,1,1,0,1,0,0,0,0,1,1,0,0,0,0,0,0,0,0,0,0,0,0,-1,-1,-1,-1,-1,-1,-1,-1,1,0,0,1,0,0,0,0,0,0,0,1,0,2,0,1,0,600,40,1,0,0,0,0,2,1,0,-1,97,-1,206002,10101,2432,0,0,0,0,0,0,0,0,0,0,0,0,0,0,0,0,0,[0|0],710550,[0|0|0|0|0|0|0|0],在永恒之城制成的古老傀儡。\n能召唤黑夜女巫与剑士的灵魂。\n\n自愿成为傀儡的姊妹俩，\n她们是流着冰冷血液的外来者，\n会挥舞流体武器。
206002,黑夜女巫与剑士的傀儡＋２,1,0,[0|0|0],206002,-1,0,0,-1,0,-1,70502,-1,20000610,0,-1,0,478,0,-1,-1,-1,1,0,50,8,2,0,0,34,13,0,0,[0|0],1,1,1,1,1,0,1,0,0,0,0,1,1,0,0,0,0,0,0,0,0,0,0,0,0,-1,-1,-1,-1,-1,-1,-1,-1,1,0,0,1,0,0,0,0,0,0,0,1,0,2,0,1,0,600,40,1,0,0,0,0,2,1,0,-1,97,-1,206003,10102,3344,0,0,0,0,0,0,0,0,0,0,0,0,0,0,0,0,0,[0|0],710550,[0|0|0|0|0|0|0|0],在永恒之城制成的古老傀儡。\n能召唤黑夜女巫与剑士的灵魂。\n\n自愿成为傀儡的姊妹俩，\n她们是流着冰冷血液的外来者，\n会挥舞流体武器。
206003,黑夜女巫与剑士的傀儡＋３,1,0,[0|0|0],206003,-1,0,0,-1,0,-1,70503,-1,20000610,0,-1,0,478,0,-1,-1,-1,1,0,50,8,2,0,0,34,13,0,0,[0|0],1,1,1,1,1,0,1,0,0,0,0,1,1,0,0,0,0,0,0,0,0,0,0,0,0,-1,-1,-1,-1,-1,-1,-1,-1,1,0,0,1,0,0,0,0,0,0,0,1,0,2,0,1,0,600,40,1,0,0,0,0,2,1,0,-1,97,-1,206004,10103,4256,0,0,0,0,0,0,0,0,0,0,0,0,0,0,0,0,0,[0|0],710550,[0|0|0|0|0|0|0|0],在永恒之城制成的古老傀儡。\n能召唤黑夜女巫与剑士的灵魂。\n\n自愿成为傀儡的姊妹俩，\n她们是流着冰冷血液的外来者，\n会挥舞流体武器。
206004,黑夜女巫与剑士的傀儡＋４,1,0,[0|0|0],206004,-1,0,0,-1,0,-1,70504,-1,20000610,0,-1,0,478,0,-1,-1,-1,1,0,50,8,2,0,0,34,13,0,0,[0|0],1,1,1,1,1,0,1,0,0,0,0,1,1,0,0,0,0,0,0,0,0,0,0,0,0,-1,-1,-1,-1,-1,-1,-1,-1,1,0,0,1,0,0,0,0,0,0,0,1,0,2,0,1,0,600,40,1,0,0,0,0,2,1,0,-1,97,-1,206005,10104,5168,0,0,0,0,0,0,0,0,0,0,0,0,0,0,0,0,0,[0|0],710550,[0|0|0|0|0|0|0|0],在永恒之城制成的古老傀儡。\n能召唤黑夜女巫与剑士的灵魂。\n\n自愿成为傀儡的姊妹俩，\n她们是流着冰冷血液的外来者，\n会挥舞流体武器。
206005,黑夜女巫与剑士的傀儡＋５,1,0,[0|0|0],206005,-1,0,0,-1,0,-1,70505,-1,20000610,0,-1,0,478,0,-1,-1,-1,1,0,50,8,2,0,0,34,13,0,0,[0|0],1,1,1,1,1,0,1,0,0,0,0,1,1,0,0,0,0,0,0,0,0,0,0,0,0,-1,-1,-1,-1,-1,-1,-1,-1,1,0,0,1,0,0,0,0,0,0,0,1,0,2,0,1,0,600,40,1,0,0,0,0,2,1,0,-1,97,-1,206006,10105,6080,0,0,0,0,0,0,0,0,0,0,0,0,0,0,0,0,0,[0|0],710550,[0|0|0|0|0|0|0|0],在永恒之城制成的古老傀儡。\n能召唤黑夜女巫与剑士的灵魂。\n\n自愿成为傀儡的姊妹俩，\n她们是流着冰冷血液的外来者，\n会挥舞流体武器。
206006,黑夜女巫与剑士的傀儡＋６,1,0,[0|0|0],206006,-1,0,0,-1,0,-1,70506,-1,20000610,0,-1,0,478,0,-1,-1,-1,1,0,50,8,2,0,0,34,13,0,0,[0|0],1,1,1,1,1,0,1,0,0,0,0,1,1,0,0,0,0,0,0,0,0,0,0,0,0,-1,-1,-1,-1,-1,-1,-1,-1,1,0,0,1,0,0,0,0,0,0,0,1,0,2,0,1,0,600,40,1,0,0,0,0,2,1,0,-1,97,-1,206007,10106,6992,0,0,0,0,0,0,0,0,0,0,0,0,0,0,0,0,0,[0|0],710550,[0|0|0|0|0|0|0|0],在永恒之城制成的古老傀儡。\n能召唤黑夜女巫与剑士的灵魂。\n\n自愿成为傀儡的姊妹俩，\n她们是流着冰冷血液的外来者，\n会挥舞流体武器。
206007,黑夜女巫与剑士的傀儡＋７,1,0,[0|0|0],206007,-1,0,0,-1,0,-1,70507,-1,20000610,0,-1,0,478,0,-1,-1,-1,1,0,50,8,2,0,0,34,13,0,0,[0|0],1,1,1,1,1,0,1,0,0,0,0,1,1,0,0,0,0,0,0,0,0,0,0,0,0,-1,-1,-1,-1,-1,-1,-1,-1,1,0,0,1,0,0,0,0,0,0,0,1,0,2,0,1,0,600,40,1,0,0,0,0,2,1,0,-1,97,-1,206008,10107,7904,0,0,0,0,0,0,0,0,0,0,0,0,0,0,0,0,0,[0|0],710550,[0|0|0|0|0|0|0|0],在永恒之城制成的古老傀儡。\n能召唤黑夜女巫与剑士的灵魂。\n\n自愿成为傀儡的姊妹俩，\n她们是流着冰冷血液的外来者，\n会挥舞流体武器。
206008,黑夜女巫与剑士的傀儡＋８,1,0,[0|0|0],206008,-1,0,0,-1,0,-1,70508,-1,20000610,0,-1,0,478,0,-1,-1,-1,1,0,50,8,2,0,0,34,13,0,0,[0|0],1,1,1,1,1,0,1,0,0,0,0,1,1,0,0,0,0,0,0,0,0,0,0,0,0,-1,-1,-1,-1,-1,-1,-1,-1,1,0,0,1,0,0,0,0,0,0,0,1,0,2,0,1,0,600,40,1,0,0,0,0,2,1,0,-1,97,-1,206009,10108,8816,0,0,0,0,0,0,0,0,0,0,0,0,0,0,0,0,0,[0|0],710550,[0|0|0|0|0|0|0|0],在永恒之城制成的古老傀儡。\n能召唤黑夜女巫与剑士的灵魂。\n\n自愿成为傀儡的姊妹俩，\n她们是流着冰冷血液的外来者，\n会挥舞流体武器。
206009,黑夜女巫与剑士的傀儡＋９,1,0,[0|0|0],206009,-1,0,0,-1,0,-1,70509,-1,20000610,0,-1,0,478,0,-1,-1,-1,1,0,50,8,2,0,0,34,13,0,0,[0|0],1,1,1,1,1,0,1,0,0,0,0,1,1,0,0,0,0,0,0,0,0,0,0,0,0,-1,-1,-1,-1,-1,-1,-1,-1,1,0,0,1,0,0,0,0,0,0,0,1,0,2,0,1,0,600,40,1,0,0,0,0,2,1,0,-1,97,-1,206010,10109,10640,0,0,0,0,0,0,0,0,0,0,0,0,0,0,0,0,0,[0|0],710550,[0|0|0|0|0|0|0|0],在永恒之城制成的古老傀儡。\n能召唤黑夜女巫与剑士的灵魂。\n\n自愿成为傀儡的姊妹俩，\n她们是流着冰冷血液的外来者，\n会挥舞流体武器。
206010,黑夜女巫与剑士的傀儡＋１０,1,0,[0|0|0],206010,-1,0,0,-1,0,-1,70510,-1,20000610,0,-1,0,478,0,-1,-1,-1,1,0,50,8,2,0,0,34,13,0,0,[0|0],1,1,1,1,1,0,1,0,0,0,0,1,1,0,0,0,0,0,0,0,0,0,0,0,0,-1,-1,-1,-1,-1,-1,-1,-1,1,0,0,1,0,0,0,0,0,0,0,1,0,2,0,1,0,600,40,1,0,0,0,0,2,1,0,-1,97,-1,-1,-1,0,0,0,0,0,0,0,0,0,0,0,0,0,0,0,0,0,0,[0|0],710550,[0|0|0|0|0|0|0|0],在永恒之城制成的古老傀儡。\n能召唤黑夜女巫与剑士的灵魂。\n\n自愿成为傀儡的姊妹俩，\n她们是流着冰冷血液的外来者，\n会挥舞流体武器。
207000,仿身泪滴的骨灰,1,0,[0|0|0],207000,-1,0,0,-1,0,-1,61500,-1,20000610,0,-1,0,117,0,-1,15,-1,1,0,50,8,2,0,0,34,13,0,0,[0|0],1,1,1,1,1,0,1,0,0,0,0,1,1,0,0,0,0,0,0,0,0,0,0,0,0,-1,-1,-1,-1,-1,-1,-1,-1,1,0,0,1,0,0,0,0,0,0,0,1,0,2,0,1,0,600,30,1,0,0,0,0,3,1,0,-1,-1,660,207001,10100,2000,0,0,0,0,0,0,0,0,0,0,0,0,0,0,0,0,0,[0|0],710550,[0|0|0|0|0|0|0|0],“传说中的骨灰”之一。\n能召唤仿身泪滴的灵魂。\n召唤时不消耗专注值，而是血量。\n\n能模仿召唤者的模样，进行战斗的灵魂。\n然而无法模仿召唤者的心智。\n此为永恒之城意图造王时，所留下的产物。
207001,仿身泪滴的骨灰＋１,1,0,[0|0|0],207001,-1,0,0,-1,0,-1,61501,-1,20000610,0,-1,0,117,0,-1,-1,-1,1,0,50,8,2,0,0,34,13,0,0,[0|0],1,1,1,1,1,0,1,0,0,0,0,1,1,0,0,0,0,0,0,0,0,0,0,0,0,-1,-1,-1,-1,-1,-1,-1,-1,1,0,0,1,0,0,0,0,0,0,0,1,0,2,0,1,0,600,30,1,0,0,0,0,3,1,0,-1,-1,660,207002,10101,3200,0,0,0,0,0,0,0,0,0,0,0,0,0,0,0,0,0,[0|0],710550,[0|0|0|0|0|0|0|0],“传说中的骨灰”之一。\n能召唤仿身泪滴的灵魂。\n召唤时不消耗专注值，而是血量。\n\n能模仿召唤者的模样，进行战斗的灵魂。\n然而无法模仿召唤者的心智。\n此为永恒之城意图造王时，所留下的产物。
207002,仿身泪滴的骨灰＋２,1,0,[0|0|0],207002,-1,0,0,-1,0,-1,61502,-1,20000610,0,-1,0,117,0,-1,-1,-1,1,0,50,8,2,0,0,34,13,0,0,[0|0],1,1,1,1,1,0,1,0,0,0,0,1,1,0,0,0,0,0,0,0,0,0,0,0,0,-1,-1,-1,-1,-1,-1,-1,-1,1,0,0,1,0,0,0,0,0,0,0,1,0,2,0,1,0,600,30,1,0,0,0,0,3,1,0,-1,-1,660,207003,10102,4400,0,0,0,0,0,0,0,0,0,0,0,0,0,0,0,0,0,[0|0],710550,[0|0|0|0|0|0|0|0],“传说中的骨灰”之一。\n能召唤仿身泪滴的灵魂。\n召唤时不消耗专注值，而是血量。\n\n能模仿召唤者的模样，进行战斗的灵魂。\n然而无法模仿召唤者的心智。\n此为永恒之城意图造王时，所留下的产物。
207003,仿身泪滴的骨灰＋３,1,0,[0|0|0],207003,-1,0,0,-1,0,-1,61503,-1,20000610,0,-1,0,117,0,-1,-1,-1,1,0,50,8,2,0,0,34,13,0,0,[0|0],1,1,1,1,1,0,1,0,0,0,0,1,1,0,0,0,0,0,0,0,0,0,0,0,0,-1,-1,-1,-1,-1,-1,-1,-1,1,0,0,1,0,0,0,0,0,0,0,1,0,2,0,1,0,600,30,1,0,0,0,0,3,1,0,-1,-1,660,207004,10103,5600,0,0,0,0,0,0,0,0,0,0,0,0,0,0,0,0,0,[0|0],710550,[0|0|0|0|0|0|0|0],“传说中的骨灰”之一。\n能召唤仿身泪滴的灵魂。\n召唤时不消耗专注值，而是血量。\n\n能模仿召唤者的模样，进行战斗的灵魂。\n然而无法模仿召唤者的心智。\n此为永恒之城意图造王时，所留下的产物。
207004,仿身泪滴的骨灰＋４,1,0,[0|0|0],207004,-1,0,0,-1,0,-1,61504,-1,20000610,0,-1,0,117,0,-1,-1,-1,1,0,50,8,2,0,0,34,13,0,0,[0|0],1,1,1,1,1,0,1,0,0,0,0,1,1,0,0,0,0,0,0,0,0,0,0,0,0,-1,-1,-1,-1,-1,-1,-1,-1,1,0,0,1,0,0,0,0,0,0,0,1,0,2,0,1,0,600,30,1,0,0,0,0,3,1,0,-1,-1,660,207005,10104,6800,0,0,0,0,0,0,0,0,0,0,0,0,0,0,0,0,0,[0|0],710550,[0|0|0|0|0|0|0|0],“传说中的骨灰”之一。\n能召唤仿身泪滴的灵魂。\n召唤时不消耗专注值，而是血量。\n\n能模仿召唤者的模样，进行战斗的灵魂。\n然而无法模仿召唤者的心智。\n此为永恒之城意图造王时，所留下的产物。
207005,仿身泪滴的骨灰＋５,1,0,[0|0|0],207005,-1,0,0,-1,0,-1,61505,-1,20000610,0,-1,0,117,0,-1,-1,-1,1,0,50,8,2,0,0,34,13,0,0,[0|0],1,1,1,1,1,0,1,0,0,0,0,1,1,0,0,0,0,0,0,0,0,0,0,0,0,-1,-1,-1,-1,-1,-1,-1,-1,1,0,0,1,0,0,0,0,0,0,0,1,0,2,0,1,0,600,30,1,0,0,0,0,3,1,0,-1,-1,660,207006,10105,8000,0,0,0,0,0,0,0,0,0,0,0,0,0,0,0,0,0,[0|0],710550,[0|0|0|0|0|0|0|0],“传说中的骨灰”之一。\n能召唤仿身泪滴的灵魂。\n召唤时不消耗专注值，而是血量。\n\n能模仿召唤者的模样，进行战斗的灵魂。\n然而无法模仿召唤者的心智。\n此为永恒之城意图造王时，所留下的产物。
207006,仿身泪滴的骨灰＋６,1,0,[0|0|0],207006,-1,0,0,-1,0,-1,61506,-1,20000610,0,-1,0,117,0,-1,-1,-1,1,0,50,8,2,0,0,34,13,0,0,[0|0],1,1,1,1,1,0,1,0,0,0,0,1,1,0,0,0,0,0,0,0,0,0,0,0,0,-1,-1,-1,-1,-1,-1,-1,-1,1,0,0,1,0,0,0,0,0,0,0,1,0,2,0,1,0,600,30,1,0,0,0,0,3,1,0,-1,-1,660,207007,10106,9200,0,0,0,0,0,0,0,0,0,0,0,0,0,0,0,0,0,[0|0],710550,[0|0|0|0|0|0|0|0],“传说中的骨灰”之一。\n能召唤仿身泪滴的灵魂。\n召唤时不消耗专注值，而是血量。\n\n能模仿召唤者的模样，进行战斗的灵魂。\n然而无法模仿召唤者的心智。\n此为永恒之城意图造王时，所留下的产物。
207007,仿身泪滴的骨灰＋７,1,0,[0|0|0],207007,-1,0,0,-1,0,-1,61507,-1,20000610,0,-1,0,117,0,-1,-1,-1,1,0,50,8,2,0,0,34,13,0,0,[0|0],1,1,1,1,1,0,1,0,0,0,0,1,1,0,0,0,0,0,0,0,0,0,0,0,0,-1,-1,-1,-1,-1,-1,-1,-1,1,0,0,1,0,0,0,0,0,0,0,1,0,2,0,1,0,600,30,1,0,0,0,0,3,1,0,-1,-1,660,207008,10107,10400,0,0,0,0,0,0,0,0,0,0,0,0,0,0,0,0,0,[0|0],710550,[0|0|0|0|0|0|0|0],“传说中的骨灰”之一。\n能召唤仿身泪滴的灵魂。\n召唤时不消耗专注值，而是血量。\n\n能模仿召唤者的模样，进行战斗的灵魂。\n然而无法模仿召唤者的心智。\n此为永恒之城意图造王时，所留下的产物。
207008,仿身泪滴的骨灰＋８,1,0,[0|0|0],207008,-1,0,0,-1,0,-1,61508,-1,20000610,0,-1,0,117,0,-1,-1,-1,1,0,50,8,2,0,0,34,13,0,0,[0|0],1,1,1,1,1,0,1,0,0,0,0,1,1,0,0,0,0,0,0,0,0,0,0,0,0,-1,-1,-1,-1,-1,-1,-1,-1,1,0,0,1,0,0,0,0,0,0,0,1,0,2,0,1,0,600,30,1,0,0,0,0,3,1,0,-1,-1,660,207009,10108,11600,0,0,0,0,0,0,0,0,0,0,0,0,0,0,0,0,0,[0|0],710550,[0|0|0|0|0|0|0|0],“传说中的骨灰”之一。\n能召唤仿身泪滴的灵魂。\n召唤时不消耗专注值，而是血量。\n\n能模仿召唤者的模样，进行战斗的灵魂。\n然而无法模仿召唤者的心智。\n此为永恒之城意图造王时，所留下的产物。
207009,仿身泪滴的骨灰＋９,1,0,[0|0|0],207009,-1,0,0,-1,0,-1,61509,-1,20000610,0,-1,0,117,0,-1,-1,-1,1,0,50,8,2,0,0,34,13,0,0,[0|0],1,1,1,1,1,0,1,0,0,0,0,1,1,0,0,0,0,0,0,0,0,0,0,0,0,-1,-1,-1,-1,-1,-1,-1,-1,1,0,0,1,0,0,0,0,0,0,0,1,0,2,0,1,0,600,30,1,0,0,0,0,3,1,0,-1,-1,660,207010,10109,14000,0,0,0,0,0,0,0,0,0,0,0,0,0,0,0,0,0,[0|0],710550,[0|0|0|0|0|0|0|0],“传说中的骨灰”之一。\n能召唤仿身泪滴的灵魂。\n召唤时不消耗专注值，而是血量。\n\n能模仿召唤者的模样，进行战斗的灵魂。\n然而无法模仿召唤者的心智。\n此为永恒之城意图造王时，所留下的产物。
207010,仿身泪滴的骨灰＋１０,1,0,[0|0|0],207010,-1,0,0,-1,0,-1,61510,-1,20000610,0,-1,0,117,0,-1,-1,-1,1,0,50,8,2,0,0,34,13,0,0,[0|0],1,1,1,1,1,0,1,0,0,0,0,1,1,0,0,0,0,0,0,0,0,0,0,0,0,-1,-1,-1,-1,-1,-1,-1,-1,1,0,0,1,0,0,0,0,0,0,0,1,0,2,0,1,0,600,30,1,0,0,0,0,3,1,0,-1,-1,660,-1,-1,0,0,0,0,0,0,0,0,0,0,0,0,0,0,0,0,0,0,[0|0],710550,[0|0|0|0|0|0|0|0],“传说中的骨灰”之一。\n能召唤仿身泪滴的灵魂。\n召唤时不消耗专注值，而是血量。\n\n能模仿召唤者的模样，进行战斗的灵魂。\n然而无法模仿召唤者的心智。\n此为永恒之城意图造王时，所留下的产物。
208000,结晶人的骨灰,1,0,[0|0|0],208000,-1,0,0,-1,0,-1,56200,-1,20000610,0,-1,0,118,0,-1,-1,-1,1,0,50,7,2,0,0,34,13,0,0,[0|0],1,1,1,1,1,0,1,0,0,0,0,1,1,0,0,0,0,0,0,0,0,0,0,0,0,-1,-1,-1,-1,-1,-1,-1,-1,1,0,0,1,0,0,0,0,0,0,0,1,0,2,0,1,0,600,20,1,0,0,0,0,1,1,0,-1,101,-1,208001,10000,900,0,0,0,0,0,0,0,0,0,0,0,0,0,0,0,0,0,[0|0],710550,[0|0|0|0|0|0|0|0],寄宿着灵魂的骨灰。\n能召唤结晶人的灵魂。\n\n挥舞大小结晶圆刃刀的灵魂。\n用古老结晶雕刻出的身体十分坚固，\n对上刀剑类的攻击超乎常理地耐打。\n然而对上打击攻击却十分脆弱。
208001,结晶人的骨灰＋１,1,0,[0|0|0],208001,-1,0,0,-1,0,-1,56201,-1,20000610,0,-1,0,118,0,-1,-1,-1,1,0,50,7,2,0,0,34,13,0,0,[0|0],1,1,1,1,1,0,1,0,0,0,0,1,1,0,0,0,0,0,0,0,0,0,0,0,0,-1,-1,-1,-1,-1,-1,-1,-1,1,0,0,1,0,0,0,0,0,0,0,1,0,2,0,1,0,600,20,1,0,0,0,0,1,1,0,-1,101,-1,208002,10001,1260,0,0,0,0,0,0,0,0,0,0,0,0,0,0,0,0,0,[0|0],710550,[0|0|0|0|0|0|0|0],寄宿着灵魂的骨灰。\n能召唤结晶人的灵魂。\n\n挥舞大小结晶圆刃刀的灵魂。\n用古老结晶雕刻出的身体十分坚固，\n对上刀剑类的攻击超乎常理地耐打。\n然而对上打击攻击却十分脆弱。
208002,结晶人的骨灰＋２,1,0,[0|0|0],208002,-1,0,0,-1,0,-1,56202,-1,20000610,0,-1,0,118,0,-1,-1,-1,1,0,50,7,2,0,0,34,13,0,0,[0|0],1,1,1,1,1,0,1,0,0,0,0,1,1,0,0,0,0,0,0,0,0,0,0,0,0,-1,-1,-1,-1,-1,-1,-1,-1,1,0,0,1,0,0,0,0,0,0,0,1,0,2,0,1,0,600,20,1,0,0,0,0,1,1,0,-1,101,-1,208003,10002,1620,0,0,0,0,0,0,0,0,0,0,0,0,0,0,0,0,0,[0|0],710550,[0|0|0|0|0|0|0|0],寄宿着灵魂的骨灰。\n能召唤结晶人的灵魂。\n\n挥舞大小结晶圆刃刀的灵魂。\n用古老结晶雕刻出的身体十分坚固，\n对上刀剑类的攻击超乎常理地耐打。\n然而对上打击攻击却十分脆弱。
208003,结晶人的骨灰＋３,1,0,[0|0|0],208003,-1,0,0,-1,0,-1,56203,-1,20000610,0,-1,0,118,0,-1,-1,-1,1,0,50,7,2,0,0,34,13,0,0,[0|0],1,1,1,1,1,0,1,0,0,0,0,1,1,0,0,0,0,0,0,0,0,0,0,0,0,-1,-1,-1,-1,-1,-1,-1,-1,1,0,0,1,0,0,0,0,0,0,0,1,0,2,0,1,0,600,20,1,0,0,0,0,1,1,0,-1,101,-1,208004,10003,1980,0,0,0,0,0,0,0,0,0,0,0,0,0,0,0,0,0,[0|0],710550,[0|0|0|0|0|0|0|0],寄宿着灵魂的骨灰。\n能召唤结晶人的灵魂。\n\n挥舞大小结晶圆刃刀的灵魂。\n用古老结晶雕刻出的身体十分坚固，\n对上刀剑类的攻击超乎常理地耐打。\n然而对上打击攻击却十分脆弱。
208004,结晶人的骨灰＋４,1,0,[0|0|0],208004,-1,0,0,-1,0,-1,56204,-1,20000610,0,-1,0,118,0,-1,-1,-1,1,0,50,7,2,0,0,34,13,0,0,[0|0],1,1,1,1,1,0,1,0,0,0,0,1,1,0,0,0,0,0,0,0,0,0,0,0,0,-1,-1,-1,-1,-1,-1,-1,-1,1,0,0,1,0,0,0,0,0,0,0,1,0,2,0,1,0,600,20,1,0,0,0,0,1,1,0,-1,101,-1,208005,10004,2340,0,0,0,0,0,0,0,0,0,0,0,0,0,0,0,0,0,[0|0],710550,[0|0|0|0|0|0|0|0],寄宿着灵魂的骨灰。\n能召唤结晶人的灵魂。\n\n挥舞大小结晶圆刃刀的灵魂。\n用古老结晶雕刻出的身体十分坚固，\n对上刀剑类的攻击超乎常理地耐打。\n然而对上打击攻击却十分脆弱。
208005,结晶人的骨灰＋５,1,0,[0|0|0],208005,-1,0,0,-1,0,-1,56205,-1,20000610,0,-1,0,118,0,-1,-1,-1,1,0,50,7,2,0,0,34,13,0,0,[0|0],1,1,1,1,1,0,1,0,0,0,0,1,1,0,0,0,0,0,0,0,0,0,0,0,0,-1,-1,-1,-1,-1,-1,-1,-1,1,0,0,1,0,0,0,0,0,0,0,1,0,2,0,1,0,600,20,1,0,0,0,0,1,1,0,-1,101,-1,208006,10005,2700,0,0,0,0,0,0,0,0,0,0,0,0,0,0,0,0,0,[0|0],710550,[0|0|0|0|0|0|0|0],寄宿着灵魂的骨灰。\n能召唤结晶人的灵魂。\n\n挥舞大小结晶圆刃刀的灵魂。\n用古老结晶雕刻出的身体十分坚固，\n对上刀剑类的攻击超乎常理地耐打。\n然而对上打击攻击却十分脆弱。
208006,结晶人的骨灰＋６,1,0,[0|0|0],208006,-1,0,0,-1,0,-1,56206,-1,20000610,0,-1,0,118,0,-1,-1,-1,1,0,50,7,2,0,0,34,13,0,0,[0|0],1,1,1,1,1,0,1,0,0,0,0,1,1,0,0,0,0,0,0,0,0,0,0,0,0,-1,-1,-1,-1,-1,-1,-1,-1,1,0,0,1,0,0,0,0,0,0,0,1,0,2,0,1,0,600,20,1,0,0,0,0,1,1,0,-1,101,-1,208007,10006,3060,0,0,0,0,0,0,0,0,0,0,0,0,0,0,0,0,0,[0|0],710550,[0|0|0|0|0|0|0|0],寄宿着灵魂的骨灰。\n能召唤结晶人的灵魂。\n\n挥舞大小结晶圆刃刀的灵魂。\n用古老结晶雕刻出的身体十分坚固，\n对上刀剑类的攻击超乎常理地耐打。\n然而对上打击攻击却十分脆弱。
208007,结晶人的骨灰＋７,1,0,[0|0|0],208007,-1,0,0,-1,0,-1,56207,-1,20000610,0,-1,0,118,0,-1,-1,-1,1,0,50,7,2,0,0,34,13,0,0,[0|0],1,1,1,1,1,0,1,0,0,0,0,1,1,0,0,0,0,0,0,0,0,0,0,0,0,-1,-1,-1,-1,-1,-1,-1,-1,1,0,0,1,0,0,0,0,0,0,0,1,0,2,0,1,0,600,20,1,0,0,0,0,1,1,0,-1,101,-1,208008,10007,3420,0,0,0,0,0,0,0,0,0,0,0,0,0,0,0,0,0,[0|0],710550,[0|0|0|0|0|0|0|0],寄宿着灵魂的骨灰。\n能召唤结晶人的灵魂。\n\n挥舞大小结晶圆刃刀的灵魂。\n用古老结晶雕刻出的身体十分坚固，\n对上刀剑类的攻击超乎常理地耐打。\n然而对上打击攻击却十分脆弱。
208008,结晶人的骨灰＋８,1,0,[0|0|0],208008,-1,0,0,-1,0,-1,56208,-1,20000610,0,-1,0,118,0,-1,-1,-1,1,0,50,7,2,0,0,34,13,0,0,[0|0],1,1,1,1,1,0,1,0,0,0,0,1,1,0,0,0,0,0,0,0,0,0,0,0,0,-1,-1,-1,-1,-1,-1,-1,-1,1,0,0,1,0,0,0,0,0,0,0,1,0,2,0,1,0,600,20,1,0,0,0,0,1,1,0,-1,101,-1,208009,10008,3780,0,0,0,0,0,0,0,0,0,0,0,0,0,0,0,0,0,[0|0],710550,[0|0|0|0|0|0|0|0],寄宿着灵魂的骨灰。\n能召唤结晶人的灵魂。\n\n挥舞大小结晶圆刃刀的灵魂。\n用古老结晶雕刻出的身体十分坚固，\n对上刀剑类的攻击超乎常理地耐打。\n然而对上打击攻击却十分脆弱。
208009,结晶人的骨灰＋９,1,0,[0|0|0],208009,-1,0,0,-1,0,-1,56209,-1,20000610,0,-1,0,118,0,-1,-1,-1,1,0,50,7,2,0,0,34,13,0,0,[0|0],1,1,1,1,1,0,1,0,0,0,0,1,1,0,0,0,0,0,0,0,0,0,0,0,0,-1,-1,-1,-1,-1,-1,-1,-1,1,0,0,1,0,0,0,0,0,0,0,1,0,2,0,1,0,600,20,1,0,0,0,0,1,1,0,-1,101,-1,208010,10009,4500,0,0,0,0,0,0,0,0,0,0,0,0,0,0,0,0,0,[0|0],710550,[0|0|0|0|0|0|0|0],寄宿着灵魂的骨灰。\n能召唤结晶人的灵魂。\n\n挥舞大小结晶圆刃刀的灵魂。\n用古老结晶雕刻出的身体十分坚固，\n对上刀剑类的攻击超乎常理地耐打。\n然而对上打击攻击却十分脆弱。
208010,结晶人的骨灰＋１０,1,0,[0|0|0],208010,-1,0,0,-1,0,-1,56210,-1,20000610,0,-1,0,118,0,-1,-1,-1,1,0,50,7,2,0,0,34,13,0,0,[0|0],1,1,1,1,1,0,1,0,0,0,0,1,1,0,0,0,0,0,0,0,0,0,0,0,0,-1,-1,-1,-1,-1,-1,-1,-1,1,0,0,1,0,0,0,0,0,0,0,1,0,2,0,1,0,600,20,1,0,0,0,0,1,1,0,-1,101,-1,-1,-1,0,0,0,0,0,0,0,0,0,0,0,0,0,0,0,0,0,0,[0|0],710550,[0|0|0|0|0|0|0|0],寄宿着灵魂的骨灰。\n能召唤结晶人的灵魂。\n\n挥舞大小结晶圆刃刀的灵魂。\n用古老结晶雕刻出的身体十分坚固，\n对上刀剑类的攻击超乎常理地耐打。\n然而对上打击攻击却十分脆弱。
209000,祖灵之民的骨灰,1,0,[0|0|0],209000,-1,0,0,-1,0,-1,55900,-1,20000610,0,-1,0,119,0,-1,-1,-1,1,0,50,7,2,0,0,34,13,0,0,[0|0],1,1,1,1,1,0,1,0,0,0,0,1,1,0,0,0,0,0,0,0,0,0,0,0,0,-1,-1,-1,-1,-1,-1,-1,-1,1,0,0,1,0,0,0,0,0,0,0,1,0,2,0,1,0,600,20,1,0,0,0,0,1,1,0,-1,63,-1,209001,10000,830,0,0,0,0,0,0,0,0,0,0,0,0,0,0,0,0,0,[0|0],710550,[0|0|0|0|0|0|0|0],寄宿着灵魂的骨灰。\n能召唤祖灵之民的灵魂。\n\n摒弃金属与文明的角民族灵魂。\n体型高大，精通独有的灵术。\n其中此灵魂更是操弓的好手。
209001,祖灵之民的骨灰＋１,1,0,[0|0|0],209001,-1,0,0,-1,0,-1,55901,-1,20000610,0,-1,0,119,0,-1,-1,-1,1,0,50,7,2,0,0,34,13,0,0,[0|0],1,1,1,1,1,0,1,0,0,0,0,1,1,0,0,0,0,0,0,0,0,0,0,0,0,-1,-1,-1,-1,-1,-1,-1,-1,1,0,0,1,0,0,0,0,0,0,0,1,0,2,0,1,0,600,20,1,0,0,0,0,1,1,0,-1,63,-1,209002,10001,1162,0,0,0,0,0,0,0,0,0,0,0,0,0,0,0,0,0,[0|0],710550,[0|0|0|0|0|0|0|0],寄宿着灵魂的骨灰。\n能召唤祖灵之民的灵魂。\n\n摒弃金属与文明的角民族灵魂。\n体型高大，精通独有的灵术。\n其中此灵魂更是操弓的好手。
209002,祖灵之民的骨灰＋２,1,0,[0|0|0],209002,-1,0,0,-1,0,-1,55902,-1,20000610,0,-1,0,119,0,-1,-1,-1,1,0,50,7,2,0,0,34,13,0,0,[0|0],1,1,1,1,1,0,1,0,0,0,0,1,1,0,0,0,0,0,0,0,0,0,0,0,0,-1,-1,-1,-1,-1,-1,-1,-1,1,0,0,1,0,0,0,0,0,0,0,1,0,2,0,1,0,600,20,1,0,0,0,0,1,1,0,-1,63,-1,209003,10002,1494,0,0,0,0,0,0,0,0,0,0,0,0,0,0,0,0,0,[0|0],710550,[0|0|0|0|0|0|0|0],寄宿着灵魂的骨灰。\n能召唤祖灵之民的灵魂。\n\n摒弃金属与文明的角民族灵魂。\n体型高大，精通独有的灵术。\n其中此灵魂更是操弓的好手。
209003,祖灵之民的骨灰＋３,1,0,[0|0|0],209003,-1,0,0,-1,0,-1,55903,-1,20000610,0,-1,0,119,0,-1,-1,-1,1,0,50,7,2,0,0,34,13,0,0,[0|0],1,1,1,1,1,0,1,0,0,0,0,1,1,0,0,0,0,0,0,0,0,0,0,0,0,-1,-1,-1,-1,-1,-1,-1,-1,1,0,0,1,0,0,0,0,0,0,0,1,0,2,0,1,0,600,20,1,0,0,0,0,1,1,0,-1,63,-1,209004,10003,1826,0,0,0,0,0,0,0,0,0,0,0,0,0,0,0,0,0,[0|0],710550,[0|0|0|0|0|0|0|0],寄宿着灵魂的骨灰。\n能召唤祖灵之民的灵魂。\n\n摒弃金属与文明的角民族灵魂。\n体型高大，精通独有的灵术。\n其中此灵魂更是操弓的好手。
209004,祖灵之民的骨灰＋４,1,0,[0|0|0],209004,-1,0,0,-1,0,-1,55904,-1,20000610,0,-1,0,119,0,-1,-1,-1,1,0,50,7,2,0,0,34,13,0,0,[0|0],1,1,1,1,1,0,1,0,0,0,0,1,1,0,0,0,0,0,0,0,0,0,0,0,0,-1,-1,-1,-1,-1,-1,-1,-1,1,0,0,1,0,0,0,0,0,0,0,1,0,2,0,1,0,600,20,1,0,0,0,0,1,1,0,-1,63,-1,209005,10004,2158,0,0,0,0,0,0,0,0,0,0,0,0,0,0,0,0,0,[0|0],710550,[0|0|0|0|0|0|0|0],寄宿着灵魂的骨灰。\n能召唤祖灵之民的灵魂。\n\n摒弃金属与文明的角民族灵魂。\n体型高大，精通独有的灵术。\n其中此灵魂更是操弓的好手。
209005,祖灵之民的骨灰＋５,1,0,[0|0|0],209005,-1,0,0,-1,0,-1,55905,-1,20000610,0,-1,0,119,0,-1,-1,-1,1,0,50,7,2,0,0,34,13,0,0,[0|0],1,1,1,1,1,0,1,0,0,0,0,1,1,0,0,0,0,0,0,0,0,0,0,0,0,-1,-1,-1,-1,-1,-1,-1,-1,1,0,0,1,0,0,0,0,0,0,0,1,0,2,0,1,0,600,20,1,0,0,0,0,1,1,0,-1,63,-1,209006,10005,2490,0,0,0,0,0,0,0,0,0,0,0,0,0,0,0,0,0,[0|0],710550,[0|0|0|0|0|0|0|0],寄宿着灵魂的骨灰。\n能召唤祖灵之民的灵魂。\n\n摒弃金属与文明的角民族灵魂。\n体型高大，精通独有的灵术。\n其中此灵魂更是操弓的好手。
209006,祖灵之民的骨灰＋６,1,0,[0|0|0],209006,-1,0,0,-1,0,-1,55906,-1,20000610,0,-1,0,119,0,-1,-1,-1,1,0,50,7,2,0,0,34,13,0,0,[0|0],1,1,1,1,1,0,1,0,0,0,0,1,1,0,0,0,0,0,0,0,0,0,0,0,0,-1,-1,-1,-1,-1,-1,-1,-1,1,0,0,1,0,0,0,0,0,0,0,1,0,2,0,1,0,600,20,1,0,0,0,0,1,1,0,-1,63,-1,209007,10006,2822,0,0,0,0,0,0,0,0,0,0,0,0,0,0,0,0,0,[0|0],710550,[0|0|0|0|0|0|0|0],寄宿着灵魂的骨灰。\n能召唤祖灵之民的灵魂。\n\n摒弃金属与文明的角民族灵魂。\n体型高大，精通独有的灵术。\n其中此灵魂更是操弓的好手。
209007,祖灵之民的骨灰＋７,1,0,[0|0|0],209007,-1,0,0,-1,0,-1,55907,-1,20000610,0,-1,0,119,0,-1,-1,-1,1,0,50,7,2,0,0,34,13,0,0,[0|0],1,1,1,1,1,0,1,0,0,0,0,1,1,0,0,0,0,0,0,0,0,0,0,0,0,-1,-1,-1,-1,-1,-1,-1,-1,1,0,0,1,0,0,0,0,0,0,0,1,0,2,0,1,0,600,20,1,0,0,0,0,1,1,0,-1,63,-1,209008,10007,3154,0,0,0,0,0,0,0,0,0,0,0,0,0,0,0,0,0,[0|0],710550,[0|0|0|0|0|0|0|0],寄宿着灵魂的骨灰。\n能召唤祖灵之民的灵魂。\n\n摒弃金属与文明的角民族灵魂。\n体型高大，精通独有的灵术。\n其中此灵魂更是操弓的好手。
209008,祖灵之民的骨灰＋８,1,0,[0|0|0],209008,-1,0,0,-1,0,-1,55908,-1,20000610,0,-1,0,119,0,-1,-1,-1,1,0,50,7,2,0,0,34,13,0,0,[0|0],1,1,1,1,1,0,1,0,0,0,0,1,1,0,0,0,0,0,0,0,0,0,0,0,0,-1,-1,-1,-1,-1,-1,-1,-1,1,0,0,1,0,0,0,0,0,0,0,1,0,2,0,1,0,600,20,1,0,0,0,0,1,1,0,-1,63,-1,209009,10008,3486,0,0,0,0,0,0,0,0,0,0,0,0,0,0,0,0,0,[0|0],710550,[0|0|0|0|0|0|0|0],寄宿着灵魂的骨灰。\n能召唤祖灵之民的灵魂。\n\n摒弃金属与文明的角民族灵魂。\n体型高大，精通独有的灵术。\n其中此灵魂更是操弓的好手。
209009,祖灵之民的骨灰＋９,1,0,[0|0|0],209009,-1,0,0,-1,0,-1,55909,-1,20000610,0,-1,0,119,0,-1,-1,-1,1,0,50,7,2,0,0,34,13,0,0,[0|0],1,1,1,1,1,0,1,0,0,0,0,1,1,0,0,0,0,0,0,0,0,0,0,0,0,-1,-1,-1,-1,-1,-1,-1,-1,1,0,0,1,0,0,0,0,0,0,0,1,0,2,0,1,0,600,20,1,0,0,0,0,1,1,0,-1,63,-1,209010,10009,4150,0,0,0,0,0,0,0,0,0,0,0,0,0,0,0,0,0,[0|0],710550,[0|0|0|0|0|0|0|0],寄宿着灵魂的骨灰。\n能召唤祖灵之民的灵魂。\n\n摒弃金属与文明的角民族灵魂。\n体型高大，精通独有的灵术。\n其中此灵魂更是操弓的好手。
209010,祖灵之民的骨灰＋１０,1,0,[0|0|0],209010,-1,0,0,-1,0,-1,55910,-1,20000610,0,-1,0,119,0,-1,-1,-1,1,0,50,7,2,0,0,34,13,0,0,[0|0],1,1,1,1,1,0,1,0,0,0,0,1,1,0,0,0,0,0,0,0,0,0,0,0,0,-1,-1,-1,-1,-1,-1,-1,-1,1,0,0,1,0,0,0,0,0,0,0,1,0,2,0,1,0,600,20,1,0,0,0,0,1,1,0,-1,63,-1,-1,-1,0,0,0,0,0,0,0,0,0,0,0,0,0,0,0,0,0,0,[0|0],710550,[0|0|0|0|0|0|0|0],寄宿着灵魂的骨灰。\n能召唤祖灵之民的灵魂。\n\n摒弃金属与文明的角民族灵魂。\n体型高大，精通独有的灵术。\n其中此灵魂更是操弓的好手。
210000,带翼混种的骨灰,1,0,[0|0|0],210000,-1,0,0,-1,0,-1,50700,-1,20000610,0,-1,0,120,0,-1,-1,-1,1,0,50,7,2,0,0,34,13,0,0,[0|0],1,1,1,1,1,0,1,0,0,0,0,1,1,0,0,0,0,0,0,0,0,0,0,0,0,-1,-1,-1,-1,-1,-1,-1,-1,1,0,0,1,0,0,0,0,0,0,0,1,0,2,0,1,0,600,10,1,0,0,0,0,1,1,0,-1,37,-1,210001,10000,410,0,0,0,0,0,0,0,0,0,0,0,0,0,0,0,0,0,[0|0],710550,[0|0|0|0|0|0|0|0],寄宿着灵魂的骨灰。\n能召唤带翼混种的灵魂。\n\n拥有翅膀百相，边飞边射箭的灵魂。\n混种的诞生，据说是接触熔炉所降下的惩罚。\n因此他们生来就是奴隶，被称为玷污者。
210001,带翼混种的骨灰＋１,1,0,[0|0|0],210001,-1,0,0,-1,0,-1,50701,-1,20000610,0,-1,0,120,0,-1,-1,-1,1,0,50,7,2,0,0,34,13,0,0,[0|0],1,1,1,1,1,0,1,0,0,0,0,1,1,0,0,0,0,0,0,0,0,0,0,0,0,-1,-1,-1,-1,-1,-1,-1,-1,1,0,0,1,0,0,0,0,0,0,0,1,0,2,0,1,0,600,10,1,0,0,0,0,1,1,0,-1,37,-1,210002,10001,574,0,0,0,0,0,0,0,0,0,0,0,0,0,0,0,0,0,[0|0],710550,[0|0|0|0|0|0|0|0],寄宿着灵魂的骨灰。\n能召唤带翼混种的灵魂。\n\n拥有翅膀百相，边飞边射箭的灵魂。\n混种的诞生，据说是接触熔炉所降下的惩罚。\n因此他们生来就是奴隶，被称为玷污者。
210002,带翼混种的骨灰＋２,1,0,[0|0|0],210002,-1,0,0,-1,0,-1,50702,-1,20000610,0,-1,0,120,0,-1,-1,-1,1,0,50,7,2,0,0,34,13,0,0,[0|0],1,1,1,1,1,0,1,0,0,0,0,1,1,0,0,0,0,0,0,0,0,0,0,0,0,-1,-1,-1,-1,-1,-1,-1,-1,1,0,0,1,0,0,0,0,0,0,0,1,0,2,0,1,0,600,10,1,0,0,0,0,1,1,0,-1,37,-1,210003,10002,738,0,0,0,0,0,0,0,0,0,0,0,0,0,0,0,0,0,[0|0],710550,[0|0|0|0|0|0|0|0],寄宿着灵魂的骨灰。\n能召唤带翼混种的灵魂。\n\n拥有翅膀百相，边飞边射箭的灵魂。\n混种的诞生，据说是接触熔炉所降下的惩罚。\n因此他们生来就是奴隶，被称为玷污者。
210003,带翼混种的骨灰＋３,1,0,[0|0|0],210003,-1,0,0,-1,0,-1,50703,-1,20000610,0,-1,0,120,0,-1,-1,-1,1,0,50,7,2,0,0,34,13,0,0,[0|0],1,1,1,1,1,0,1,0,0,0,0,1,1,0,0,0,0,0,0,0,0,0,0,0,0,-1,-1,-1,-1,-1,-1,-1,-1,1,0,0,1,0,0,0,0,0,0,0,1,0,2,0,1,0,600,10,1,0,0,0,0,1,1,0,-1,37,-1,210004,10003,902,0,0,0,0,0,0,0,0,0,0,0,0,0,0,0,0,0,[0|0],710550,[0|0|0|0|0|0|0|0],寄宿着灵魂的骨灰。\n能召唤带翼混种的灵魂。\n\n拥有翅膀百相，边飞边射箭的灵魂。\n混种的诞生，据说是接触熔炉所降下的惩罚。\n因此他们生来就是奴隶，被称为玷污者。
210004,带翼混种的骨灰＋４,1,0,[0|0|0],210004,-1,0,0,-1,0,-1,50704,-1,20000610,0,-1,0,120,0,-1,-1,-1,1,0,50,7,2,0,0,34,13,0,0,[0|0],1,1,1,1,1,0,1,0,0,0,0,1,1,0,0,0,0,0,0,0,0,0,0,0,0,-1,-1,-1,-1,-1,-1,-1,-1,1,0,0,1,0,0,0,0,0,0,0,1,0,2,0,1,0,600,10,1,0,0,0,0,1,1,0,-1,37,-1,210005,10004,1066,0,0,0,0,0,0,0,0,0,0,0,0,0,0,0,0,0,[0|0],710550,[0|0|0|0|0|0|0|0],寄宿着灵魂的骨灰。\n能召唤带翼混种的灵魂。\n\n拥有翅膀百相，边飞边射箭的灵魂。\n混种的诞生，据说是接触熔炉所降下的惩罚。\n因此他们生来就是奴隶，被称为玷污者。
210005,带翼混种的骨灰＋５,1,0,[0|0|0],210005,-1,0,0,-1,0,-1,50705,-1,20000610,0,-1,0,120,0,-1,-1,-1,1,0,50,7,2,0,0,34,13,0,0,[0|0],1,1,1,1,1,0,1,0,0,0,0,1,1,0,0,0,0,0,0,0,0,0,0,0,0,-1,-1,-1,-1,-1,-1,-1,-1,1,0,0,1,0,0,0,0,0,0,0,1,0,2,0,1,0,600,10,1,0,0,0,0,1,1,0,-1,37,-1,210006,10005,1230,0,0,0,0,0,0,0,0,0,0,0,0,0,0,0,0,0,[0|0],710550,[0|0|0|0|0|0|0|0],寄宿着灵魂的骨灰。\n能召唤带翼混种的灵魂。\n\n拥有翅膀百相，边飞边射箭的灵魂。\n混种的诞生，据说是接触熔炉所降下的惩罚。\n因此他们生来就是奴隶，被称为玷污者。
210006,带翼混种的骨灰＋６,1,0,[0|0|0],210006,-1,0,0,-1,0,-1,50706,-1,20000610,0,-1,0,120,0,-1,-1,-1,1,0,50,7,2,0,0,34,13,0,0,[0|0],1,1,1,1,1,0,1,0,0,0,0,1,1,0,0,0,0,0,0,0,0,0,0,0,0,-1,-1,-1,-1,-1,-1,-1,-1,1,0,0,1,0,0,0,0,0,0,0,1,0,2,0,1,0,600,10,1,0,0,0,0,1,1,0,-1,37,-1,210007,10006,1394,0,0,0,0,0,0,0,0,0,0,0,0,0,0,0,0,0,[0|0],710550,[0|0|0|0|0|0|0|0],寄宿着灵魂的骨灰。\n能召唤带翼混种的灵魂。\n\n拥有翅膀百相，边飞边射箭的灵魂。\n混种的诞生，据说是接触熔炉所降下的惩罚。\n因此他们生来就是奴隶，被称为玷污者。
210007,带翼混种的骨灰＋７,1,0,[0|0|0],210007,-1,0,0,-1,0,-1,50707,-1,20000610,0,-1,0,120,0,-1,-1,-1,1,0,50,7,2,0,0,34,13,0,0,[0|0],1,1,1,1,1,0,1,0,0,0,0,1,1,0,0,0,0,0,0,0,0,0,0,0,0,-1,-1,-1,-1,-1,-1,-1,-1,1,0,0,1,0,0,0,0,0,0,0,1,0,2,0,1,0,600,10,1,0,0,0,0,1,1,0,-1,37,-1,210008,10007,1558,0,0,0,0,0,0,0,0,0,0,0,0,0,0,0,0,0,[0|0],710550,[0|0|0|0|0|0|0|0],寄宿着灵魂的骨灰。\n能召唤带翼混种的灵魂。\n\n拥有翅膀百相，边飞边射箭的灵魂。\n混种的诞生，据说是接触熔炉所降下的惩罚。\n因此他们生来就是奴隶，被称为玷污者。
210008,带翼混种的骨灰＋８,1,0,[0|0|0],210008,-1,0,0,-1,0,-1,50708,-1,20000610,0,-1,0,120,0,-1,-1,-1,1,0,50,7,2,0,0,34,13,0,0,[0|0],1,1,1,1,1,0,1,0,0,0,0,1,1,0,0,0,0,0,0,0,0,0,0,0,0,-1,-1,-1,-1,-1,-1,-1,-1,1,0,0,1,0,0,0,0,0,0,0,1,0,2,0,1,0,600,10,1,0,0,0,0,1,1,0,-1,37,-1,210009,10008,1722,0,0,0,0,0,0,0,0,0,0,0,0,0,0,0,0,0,[0|0],710550,[0|0|0|0|0|0|0|0],寄宿着灵魂的骨灰。\n能召唤带翼混种的灵魂。\n\n拥有翅膀百相，边飞边射箭的灵魂。\n混种的诞生，据说是接触熔炉所降下的惩罚。\n因此他们生来就是奴隶，被称为玷污者。
210009,带翼混种的骨灰＋９,1,0,[0|0|0],210009,-1,0,0,-1,0,-1,50709,-1,20000610,0,-1,0,120,0,-1,-1,-1,1,0,50,7,2,0,0,34,13,0,0,[0|0],1,1,1,1,1,0,1,0,0,0,0,1,1,0,0,0,0,0,0,0,0,0,0,0,0,-1,-1,-1,-1,-1,-1,-1,-1,1,0,0,1,0,0,0,0,0,0,0,1,0,2,0,1,0,600,10,1,0,0,0,0,1,1,0,-1,37,-1,210010,10009,2050,0,0,0,0,0,0,0,0,0,0,0,0,0,0,0,0,0,[0|0],710550,[0|0|0|0|0|0|0|0],寄宿着灵魂的骨灰。\n能召唤带翼混种的灵魂。\n\n拥有翅膀百相，边飞边射箭的灵魂。\n混种的诞生，据说是接触熔炉所降下的惩罚。\n因此他们生来就是奴隶，被称为玷污者。
210010,带翼混种的骨灰＋１０,1,0,[0|0|0],210010,-1,0,0,-1,0,-1,50710,-1,20000610,0,-1,0,120,0,-1,-1,-1,1,0,50,7,2,0,0,34,13,0,0,[0|0],1,1,1,1,1,0,1,0,0,0,0,1,1,0,0,0,0,0,0,0,0,0,0,0,0,-1,-1,-1,-1,-1,-1,-1,-1,1,0,0,1,0,0,0,0,0,0,0,1,0,2,0,1,0,600,10,1,0,0,0,0,1,1,0,-1,37,-1,-1,-1,0,0,0,0,0,0,0,0,0,0,0,0,0,0,0,0,0,0,[0|0],710550,[0|0|0|0|0|0|0|0],寄宿着灵魂的骨灰。\n能召唤带翼混种的灵魂。\n\n拥有翅膀百相，边飞边射箭的灵魂。\n混种的诞生，据说是接触熔炉所降下的惩罚。\n因此他们生来就是奴隶，被称为玷污者。
211000,白金之子的骨灰,1,0,[0|0|0],211000,-1,0,0,-1,0,-1,50600,-1,20000610,0,-1,0,121,0,-1,-1,-1,1,0,50,7,2,0,0,34,13,0,0,[0|0],1,1,1,1,1,0,1,0,0,0,0,1,1,0,0,0,0,0,0,0,0,0,0,0,0,-1,-1,-1,-1,-1,-1,-1,-1,1,0,0,1,0,0,0,0,0,0,0,1,0,2,0,1,0,600,10,1,0,0,0,0,1,1,0,-1,53,-1,211001,10000,930,0,0,0,0,0,0,0,0,0,0,0,0,0,0,0,0,0,[0|0],710550,[0|0|0|0|0|0|0|0],寄宿着灵魂的骨灰。\n能召唤２名白金之子的灵魂。\n\n体型高大，擅长侧翻的双人组灵魂。\n手持波纹剑，口喷寒冷吐息。\n他们的头像被压扁，样貌神似青蛙，\n是白金一族的第二代。
211001,白金之子的骨灰＋１,1,0,[0|0|0],211001,-1,0,0,-1,0,-1,50601,-1,20000610,0,-1,0,121,0,-1,-1,-1,1,0,50,7,2,0,0,34,13,0,0,[0|0],1,1,1,1,1,0,1,0,0,0,0,1,1,0,0,0,0,0,0,0,0,0,0,0,0,-1,-1,-1,-1,-1,-1,-1,-1,1,0,0,1,0,0,0,0,0,0,0,1,0,2,0,1,0,600,10,1,0,0,0,0,1,1,0,-1,53,-1,211002,10001,1302,0,0,0,0,0,0,0,0,0,0,0,0,0,0,0,0,0,[0|0],710550,[0|0|0|0|0|0|0|0],寄宿着灵魂的骨灰。\n能召唤２名白金之子的灵魂。\n\n体型高大，擅长侧翻的双人组灵魂。\n手持波纹剑，口喷寒冷吐息。\n他们的头像被压扁，样貌神似青蛙，\n是白金一族的第二代。
211002,白金之子的骨灰＋２,1,0,[0|0|0],211002,-1,0,0,-1,0,-1,50602,-1,20000610,0,-1,0,121,0,-1,-1,-1,1,0,50,7,2,0,0,34,13,0,0,[0|0],1,1,1,1,1,0,1,0,0,0,0,1,1,0,0,0,0,0,0,0,0,0,0,0,0,-1,-1,-1,-1,-1,-1,-1,-1,1,0,0,1,0,0,0,0,0,0,0,1,0,2,0,1,0,600,10,1,0,0,0,0,1,1,0,-1,53,-1,211003,10002,1674,0,0,0,0,0,0,0,0,0,0,0,0,0,0,0,0,0,[0|0],710550,[0|0|0|0|0|0|0|0],寄宿着灵魂的骨灰。\n能召唤２名白金之子的灵魂。\n\n体型高大，擅长侧翻的双人组灵魂。\n手持波纹剑，口喷寒冷吐息。\n他们的头像被压扁，样貌神似青蛙，\n是白金一族的第二代。
211003,白金之子的骨灰＋３,1,0,[0|0|0],211003,-1,0,0,-1,0,-1,50603,-1,20000610,0,-1,0,121,0,-1,-1,-1,1,0,50,7,2,0,0,34,13,0,0,[0|0],1,1,1,1,1,0,1,0,0,0,0,1,1,0,0,0,0,0,0,0,0,0,0,0,0,-1,-1,-1,-1,-1,-1,-1,-1,1,0,0,1,0,0,0,0,0,0,0,1,0,2,0,1,0,600,10,1,0,0,0,0,1,1,0,-1,53,-1,211004,10003,2046,0,0,0,0,0,0,0,0,0,0,0,0,0,0,0,0,0,[0|0],710550,[0|0|0|0|0|0|0|0],寄宿着灵魂的骨灰。\n能召唤２名白金之子的灵魂。\n\n体型高大，擅长侧翻的双人组灵魂。\n手持波纹剑，口喷寒冷吐息。\n他们的头像被压扁，样貌神似青蛙，\n是白金一族的第二代。
211004,白金之子的骨灰＋４,1,0,[0|0|0],211004,-1,0,0,-1,0,-1,50604,-1,20000610,0,-1,0,121,0,-1,-1,-1,1,0,50,7,2,0,0,34,13,0,0,[0|0],1,1,1,1,1,0,1,0,0,0,0,1,1,0,0,0,0,0,0,0,0,0,0,0,0,-1,-1,-1,-1,-1,-1,-1,-1,1,0,0,1,0,0,0,0,0,0,0,1,0,2,0,1,0,600,10,1,0,0,0,0,1,1,0,-1,53,-1,211005,10004,2418,0,0,0,0,0,0,0,0,0,0,0,0,0,0,0,0,0,[0|0],710550,[0|0|0|0|0|0|0|0],寄宿着灵魂的骨灰。\n能召唤２名白金之子的灵魂。\n\n体型高大，擅长侧翻的双人组灵魂。\n手持波纹剑，口喷寒冷吐息。\n他们的头像被压扁，样貌神似青蛙，\n是白金一族的第二代。
211005,白金之子的骨灰＋５,1,0,[0|0|0],211005,-1,0,0,-1,0,-1,50605,-1,20000610,0,-1,0,121,0,-1,-1,-1,1,0,50,7,2,0,0,34,13,0,0,[0|0],1,1,1,1,1,0,1,0,0,0,0,1,1,0,0,0,0,0,0,0,0,0,0,0,0,-1,-1,-1,-1,-1,-1,-1,-1,1,0,0,1,0,0,0,0,0,0,0,1,0,2,0,1,0,600,10,1,0,0,0,0,1,1,0,-1,53,-1,211006,10005,2790,0,0,0,0,0,0,0,0,0,0,0,0,0,0,0,0,0,[0|0],710550,[0|0|0|0|0|0|0|0],寄宿着灵魂的骨灰。\n能召唤２名白金之子的灵魂。\n\n体型高大，擅长侧翻的双人组灵魂。\n手持波纹剑，口喷寒冷吐息。\n他们的头像被压扁，样貌神似青蛙，\n是白金一族的第二代。
211006,白金之子的骨灰＋６,1,0,[0|0|0],211006,-1,0,0,-1,0,-1,50606,-1,20000610,0,-1,0,121,0,-1,-1,-1,1,0,50,7,2,0,0,34,13,0,0,[0|0],1,1,1,1,1,0,1,0,0,0,0,1,1,0,0,0,0,0,0,0,0,0,0,0,0,-1,-1,-1,-1,-1,-1,-1,-1,1,0,0,1,0,0,0,0,0,0,0,1,0,2,0,1,0,600,10,1,0,0,0,0,1,1,0,-1,53,-1,211007,10006,3162,0,0,0,0,0,0,0,0,0,0,0,0,0,0,0,0,0,[0|0],710550,[0|0|0|0|0|0|0|0],寄宿着灵魂的骨灰。\n能召唤２名白金之子的灵魂。\n\n体型高大，擅长侧翻的双人组灵魂。\n手持波纹剑，口喷寒冷吐息。\n他们的头像被压扁，样貌神似青蛙，\n是白金一族的第二代。
211007,白金之子的骨灰＋７,1,0,[0|0|0],211007,-1,0,0,-1,0,-1,50607,-1,20000610,0,-1,0,121,0,-1,-1,-1,1,0,50,7,2,0,0,34,13,0,0,[0|0],1,1,1,1,1,0,1,0,0,0,0,1,1,0,0,0,0,0,0,0,0,0,0,0,0,-1,-1,-1,-1,-1,-1,-1,-1,1,0,0,1,0,0,0,0,0,0,0,1,0,2,0,1,0,600,10,1,0,0,0,0,1,1,0,-1,53,-1,211008,10007,3534,0,0,0,0,0,0,0,0,0,0,0,0,0,0,0,0,0,[0|0],710550,[0|0|0|0|0|0|0|0],寄宿着灵魂的骨灰。\n能召唤２名白金之子的灵魂。\n\n体型高大，擅长侧翻的双人组灵魂。\n手持波纹剑，口喷寒冷吐息。\n他们的头像被压扁，样貌神似青蛙，\n是白金一族的第二代。
211008,白金之子的骨灰＋８,1,0,[0|0|0],211008,-1,0,0,-1,0,-1,50608,-1,20000610,0,-1,0,121,0,-1,-1,-1,1,0,50,7,2,0,0,34,13,0,0,[0|0],1,1,1,1,1,0,1,0,0,0,0,1,1,0,0,0,0,0,0,0,0,0,0,0,0,-1,-1,-1,-1,-1,-1,-1,-1,1,0,0,1,0,0,0,0,0,0,0,1,0,2,0,1,0,600,10,1,0,0,0,0,1,1,0,-1,53,-1,211009,10008,3906,0,0,0,0,0,0,0,0,0,0,0,0,0,0,0,0,0,[0|0],710550,[0|0|0|0|0|0|0|0],寄宿着灵魂的骨灰。\n能召唤２名白金之子的灵魂。\n\n体型高大，擅长侧翻的双人组灵魂。\n手持波纹剑，口喷寒冷吐息。\n他们的头像被压扁，样貌神似青蛙，\n是白金一族的第二代。
211009,白金之子的骨灰＋９,1,0,[0|0|0],211009,-1,0,0,-1,0,-1,50609,-1,20000610,0,-1,0,121,0,-1,-1,-1,1,0,50,7,2,0,0,34,13,0,0,[0|0],1,1,1,1,1,0,1,0,0,0,0,1,1,0,0,0,0,0,0,0,0,0,0,0,0,-1,-1,-1,-1,-1,-1,-1,-1,1,0,0,1,0,0,0,0,0,0,0,1,0,2,0,1,0,600,10,1,0,0,0,0,1,1,0,-1,53,-1,211010,10009,4650,0,0,0,0,0,0,0,0,0,0,0,0,0,0,0,0,0,[0|0],710550,[0|0|0|0|0|0|0|0],寄宿着灵魂的骨灰。\n能召唤２名白金之子的灵魂。\n\n体型高大，擅长侧翻的双人组灵魂。\n手持波纹剑，口喷寒冷吐息。\n他们的头像被压扁，样貌神似青蛙，\n是白金一族的第二代。
211010,白金之子的骨灰＋１０,1,0,[0|0|0],211010,-1,0,0,-1,0,-1,50610,-1,20000610,0,-1,0,121,0,-1,-1,-1,1,0,50,7,2,0,0,34,13,0,0,[0|0],1,1,1,1,1,0,1,0,0,0,0,1,1,0,0,0,0,0,0,0,0,0,0,0,0,-1,-1,-1,-1,-1,-1,-1,-1,1,0,0,1,0,0,0,0,0,0,0,1,0,2,0,1,0,600,10,1,0,0,0,0,1,1,0,-1,53,-1,-1,-1,0,0,0,0,0,0,0,0,0,0,0,0,0,0,0,0,0,0,[0|0],710550,[0|0|0|0|0|0|0|0],寄宿着灵魂的骨灰。\n能召唤２名白金之子的灵魂。\n\n体型高大，擅长侧翻的双人组灵魂。\n手持波纹剑，口喷寒冷吐息。\n他们的头像被压扁，样貌神似青蛙，\n是白金一族的第二代。
212000,骸骨民兵的骨灰,1,0,[0|0|0],212000,-1,0,0,-1,0,-1,50400,-1,20000610,0,-1,0,102,0,-1,-1,-1,1,0,50,7,2,0,0,34,13,0,0,[0|0],1,1,1,1,1,0,1,0,0,0,0,1,1,0,0,0,0,0,0,0,0,0,0,0,0,-1,-1,-1,-1,-1,-1,-1,-1,1,0,0,1,0,0,0,0,0,0,0,1,0,2,0,1,0,600,10,1,0,0,0,0,1,1,0,-1,44,-1,212001,10000,160,0,0,0,0,0,0,0,0,0,0,0,0,0,0,0,0,0,[0|0],710550,[0|0|0|0|0|0|0|0],寄宿着灵魂的骨灰。\n能召唤２名骸骨民兵的灵魂。\n\n只要没有受到致命伤，\n就能不停复活的死诞者的灵魂。\n此为接触死根、受玷污后的下场。
212001,骸骨民兵的骨灰＋１,1,0,[0|0|0],212001,-1,0,0,-1,0,-1,50401,-1,20000610,0,-1,0,102,0,-1,-1,-1,1,0,50,7,2,0,0,34,13,0,0,[0|0],1,1,1,1,1,0,1,0,0,0,0,1,1,0,0,0,0,0,0,0,0,0,0,0,0,-1,-1,-1,-1,-1,-1,-1,-1,1,0,0,1,0,0,0,0,0,0,0,1,0,2,0,1,0,600,10,1,0,0,0,0,1,1,0,-1,44,-1,212002,10001,224,0,0,0,0,0,0,0,0,0,0,0,0,0,0,0,0,0,[0|0],710550,[0|0|0|0|0|0|0|0],寄宿着灵魂的骨灰。\n能召唤２名骸骨民兵的灵魂。\n\n只要没有受到致命伤，\n就能不停复活的死诞者的灵魂。\n此为接触死根、受玷污后的下场。
212002,骸骨民兵的骨灰＋２,1,0,[0|0|0],212002,-1,0,0,-1,0,-1,50402,-1,20000610,0,-1,0,102,0,-1,-1,-1,1,0,50,7,2,0,0,34,13,0,0,[0|0],1,1,1,1,1,0,1,0,0,0,0,1,1,0,0,0,0,0,0,0,0,0,0,0,0,-1,-1,-1,-1,-1,-1,-1,-1,1,0,0,1,0,0,0,0,0,0,0,1,0,2,0,1,0,600,10,1,0,0,0,0,1,1,0,-1,44,-1,212003,10002,288,0,0,0,0,0,0,0,0,0,0,0,0,0,0,0,0,0,[0|0],710550,[0|0|0|0|0|0|0|0],寄宿着灵魂的骨灰。\n能召唤２名骸骨民兵的灵魂。\n\n只要没有受到致命伤，\n就能不停复活的死诞者的灵魂。\n此为接触死根、受玷污后的下场。
212003,骸骨民兵的骨灰＋３,1,0,[0|0|0],212003,-1,0,0,-1,0,-1,50403,-1,20000610,0,-1,0,102,0,-1,-1,-1,1,0,50,7,2,0,0,34,13,0,0,[0|0],1,1,1,1,1,0,1,0,0,0,0,1,1,0,0,0,0,0,0,0,0,0,0,0,0,-1,-1,-1,-1,-1,-1,-1,-1,1,0,0,1,0,0,0,0,0,0,0,1,0,2,0,1,0,600,10,1,0,0,0,0,1,1,0,-1,44,-1,212004,10003,352,0,0,0,0,0,0,0,0,0,0,0,0,0,0,0,0,0,[0|0],710550,[0|0|0|0|0|0|0|0],寄宿着灵魂的骨灰。\n能召唤２名骸骨民兵的灵魂。\n\n只要没有受到致命伤，\n就能不停复活的死诞者的灵魂。\n此为接触死根、受玷污后的下场。
212004,骸骨民兵的骨灰＋４,1,0,[0|0|0],212004,-1,0,0,-1,0,-1,50404,-1,20000610,0,-1,0,102,0,-1,-1,-1,1,0,50,7,2,0,0,34,13,0,0,[0|0],1,1,1,1,1,0,1,0,0,0,0,1,1,0,0,0,0,0,0,0,0,0,0,0,0,-1,-1,-1,-1,-1,-1,-1,-1,1,0,0,1,0,0,0,0,0,0,0,1,0,2,0,1,0,600,10,1,0,0,0,0,1,1,0,-1,44,-1,212005,10004,416,0,0,0,0,0,0,0,0,0,0,0,0,0,0,0,0,0,[0|0],710550,[0|0|0|0|0|0|0|0],寄宿着灵魂的骨灰。\n能召唤２名骸骨民兵的灵魂。\n\n只要没有受到致命伤，\n就能不停复活的死诞者的灵魂。\n此为接触死根、受玷污后的下场。
212005,骸骨民兵的骨灰＋５,1,0,[0|0|0],212005,-1,0,0,-1,0,-1,50405,-1,20000610,0,-1,0,102,0,-1,-1,-1,1,0,50,7,2,0,0,34,13,0,0,[0|0],1,1,1,1,1,0,1,0,0,0,0,1,1,0,0,0,0,0,0,0,0,0,0,0,0,-1,-1,-1,-1,-1,-1,-1,-1,1,0,0,1,0,0,0,0,0,0,0,1,0,2,0,1,0,600,10,1,0,0,0,0,1,1,0,-1,44,-1,212006,10005,480,0,0,0,0,0,0,0,0,0,0,0,0,0,0,0,0,0,[0|0],710550,[0|0|0|0|0|0|0|0],寄宿着灵魂的骨灰。\n能召唤２名骸骨民兵的灵魂。\n\n只要没有受到致命伤，\n就能不停复活的死诞者的灵魂。\n此为接触死根、受玷污后的下场。
212006,骸骨民兵的骨灰＋６,1,0,[0|0|0],212006,-1,0,0,-1,0,-1,50406,-1,20000610,0,-1,0,102,0,-1,-1,-1,1,0,50,7,2,0,0,34,13,0,0,[0|0],1,1,1,1,1,0,1,0,0,0,0,1,1,0,0,0,0,0,0,0,0,0,0,0,0,-1,-1,-1,-1,-1,-1,-1,-1,1,0,0,1,0,0,0,0,0,0,0,1,0,2,0,1,0,600,10,1,0,0,0,0,1,1,0,-1,44,-1,212007,10006,544,0,0,0,0,0,0,0,0,0,0,0,0,0,0,0,0,0,[0|0],710550,[0|0|0|0|0|0|0|0],寄宿着灵魂的骨灰。\n能召唤２名骸骨民兵的灵魂。\n\n只要没有受到致命伤，\n就能不停复活的死诞者的灵魂。\n此为接触死根、受玷污后的下场。
212007,骸骨民兵的骨灰＋７,1,0,[0|0|0],212007,-1,0,0,-1,0,-1,50407,-1,20000610,0,-1,0,102,0,-1,-1,-1,1,0,50,7,2,0,0,34,13,0,0,[0|0],1,1,1,1,1,0,1,0,0,0,0,1,1,0,0,0,0,0,0,0,0,0,0,0,0,-1,-1,-1,-1,-1,-1,-1,-1,1,0,0,1,0,0,0,0,0,0,0,1,0,2,0,1,0,600,10,1,0,0,0,0,1,1,0,-1,44,-1,212008,10007,608,0,0,0,0,0,0,0,0,0,0,0,0,0,0,0,0,0,[0|0],710550,[0|0|0|0|0|0|0|0],寄宿着灵魂的骨灰。\n能召唤２名骸骨民兵的灵魂。\n\n只要没有受到致命伤，\n就能不停复活的死诞者的灵魂。\n此为接触死根、受玷污后的下场。
212008,骸骨民兵的骨灰＋８,1,0,[0|0|0],212008,-1,0,0,-1,0,-1,50408,-1,20000610,0,-1,0,102,0,-1,-1,-1,1,0,50,7,2,0,0,34,13,0,0,[0|0],1,1,1,1,1,0,1,0,0,0,0,1,1,0,0,0,0,0,0,0,0,0,0,0,0,-1,-1,-1,-1,-1,-1,-1,-1,1,0,0,1,0,0,0,0,0,0,0,1,0,2,0,1,0,600,10,1,0,0,0,0,1,1,0,-1,44,-1,212009,10008,672,0,0,0,0,0,0,0,0,0,0,0,0,0,0,0,0,0,[0|0],710550,[0|0|0|0|0|0|0|0],寄宿着灵魂的骨灰。\n能召唤２名骸骨民兵的灵魂。\n\n只要没有受到致命伤，\n就能不停复活的死诞者的灵魂。\n此为接触死根、受玷污后的下场。
212009,骸骨民兵的骨灰＋９,1,0,[0|0|0],212009,-1,0,0,-1,0,-1,50409,-1,20000610,0,-1,0,102,0,-1,-1,-1,1,0,50,7,2,0,0,34,13,0,0,[0|0],1,1,1,1,1,0,1,0,0,0,0,1,1,0,0,0,0,0,0,0,0,0,0,0,0,-1,-1,-1,-1,-1,-1,-1,-1,1,0,0,1,0,0,0,0,0,0,0,1,0,2,0,1,0,600,10,1,0,0,0,0,1,1,0,-1,44,-1,212010,10009,800,0,0,0,0,0,0,0,0,0,0,0,0,0,0,0,0,0,[0|0],710550,[0|0|0|0|0|0|0|0],寄宿着灵魂的骨灰。\n能召唤２名骸骨民兵的灵魂。\n\n只要没有受到致命伤，\n就能不停复活的死诞者的灵魂。\n此为接触死根、受玷污后的下场。
212010,骸骨民兵的骨灰＋１０,1,0,[0|0|0],212010,-1,0,0,-1,0,-1,50410,-1,20000610,0,-1,0,102,0,-1,-1,-1,1,0,50,7,2,0,0,34,13,0,0,[0|0],1,1,1,1,1,0,1,0,0,0,0,1,1,0,0,0,0,0,0,0,0,0,0,0,0,-1,-1,-1,-1,-1,-1,-1,-1,1,0,0,1,0,0,0,0,0,0,0,1,0,2,0,1,0,600,10,1,0,0,0,0,1,1,0,-1,44,-1,-1,-1,0,0,0,0,0,0,0,0,0,0,0,0,0,0,0,0,0,0,[0|0],710550,[0|0|0|0|0|0|0|0],寄宿着灵魂的骨灰。\n能召唤２名骸骨民兵的灵魂。\n\n只要没有受到致命伤，\n就能不停复活的死诞者的灵魂。\n此为接触死根、受玷污后的下场。
213000,骸骨山贼的骨灰,0,0,[0|0|0],213000,-1,0,0,-1,0,-1,50500,-1,20000610,0,-1,0,103,0,-1,-1,-1,1,0,50,7,2,0,0,34,13,0,0,[0|0],1,1,1,1,1,0,1,0,0,0,0,1,1,0,0,0,0,0,0,0,0,0,0,0,0,-1,-1,-1,-1,-1,-1,-1,-1,1,0,0,1,0,0,0,0,0,0,0,1,0,2,0,1,0,600,10,1,0,0,0,0,1,1,0,-1,22,-1,213001,10000,80,0,0,0,0,0,0,0,0,0,0,0,0,0,0,0,0,0,[0|0],710550,[0|0|0|0|0|0|0|0],寄宿着灵魂的骨灰。\n能召唤骸骨山贼的灵魂。\n\n只要没有受到致命伤，就能不停复活的灵魂。\n在阴谋之夜过后，交界地各处出现了死根，\n死诞者因此诞生。
213001,骸骨山贼的骨灰＋１,0,0,[0|0|0],213001,-1,0,0,-1,0,-1,50501,-1,20000610,0,-1,0,103,0,-1,-1,-1,1,0,50,7,2,0,0,34,13,0,0,[0|0],1,1,1,1,1,0,1,0,0,0,0,1,1,0,0,0,0,0,0,0,0,0,0,0,0,-1,-1,-1,-1,-1,-1,-1,-1,1,0,0,1,0,0,0,0,0,0,0,1,0,2,0,1,0,600,10,1,0,0,0,0,1,1,0,-1,22,-1,213002,10001,112,0,0,0,0,0,0,0,0,0,0,0,0,0,0,0,0,0,[0|0],710550,[0|0|0|0|0|0|0|0],寄宿着灵魂的骨灰。\n能召唤骸骨山贼的灵魂。\n\n只要没有受到致命伤，就能不停复活的灵魂。\n在阴谋之夜过后，交界地各处出现了死根，\n死诞者因此诞生。
213002,骸骨山贼的骨灰＋２,0,0,[0|0|0],213002,-1,0,0,-1,0,-1,50502,-1,20000610,0,-1,0,103,0,-1,-1,-1,1,0,50,7,2,0,0,34,13,0,0,[0|0],1,1,1,1,1,0,1,0,0,0,0,1,1,0,0,0,0,0,0,0,0,0,0,0,0,-1,-1,-1,-1,-1,-1,-1,-1,1,0,0,1,0,0,0,0,0,0,0,1,0,2,0,1,0,600,10,1,0,0,0,0,1,1,0,-1,22,-1,213003,10002,144,0,0,0,0,0,0,0,0,0,0,0,0,0,0,0,0,0,[0|0],710550,[0|0|0|0|0|0|0|0],寄宿着灵魂的骨灰。\n能召唤骸骨山贼的灵魂。\n\n只要没有受到致命伤，就能不停复活的灵魂。\n在阴谋之夜过后，交界地各处出现了死根，\n死诞者因此诞生。
213003,骸骨山贼的骨灰＋３,0,0,[0|0|0],213003,-1,0,0,-1,0,-1,50503,-1,20000610,0,-1,0,103,0,-1,-1,-1,1,0,50,7,2,0,0,34,13,0,0,[0|0],1,1,1,1,1,0,1,0,0,0,0,1,1,0,0,0,0,0,0,0,0,0,0,0,0,-1,-1,-1,-1,-1,-1,-1,-1,1,0,0,1,0,0,0,0,0,0,0,1,0,2,0,1,0,600,10,1,0,0,0,0,1,1,0,-1,22,-1,213004,10003,176,0,0,0,0,0,0,0,0,0,0,0,0,0,0,0,0,0,[0|0],710550,[0|0|0|0|0|0|0|0],寄宿着灵魂的骨灰。\n能召唤骸骨山贼的灵魂。\n\n只要没有受到致命伤，就能不停复活的灵魂。\n在阴谋之夜过后，交界地各处出现了死根，\n死诞者因此诞生。
213004,骸骨山贼的骨灰＋４,0,0,[0|0|0],213004,-1,0,0,-1,0,-1,50504,-1,20000610,0,-1,0,103,0,-1,-1,-1,1,0,50,7,2,0,0,34,13,0,0,[0|0],1,1,1,1,1,0,1,0,0,0,0,1,1,0,0,0,0,0,0,0,0,0,0,0,0,-1,-1,-1,-1,-1,-1,-1,-1,1,0,0,1,0,0,0,0,0,0,0,1,0,2,0,1,0,600,10,1,0,0,0,0,1,1,0,-1,22,-1,213005,10004,208,0,0,0,0,0,0,0,0,0,0,0,0,0,0,0,0,0,[0|0],710550,[0|0|0|0|0|0|0|0],寄宿着灵魂的骨灰。\n能召唤骸骨山贼的灵魂。\n\n只要没有受到致命伤，就能不停复活的灵魂。\n在阴谋之夜过后，交界地各处出现了死根，\n死诞者因此诞生。
213005,骸骨山贼的骨灰＋５,0,0,[0|0|0],213005,-1,0,0,-1,0,-1,50505,-1,20000610,0,-1,0,103,0,-1,-1,-1,1,0,50,7,2,0,0,34,13,0,0,[0|0],1,1,1,1,1,0,1,0,0,0,0,1,1,0,0,0,0,0,0,0,0,0,0,0,0,-1,-1,-1,-1,-1,-1,-1,-1,1,0,0,1,0,0,0,0,0,0,0,1,0,2,0,1,0,600,10,1,0,0,0,0,1,1,0,-1,22,-1,213006,10005,240,0,0,0,0,0,0,0,0,0,0,0,0,0,0,0,0,0,[0|0],710550,[0|0|0|0|0|0|0|0],寄宿着灵魂的骨灰。\n能召唤骸骨山贼的灵魂。\n\n只要没有受到致命伤，就能不停复活的灵魂。\n在阴谋之夜过后，交界地各处出现了死根，\n死诞者因此诞生。
213006,骸骨山贼的骨灰＋６,0,0,[0|0|0],213006,-1,0,0,-1,0,-1,50506,-1,20000610,0,-1,0,103,0,-1,-1,-1,1,0,50,7,2,0,0,34,13,0,0,[0|0],1,1,1,1,1,0,1,0,0,0,0,1,1,0,0,0,0,0,0,0,0,0,0,0,0,-1,-1,-1,-1,-1,-1,-1,-1,1,0,0,1,0,0,0,0,0,0,0,1,0,2,0,1,0,600,10,1,0,0,0,0,1,1,0,-1,22,-1,213007,10006,272,0,0,0,0,0,0,0,0,0,0,0,0,0,0,0,0,0,[0|0],710550,[0|0|0|0|0|0|0|0],寄宿着灵魂的骨灰。\n能召唤骸骨山贼的灵魂。\n\n只要没有受到致命伤，就能不停复活的灵魂。\n在阴谋之夜过后，交界地各处出现了死根，\n死诞者因此诞生。
213007,骸骨山贼的骨灰＋７,0,0,[0|0|0],213007,-1,0,0,-1,0,-1,50507,-1,20000610,0,-1,0,103,0,-1,-1,-1,1,0,50,7,2,0,0,34,13,0,0,[0|0],1,1,1,1,1,0,1,0,0,0,0,1,1,0,0,0,0,0,0,0,0,0,0,0,0,-1,-1,-1,-1,-1,-1,-1,-1,1,0,0,1,0,0,0,0,0,0,0,1,0,2,0,1,0,600,10,1,0,0,0,0,1,1,0,-1,22,-1,213008,10007,304,0,0,0,0,0,0,0,0,0,0,0,0,0,0,0,0,0,[0|0],710550,[0|0|0|0|0|0|0|0],寄宿着灵魂的骨灰。\n能召唤骸骨山贼的灵魂。\n\n只要没有受到致命伤，就能不停复活的灵魂。\n在阴谋之夜过后，交界地各处出现了死根，\n死诞者因此诞生。
213008,骸骨山贼的骨灰＋８,0,0,[0|0|0],213008,-1,0,0,-1,0,-1,50508,-1,20000610,0,-1,0,103,0,-1,-1,-1,1,0,50,7,2,0,0,34,13,0,0,[0|0],1,1,1,1,1,0,1,0,0,0,0,1,1,0,0,0,0,0,0,0,0,0,0,0,0,-1,-1,-1,-1,-1,-1,-1,-1,1,0,0,1,0,0,0,0,0,0,0,1,0,2,0,1,0,600,10,1,0,0,0,0,1,1,0,-1,22,-1,213009,10008,336,0,0,0,0,0,0,0,0,0,0,0,0,0,0,0,0,0,[0|0],710550,[0|0|0|0|0|0|0|0],寄宿着灵魂的骨灰。\n能召唤骸骨山贼的灵魂。\n\n只要没有受到致命伤，就能不停复活的灵魂。\n在阴谋之夜过后，交界地各处出现了死根，\n死诞者因此诞生。
213009,骸骨山贼的骨灰＋９,0,0,[0|0|0],213009,-1,0,0,-1,0,-1,50509,-1,20000610,0,-1,0,103,0,-1,-1,-1,1,0,50,7,2,0,0,34,13,0,0,[0|0],1,1,1,1,1,0,1,0,0,0,0,1,1,0,0,0,0,0,0,0,0,0,0,0,0,-1,-1,-1,-1,-1,-1,-1,-1,1,0,0,1,0,0,0,0,0,0,0,1,0,2,0,1,0,600,10,1,0,0,0,0,1,1,0,-1,22,-1,213010,10009,400,0,0,0,0,0,0,0,0,0,0,0,0,0,0,0,0,0,[0|0],710550,[0|0|0|0|0|0|0|0],寄宿着灵魂的骨灰。\n能召唤骸骨山贼的灵魂。\n\n只要没有受到致命伤，就能不停复活的灵魂。\n在阴谋之夜过后，交界地各处出现了死根，\n死诞者因此诞生。
213010,骸骨山贼的骨灰＋１０,0,0,[0|0|0],213010,-1,0,0,-1,0,-1,50510,-1,20000610,0,-1,0,103,0,-1,-1,-1,1,0,50,7,2,0,0,34,13,0,0,[0|0],1,1,1,1,1,0,1,0,0,0,0,1,1,0,0,0,0,0,0,0,0,0,0,0,0,-1,-1,-1,-1,-1,-1,-1,-1,1,0,0,1,0,0,0,0,0,0,0,1,0,2,0,1,0,600,10,1,0,0,0,0,1,1,0,-1,22,-1,-1,-1,0,0,0,0,0,0,0,0,0,0,0,0,0,0,0,0,0,0,[0|0],710550,[0|0|0|0|0|0|0|0],寄宿着灵魂的骨灰。\n能召唤骸骨山贼的灵魂。\n\n只要没有受到致命伤，就能不停复活的灵魂。\n在阴谋之夜过后，交界地各处出现了死根，\n死诞者因此诞生。
214000,神谕众使者的骨灰,1,0,[0|0|0],214000,-1,0,0,-1,0,-1,51000,-1,20000610,0,-1,0,122,0,-1,-1,-1,1,0,50,7,2,0,0,34,13,0,0,[0|0],1,1,1,1,1,0,1,0,0,0,0,1,1,0,0,0,0,0,0,0,0,0,0,0,0,-1,-1,-1,-1,-1,-1,-1,-1,1,0,0,1,0,0,0,0,0,0,0,1,0,2,0,1,0,600,10,1,0,0,0,0,1,1,0,-1,72,-1,214001,10000,760,0,0,0,0,0,0,0,0,0,0,0,0,0,0,0,0,0,[0|0],710550,[0|0|0|0|0|0|0|0],寄宿着灵魂的骨灰。\n能召唤４位神谕使者的灵魂。\n\n能施展神圣术法，非人乐团的灵魂。\n据说当神谕众使者现身、吹响神谕笛子时，\n代表是新神祇，或是新时代即将出现的预兆。
214001,神谕众使者的骨灰＋１,1,0,[0|0|0],214001,-1,0,0,-1,0,-1,51001,-1,20000610,0,-1,0,122,0,-1,-1,-1,1,0,50,7,2,0,0,34,13,0,0,[0|0],1,1,1,1,1,0,1,0,0,0,0,1,1,0,0,0,0,0,0,0,0,0,0,0,0,-1,-1,-1,-1,-1,-1,-1,-1,1,0,0,1,0,0,0,0,0,0,0,1,0,2,0,1,0,600,10,1,0,0,0,0,1,1,0,-1,72,-1,214002,10001,1064,0,0,0,0,0,0,0,0,0,0,0,0,0,0,0,0,0,[0|0],710550,[0|0|0|0|0|0|0|0],寄宿着灵魂的骨灰。\n能召唤４位神谕使者的灵魂。\n\n能施展神圣术法，非人乐团的灵魂。\n据说当神谕众使者现身、吹响神谕笛子时，\n代表是新神祇，或是新时代即将出现的预兆。
214002,神谕众使者的骨灰＋２,1,0,[0|0|0],214002,-1,0,0,-1,0,-1,51002,-1,20000610,0,-1,0,122,0,-1,-1,-1,1,0,50,7,2,0,0,34,13,0,0,[0|0],1,1,1,1,1,0,1,0,0,0,0,1,1,0,0,0,0,0,0,0,0,0,0,0,0,-1,-1,-1,-1,-1,-1,-1,-1,1,0,0,1,0,0,0,0,0,0,0,1,0,2,0,1,0,600,10,1,0,0,0,0,1,1,0,-1,72,-1,214003,10002,1368,0,0,0,0,0,0,0,0,0,0,0,0,0,0,0,0,0,[0|0],710550,[0|0|0|0|0|0|0|0],寄宿着灵魂的骨灰。\n能召唤４位神谕使者的灵魂。\n\n能施展神圣术法，非人乐团的灵魂。\n据说当神谕众使者现身、吹响神谕笛子时，\n代表是新神祇，或是新时代即将出现的预兆。
214003,神谕众使者的骨灰＋３,1,0,[0|0|0],214003,-1,0,0,-1,0,-1,51003,-1,20000610,0,-1,0,122,0,-1,-1,-1,1,0,50,7,2,0,0,34,13,0,0,[0|0],1,1,1,1,1,0,1,0,0,0,0,1,1,0,0,0,0,0,0,0,0,0,0,0,0,-1,-1,-1,-1,-1,-1,-1,-1,1,0,0,1,0,0,0,0,0,0,0,1,0,2,0,1,0,600,10,1,0,0,0,0,1,1,0,-1,72,-1,214004,10003,1672,0,0,0,0,0,0,0,0,0,0,0,0,0,0,0,0,0,[0|0],710550,[0|0|0|0|0|0|0|0],寄宿着灵魂的骨灰。\n能召唤４位神谕使者的灵魂。\n\n能施展神圣术法，非人乐团的灵魂。\n据说当神谕众使者现身、吹响神谕笛子时，\n代表是新神祇，或是新时代即将出现的预兆。
214004,神谕众使者的骨灰＋４,1,0,[0|0|0],214004,-1,0,0,-1,0,-1,51004,-1,20000610,0,-1,0,122,0,-1,-1,-1,1,0,50,7,2,0,0,34,13,0,0,[0|0],1,1,1,1,1,0,1,0,0,0,0,1,1,0,0,0,0,0,0,0,0,0,0,0,0,-1,-1,-1,-1,-1,-1,-1,-1,1,0,0,1,0,0,0,0,0,0,0,1,0,2,0,1,0,600,10,1,0,0,0,0,1,1,0,-1,72,-1,214005,10004,1976,0,0,0,0,0,0,0,0,0,0,0,0,0,0,0,0,0,[0|0],710550,[0|0|0|0|0|0|0|0],寄宿着灵魂的骨灰。\n能召唤４位神谕使者的灵魂。\n\n能施展神圣术法，非人乐团的灵魂。\n据说当神谕众使者现身、吹响神谕笛子时，\n代表是新神祇，或是新时代即将出现的预兆。
214005,神谕众使者的骨灰＋５,1,0,[0|0|0],214005,-1,0,0,-1,0,-1,51005,-1,20000610,0,-1,0,122,0,-1,-1,-1,1,0,50,7,2,0,0,34,13,0,0,[0|0],1,1,1,1,1,0,1,0,0,0,0,1,1,0,0,0,0,0,0,0,0,0,0,0,0,-1,-1,-1,-1,-1,-1,-1,-1,1,0,0,1,0,0,0,0,0,0,0,1,0,2,0,1,0,600,10,1,0,0,0,0,1,1,0,-1,72,-1,214006,10005,2280,0,0,0,0,0,0,0,0,0,0,0,0,0,0,0,0,0,[0|0],710550,[0|0|0|0|0|0|0|0],寄宿着灵魂的骨灰。\n能召唤４位神谕使者的灵魂。\n\n能施展神圣术法，非人乐团的灵魂。\n据说当神谕众使者现身、吹响神谕笛子时，\n代表是新神祇，或是新时代即将出现的预兆。
214006,神谕众使者的骨灰＋６,1,0,[0|0|0],214006,-1,0,0,-1,0,-1,51006,-1,20000610,0,-1,0,122,0,-1,-1,-1,1,0,50,7,2,0,0,34,13,0,0,[0|0],1,1,1,1,1,0,1,0,0,0,0,1,1,0,0,0,0,0,0,0,0,0,0,0,0,-1,-1,-1,-1,-1,-1,-1,-1,1,0,0,1,0,0,0,0,0,0,0,1,0,2,0,1,0,600,10,1,0,0,0,0,1,1,0,-1,72,-1,214007,10006,2584,0,0,0,0,0,0,0,0,0,0,0,0,0,0,0,0,0,[0|0],710550,[0|0|0|0|0|0|0|0],寄宿着灵魂的骨灰。\n能召唤４位神谕使者的灵魂。\n\n能施展神圣术法，非人乐团的灵魂。\n据说当神谕众使者现身、吹响神谕笛子时，\n代表是新神祇，或是新时代即将出现的预兆。
214007,神谕众使者的骨灰＋７,1,0,[0|0|0],214007,-1,0,0,-1,0,-1,51007,-1,20000610,0,-1,0,122,0,-1,-1,-1,1,0,50,7,2,0,0,34,13,0,0,[0|0],1,1,1,1,1,0,1,0,0,0,0,1,1,0,0,0,0,0,0,0,0,0,0,0,0,-1,-1,-1,-1,-1,-1,-1,-1,1,0,0,1,0,0,0,0,0,0,0,1,0,2,0,1,0,600,10,1,0,0,0,0,1,1,0,-1,72,-1,214008,10007,2888,0,0,0,0,0,0,0,0,0,0,0,0,0,0,0,0,0,[0|0],710550,[0|0|0|0|0|0|0|0],寄宿着灵魂的骨灰。\n能召唤４位神谕使者的灵魂。\n\n能施展神圣术法，非人乐团的灵魂。\n据说当神谕众使者现身、吹响神谕笛子时，\n代表是新神祇，或是新时代即将出现的预兆。
214008,神谕众使者的骨灰＋８,1,0,[0|0|0],214008,-1,0,0,-1,0,-1,51008,-1,20000610,0,-1,0,122,0,-1,-1,-1,1,0,50,7,2,0,0,34,13,0,0,[0|0],1,1,1,1,1,0,1,0,0,0,0,1,1,0,0,0,0,0,0,0,0,0,0,0,0,-1,-1,-1,-1,-1,-1,-1,-1,1,0,0,1,0,0,0,0,0,0,0,1,0,2,0,1,0,600,10,1,0,0,0,0,1,1,0,-1,72,-1,214009,10008,3192,0,0,0,0,0,0,0,0,0,0,0,0,0,0,0,0,0,[0|0],710550,[0|0|0|0|0|0|0|0],寄宿着灵魂的骨灰。\n能召唤４位神谕使者的灵魂。\n\n能施展神圣术法，非人乐团的灵魂。\n据说当神谕众使者现身、吹响神谕笛子时，\n代表是新神祇，或是新时代即将出现的预兆。
214009,神谕众使者的骨灰＋９,1,0,[0|0|0],214009,-1,0,0,-1,0,-1,51009,-1,20000610,0,-1,0,122,0,-1,-1,-1,1,0,50,7,2,0,0,34,13,0,0,[0|0],1,1,1,1,1,0,1,0,0,0,0,1,1,0,0,0,0,0,0,0,0,0,0,0,0,-1,-1,-1,-1,-1,-1,-1,-1,1,0,0,1,0,0,0,0,0,0,0,1,0,2,0,1,0,600,10,1,0,0,0,0,1,1,0,-1,72,-1,214010,10009,3800,0,0,0,0,0,0,0,0,0,0,0,0,0,0,0,0,0,[0|0],710550,[0|0|0|0|0|0|0|0],寄宿着灵魂的骨灰。\n能召唤４位神谕使者的灵魂。\n\n能施展神圣术法，非人乐团的灵魂。\n据说当神谕众使者现身、吹响神谕笛子时，\n代表是新神祇，或是新时代即将出现的预兆。
214010,神谕众使者的骨灰＋１０,1,0,[0|0|0],214010,-1,0,0,-1,0,-1,51010,-1,20000610,0,-1,0,122,0,-1,-1,-1,1,0,50,7,2,0,0,34,13,0,0,[0|0],1,1,1,1,1,0,1,0,0,0,0,1,1,0,0,0,0,0,0,0,0,0,0,0,0,-1,-1,-1,-1,-1,-1,-1,-1,1,0,0,1,0,0,0,0,0,0,0,1,0,2,0,1,0,600,10,1,0,0,0,0,1,1,0,-1,72,-1,-1,-1,0,0,0,0,0,0,0,0,0,0,0,0,0,0,0,0,0,0,[0|0],710550,[0|0|0|0|0|0|0|0],寄宿着灵魂的骨灰。\n能召唤４位神谕使者的灵魂。\n\n能施展神圣术法，非人乐团的灵魂。\n据说当神谕众使者现身、吹响神谕笛子时，\n代表是新神祇，或是新时代即将出现的预兆。
215000,腐烂长生者的骨灰,1,0,[0|0|0],215000,-1,0,0,-1,0,-1,50300,-1,20000610,0,-1,0,123,0,-1,-1,-1,1,0,50,7,2,0,0,34,13,0,0,[0|0],1,1,1,1,1,0,1,0,0,0,0,1,1,0,0,0,0,0,0,0,0,0,0,0,0,-1,-1,-1,-1,-1,-1,-1,-1,1,0,0,1,0,0,0,0,0,0,0,1,0,2,0,1,0,600,10,1,0,0,0,0,1,1,0,-1,40,-1,215001,10000,280,0,0,0,0,0,0,0,0,0,0,0,0,0,0,0,0,0,[0|0],710550,[0|0|0|0|0|0|0|0],寄宿着灵魂的骨灰。\n能召唤４位腐烂长生者的灵魂。\n\n召唤后会在远方现身的灵魂。\n动作迟钝，乱无规律，\n但会发出呻吟声引诱敌人。\n还有就是，不太容易死亡。
215001,腐烂长生者的骨灰＋１,1,0,[0|0|0],215001,-1,0,0,-1,0,-1,50301,-1,20000610,0,-1,0,123,0,-1,-1,-1,1,0,50,7,2,0,0,34,13,0,0,[0|0],1,1,1,1,1,0,1,0,0,0,0,1,1,0,0,0,0,0,0,0,0,0,0,0,0,-1,-1,-1,-1,-1,-1,-1,-1,1,0,0,1,0,0,0,0,0,0,0,1,0,2,0,1,0,600,10,1,0,0,0,0,1,1,0,-1,40,-1,215002,10001,392,0,0,0,0,0,0,0,0,0,0,0,0,0,0,0,0,0,[0|0],710550,[0|0|0|0|0|0|0|0],寄宿着灵魂的骨灰。\n能召唤４位腐烂长生者的灵魂。\n\n召唤后会在远方现身的灵魂。\n动作迟钝，乱无规律，\n但会发出呻吟声引诱敌人。\n还有就是，不太容易死亡。
215002,腐烂长生者的骨灰＋２,1,0,[0|0|0],215002,-1,0,0,-1,0,-1,50302,-1,20000610,0,-1,0,123,0,-1,-1,-1,1,0,50,7,2,0,0,34,13,0,0,[0|0],1,1,1,1,1,0,1,0,0,0,0,1,1,0,0,0,0,0,0,0,0,0,0,0,0,-1,-1,-1,-1,-1,-1,-1,-1,1,0,0,1,0,0,0,0,0,0,0,1,0,2,0,1,0,600,10,1,0,0,0,0,1,1,0,-1,40,-1,215003,10002,504,0,0,0,0,0,0,0,0,0,0,0,0,0,0,0,0,0,[0|0],710550,[0|0|0|0|0|0|0|0],寄宿着灵魂的骨灰。\n能召唤４位腐烂长生者的灵魂。\n\n召唤后会在远方现身的灵魂。\n动作迟钝，乱无规律，\n但会发出呻吟声引诱敌人。\n还有就是，不太容易死亡。
215003,腐烂长生者的骨灰＋３,1,0,[0|0|0],215003,-1,0,0,-1,0,-1,50303,-1,20000610,0,-1,0,123,0,-1,-1,-1,1,0,50,7,2,0,0,34,13,0,0,[0|0],1,1,1,1,1,0,1,0,0,0,0,1,1,0,0,0,0,0,0,0,0,0,0,0,0,-1,-1,-1,-1,-1,-1,-1,-1,1,0,0,1,0,0,0,0,0,0,0,1,0,2,0,1,0,600,10,1,0,0,0,0,1,1,0,-1,40,-1,215004,10003,616,0,0,0,0,0,0,0,0,0,0,0,0,0,0,0,0,0,[0|0],710550,[0|0|0|0|0|0|0|0],寄宿着灵魂的骨灰。\n能召唤４位腐烂长生者的灵魂。\n\n召唤后会在远方现身的灵魂。\n动作迟钝，乱无规律，\n但会发出呻吟声引诱敌人。\n还有就是，不太容易死亡。
215004,腐烂长生者的骨灰＋４,1,0,[0|0|0],215004,-1,0,0,-1,0,-1,50304,-1,20000610,0,-1,0,123,0,-1,-1,-1,1,0,50,7,2,0,0,34,13,0,0,[0|0],1,1,1,1,1,0,1,0,0,0,0,1,1,0,0,0,0,0,0,0,0,0,0,0,0,-1,-1,-1,-1,-1,-1,-1,-1,1,0,0,1,0,0,0,0,0,0,0,1,0,2,0,1,0,600,10,1,0,0,0,0,1,1,0,-1,40,-1,215005,10004,728,0,0,0,0,0,0,0,0,0,0,0,0,0,0,0,0,0,[0|0],710550,[0|0|0|0|0|0|0|0],寄宿着灵魂的骨灰。\n能召唤４位腐烂长生者的灵魂。\n\n召唤后会在远方现身的灵魂。\n动作迟钝，乱无规律，\n但会发出呻吟声引诱敌人。\n还有就是，不太容易死亡。
215005,腐烂长生者的骨灰＋５,1,0,[0|0|0],215005,-1,0,0,-1,0,-1,50305,-1,20000610,0,-1,0,123,0,-1,-1,-1,1,0,50,7,2,0,0,34,13,0,0,[0|0],1,1,1,1,1,0,1,0,0,0,0,1,1,0,0,0,0,0,0,0,0,0,0,0,0,-1,-1,-1,-1,-1,-1,-1,-1,1,0,0,1,0,0,0,0,0,0,0,1,0,2,0,1,0,600,10,1,0,0,0,0,1,1,0,-1,40,-1,215006,10005,840,0,0,0,0,0,0,0,0,0,0,0,0,0,0,0,0,0,[0|0],710550,[0|0|0|0|0|0|0|0],寄宿着灵魂的骨灰。\n能召唤４位腐烂长生者的灵魂。\n\n召唤后会在远方现身的灵魂。\n动作迟钝，乱无规律，\n但会发出呻吟声引诱敌人。\n还有就是，不太容易死亡。
215006,腐烂长生者的骨灰＋６,1,0,[0|0|0],215006,-1,0,0,-1,0,-1,50306,-1,20000610,0,-1,0,123,0,-1,-1,-1,1,0,50,7,2,0,0,34,13,0,0,[0|0],1,1,1,1,1,0,1,0,0,0,0,1,1,0,0,0,0,0,0,0,0,0,0,0,0,-1,-1,-1,-1,-1,-1,-1,-1,1,0,0,1,0,0,0,0,0,0,0,1,0,2,0,1,0,600,10,1,0,0,0,0,1,1,0,-1,40,-1,215007,10006,952,0,0,0,0,0,0,0,0,0,0,0,0,0,0,0,0,0,[0|0],710550,[0|0|0|0|0|0|0|0],寄宿着灵魂的骨灰。\n能召唤４位腐烂长生者的灵魂。\n\n召唤后会在远方现身的灵魂。\n动作迟钝，乱无规律，\n但会发出呻吟声引诱敌人。\n还有就是，不太容易死亡。
215007,腐烂长生者的骨灰＋７,1,0,[0|0|0],215007,-1,0,0,-1,0,-1,50307,-1,20000610,0,-1,0,123,0,-1,-1,-1,1,0,50,7,2,0,0,34,13,0,0,[0|0],1,1,1,1,1,0,1,0,0,0,0,1,1,0,0,0,0,0,0,0,0,0,0,0,0,-1,-1,-1,-1,-1,-1,-1,-1,1,0,0,1,0,0,0,0,0,0,0,1,0,2,0,1,0,600,10,1,0,0,0,0,1,1,0,-1,40,-1,215008,10007,1064,0,0,0,0,0,0,0,0,0,0,0,0,0,0,0,0,0,[0|0],710550,[0|0|0|0|0|0|0|0],寄宿着灵魂的骨灰。\n能召唤４位腐烂长生者的灵魂。\n\n召唤后会在远方现身的灵魂。\n动作迟钝，乱无规律，\n但会发出呻吟声引诱敌人。\n还有就是，不太容易死亡。
215008,腐烂长生者的骨灰＋８,1,0,[0|0|0],215008,-1,0,0,-1,0,-1,50308,-1,20000610,0,-1,0,123,0,-1,-1,-1,1,0,50,7,2,0,0,34,13,0,0,[0|0],1,1,1,1,1,0,1,0,0,0,0,1,1,0,0,0,0,0,0,0,0,0,0,0,0,-1,-1,-1,-1,-1,-1,-1,-1,1,0,0,1,0,0,0,0,0,0,0,1,0,2,0,1,0,600,10,1,0,0,0,0,1,1,0,-1,40,-1,215009,10008,1176,0,0,0,0,0,0,0,0,0,0,0,0,0,0,0,0,0,[0|0],710550,[0|0|0|0|0|0|0|0],寄宿着灵魂的骨灰。\n能召唤４位腐烂长生者的灵魂。\n\n召唤后会在远方现身的灵魂。\n动作迟钝，乱无规律，\n但会发出呻吟声引诱敌人。\n还有就是，不太容易死亡。
215009,腐烂长生者的骨灰＋９,1,0,[0|0|0],215009,-1,0,0,-1,0,-1,50309,-1,20000610,0,-1,0,123,0,-1,-1,-1,1,0,50,7,2,0,0,34,13,0,0,[0|0],1,1,1,1,1,0,1,0,0,0,0,1,1,0,0,0,0,0,0,0,0,0,0,0,0,-1,-1,-1,-1,-1,-1,-1,-1,1,0,0,1,0,0,0,0,0,0,0,1,0,2,0,1,0,600,10,1,0,0,0,0,1,1,0,-1,40,-1,215010,10009,1400,0,0,0,0,0,0,0,0,0,0,0,0,0,0,0,0,0,[0|0],710550,[0|0|0|0|0|0|0|0],寄宿着灵魂的骨灰。\n能召唤４位腐烂长生者的灵魂。\n\n召唤后会在远方现身的灵魂。\n动作迟钝，乱无规律，\n但会发出呻吟声引诱敌人。\n还有就是，不太容易死亡。
215010,腐烂长生者的骨灰＋１０,1,0,[0|0|0],215010,-1,0,0,-1,0,-1,50310,-1,20000610,0,-1,0,123,0,-1,-1,-1,1,0,50,7,2,0,0,34,13,0,0,[0|0],1,1,1,1,1,0,1,0,0,0,0,1,1,0,0,0,0,0,0,0,0,0,0,0,0,-1,-1,-1,-1,-1,-1,-1,-1,1,0,0,1,0,0,0,0,0,0,0,1,0,2,0,1,0,600,10,1,0,0,0,0,1,1,0,-1,40,-1,-1,-1,0,0,0,0,0,0,0,0,0,0,0,0,0,0,0,0,0,0,[0|0],710550,[0|0|0|0|0|0|0|0],寄宿着灵魂的骨灰。\n能召唤４位腐烂长生者的灵魂。\n\n召唤后会在远方现身的灵魂。\n动作迟钝，乱无规律，\n但会发出呻吟声引诱敌人。\n还有就是，不太容易死亡。
216000,“堕落调香师”卡尔曼,1,0,[0|0|0],216000,-1,0,0,-1,0,-1,60700,-1,20000610,0,-1,0,124,0,-1,-1,-1,1,0,50,8,2,0,0,34,13,0,0,[0|0],1,1,1,1,1,0,1,0,0,0,0,1,1,0,0,0,0,0,0,0,0,0,0,0,0,-1,-1,-1,-1,-1,-1,-1,-1,1,0,0,1,0,0,0,0,0,0,0,1,0,2,0,1,0,600,30,1,0,0,0,0,2,1,0,-1,124,-1,216001,10100,1880,0,0,0,0,0,0,0,0,0,0,0,0,0,0,0,0,0,[0|0],710550,[0|0|0|0|0|0|0|0],寄宿着灵魂的骨灰。\n能召唤“堕落调香师”卡尔曼的灵魂。\n\n堕落调香师只为己运用所学的技术。\n其中卡尔曼这名男人，力量可与英雄匹敌，\n据说在寻找复活秘药。
216001,“堕落调香师”卡尔曼＋１,1,0,[0|0|0],216001,-1,0,0,-1,0,-1,60701,-1,20000610,0,-1,0,124,0,-1,-1,-1,1,0,50,8,2,0,0,34,13,0,0,[0|0],1,1,1,1,1,0,1,0,0,0,0,1,1,0,0,0,0,0,0,0,0,0,0,0,0,-1,-1,-1,-1,-1,-1,-1,-1,1,0,0,1,0,0,0,0,0,0,0,1,0,2,0,1,0,600,30,1,0,0,0,0,2,1,0,-1,124,-1,216002,10101,3008,0,0,0,0,0,0,0,0,0,0,0,0,0,0,0,0,0,[0|0],710550,[0|0|0|0|0|0|0|0],寄宿着灵魂的骨灰。\n能召唤“堕落调香师”卡尔曼的灵魂。\n\n堕落调香师只为己运用所学的技术。\n其中卡尔曼这名男人，力量可与英雄匹敌，\n据说在寻找复活秘药。
216002,“堕落调香师”卡尔曼＋２,1,0,[0|0|0],216002,-1,0,0,-1,0,-1,60702,-1,20000610,0,-1,0,124,0,-1,-1,-1,1,0,50,8,2,0,0,34,13,0,0,[0|0],1,1,1,1,1,0,1,0,0,0,0,1,1,0,0,0,0,0,0,0,0,0,0,0,0,-1,-1,-1,-1,-1,-1,-1,-1,1,0,0,1,0,0,0,0,0,0,0,1,0,2,0,1,0,600,30,1,0,0,0,0,2,1,0,-1,124,-1,216003,10102,4136,0,0,0,0,0,0,0,0,0,0,0,0,0,0,0,0,0,[0|0],710550,[0|0|0|0|0|0|0|0],寄宿着灵魂的骨灰。\n能召唤“堕落调香师”卡尔曼的灵魂。\n\n堕落调香师只为己运用所学的技术。\n其中卡尔曼这名男人，力量可与英雄匹敌，\n据说在寻找复活秘药。
216003,“堕落调香师”卡尔曼＋３,1,0,[0|0|0],216003,-1,0,0,-1,0,-1,60703,-1,20000610,0,-1,0,124,0,-1,-1,-1,1,0,50,8,2,0,0,34,13,0,0,[0|0],1,1,1,1,1,0,1,0,0,0,0,1,1,0,0,0,0,0,0,0,0,0,0,0,0,-1,-1,-1,-1,-1,-1,-1,-1,1,0,0,1,0,0,0,0,0,0,0,1,0,2,0,1,0,600,30,1,0,0,0,0,2,1,0,-1,124,-1,216004,10103,5264,0,0,0,0,0,0,0,0,0,0,0,0,0,0,0,0,0,[0|0],710550,[0|0|0|0|0|0|0|0],寄宿着灵魂的骨灰。\n能召唤“堕落调香师”卡尔曼的灵魂。\n\n堕落调香师只为己运用所学的技术。\n其中卡尔曼这名男人，力量可与英雄匹敌，\n据说在寻找复活秘药。
216004,“堕落调香师”卡尔曼＋４,1,0,[0|0|0],216004,-1,0,0,-1,0,-1,60704,-1,20000610,0,-1,0,124,0,-1,-1,-1,1,0,50,8,2,0,0,34,13,0,0,[0|0],1,1,1,1,1,0,1,0,0,0,0,1,1,0,0,0,0,0,0,0,0,0,0,0,0,-1,-1,-1,-1,-1,-1,-1,-1,1,0,0,1,0,0,0,0,0,0,0,1,0,2,0,1,0,600,30,1,0,0,0,0,2,1,0,-1,124,-1,216005,10104,6392,0,0,0,0,0,0,0,0,0,0,0,0,0,0,0,0,0,[0|0],710550,[0|0|0|0|0|0|0|0],寄宿着灵魂的骨灰。\n能召唤“堕落调香师”卡尔曼的灵魂。\n\n堕落调香师只为己运用所学的技术。\n其中卡尔曼这名男人，力量可与英雄匹敌，\n据说在寻找复活秘药。
216005,“堕落调香师”卡尔曼＋５,1,0,[0|0|0],216005,-1,0,0,-1,0,-1,60705,-1,20000610,0,-1,0,124,0,-1,-1,-1,1,0,50,8,2,0,0,34,13,0,0,[0|0],1,1,1,1,1,0,1,0,0,0,0,1,1,0,0,0,0,0,0,0,0,0,0,0,0,-1,-1,-1,-1,-1,-1,-1,-1,1,0,0,1,0,0,0,0,0,0,0,1,0,2,0,1,0,600,30,1,0,0,0,0,2,1,0,-1,124,-1,216006,10105,7520,0,0,0,0,0,0,0,0,0,0,0,0,0,0,0,0,0,[0|0],710550,[0|0|0|0|0|0|0|0],寄宿着灵魂的骨灰。\n能召唤“堕落调香师”卡尔曼的灵魂。\n\n堕落调香师只为己运用所学的技术。\n其中卡尔曼这名男人，力量可与英雄匹敌，\n据说在寻找复活秘药。
216006,“堕落调香师”卡尔曼＋６,1,0,[0|0|0],216006,-1,0,0,-1,0,-1,60706,-1,20000610,0,-1,0,124,0,-1,-1,-1,1,0,50,8,2,0,0,34,13,0,0,[0|0],1,1,1,1,1,0,1,0,0,0,0,1,1,0,0,0,0,0,0,0,0,0,0,0,0,-1,-1,-1,-1,-1,-1,-1,-1,1,0,0,1,0,0,0,0,0,0,0,1,0,2,0,1,0,600,30,1,0,0,0,0,2,1,0,-1,124,-1,216007,10106,8648,0,0,0,0,0,0,0,0,0,0,0,0,0,0,0,0,0,[0|0],710550,[0|0|0|0|0|0|0|0],寄宿着灵魂的骨灰。\n能召唤“堕落调香师”卡尔曼的灵魂。\n\n堕落调香师只为己运用所学的技术。\n其中卡尔曼这名男人，力量可与英雄匹敌，\n据说在寻找复活秘药。
216007,“堕落调香师”卡尔曼＋７,1,0,[0|0|0],216007,-1,0,0,-1,0,-1,60707,-1,20000610,0,-1,0,124,0,-1,-1,-1,1,0,50,8,2,0,0,34,13,0,0,[0|0],1,1,1,1,1,0,1,0,0,0,0,1,1,0,0,0,0,0,0,0,0,0,0,0,0,-1,-1,-1,-1,-1,-1,-1,-1,1,0,0,1,0,0,0,0,0,0,0,1,0,2,0,1,0,600,30,1,0,0,0,0,2,1,0,-1,124,-1,216008,10107,9776,0,0,0,0,0,0,0,0,0,0,0,0,0,0,0,0,0,[0|0],710550,[0|0|0|0|0|0|0|0],寄宿着灵魂的骨灰。\n能召唤“堕落调香师”卡尔曼的灵魂。\n\n堕落调香师只为己运用所学的技术。\n其中卡尔曼这名男人，力量可与英雄匹敌，\n据说在寻找复活秘药。
216008,“堕落调香师”卡尔曼＋８,1,0,[0|0|0],216008,-1,0,0,-1,0,-1,60708,-1,20000610,0,-1,0,124,0,-1,-1,-1,1,0,50,8,2,0,0,34,13,0,0,[0|0],1,1,1,1,1,0,1,0,0,0,0,1,1,0,0,0,0,0,0,0,0,0,0,0,0,-1,-1,-1,-1,-1,-1,-1,-1,1,0,0,1,0,0,0,0,0,0,0,1,0,2,0,1,0,600,30,1,0,0,0,0,2,1,0,-1,124,-1,216009,10108,10904,0,0,0,0,0,0,0,0,0,0,0,0,0,0,0,0,0,[0|0],710550,[0|0|0|0|0|0|0|0],寄宿着灵魂的骨灰。\n能召唤“堕落调香师”卡尔曼的灵魂。\n\n堕落调香师只为己运用所学的技术。\n其中卡尔曼这名男人，力量可与英雄匹敌，\n据说在寻找复活秘药。
216009,“堕落调香师”卡尔曼＋９,1,0,[0|0|0],216009,-1,0,0,-1,0,-1,60709,-1,20000610,0,-1,0,124,0,-1,-1,-1,1,0,50,8,2,0,0,34,13,0,0,[0|0],1,1,1,1,1,0,1,0,0,0,0,1,1,0,0,0,0,0,0,0,0,0,0,0,0,-1,-1,-1,-1,-1,-1,-1,-1,1,0,0,1,0,0,0,0,0,0,0,1,0,2,0,1,0,600,30,1,0,0,0,0,2,1,0,-1,124,-1,216010,10109,13160,0,0,0,0,0,0,0,0,0,0,0,0,0,0,0,0,0,[0|0],710550,[0|0|0|0|0|0|0|0],寄宿着灵魂的骨灰。\n能召唤“堕落调香师”卡尔曼的灵魂。\n\n堕落调香师只为己运用所学的技术。\n其中卡尔曼这名男人，力量可与英雄匹敌，\n据说在寻找复活秘药。
216010,“堕落调香师”卡尔曼＋１０,1,0,[0|0|0],216010,-1,0,0,-1,0,-1,60710,-1,20000610,0,-1,0,124,0,-1,-1,-1,1,0,50,8,2,0,0,34,13,0,0,[0|0],1,1,1,1,1,0,1,0,0,0,0,1,1,0,0,0,0,0,0,0,0,0,0,0,0,-1,-1,-1,-1,-1,-1,-1,-1,1,0,0,1,0,0,0,0,0,0,0,1,0,2,0,1,0,600,30,1,0,0,0,0,2,1,0,-1,124,-1,-1,-1,0,0,0,0,0,0,0,0,0,0,0,0,0,0,0,0,0,0,[0|0],710550,[0|0|0|0|0|0|0|0],寄宿着灵魂的骨灰。\n能召唤“堕落调香师”卡尔曼的灵魂。\n\n堕落调香师只为己运用所学的技术。\n其中卡尔曼这名男人，力量可与英雄匹敌，\n据说在寻找复活秘药。
217000,调香师托莉夏,1,0,[0|0|0],217000,-1,0,0,-1,0,-1,60600,-1,20000610,0,-1,0,125,0,-1,-1,-1,1,0,50,8,2,0,0,34,13,0,0,[0|0],1,1,1,1,1,0,1,0,0,0,0,1,1,0,0,0,0,0,0,0,0,0,0,0,0,-1,-1,-1,-1,-1,-1,-1,-1,1,0,0,1,0,0,0,0,0,0,0,1,0,2,0,1,0,600,30,1,0,0,0,0,2,1,0,-1,78,-1,217001,10100,1250,0,0,0,0,0,0,0,0,0,0,0,0,0,0,0,0,0,[0|0],710550,[0|0|0|0|0|0|0|0],寄宿着灵魂的骨灰。\n能召唤调香师托莉夏的灵魂。\n\n在过去，托莉夏被称为治愈者，\n立志治疗混种、恶兆之子等等各种的玷污现象。\n然而在志向破灭之后，转为陪伴他们的死──\n至少在那最后一程，能过得安乐无痛。\n\n此和死眠的起点十分相似。
217001,调香师托莉夏＋１,1,0,[0|0|0],217001,-1,0,0,-1,0,-1,60601,-1,20000610,0,-1,0,125,0,-1,-1,-1,1,0,50,8,2,0,0,34,13,0,0,[0|0],1,1,1,1,1,0,1,0,0,0,0,1,1,0,0,0,0,0,0,0,0,0,0,0,0,-1,-1,-1,-1,-1,-1,-1,-1,1,0,0,1,0,0,0,0,0,0,0,1,0,2,0,1,0,600,30,1,0,0,0,0,2,1,0,-1,78,-1,217002,10101,2000,0,0,0,0,0,0,0,0,0,0,0,0,0,0,0,0,0,[0|0],710550,[0|0|0|0|0|0|0|0],寄宿着灵魂的骨灰。\n能召唤调香师托莉夏的灵魂。\n\n在过去，托莉夏被称为治愈者，\n立志治疗混种、恶兆之子等等各种的玷污现象。\n然而在志向破灭之后，转为陪伴他们的死──\n至少在那最后一程，能过得安乐无痛。\n\n此和死眠的起点十分相似。
217002,调香师托莉夏＋２,1,0,[0|0|0],217002,-1,0,0,-1,0,-1,60602,-1,20000610,0,-1,0,125,0,-1,-1,-1,1,0,50,8,2,0,0,34,13,0,0,[0|0],1,1,1,1,1,0,1,0,0,0,0,1,1,0,0,0,0,0,0,0,0,0,0,0,0,-1,-1,-1,-1,-1,-1,-1,-1,1,0,0,1,0,0,0,0,0,0,0,1,0,2,0,1,0,600,30,1,0,0,0,0,2,1,0,-1,78,-1,217003,10102,2750,0,0,0,0,0,0,0,0,0,0,0,0,0,0,0,0,0,[0|0],710550,[0|0|0|0|0|0|0|0],寄宿着灵魂的骨灰。\n能召唤调香师托莉夏的灵魂。\n\n在过去，托莉夏被称为治愈者，\n立志治疗混种、恶兆之子等等各种的玷污现象。\n然而在志向破灭之后，转为陪伴他们的死──\n至少在那最后一程，能过得安乐无痛。\n\n此和死眠的起点十分相似。
217003,调香师托莉夏＋３,1,0,[0|0|0],217003,-1,0,0,-1,0,-1,60603,-1,20000610,0,-1,0,125,0,-1,-1,-1,1,0,50,8,2,0,0,34,13,0,0,[0|0],1,1,1,1,1,0,1,0,0,0,0,1,1,0,0,0,0,0,0,0,0,0,0,0,0,-1,-1,-1,-1,-1,-1,-1,-1,1,0,0,1,0,0,0,0,0,0,0,1,0,2,0,1,0,600,30,1,0,0,0,0,2,1,0,-1,78,-1,217004,10103,3500,0,0,0,0,0,0,0,0,0,0,0,0,0,0,0,0,0,[0|0],710550,[0|0|0|0|0|0|0|0],寄宿着灵魂的骨灰。\n能召唤调香师托莉夏的灵魂。\n\n在过去，托莉夏被称为治愈者，\n立志治疗混种、恶兆之子等等各种的玷污现象。\n然而在志向破灭之后，转为陪伴他们的死──\n至少在那最后一程，能过得安乐无痛。\n\n此和死眠的起点十分相似。
217004,调香师托莉夏＋４,1,0,[0|0|0],217004,-1,0,0,-1,0,-1,60604,-1,20000610,0,-1,0,125,0,-1,-1,-1,1,0,50,8,2,0,0,34,13,0,0,[0|0],1,1,1,1,1,0,1,0,0,0,0,1,1,0,0,0,0,0,0,0,0,0,0,0,0,-1,-1,-1,-1,-1,-1,-1,-1,1,0,0,1,0,0,0,0,0,0,0,1,0,2,0,1,0,600,30,1,0,0,0,0,2,1,0,-1,78,-1,217005,10104,4250,0,0,0,0,0,0,0,0,0,0,0,0,0,0,0,0,0,[0|0],710550,[0|0|0|0|0|0|0|0],寄宿着灵魂的骨灰。\n能召唤调香师托莉夏的灵魂。\n\n在过去，托莉夏被称为治愈者，\n立志治疗混种、恶兆之子等等各种的玷污现象。\n然而在志向破灭之后，转为陪伴他们的死──\n至少在那最后一程，能过得安乐无痛。\n\n此和死眠的起点十分相似。
217005,调香师托莉夏＋５,1,0,[0|0|0],217005,-1,0,0,-1,0,-1,60605,-1,20000610,0,-1,0,125,0,-1,-1,-1,1,0,50,8,2,0,0,34,13,0,0,[0|0],1,1,1,1,1,0,1,0,0,0,0,1,1,0,0,0,0,0,0,0,0,0,0,0,0,-1,-1,-1,-1,-1,-1,-1,-1,1,0,0,1,0,0,0,0,0,0,0,1,0,2,0,1,0,600,30,1,0,0,0,0,2,1,0,-1,78,-1,217006,10105,5000,0,0,0,0,0,0,0,0,0,0,0,0,0,0,0,0,0,[0|0],710550,[0|0|0|0|0|0|0|0],寄宿着灵魂的骨灰。\n能召唤调香师托莉夏的灵魂。\n\n在过去，托莉夏被称为治愈者，\n立志治疗混种、恶兆之子等等各种的玷污现象。\n然而在志向破灭之后，转为陪伴他们的死──\n至少在那最后一程，能过得安乐无痛。\n\n此和死眠的起点十分相似。
217006,调香师托莉夏＋６,1,0,[0|0|0],217006,-1,0,0,-1,0,-1,60606,-1,20000610,0,-1,0,125,0,-1,-1,-1,1,0,50,8,2,0,0,34,13,0,0,[0|0],1,1,1,1,1,0,1,0,0,0,0,1,1,0,0,0,0,0,0,0,0,0,0,0,0,-1,-1,-1,-1,-1,-1,-1,-1,1,0,0,1,0,0,0,0,0,0,0,1,0,2,0,1,0,600,30,1,0,0,0,0,2,1,0,-1,78,-1,217007,10106,5750,0,0,0,0,0,0,0,0,0,0,0,0,0,0,0,0,0,[0|0],710550,[0|0|0|0|0|0|0|0],寄宿着灵魂的骨灰。\n能召唤调香师托莉夏的灵魂。\n\n在过去，托莉夏被称为治愈者，\n立志治疗混种、恶兆之子等等各种的玷污现象。\n然而在志向破灭之后，转为陪伴他们的死──\n至少在那最后一程，能过得安乐无痛。\n\n此和死眠的起点十分相似。
217007,调香师托莉夏＋７,1,0,[0|0|0],217007,-1,0,0,-1,0,-1,60607,-1,20000610,0,-1,0,125,0,-1,-1,-1,1,0,50,8,2,0,0,34,13,0,0,[0|0],1,1,1,1,1,0,1,0,0,0,0,1,1,0,0,0,0,0,0,0,0,0,0,0,0,-1,-1,-1,-1,-1,-1,-1,-1,1,0,0,1,0,0,0,0,0,0,0,1,0,2,0,1,0,600,30,1,0,0,0,0,2,1,0,-1,78,-1,217008,10107,6500,0,0,0,0,0,0,0,0,0,0,0,0,0,0,0,0,0,[0|0],710550,[0|0|0|0|0|0|0|0],寄宿着灵魂的骨灰。\n能召唤调香师托莉夏的灵魂。\n\n在过去，托莉夏被称为治愈者，\n立志治疗混种、恶兆之子等等各种的玷污现象。\n然而在志向破灭之后，转为陪伴他们的死──\n至少在那最后一程，能过得安乐无痛。\n\n此和死眠的起点十分相似。
217008,调香师托莉夏＋８,1,0,[0|0|0],217008,-1,0,0,-1,0,-1,60608,-1,20000610,0,-1,0,125,0,-1,-1,-1,1,0,50,8,2,0,0,34,13,0,0,[0|0],1,1,1,1,1,0,1,0,0,0,0,1,1,0,0,0,0,0,0,0,0,0,0,0,0,-1,-1,-1,-1,-1,-1,-1,-1,1,0,0,1,0,0,0,0,0,0,0,1,0,2,0,1,0,600,30,1,0,0,0,0,2,1,0,-1,78,-1,217009,10108,7250,0,0,0,0,0,0,0,0,0,0,0,0,0,0,0,0,0,[0|0],710550,[0|0|0|0|0|0|0|0],寄宿着灵魂的骨灰。\n能召唤调香师托莉夏的灵魂。\n\n在过去，托莉夏被称为治愈者，\n立志治疗混种、恶兆之子等等各种的玷污现象。\n然而在志向破灭之后，转为陪伴他们的死──\n至少在那最后一程，能过得安乐无痛。\n\n此和死眠的起点十分相似。
217009,调香师托莉夏＋９,1,0,[0|0|0],217009,-1,0,0,-1,0,-1,60609,-1,20000610,0,-1,0,125,0,-1,-1,-1,1,0,50,8,2,0,0,34,13,0,0,[0|0],1,1,1,1,1,0,1,0,0,0,0,1,1,0,0,0,0,0,0,0,0,0,0,0,0,-1,-1,-1,-1,-1,-1,-1,-1,1,0,0,1,0,0,0,0,0,0,0,1,0,2,0,1,0,600,30,1,0,0,0,0,2,1,0,-1,78,-1,217010,10109,8750,0,0,0,0,0,0,0,0,0,0,0,0,0,0,0,0,0,[0|0],710550,[0|0|0|0|0|0|0|0],寄宿着灵魂的骨灰。\n能召唤调香师托莉夏的灵魂。\n\n在过去，托莉夏被称为治愈者，\n立志治疗混种、恶兆之子等等各种的玷污现象。\n然而在志向破灭之后，转为陪伴他们的死──\n至少在那最后一程，能过得安乐无痛。\n\n此和死眠的起点十分相似。
217010,调香师托莉夏＋１０,1,0,[0|0|0],217010,-1,0,0,-1,0,-1,60610,-1,20000610,0,-1,0,125,0,-1,-1,-1,1,0,50,8,2,0,0,34,13,0,0,[0|0],1,1,1,1,1,0,1,0,0,0,0,1,1,0,0,0,0,0,0,0,0,0,0,0,0,-1,-1,-1,-1,-1,-1,-1,-1,1,0,0,1,0,0,0,0,0,0,0,1,0,2,0,1,0,600,30,1,0,0,0,0,2,1,0,-1,78,-1,-1,-1,0,0,0,0,0,0,0,0,0,0,0,0,0,0,0,0,0,0,[0|0],710550,[0|0|0|0|0|0|0|0],寄宿着灵魂的骨灰。\n能召唤调香师托莉夏的灵魂。\n\n在过去，托莉夏被称为治愈者，\n立志治疗混种、恶兆之子等等各种的玷污现象。\n然而在志向破灭之后，转为陪伴他们的死──\n至少在那最后一程，能过得安乐无痛。\n\n此和死眠的起点十分相似。
218000,辉石魔法师的骨灰,1,0,[0|0|0],218000,-1,0,0,-1,0,-1,56400,-1,20000610,0,-1,0,126,0,-1,-1,-1,1,0,50,7,2,0,0,34,13,0,0,[0|0],1,1,1,1,1,0,1,0,0,0,0,1,1,0,0,0,0,0,0,0,0,0,0,0,0,-1,-1,-1,-1,-1,-1,-1,-1,1,0,0,1,0,0,0,0,0,0,0,1,0,2,0,1,0,600,20,1,0,0,0,0,1,1,0,-1,49,-1,218001,10000,510,0,0,0,0,0,0,0,0,0,0,0,0,0,0,0,0,0,[0|0],710550,[0|0|0|0|0|0|0|0],寄宿着灵魂的骨灰。\n能召唤辉石魔法师的灵魂。\n\n戴着石头罩的雷亚卢卡利亚魔法师灵魂。\n在奥利维尼斯教室求学，\n学习魔法“辉石流星”。
218001,辉石魔法师的骨灰＋１,1,0,[0|0|0],218001,-1,0,0,-1,0,-1,56401,-1,20000610,0,-1,0,126,0,-1,-1,-1,1,0,50,7,2,0,0,34,13,0,0,[0|0],1,1,1,1,1,0,1,0,0,0,0,1,1,0,0,0,0,0,0,0,0,0,0,0,0,-1,-1,-1,-1,-1,-1,-1,-1,1,0,0,1,0,0,0,0,0,0,0,1,0,2,0,1,0,600,20,1,0,0,0,0,1,1,0,-1,49,-1,218002,10001,714,0,0,0,0,0,0,0,0,0,0,0,0,0,0,0,0,0,[0|0],710550,[0|0|0|0|0|0|0|0],寄宿着灵魂的骨灰。\n能召唤辉石魔法师的灵魂。\n\n戴着石头罩的雷亚卢卡利亚魔法师灵魂。\n在奥利维尼斯教室求学，\n学习魔法“辉石流星”。
218002,辉石魔法师的骨灰＋２,1,0,[0|0|0],218002,-1,0,0,-1,0,-1,56402,-1,20000610,0,-1,0,126,0,-1,-1,-1,1,0,50,7,2,0,0,34,13,0,0,[0|0],1,1,1,1,1,0,1,0,0,0,0,1,1,0,0,0,0,0,0,0,0,0,0,0,0,-1,-1,-1,-1,-1,-1,-1,-1,1,0,0,1,0,0,0,0,0,0,0,1,0,2,0,1,0,600,20,1,0,0,0,0,1,1,0,-1,49,-1,218003,10002,918,0,0,0,0,0,0,0,0,0,0,0,0,0,0,0,0,0,[0|0],710550,[0|0|0|0|0|0|0|0],寄宿着灵魂的骨灰。\n能召唤辉石魔法师的灵魂。\n\n戴着石头罩的雷亚卢卡利亚魔法师灵魂。\n在奥利维尼斯教室求学，\n学习魔法“辉石流星”。
218003,辉石魔法师的骨灰＋３,1,0,[0|0|0],218003,-1,0,0,-1,0,-1,56403,-1,20000610,0,-1,0,126,0,-1,-1,-1,1,0,50,7,2,0,0,34,13,0,0,[0|0],1,1,1,1,1,0,1,0,0,0,0,1,1,0,0,0,0,0,0,0,0,0,0,0,0,-1,-1,-1,-1,-1,-1,-1,-1,1,0,0,1,0,0,0,0,0,0,0,1,0,2,0,1,0,600,20,1,0,0,0,0,1,1,0,-1,49,-1,218004,10003,1122,0,0,0,0,0,0,0,0,0,0,0,0,0,0,0,0,0,[0|0],710550,[0|0|0|0|0|0|0|0],寄宿着灵魂的骨灰。\n能召唤辉石魔法师的灵魂。\n\n戴着石头罩的雷亚卢卡利亚魔法师灵魂。\n在奥利维尼斯教室求学，\n学习魔法“辉石流星”。
218004,辉石魔法师的骨灰＋４,1,0,[0|0|0],218004,-1,0,0,-1,0,-1,56404,-1,20000610,0,-1,0,126,0,-1,-1,-1,1,0,50,7,2,0,0,34,13,0,0,[0|0],1,1,1,1,1,0,1,0,0,0,0,1,1,0,0,0,0,0,0,0,0,0,0,0,0,-1,-1,-1,-1,-1,-1,-1,-1,1,0,0,1,0,0,0,0,0,0,0,1,0,2,0,1,0,600,20,1,0,0,0,0,1,1,0,-1,49,-1,218005,10004,1326,0,0,0,0,0,0,0,0,0,0,0,0,0,0,0,0,0,[0|0],710550,[0|0|0|0|0|0|0|0],寄宿着灵魂的骨灰。\n能召唤辉石魔法师的灵魂。\n\n戴着石头罩的雷亚卢卡利亚魔法师灵魂。\n在奥利维尼斯教室求学，\n学习魔法“辉石流星”。
218005,辉石魔法师的骨灰＋５,1,0,[0|0|0],218005,-1,0,0,-1,0,-1,56405,-1,20000610,0,-1,0,126,0,-1,-1,-1,1,0,50,7,2,0,0,34,13,0,0,[0|0],1,1,1,1,1,0,1,0,0,0,0,1,1,0,0,0,0,0,0,0,0,0,0,0,0,-1,-1,-1,-1,-1,-1,-1,-1,1,0,0,1,0,0,0,0,0,0,0,1,0,2,0,1,0,600,20,1,0,0,0,0,1,1,0,-1,49,-1,218006,10005,1530,0,0,0,0,0,0,0,0,0,0,0,0,0,0,0,0,0,[0|0],710550,[0|0|0|0|0|0|0|0],寄宿着灵魂的骨灰。\n能召唤辉石魔法师的灵魂。\n\n戴着石头罩的雷亚卢卡利亚魔法师灵魂。\n在奥利维尼斯教室求学，\n学习魔法“辉石流星”。
218006,辉石魔法师的骨灰＋６,1,0,[0|0|0],218006,-1,0,0,-1,0,-1,56406,-1,20000610,0,-1,0,126,0,-1,-1,-1,1,0,50,7,2,0,0,34,13,0,0,[0|0],1,1,1,1,1,0,1,0,0,0,0,1,1,0,0,0,0,0,0,0,0,0,0,0,0,-1,-1,-1,-1,-1,-1,-1,-1,1,0,0,1,0,0,0,0,0,0,0,1,0,2,0,1,0,600,20,1,0,0,0,0,1,1,0,-1,49,-1,218007,10006,1734,0,0,0,0,0,0,0,0,0,0,0,0,0,0,0,0,0,[0|0],710550,[0|0|0|0|0|0|0|0],寄宿着灵魂的骨灰。\n能召唤辉石魔法师的灵魂。\n\n戴着石头罩的雷亚卢卡利亚魔法师灵魂。\n在奥利维尼斯教室求学，\n学习魔法“辉石流星”。
218007,辉石魔法师的骨灰＋７,1,0,[0|0|0],218007,-1,0,0,-1,0,-1,56407,-1,20000610,0,-1,0,126,0,-1,-1,-1,1,0,50,7,2,0,0,34,13,0,0,[0|0],1,1,1,1,1,0,1,0,0,0,0,1,1,0,0,0,0,0,0,0,0,0,0,0,0,-1,-1,-1,-1,-1,-1,-1,-1,1,0,0,1,0,0,0,0,0,0,0,1,0,2,0,1,0,600,20,1,0,0,0,0,1,1,0,-1,49,-1,218008,10007,1938,0,0,0,0,0,0,0,0,0,0,0,0,0,0,0,0,0,[0|0],710550,[0|0|0|0|0|0|0|0],寄宿着灵魂的骨灰。\n能召唤辉石魔法师的灵魂。\n\n戴着石头罩的雷亚卢卡利亚魔法师灵魂。\n在奥利维尼斯教室求学，\n学习魔法“辉石流星”。
218008,辉石魔法师的骨灰＋８,1,0,[0|0|0],218008,-1,0,0,-1,0,-1,56408,-1,20000610,0,-1,0,126,0,-1,-1,-1,1,0,50,7,2,0,0,34,13,0,0,[0|0],1,1,1,1,1,0,1,0,0,0,0,1,1,0,0,0,0,0,0,0,0,0,0,0,0,-1,-1,-1,-1,-1,-1,-1,-1,1,0,0,1,0,0,0,0,0,0,0,1,0,2,0,1,0,600,20,1,0,0,0,0,1,1,0,-1,49,-1,218009,10008,2142,0,0,0,0,0,0,0,0,0,0,0,0,0,0,0,0,0,[0|0],710550,[0|0|0|0|0|0|0|0],寄宿着灵魂的骨灰。\n能召唤辉石魔法师的灵魂。\n\n戴着石头罩的雷亚卢卡利亚魔法师灵魂。\n在奥利维尼斯教室求学，\n学习魔法“辉石流星”。
218009,辉石魔法师的骨灰＋９,1,0,[0|0|0],218009,-1,0,0,-1,0,-1,56409,-1,20000610,0,-1,0,126,0,-1,-1,-1,1,0,50,7,2,0,0,34,13,0,0,[0|0],1,1,1,1,1,0,1,0,0,0,0,1,1,0,0,0,0,0,0,0,0,0,0,0,0,-1,-1,-1,-1,-1,-1,-1,-1,1,0,0,1,0,0,0,0,0,0,0,1,0,2,0,1,0,600,20,1,0,0,0,0,1,1,0,-1,49,-1,218010,10009,2550,0,0,0,0,0,0,0,0,0,0,0,0,0,0,0,0,0,[0|0],710550,[0|0|0|0|0|0|0|0],寄宿着灵魂的骨灰。\n能召唤辉石魔法师的灵魂。\n\n戴着石头罩的雷亚卢卡利亚魔法师灵魂。\n在奥利维尼斯教室求学，\n学习魔法“辉石流星”。
218010,辉石魔法师的骨灰＋１０,1,0,[0|0|0],218010,-1,0,0,-1,0,-1,56410,-1,20000610,0,-1,0,126,0,-1,-1,-1,1,0,50,7,2,0,0,34,13,0,0,[0|0],1,1,1,1,1,0,1,0,0,0,0,1,1,0,0,0,0,0,0,0,0,0,0,0,0,-1,-1,-1,-1,-1,-1,-1,-1,1,0,0,1,0,0,0,0,0,0,0,1,0,2,0,1,0,600,20,1,0,0,0,0,1,1,0,-1,49,-1,-1,-1,0,0,0,0,0,0,0,0,0,0,0,0,0,0,0,0,0,0,[0|0],710550,[0|0|0|0|0|0|0|0],寄宿着灵魂的骨灰。\n能召唤辉石魔法师的灵魂。\n\n戴着石头罩的雷亚卢卡利亚魔法师灵魂。\n在奥利维尼斯教室求学，\n学习魔法“辉石流星”。
219000,双贤魔法师的骨灰,1,0,[0|0|0],219000,-1,0,0,-1,0,-1,56500,-1,20000610,0,-1,0,127,0,-1,-1,-1,1,0,50,7,2,0,0,34,13,0,0,[0|0],1,1,1,1,1,0,1,0,0,0,0,1,1,0,0,0,0,0,0,0,0,0,0,0,0,-1,-1,-1,-1,-1,-1,-1,-1,1,0,0,1,0,0,0,0,0,0,0,1,0,2,0,1,0,600,20,1,0,0,0,0,1,1,0,-1,89,-1,219001,10000,870,0,0,0,0,0,0,0,0,0,0,0,0,0,0,0,0,0,[0|0],710550,[0|0|0|0|0|0|0|0],寄宿着灵魂的骨灰。\n能召唤双贤魔法师的灵魂。\n\n戴着石头罩的雷亚卢卡利亚魔法师灵魂。\n能在双贤教室求学的，代表相当资优。\n学习“辉石彗星”、“结晶散射”２种魔法。
219001,双贤魔法师的骨灰＋１,1,0,[0|0|0],219001,-1,0,0,-1,0,-1,56501,-1,20000610,0,-1,0,127,0,-1,-1,-1,1,0,50,7,2,0,0,34,13,0,0,[0|0],1,1,1,1,1,0,1,0,0,0,0,1,1,0,0,0,0,0,0,0,0,0,0,0,0,-1,-1,-1,-1,-1,-1,-1,-1,1,0,0,1,0,0,0,0,0,0,0,1,0,2,0,1,0,600,20,1,0,0,0,0,1,1,0,-1,89,-1,219002,10001,1218,0,0,0,0,0,0,0,0,0,0,0,0,0,0,0,0,0,[0|0],710550,[0|0|0|0|0|0|0|0],寄宿着灵魂的骨灰。\n能召唤双贤魔法师的灵魂。\n\n戴着石头罩的雷亚卢卡利亚魔法师灵魂。\n能在双贤教室求学的，代表相当资优。\n学习“辉石彗星”、“结晶散射”２种魔法。
219002,双贤魔法师的骨灰＋２,1,0,[0|0|0],219002,-1,0,0,-1,0,-1,56502,-1,20000610,0,-1,0,127,0,-1,-1,-1,1,0,50,7,2,0,0,34,13,0,0,[0|0],1,1,1,1,1,0,1,0,0,0,0,1,1,0,0,0,0,0,0,0,0,0,0,0,0,-1,-1,-1,-1,-1,-1,-1,-1,1,0,0,1,0,0,0,0,0,0,0,1,0,2,0,1,0,600,20,1,0,0,0,0,1,1,0,-1,89,-1,219003,10002,1566,0,0,0,0,0,0,0,0,0,0,0,0,0,0,0,0,0,[0|0],710550,[0|0|0|0|0|0|0|0],寄宿着灵魂的骨灰。\n能召唤双贤魔法师的灵魂。\n\n戴着石头罩的雷亚卢卡利亚魔法师灵魂。\n能在双贤教室求学的，代表相当资优。\n学习“辉石彗星”、“结晶散射”２种魔法。
219003,双贤魔法师的骨灰＋３,1,0,[0|0|0],219003,-1,0,0,-1,0,-1,56503,-1,20000610,0,-1,0,127,0,-1,-1,-1,1,0,50,7,2,0,0,34,13,0,0,[0|0],1,1,1,1,1,0,1,0,0,0,0,1,1,0,0,0,0,0,0,0,0,0,0,0,0,-1,-1,-1,-1,-1,-1,-1,-1,1,0,0,1,0,0,0,0,0,0,0,1,0,2,0,1,0,600,20,1,0,0,0,0,1,1,0,-1,89,-1,219004,10003,1914,0,0,0,0,0,0,0,0,0,0,0,0,0,0,0,0,0,[0|0],710550,[0|0|0|0|0|0|0|0],寄宿着灵魂的骨灰。\n能召唤双贤魔法师的灵魂。\n\n戴着石头罩的雷亚卢卡利亚魔法师灵魂。\n能在双贤教室求学的，代表相当资优。\n学习“辉石彗星”、“结晶散射”２种魔法。
219004,双贤魔法师的骨灰＋４,1,0,[0|0|0],219004,-1,0,0,-1,0,-1,56504,-1,20000610,0,-1,0,127,0,-1,-1,-1,1,0,50,7,2,0,0,34,13,0,0,[0|0],1,1,1,1,1,0,1,0,0,0,0,1,1,0,0,0,0,0,0,0,0,0,0,0,0,-1,-1,-1,-1,-1,-1,-1,-1,1,0,0,1,0,0,0,0,0,0,0,1,0,2,0,1,0,600,20,1,0,0,0,0,1,1,0,-1,89,-1,219005,10004,2262,0,0,0,0,0,0,0,0,0,0,0,0,0,0,0,0,0,[0|0],710550,[0|0|0|0|0|0|0|0],寄宿着灵魂的骨灰。\n能召唤双贤魔法师的灵魂。\n\n戴着石头罩的雷亚卢卡利亚魔法师灵魂。\n能在双贤教室求学的，代表相当资优。\n学习“辉石彗星”、“结晶散射”２种魔法。
219005,双贤魔法师的骨灰＋５,1,0,[0|0|0],219005,-1,0,0,-1,0,-1,56505,-1,20000610,0,-1,0,127,0,-1,-1,-1,1,0,50,7,2,0,0,34,13,0,0,[0|0],1,1,1,1,1,0,1,0,0,0,0,1,1,0,0,0,0,0,0,0,0,0,0,0,0,-1,-1,-1,-1,-1,-1,-1,-1,1,0,0,1,0,0,0,0,0,0,0,1,0,2,0,1,0,600,20,1,0,0,0,0,1,1,0,-1,89,-1,219006,10005,2610,0,0,0,0,0,0,0,0,0,0,0,0,0,0,0,0,0,[0|0],710550,[0|0|0|0|0|0|0|0],寄宿着灵魂的骨灰。\n能召唤双贤魔法师的灵魂。\n\n戴着石头罩的雷亚卢卡利亚魔法师灵魂。\n能在双贤教室求学的，代表相当资优。\n学习“辉石彗星”、“结晶散射”２种魔法。
219006,双贤魔法师的骨灰＋６,1,0,[0|0|0],219006,-1,0,0,-1,0,-1,56506,-1,20000610,0,-1,0,127,0,-1,-1,-1,1,0,50,7,2,0,0,34,13,0,0,[0|0],1,1,1,1,1,0,1,0,0,0,0,1,1,0,0,0,0,0,0,0,0,0,0,0,0,-1,-1,-1,-1,-1,-1,-1,-1,1,0,0,1,0,0,0,0,0,0,0,1,0,2,0,1,0,600,20,1,0,0,0,0,1,1,0,-1,89,-1,219007,10006,2958,0,0,0,0,0,0,0,0,0,0,0,0,0,0,0,0,0,[0|0],710550,[0|0|0|0|0|0|0|0],寄宿着灵魂的骨灰。\n能召唤双贤魔法师的灵魂。\n\n戴着石头罩的雷亚卢卡利亚魔法师灵魂。\n能在双贤教室求学的，代表相当资优。\n学习“辉石彗星”、“结晶散射”２种魔法。
219007,双贤魔法师的骨灰＋７,1,0,[0|0|0],219007,-1,0,0,-1,0,-1,56507,-1,20000610,0,-1,0,127,0,-1,-1,-1,1,0,50,7,2,0,0,34,13,0,0,[0|0],1,1,1,1,1,0,1,0,0,0,0,1,1,0,0,0,0,0,0,0,0,0,0,0,0,-1,-1,-1,-1,-1,-1,-1,-1,1,0,0,1,0,0,0,0,0,0,0,1,0,2,0,1,0,600,20,1,0,0,0,0,1,1,0,-1,89,-1,219008,10007,3306,0,0,0,0,0,0,0,0,0,0,0,0,0,0,0,0,0,[0|0],710550,[0|0|0|0|0|0|0|0],寄宿着灵魂的骨灰。\n能召唤双贤魔法师的灵魂。\n\n戴着石头罩的雷亚卢卡利亚魔法师灵魂。\n能在双贤教室求学的，代表相当资优。\n学习“辉石彗星”、“结晶散射”２种魔法。
219008,双贤魔法师的骨灰＋８,1,0,[0|0|0],219008,-1,0,0,-1,0,-1,56508,-1,20000610,0,-1,0,127,0,-1,-1,-1,1,0,50,7,2,0,0,34,13,0,0,[0|0],1,1,1,1,1,0,1,0,0,0,0,1,1,0,0,0,0,0,0,0,0,0,0,0,0,-1,-1,-1,-1,-1,-1,-1,-1,1,0,0,1,0,0,0,0,0,0,0,1,0,2,0,1,0,600,20,1,0,0,0,0,1,1,0,-1,89,-1,219009,10008,3654,0,0,0,0,0,0,0,0,0,0,0,0,0,0,0,0,0,[0|0],710550,[0|0|0|0|0|0|0|0],寄宿着灵魂的骨灰。\n能召唤双贤魔法师的灵魂。\n\n戴着石头罩的雷亚卢卡利亚魔法师灵魂。\n能在双贤教室求学的，代表相当资优。\n学习“辉石彗星”、“结晶散射”２种魔法。
219009,双贤魔法师的骨灰＋９,1,0,[0|0|0],219009,-1,0,0,-1,0,-1,56509,-1,20000610,0,-1,0,127,0,-1,-1,-1,1,0,50,7,2,0,0,34,13,0,0,[0|0],1,1,1,1,1,0,1,0,0,0,0,1,1,0,0,0,0,0,0,0,0,0,0,0,0,-1,-1,-1,-1,-1,-1,-1,-1,1,0,0,1,0,0,0,0,0,0,0,1,0,2,0,1,0,600,20,1,0,0,0,0,1,1,0,-1,89,-1,219010,10009,4350,0,0,0,0,0,0,0,0,0,0,0,0,0,0,0,0,0,[0|0],710550,[0|0|0|0|0|0|0|0],寄宿着灵魂的骨灰。\n能召唤双贤魔法师的灵魂。\n\n戴着石头罩的雷亚卢卡利亚魔法师灵魂。\n能在双贤教室求学的，代表相当资优。\n学习“辉石彗星”、“结晶散射”２种魔法。
219010,双贤魔法师的骨灰＋１０,1,0,[0|0|0],219010,-1,0,0,-1,0,-1,56510,-1,20000610,0,-1,0,127,0,-1,-1,-1,1,0,50,7,2,0,0,34,13,0,0,[0|0],1,1,1,1,1,0,1,0,0,0,0,1,1,0,0,0,0,0,0,0,0,0,0,0,0,-1,-1,-1,-1,-1,-1,-1,-1,1,0,0,1,0,0,0,0,0,0,0,1,0,2,0,1,0,600,20,1,0,0,0,0,1,1,0,-1,89,-1,-1,-1,0,0,0,0,0,0,0,0,0,0,0,0,0,0,0,0,0,0,[0|0],710550,[0|0|0|0|0|0|0|0],寄宿着灵魂的骨灰。\n能召唤双贤魔法师的灵魂。\n\n戴着石头罩的雷亚卢卡利亚魔法师灵魂。\n能在双贤教室求学的，代表相当资优。\n学习“辉石彗星”、“结晶散射”２种魔法。
220000,随从的骨灰,1,0,[0|0|0],220000,-1,0,0,-1,0,-1,55200,-1,20000610,0,-1,0,128,0,-1,-1,-1,1,0,50,7,2,0,0,34,13,0,0,[0|0],1,1,1,1,1,0,1,0,0,0,0,1,1,0,0,0,0,0,0,0,0,0,0,0,0,-1,-1,-1,-1,-1,-1,-1,-1,1,0,0,1,0,0,0,0,0,0,0,1,0,2,0,1,0,600,20,1,0,0,0,0,1,1,0,-1,81,-1,220001,10000,800,0,0,0,0,0,0,0,0,0,0,0,0,0,0,0,0,0,[0|0],710550,[0|0|0|0|0|0|0|0],寄宿着灵魂的骨灰。\n能召唤随从的灵魂。\n\n侍奉权贵，一同旅行的随从灵魂。\n为了保护主人，精通刺剑与弩两种武器。\n人会成为随从，与能力、才能或意志无关，\n是因为生来身形瘦小，就注定如此。
220001,随从的骨灰＋１,1,0,[0|0|0],220001,-1,0,0,-1,0,-1,55201,-1,20000610,0,-1,0,128,0,-1,-1,-1,1,0,50,7,2,0,0,34,13,0,0,[0|0],1,1,1,1,1,0,1,0,0,0,0,1,1,0,0,0,0,0,0,0,0,0,0,0,0,-1,-1,-1,-1,-1,-1,-1,-1,1,0,0,1,0,0,0,0,0,0,0,1,0,2,0,1,0,600,20,1,0,0,0,0,1,1,0,-1,81,-1,220002,10001,1120,0,0,0,0,0,0,0,0,0,0,0,0,0,0,0,0,0,[0|0],710550,[0|0|0|0|0|0|0|0],寄宿着灵魂的骨灰。\n能召唤随从的灵魂。\n\n侍奉权贵，一同旅行的随从灵魂。\n为了保护主人，精通刺剑与弩两种武器。\n人会成为随从，与能力、才能或意志无关，\n是因为生来身形瘦小，就注定如此。
220002,随从的骨灰＋２,1,0,[0|0|0],220002,-1,0,0,-1,0,-1,55202,-1,20000610,0,-1,0,128,0,-1,-1,-1,1,0,50,7,2,0,0,34,13,0,0,[0|0],1,1,1,1,1,0,1,0,0,0,0,1,1,0,0,0,0,0,0,0,0,0,0,0,0,-1,-1,-1,-1,-1,-1,-1,-1,1,0,0,1,0,0,0,0,0,0,0,1,0,2,0,1,0,600,20,1,0,0,0,0,1,1,0,-1,81,-1,220003,10002,1440,0,0,0,0,0,0,0,0,0,0,0,0,0,0,0,0,0,[0|0],710550,[0|0|0|0|0|0|0|0],寄宿着灵魂的骨灰。\n能召唤随从的灵魂。\n\n侍奉权贵，一同旅行的随从灵魂。\n为了保护主人，精通刺剑与弩两种武器。\n人会成为随从，与能力、才能或意志无关，\n是因为生来身形瘦小，就注定如此。
220003,随从的骨灰＋３,1,0,[0|0|0],220003,-1,0,0,-1,0,-1,55203,-1,20000610,0,-1,0,128,0,-1,-1,-1,1,0,50,7,2,0,0,34,13,0,0,[0|0],1,1,1,1,1,0,1,0,0,0,0,1,1,0,0,0,0,0,0,0,0,0,0,0,0,-1,-1,-1,-1,-1,-1,-1,-1,1,0,0,1,0,0,0,0,0,0,0,1,0,2,0,1,0,600,20,1,0,0,0,0,1,1,0,-1,81,-1,220004,10003,1760,0,0,0,0,0,0,0,0,0,0,0,0,0,0,0,0,0,[0|0],710550,[0|0|0|0|0|0|0|0],寄宿着灵魂的骨灰。\n能召唤随从的灵魂。\n\n侍奉权贵，一同旅行的随从灵魂。\n为了保护主人，精通刺剑与弩两种武器。\n人会成为随从，与能力、才能或意志无关，\n是因为生来身形瘦小，就注定如此。
220004,随从的骨灰＋４,1,0,[0|0|0],220004,-1,0,0,-1,0,-1,55204,-1,20000610,0,-1,0,128,0,-1,-1,-1,1,0,50,7,2,0,0,34,13,0,0,[0|0],1,1,1,1,1,0,1,0,0,0,0,1,1,0,0,0,0,0,0,0,0,0,0,0,0,-1,-1,-1,-1,-1,-1,-1,-1,1,0,0,1,0,0,0,0,0,0,0,1,0,2,0,1,0,600,20,1,0,0,0,0,1,1,0,-1,81,-1,220005,10004,2080,0,0,0,0,0,0,0,0,0,0,0,0,0,0,0,0,0,[0|0],710550,[0|0|0|0|0|0|0|0],寄宿着灵魂的骨灰。\n能召唤随从的灵魂。\n\n侍奉权贵，一同旅行的随从灵魂。\n为了保护主人，精通刺剑与弩两种武器。\n人会成为随从，与能力、才能或意志无关，\n是因为生来身形瘦小，就注定如此。
220005,随从的骨灰＋５,1,0,[0|0|0],220005,-1,0,0,-1,0,-1,55205,-1,20000610,0,-1,0,128,0,-1,-1,-1,1,0,50,7,2,0,0,34,13,0,0,[0|0],1,1,1,1,1,0,1,0,0,0,0,1,1,0,0,0,0,0,0,0,0,0,0,0,0,-1,-1,-1,-1,-1,-1,-1,-1,1,0,0,1,0,0,0,0,0,0,0,1,0,2,0,1,0,600,20,1,0,0,0,0,1,1,0,-1,81,-1,220006,10005,2400,0,0,0,0,0,0,0,0,0,0,0,0,0,0,0,0,0,[0|0],710550,[0|0|0|0|0|0|0|0],寄宿着灵魂的骨灰。\n能召唤随从的灵魂。\n\n侍奉权贵，一同旅行的随从灵魂。\n为了保护主人，精通刺剑与弩两种武器。\n人会成为随从，与能力、才能或意志无关，\n是因为生来身形瘦小，就注定如此。
220006,随从的骨灰＋６,1,0,[0|0|0],220006,-1,0,0,-1,0,-1,55206,-1,20000610,0,-1,0,128,0,-1,-1,-1,1,0,50,7,2,0,0,34,13,0,0,[0|0],1,1,1,1,1,0,1,0,0,0,0,1,1,0,0,0,0,0,0,0,0,0,0,0,0,-1,-1,-1,-1,-1,-1,-1,-1,1,0,0,1,0,0,0,0,0,0,0,1,0,2,0,1,0,600,20,1,0,0,0,0,1,1,0,-1,81,-1,220007,10006,2720,0,0,0,0,0,0,0,0,0,0,0,0,0,0,0,0,0,[0|0],710550,[0|0|0|0|0|0|0|0],寄宿着灵魂的骨灰。\n能召唤随从的灵魂。\n\n侍奉权贵，一同旅行的随从灵魂。\n为了保护主人，精通刺剑与弩两种武器。\n人会成为随从，与能力、才能或意志无关，\n是因为生来身形瘦小，就注定如此。
220007,随从的骨灰＋７,1,0,[0|0|0],220007,-1,0,0,-1,0,-1,55207,-1,20000610,0,-1,0,128,0,-1,-1,-1,1,0,50,7,2,0,0,34,13,0,0,[0|0],1,1,1,1,1,0,1,0,0,0,0,1,1,0,0,0,0,0,0,0,0,0,0,0,0,-1,-1,-1,-1,-1,-1,-1,-1,1,0,0,1,0,0,0,0,0,0,0,1,0,2,0,1,0,600,20,1,0,0,0,0,1,1,0,-1,81,-1,220008,10007,3040,0,0,0,0,0,0,0,0,0,0,0,0,0,0,0,0,0,[0|0],710550,[0|0|0|0|0|0|0|0],寄宿着灵魂的骨灰。\n能召唤随从的灵魂。\n\n侍奉权贵，一同旅行的随从灵魂。\n为了保护主人，精通刺剑与弩两种武器。\n人会成为随从，与能力、才能或意志无关，\n是因为生来身形瘦小，就注定如此。
220008,随从的骨灰＋８,1,0,[0|0|0],220008,-1,0,0,-1,0,-1,55208,-1,20000610,0,-1,0,128,0,-1,-1,-1,1,0,50,7,2,0,0,34,13,0,0,[0|0],1,1,1,1,1,0,1,0,0,0,0,1,1,0,0,0,0,0,0,0,0,0,0,0,0,-1,-1,-1,-1,-1,-1,-1,-1,1,0,0,1,0,0,0,0,0,0,0,1,0,2,0,1,0,600,20,1,0,0,0,0,1,1,0,-1,81,-1,220009,10008,3360,0,0,0,0,0,0,0,0,0,0,0,0,0,0,0,0,0,[0|0],710550,[0|0|0|0|0|0|0|0],寄宿着灵魂的骨灰。\n能召唤随从的灵魂。\n\n侍奉权贵，一同旅行的随从灵魂。\n为了保护主人，精通刺剑与弩两种武器。\n人会成为随从，与能力、才能或意志无关，\n是因为生来身形瘦小，就注定如此。
220009,随从的骨灰＋９,1,0,[0|0|0],220009,-1,0,0,-1,0,-1,55209,-1,20000610,0,-1,0,128,0,-1,-1,-1,1,0,50,7,2,0,0,34,13,0,0,[0|0],1,1,1,1,1,0,1,0,0,0,0,1,1,0,0,0,0,0,0,0,0,0,0,0,0,-1,-1,-1,-1,-1,-1,-1,-1,1,0,0,1,0,0,0,0,0,0,0,1,0,2,0,1,0,600,20,1,0,0,0,0,1,1,0,-1,81,-1,220010,10009,4000,0,0,0,0,0,0,0,0,0,0,0,0,0,0,0,0,0,[0|0],710550,[0|0|0|0|0|0|0|0],寄宿着灵魂的骨灰。\n能召唤随从的灵魂。\n\n侍奉权贵，一同旅行的随从灵魂。\n为了保护主人，精通刺剑与弩两种武器。\n人会成为随从，与能力、才能或意志无关，\n是因为生来身形瘦小，就注定如此。
220010,随从的骨灰＋１０,1,0,[0|0|0],220010,-1,0,0,-1,0,-1,55210,-1,20000610,0,-1,0,128,0,-1,-1,-1,1,0,50,7,2,0,0,34,13,0,0,[0|0],1,1,1,1,1,0,1,0,0,0,0,1,1,0,0,0,0,0,0,0,0,0,0,0,0,-1,-1,-1,-1,-1,-1,-1,-1,1,0,0,1,0,0,0,0,0,0,0,1,0,2,0,1,0,600,20,1,0,0,0,0,1,1,0,-1,81,-1,-1,-1,0,0,0,0,0,0,0,0,0,0,0,0,0,0,0,0,0,0,[0|0],710550,[0|0|0|0|0|0|0|0],寄宿着灵魂的骨灰。\n能召唤随从的灵魂。\n\n侍奉权贵，一同旅行的随从灵魂。\n为了保护主人，精通刺剑与弩两种武器。\n人会成为随从，与能力、才能或意志无关，\n是因为生来身形瘦小，就注定如此。
221000,战场魔法师犹格,1,0,[0|0|0],221000,-1,0,0,-1,0,-1,60440,-1,20000610,0,-1,0,129,0,-1,-1,-1,1,0,50,8,2,0,0,34,13,0,0,[0|0],1,1,1,1,1,0,1,0,0,0,0,1,1,0,0,0,0,0,0,0,0,0,0,0,0,-1,-1,-1,-1,-1,-1,-1,-1,1,0,0,1,0,0,0,0,0,0,0,1,0,2,0,1,0,600,30,1,0,0,0,0,2,1,0,-1,122,-1,221001,10100,1860,0,0,0,0,0,0,0,0,0,0,0,0,0,0,0,0,0,[0|0],710550,[0|0|0|0|0|0|0|0],寄宿着灵魂的骨灰。\n能召唤战场魔法师犹格的灵魂。\n\n犹格出身瑟利亚镇，\n在学院于海摩教室求学，成为战场魔法师。\n那施展炮与制裁的“平战者”，\n曾几何时，竟变成渴求战争的人。
221001,战场魔法师犹格＋１,1,0,[0|0|0],221001,-1,0,0,-1,0,-1,60441,-1,20000610,0,-1,0,129,0,-1,-1,-1,1,0,50,8,2,0,0,34,13,0,0,[0|0],1,1,1,1,1,0,1,0,0,0,0,1,1,0,0,0,0,0,0,0,0,0,0,0,0,-1,-1,-1,-1,-1,-1,-1,-1,1,0,0,1,0,0,0,0,0,0,0,1,0,2,0,1,0,600,30,1,0,0,0,0,2,1,0,-1,122,-1,221002,10101,2976,0,0,0,0,0,0,0,0,0,0,0,0,0,0,0,0,0,[0|0],710550,[0|0|0|0|0|0|0|0],寄宿着灵魂的骨灰。\n能召唤战场魔法师犹格的灵魂。\n\n犹格出身瑟利亚镇，\n在学院于海摩教室求学，成为战场魔法师。\n那施展炮与制裁的“平战者”，\n曾几何时，竟变成渴求战争的人。
221002,战场魔法师犹格＋２,1,0,[0|0|0],221002,-1,0,0,-1,0,-1,60442,-1,20000610,0,-1,0,129,0,-1,-1,-1,1,0,50,8,2,0,0,34,13,0,0,[0|0],1,1,1,1,1,0,1,0,0,0,0,1,1,0,0,0,0,0,0,0,0,0,0,0,0,-1,-1,-1,-1,-1,-1,-1,-1,1,0,0,1,0,0,0,0,0,0,0,1,0,2,0,1,0,600,30,1,0,0,0,0,2,1,0,-1,122,-1,221003,10102,4092,0,0,0,0,0,0,0,0,0,0,0,0,0,0,0,0,0,[0|0],710550,[0|0|0|0|0|0|0|0],寄宿着灵魂的骨灰。\n能召唤战场魔法师犹格的灵魂。\n\n犹格出身瑟利亚镇，\n在学院于海摩教室求学，成为战场魔法师。\n那施展炮与制裁的“平战者”，\n曾几何时，竟变成渴求战争的人。
221003,战场魔法师犹格＋３,1,0,[0|0|0],221003,-1,0,0,-1,0,-1,60443,-1,20000610,0,-1,0,129,0,-1,-1,-1,1,0,50,8,2,0,0,34,13,0,0,[0|0],1,1,1,1,1,0,1,0,0,0,0,1,1,0,0,0,0,0,0,0,0,0,0,0,0,-1,-1,-1,-1,-1,-1,-1,-1,1,0,0,1,0,0,0,0,0,0,0,1,0,2,0,1,0,600,30,1,0,0,0,0,2,1,0,-1,122,-1,221004,10103,5208,0,0,0,0,0,0,0,0,0,0,0,0,0,0,0,0,0,[0|0],710550,[0|0|0|0|0|0|0|0],寄宿着灵魂的骨灰。\n能召唤战场魔法师犹格的灵魂。\n\n犹格出身瑟利亚镇，\n在学院于海摩教室求学，成为战场魔法师。\n那施展炮与制裁的“平战者”，\n曾几何时，竟变成渴求战争的人。
221004,战场魔法师犹格＋４,1,0,[0|0|0],221004,-1,0,0,-1,0,-1,60444,-1,20000610,0,-1,0,129,0,-1,-1,-1,1,0,50,8,2,0,0,34,13,0,0,[0|0],1,1,1,1,1,0,1,0,0,0,0,1,1,0,0,0,0,0,0,0,0,0,0,0,0,-1,-1,-1,-1,-1,-1,-1,-1,1,0,0,1,0,0,0,0,0,0,0,1,0,2,0,1,0,600,30,1,0,0,0,0,2,1,0,-1,122,-1,221005,10104,6324,0,0,0,0,0,0,0,0,0,0,0,0,0,0,0,0,0,[0|0],710550,[0|0|0|0|0|0|0|0],寄宿着灵魂的骨灰。\n能召唤战场魔法师犹格的灵魂。\n\n犹格出身瑟利亚镇，\n在学院于海摩教室求学，成为战场魔法师。\n那施展炮与制裁的“平战者”，\n曾几何时，竟变成渴求战争的人。
221005,战场魔法师犹格＋５,1,0,[0|0|0],221005,-1,0,0,-1,0,-1,60445,-1,20000610,0,-1,0,129,0,-1,-1,-1,1,0,50,8,2,0,0,34,13,0,0,[0|0],1,1,1,1,1,0,1,0,0,0,0,1,1,0,0,0,0,0,0,0,0,0,0,0,0,-1,-1,-1,-1,-1,-1,-1,-1,1,0,0,1,0,0,0,0,0,0,0,1,0,2,0,1,0,600,30,1,0,0,0,0,2,1,0,-1,122,-1,221006,10105,7440,0,0,0,0,0,0,0,0,0,0,0,0,0,0,0,0,0,[0|0],710550,[0|0|0|0|0|0|0|0],寄宿着灵魂的骨灰。\n能召唤战场魔法师犹格的灵魂。\n\n犹格出身瑟利亚镇，\n在学院于海摩教室求学，成为战场魔法师。\n那施展炮与制裁的“平战者”，\n曾几何时，竟变成渴求战争的人。
221006,战场魔法师犹格＋６,1,0,[0|0|0],221006,-1,0,0,-1,0,-1,60446,-1,20000610,0,-1,0,129,0,-1,-1,-1,1,0,50,8,2,0,0,34,13,0,0,[0|0],1,1,1,1,1,0,1,0,0,0,0,1,1,0,0,0,0,0,0,0,0,0,0,0,0,-1,-1,-1,-1,-1,-1,-1,-1,1,0,0,1,0,0,0,0,0,0,0,1,0,2,0,1,0,600,30,1,0,0,0,0,2,1,0,-1,122,-1,221007,10106,8556,0,0,0,0,0,0,0,0,0,0,0,0,0,0,0,0,0,[0|0],710550,[0|0|0|0|0|0|0|0],寄宿着灵魂的骨灰。\n能召唤战场魔法师犹格的灵魂。\n\n犹格出身瑟利亚镇，\n在学院于海摩教室求学，成为战场魔法师。\n那施展炮与制裁的“平战者”，\n曾几何时，竟变成渴求战争的人。
221007,战场魔法师犹格＋７,1,0,[0|0|0],221007,-1,0,0,-1,0,-1,60447,-1,20000610,0,-1,0,129,0,-1,-1,-1,1,0,50,8,2,0,0,34,13,0,0,[0|0],1,1,1,1,1,0,1,0,0,0,0,1,1,0,0,0,0,0,0,0,0,0,0,0,0,-1,-1,-1,-1,-1,-1,-1,-1,1,0,0,1,0,0,0,0,0,0,0,1,0,2,0,1,0,600,30,1,0,0,0,0,2,1,0,-1,122,-1,221008,10107,9672,0,0,0,0,0,0,0,0,0,0,0,0,0,0,0,0,0,[0|0],710550,[0|0|0|0|0|0|0|0],寄宿着灵魂的骨灰。\n能召唤战场魔法师犹格的灵魂。\n\n犹格出身瑟利亚镇，\n在学院于海摩教室求学，成为战场魔法师。\n那施展炮与制裁的“平战者”，\n曾几何时，竟变成渴求战争的人。
221008,战场魔法师犹格＋８,1,0,[0|0|0],221008,-1,0,0,-1,0,-1,60448,-1,20000610,0,-1,0,129,0,-1,-1,-1,1,0,50,8,2,0,0,34,13,0,0,[0|0],1,1,1,1,1,0,1,0,0,0,0,1,1,0,0,0,0,0,0,0,0,0,0,0,0,-1,-1,-1,-1,-1,-1,-1,-1,1,0,0,1,0,0,0,0,0,0,0,1,0,2,0,1,0,600,30,1,0,0,0,0,2,1,0,-1,122,-1,221009,10108,10788,0,0,0,0,0,0,0,0,0,0,0,0,0,0,0,0,0,[0|0],710550,[0|0|0|0|0|0|0|0],寄宿着灵魂的骨灰。\n能召唤战场魔法师犹格的灵魂。\n\n犹格出身瑟利亚镇，\n在学院于海摩教室求学，成为战场魔法师。\n那施展炮与制裁的“平战者”，\n曾几何时，竟变成渴求战争的人。
221009,战场魔法师犹格＋９,1,0,[0|0|0],221009,-1,0,0,-1,0,-1,60449,-1,20000610,0,-1,0,129,0,-1,-1,-1,1,0,50,8,2,0,0,34,13,0,0,[0|0],1,1,1,1,1,0,1,0,0,0,0,1,1,0,0,0,0,0,0,0,0,0,0,0,0,-1,-1,-1,-1,-1,-1,-1,-1,1,0,0,1,0,0,0,0,0,0,0,1,0,2,0,1,0,600,30,1,0,0,0,0,2,1,0,-1,122,-1,221010,10109,13020,0,0,0,0,0,0,0,0,0,0,0,0,0,0,0,0,0,[0|0],710550,[0|0|0|0|0|0|0|0],寄宿着灵魂的骨灰。\n能召唤战场魔法师犹格的灵魂。\n\n犹格出身瑟利亚镇，\n在学院于海摩教室求学，成为战场魔法师。\n那施展炮与制裁的“平战者”，\n曾几何时，竟变成渴求战争的人。
221010,战场魔法师犹格＋１０,1,0,[0|0|0],221010,-1,0,0,-1,0,-1,60450,-1,20000610,0,-1,0,129,0,-1,-1,-1,1,0,50,8,2,0,0,34,13,0,0,[0|0],1,1,1,1,1,0,1,0,0,0,0,1,1,0,0,0,0,0,0,0,0,0,0,0,0,-1,-1,-1,-1,-1,-1,-1,-1,1,0,0,1,0,0,0,0,0,0,0,1,0,2,0,1,0,600,30,1,0,0,0,0,2,1,0,-1,122,-1,-1,-1,0,0,0,0,0,0,0,0,0,0,0,0,0,0,0,0,0,0,[0|0],710550,[0|0|0|0|0|0|0|0],寄宿着灵魂的骨灰。\n能召唤战场魔法师犹格的灵魂。\n\n犹格出身瑟利亚镇，\n在学院于海摩教室求学，成为战场魔法师。\n那施展炮与制裁的“平战者”，\n曾几何时，竟变成渴求战争的人。
222000,泥人的骨灰,1,0,[0|0|0],222000,-1,0,0,-1,0,-1,50900,-1,20000610,0,-1,0,130,0,-1,-1,-1,1,0,50,7,2,0,0,34,13,0,0,[0|0],1,1,1,1,1,0,1,0,0,0,0,1,1,0,0,0,0,0,0,0,0,0,0,0,0,-1,-1,-1,-1,-1,-1,-1,-1,1,0,0,1,0,0,0,0,0,0,0,1,0,2,0,1,0,600,10,1,0,0,0,0,1,1,0,-1,77,-1,222001,10000,790,0,0,0,0,0,0,0,0,0,0,0,0,0,0,0,0,0,[0|0],710550,[0|0|0|0|0|0|0|0],寄宿着灵魂的骨灰。\n能召唤２名泥人的灵魂。\n\n行动迟钝但不容易硬直，腰部弯曲的灵魂。\n寻找神谕的古代王朝神官，最后的下场。\n会施展小泡泡与大泡泡，这２种魔法。
222001,泥人的骨灰＋１,1,0,[0|0|0],222001,-1,0,0,-1,0,-1,50901,-1,20000610,0,-1,0,130,0,-1,-1,-1,1,0,50,7,2,0,0,34,13,0,0,[0|0],1,1,1,1,1,0,1,0,0,0,0,1,1,0,0,0,0,0,0,0,0,0,0,0,0,-1,-1,-1,-1,-1,-1,-1,-1,1,0,0,1,0,0,0,0,0,0,0,1,0,2,0,1,0,600,10,1,0,0,0,0,1,1,0,-1,77,-1,222002,10001,1106,0,0,0,0,0,0,0,0,0,0,0,0,0,0,0,0,0,[0|0],710550,[0|0|0|0|0|0|0|0],寄宿着灵魂的骨灰。\n能召唤２名泥人的灵魂。\n\n行动迟钝但不容易硬直，腰部弯曲的灵魂。\n寻找神谕的古代王朝神官，最后的下场。\n会施展小泡泡与大泡泡，这２种魔法。
222002,泥人的骨灰＋２,1,0,[0|0|0],222002,-1,0,0,-1,0,-1,50902,-1,20000610,0,-1,0,130,0,-1,-1,-1,1,0,50,7,2,0,0,34,13,0,0,[0|0],1,1,1,1,1,0,1,0,0,0,0,1,1,0,0,0,0,0,0,0,0,0,0,0,0,-1,-1,-1,-1,-1,-1,-1,-1,1,0,0,1,0,0,0,0,0,0,0,1,0,2,0,1,0,600,10,1,0,0,0,0,1,1,0,-1,77,-1,222003,10002,1422,0,0,0,0,0,0,0,0,0,0,0,0,0,0,0,0,0,[0|0],710550,[0|0|0|0|0|0|0|0],寄宿着灵魂的骨灰。\n能召唤２名泥人的灵魂。\n\n行动迟钝但不容易硬直，腰部弯曲的灵魂。\n寻找神谕的古代王朝神官，最后的下场。\n会施展小泡泡与大泡泡，这２种魔法。
222003,泥人的骨灰＋３,1,0,[0|0|0],222003,-1,0,0,-1,0,-1,50903,-1,20000610,0,-1,0,130,0,-1,-1,-1,1,0,50,7,2,0,0,34,13,0,0,[0|0],1,1,1,1,1,0,1,0,0,0,0,1,1,0,0,0,0,0,0,0,0,0,0,0,0,-1,-1,-1,-1,-1,-1,-1,-1,1,0,0,1,0,0,0,0,0,0,0,1,0,2,0,1,0,600,10,1,0,0,0,0,1,1,0,-1,77,-1,222004,10003,1738,0,0,0,0,0,0,0,0,0,0,0,0,0,0,0,0,0,[0|0],710550,[0|0|0|0|0|0|0|0],寄宿着灵魂的骨灰。\n能召唤２名泥人的灵魂。\n\n行动迟钝但不容易硬直，腰部弯曲的灵魂。\n寻找神谕的古代王朝神官，最后的下场。\n会施展小泡泡与大泡泡，这２种魔法。
222004,泥人的骨灰＋４,1,0,[0|0|0],222004,-1,0,0,-1,0,-1,50904,-1,20000610,0,-1,0,130,0,-1,-1,-1,1,0,50,7,2,0,0,34,13,0,0,[0|0],1,1,1,1,1,0,1,0,0,0,0,1,1,0,0,0,0,0,0,0,0,0,0,0,0,-1,-1,-1,-1,-1,-1,-1,-1,1,0,0,1,0,0,0,0,0,0,0,1,0,2,0,1,0,600,10,1,0,0,0,0,1,1,0,-1,77,-1,222005,10004,2054,0,0,0,0,0,0,0,0,0,0,0,0,0,0,0,0,0,[0|0],710550,[0|0|0|0|0|0|0|0],寄宿着灵魂的骨灰。\n能召唤２名泥人的灵魂。\n\n行动迟钝但不容易硬直，腰部弯曲的灵魂。\n寻找神谕的古代王朝神官，最后的下场。\n会施展小泡泡与大泡泡，这２种魔法。
222005,泥人的骨灰＋５,1,0,[0|0|0],222005,-1,0,0,-1,0,-1,50905,-1,20000610,0,-1,0,130,0,-1,-1,-1,1,0,50,7,2,0,0,34,13,0,0,[0|0],1,1,1,1,1,0,1,0,0,0,0,1,1,0,0,0,0,0,0,0,0,0,0,0,0,-1,-1,-1,-1,-1,-1,-1,-1,1,0,0,1,0,0,0,0,0,0,0,1,0,2,0,1,0,600,10,1,0,0,0,0,1,1,0,-1,77,-1,222006,10005,2370,0,0,0,0,0,0,0,0,0,0,0,0,0,0,0,0,0,[0|0],710550,[0|0|0|0|0|0|0|0],寄宿着灵魂的骨灰。\n能召唤２名泥人的灵魂。\n\n行动迟钝但不容易硬直，腰部弯曲的灵魂。\n寻找神谕的古代王朝神官，最后的下场。\n会施展小泡泡与大泡泡，这２种魔法。
222006,泥人的骨灰＋６,1,0,[0|0|0],222006,-1,0,0,-1,0,-1,50906,-1,20000610,0,-1,0,130,0,-1,-1,-1,1,0,50,7,2,0,0,34,13,0,0,[0|0],1,1,1,1,1,0,1,0,0,0,0,1,1,0,0,0,0,0,0,0,0,0,0,0,0,-1,-1,-1,-1,-1,-1,-1,-1,1,0,0,1,0,0,0,0,0,0,0,1,0,2,0,1,0,600,10,1,0,0,0,0,1,1,0,-1,77,-1,222007,10006,2686,0,0,0,0,0,0,0,0,0,0,0,0,0,0,0,0,0,[0|0],710550,[0|0|0|0|0|0|0|0],寄宿着灵魂的骨灰。\n能召唤２名泥人的灵魂。\n\n行动迟钝但不容易硬直，腰部弯曲的灵魂。\n寻找神谕的古代王朝神官，最后的下场。\n会施展小泡泡与大泡泡，这２种魔法。
222007,泥人的骨灰＋７,1,0,[0|0|0],222007,-1,0,0,-1,0,-1,50907,-1,20000610,0,-1,0,130,0,-1,-1,-1,1,0,50,7,2,0,0,34,13,0,0,[0|0],1,1,1,1,1,0,1,0,0,0,0,1,1,0,0,0,0,0,0,0,0,0,0,0,0,-1,-1,-1,-1,-1,-1,-1,-1,1,0,0,1,0,0,0,0,0,0,0,1,0,2,0,1,0,600,10,1,0,0,0,0,1,1,0,-1,77,-1,222008,10007,3002,0,0,0,0,0,0,0,0,0,0,0,0,0,0,0,0,0,[0|0],710550,[0|0|0|0|0|0|0|0],寄宿着灵魂的骨灰。\n能召唤２名泥人的灵魂。\n\n行动迟钝但不容易硬直，腰部弯曲的灵魂。\n寻找神谕的古代王朝神官，最后的下场。\n会施展小泡泡与大泡泡，这２种魔法。
222008,泥人的骨灰＋８,1,0,[0|0|0],222008,-1,0,0,-1,0,-1,50908,-1,20000610,0,-1,0,130,0,-1,-1,-1,1,0,50,7,2,0,0,34,13,0,0,[0|0],1,1,1,1,1,0,1,0,0,0,0,1,1,0,0,0,0,0,0,0,0,0,0,0,0,-1,-1,-1,-1,-1,-1,-1,-1,1,0,0,1,0,0,0,0,0,0,0,1,0,2,0,1,0,600,10,1,0,0,0,0,1,1,0,-1,77,-1,222009,10008,3318,0,0,0,0,0,0,0,0,0,0,0,0,0,0,0,0,0,[0|0],710550,[0|0|0|0|0|0|0|0],寄宿着灵魂的骨灰。\n能召唤２名泥人的灵魂。\n\n行动迟钝但不容易硬直，腰部弯曲的灵魂。\n寻找神谕的古代王朝神官，最后的下场。\n会施展小泡泡与大泡泡，这２种魔法。
222009,泥人的骨灰＋９,1,0,[0|0|0],222009,-1,0,0,-1,0,-1,50909,-1,20000610,0,-1,0,130,0,-1,-1,-1,1,0,50,7,2,0,0,34,13,0,0,[0|0],1,1,1,1,1,0,1,0,0,0,0,1,1,0,0,0,0,0,0,0,0,0,0,0,0,-1,-1,-1,-1,-1,-1,-1,-1,1,0,0,1,0,0,0,0,0,0,0,1,0,2,0,1,0,600,10,1,0,0,0,0,1,1,0,-1,77,-1,222010,10009,3950,0,0,0,0,0,0,0,0,0,0,0,0,0,0,0,0,0,[0|0],710550,[0|0|0|0|0|0|0|0],寄宿着灵魂的骨灰。\n能召唤２名泥人的灵魂。\n\n行动迟钝但不容易硬直，腰部弯曲的灵魂。\n寻找神谕的古代王朝神官，最后的下场。\n会施展小泡泡与大泡泡，这２种魔法。
222010,泥人的骨灰＋１０,1,0,[0|0|0],222010,-1,0,0,-1,0,-1,50910,-1,20000610,0,-1,0,130,0,-1,-1,-1,1,0,50,7,2,0,0,34,13,0,0,[0|0],1,1,1,1,1,0,1,0,0,0,0,1,1,0,0,0,0,0,0,0,0,0,0,0,0,-1,-1,-1,-1,-1,-1,-1,-1,1,0,0,1,0,0,0,0,0,0,0,1,0,2,0,1,0,600,10,1,0,0,0,0,1,1,0,-1,77,-1,-1,-1,0,0,0,0,0,0,0,0,0,0,0,0,0,0,0,0,0,0,[0|0],710550,[0|0|0|0|0|0|0|0],寄宿着灵魂的骨灰。\n能召唤２名泥人的灵魂。\n\n行动迟钝但不容易硬直，腰部弯曲的灵魂。\n寻找神谕的古代王朝神官，最后的下场。\n会施展小泡泡与大泡泡，这２种魔法。
223000,“尊腐骑士”芬雷,1,0,[0|0|0],223000,-1,0,0,-1,0,-1,61300,-1,20000610,0,-1,0,131,0,-1,15,-1,1,0,50,8,2,0,0,34,13,0,0,[0|0],1,1,1,1,1,0,1,0,0,0,0,1,1,0,0,0,0,0,0,0,0,0,0,0,0,-1,-1,-1,-1,-1,-1,-1,-1,1,0,0,1,0,0,0,0,0,0,0,1,0,2,0,1,0,600,30,1,0,0,0,0,3,1,0,-1,127,-1,223001,10100,1960,0,0,0,0,0,0,0,0,0,0,0,0,0,0,0,0,0,[0|0],710550,[0|0|0|0|0|0|0|0],“传说中的骨灰”之一。\n能召唤“尊腐骑士”芬雷的灵魂。\n\n芬雷是艾奥尼亚战争的幸存者，\n也是将陷入沉眠的玛莲妮亚带回圣树的英雄。\n她只身一人击退所有敌人，走完漫长的路程。
223001,“尊腐骑士”芬雷＋１,1,0,[0|0|0],223001,-1,0,0,-1,0,-1,61301,-1,20000610,0,-1,0,131,0,-1,-1,-1,1,0,50,8,2,0,0,34,13,0,0,[0|0],1,1,1,1,1,0,1,0,0,0,0,1,1,0,0,0,0,0,0,0,0,0,0,0,0,-1,-1,-1,-1,-1,-1,-1,-1,1,0,0,1,0,0,0,0,0,0,0,1,0,2,0,1,0,600,30,1,0,0,0,0,3,1,0,-1,127,-1,223002,10101,3136,0,0,0,0,0,0,0,0,0,0,0,0,0,0,0,0,0,[0|0],710550,[0|0|0|0|0|0|0|0],“传说中的骨灰”之一。\n能召唤“尊腐骑士”芬雷的灵魂。\n\n芬雷是艾奥尼亚战争的幸存者，\n也是将陷入沉眠的玛莲妮亚带回圣树的英雄。\n她只身一人击退所有敌人，走完漫长的路程。
223002,“尊腐骑士”芬雷＋２,1,0,[0|0|0],223002,-1,0,0,-1,0,-1,61302,-1,20000610,0,-1,0,131,0,-1,-1,-1,1,0,50,8,2,0,0,34,13,0,0,[0|0],1,1,1,1,1,0,1,0,0,0,0,1,1,0,0,0,0,0,0,0,0,0,0,0,0,-1,-1,-1,-1,-1,-1,-1,-1,1,0,0,1,0,0,0,0,0,0,0,1,0,2,0,1,0,600,30,1,0,0,0,0,3,1,0,-1,127,-1,223003,10102,4312,0,0,0,0,0,0,0,0,0,0,0,0,0,0,0,0,0,[0|0],710550,[0|0|0|0|0|0|0|0],“传说中的骨灰”之一。\n能召唤“尊腐骑士”芬雷的灵魂。\n\n芬雷是艾奥尼亚战争的幸存者，\n也是将陷入沉眠的玛莲妮亚带回圣树的英雄。\n她只身一人击退所有敌人，走完漫长的路程。
223003,“尊腐骑士”芬雷＋３,1,0,[0|0|0],223003,-1,0,0,-1,0,-1,61303,-1,20000610,0,-1,0,131,0,-1,-1,-1,1,0,50,8,2,0,0,34,13,0,0,[0|0],1,1,1,1,1,0,1,0,0,0,0,1,1,0,0,0,0,0,0,0,0,0,0,0,0,-1,-1,-1,-1,-1,-1,-1,-1,1,0,0,1,0,0,0,0,0,0,0,1,0,2,0,1,0,600,30,1,0,0,0,0,3,1,0,-1,127,-1,223004,10103,5488,0,0,0,0,0,0,0,0,0,0,0,0,0,0,0,0,0,[0|0],710550,[0|0|0|0|0|0|0|0],“传说中的骨灰”之一。\n能召唤“尊腐骑士”芬雷的灵魂。\n\n芬雷是艾奥尼亚战争的幸存者，\n也是将陷入沉眠的玛莲妮亚带回圣树的英雄。\n她只身一人击退所有敌人，走完漫长的路程。
223004,“尊腐骑士”芬雷＋４,1,0,[0|0|0],223004,-1,0,0,-1,0,-1,61304,-1,20000610,0,-1,0,131,0,-1,-1,-1,1,0,50,8,2,0,0,34,13,0,0,[0|0],1,1,1,1,1,0,1,0,0,0,0,1,1,0,0,0,0,0,0,0,0,0,0,0,0,-1,-1,-1,-1,-1,-1,-1,-1,1,0,0,1,0,0,0,0,0,0,0,1,0,2,0,1,0,600,30,1,0,0,0,0,3,1,0,-1,127,-1,223005,10104,6664,0,0,0,0,0,0,0,0,0,0,0,0,0,0,0,0,0,[0|0],710550,[0|0|0|0|0|0|0|0],“传说中的骨灰”之一。\n能召唤“尊腐骑士”芬雷的灵魂。\n\n芬雷是艾奥尼亚战争的幸存者，\n也是将陷入沉眠的玛莲妮亚带回圣树的英雄。\n她只身一人击退所有敌人，走完漫长的路程。
223005,“尊腐骑士”芬雷＋５,1,0,[0|0|0],223005,-1,0,0,-1,0,-1,61305,-1,20000610,0,-1,0,131,0,-1,-1,-1,1,0,50,8,2,0,0,34,13,0,0,[0|0],1,1,1,1,1,0,1,0,0,0,0,1,1,0,0,0,0,0,0,0,0,0,0,0,0,-1,-1,-1,-1,-1,-1,-1,-1,1,0,0,1,0,0,0,0,0,0,0,1,0,2,0,1,0,600,30,1,0,0,0,0,3,1,0,-1,127,-1,223006,10105,7840,0,0,0,0,0,0,0,0,0,0,0,0,0,0,0,0,0,[0|0],710550,[0|0|0|0|0|0|0|0],“传说中的骨灰”之一。\n能召唤“尊腐骑士”芬雷的灵魂。\n\n芬雷是艾奥尼亚战争的幸存者，\n也是将陷入沉眠的玛莲妮亚带回圣树的英雄。\n她只身一人击退所有敌人，走完漫长的路程。
223006,“尊腐骑士”芬雷＋６,1,0,[0|0|0],223006,-1,0,0,-1,0,-1,61306,-1,20000610,0,-1,0,131,0,-1,-1,-1,1,0,50,8,2,0,0,34,13,0,0,[0|0],1,1,1,1,1,0,1,0,0,0,0,1,1,0,0,0,0,0,0,0,0,0,0,0,0,-1,-1,-1,-1,-1,-1,-1,-1,1,0,0,1,0,0,0,0,0,0,0,1,0,2,0,1,0,600,30,1,0,0,0,0,3,1,0,-1,127,-1,223007,10106,9016,0,0,0,0,0,0,0,0,0,0,0,0,0,0,0,0,0,[0|0],710550,[0|0|0|0|0|0|0|0],“传说中的骨灰”之一。\n能召唤“尊腐骑士”芬雷的灵魂。\n\n芬雷是艾奥尼亚战争的幸存者，\n也是将陷入沉眠的玛莲妮亚带回圣树的英雄。\n她只身一人击退所有敌人，走完漫长的路程。
223007,“尊腐骑士”芬雷＋７,1,0,[0|0|0],223007,-1,0,0,-1,0,-1,61307,-1,20000610,0,-1,0,131,0,-1,-1,-1,1,0,50,8,2,0,0,34,13,0,0,[0|0],1,1,1,1,1,0,1,0,0,0,0,1,1,0,0,0,0,0,0,0,0,0,0,0,0,-1,-1,-1,-1,-1,-1,-1,-1,1,0,0,1,0,0,0,0,0,0,0,1,0,2,0,1,0,600,30,1,0,0,0,0,3,1,0,-1,127,-1,223008,10107,10192,0,0,0,0,0,0,0,0,0,0,0,0,0,0,0,0,0,[0|0],710550,[0|0|0|0|0|0|0|0],“传说中的骨灰”之一。\n能召唤“尊腐骑士”芬雷的灵魂。\n\n芬雷是艾奥尼亚战争的幸存者，\n也是将陷入沉眠的玛莲妮亚带回圣树的英雄。\n她只身一人击退所有敌人，走完漫长的路程。
223008,“尊腐骑士”芬雷＋８,1,0,[0|0|0],223008,-1,0,0,-1,0,-1,61308,-1,20000610,0,-1,0,131,0,-1,-1,-1,1,0,50,8,2,0,0,34,13,0,0,[0|0],1,1,1,1,1,0,1,0,0,0,0,1,1,0,0,0,0,0,0,0,0,0,0,0,0,-1,-1,-1,-1,-1,-1,-1,-1,1,0,0,1,0,0,0,0,0,0,0,1,0,2,0,1,0,600,30,1,0,0,0,0,3,1,0,-1,127,-1,223009,10108,11368,0,0,0,0,0,0,0,0,0,0,0,0,0,0,0,0,0,[0|0],710550,[0|0|0|0|0|0|0|0],“传说中的骨灰”之一。\n能召唤“尊腐骑士”芬雷的灵魂。\n\n芬雷是艾奥尼亚战争的幸存者，\n也是将陷入沉眠的玛莲妮亚带回圣树的英雄。\n她只身一人击退所有敌人，走完漫长的路程。
223009,“尊腐骑士”芬雷＋９,1,0,[0|0|0],223009,-1,0,0,-1,0,-1,61309,-1,20000610,0,-1,0,131,0,-1,-1,-1,1,0,50,8,2,0,0,34,13,0,0,[0|0],1,1,1,1,1,0,1,0,0,0,0,1,1,0,0,0,0,0,0,0,0,0,0,0,0,-1,-1,-1,-1,-1,-1,-1,-1,1,0,0,1,0,0,0,0,0,0,0,1,0,2,0,1,0,600,30,1,0,0,0,0,3,1,0,-1,127,-1,223010,10109,13720,0,0,0,0,0,0,0,0,0,0,0,0,0,0,0,0,0,[0|0],710550,[0|0|0|0|0|0|0|0],“传说中的骨灰”之一。\n能召唤“尊腐骑士”芬雷的灵魂。\n\n芬雷是艾奥尼亚战争的幸存者，\n也是将陷入沉眠的玛莲妮亚带回圣树的英雄。\n她只身一人击退所有敌人，走完漫长的路程。
223010,“尊腐骑士”芬雷＋１０,1,0,[0|0|0],223010,-1,0,0,-1,0,-1,61310,-1,20000610,0,-1,0,131,0,-1,-1,-1,1,0,50,8,2,0,0,34,13,0,0,[0|0],1,1,1,1,1,0,1,0,0,0,0,1,1,0,0,0,0,0,0,0,0,0,0,0,0,-1,-1,-1,-1,-1,-1,-1,-1,1,0,0,1,0,0,0,0,0,0,0,1,0,2,0,1,0,600,30,1,0,0,0,0,3,1,0,-1,127,-1,-1,-1,0,0,0,0,0,0,0,0,0,0,0,0,0,0,0,0,0,0,[0|0],710550,[0|0|0|0|0|0|0|0],“传说中的骨灰”之一。\n能召唤“尊腐骑士”芬雷的灵魂。\n\n芬雷是艾奥尼亚战争的幸存者，\n也是将陷入沉眠的玛莲妮亚带回圣树的英雄。\n她只身一人击退所有敌人，走完漫长的路程。
224000,腐败眷属的骨灰,1,0,[0|0|0],224000,-1,0,0,-1,0,-1,56300,-1,20000610,0,-1,0,132,0,-1,-1,-1,1,0,50,7,2,0,0,34,13,0,0,[0|0],1,1,1,1,1,0,1,0,0,0,0,1,1,0,0,0,0,0,0,0,0,0,0,0,0,-1,-1,-1,-1,-1,-1,-1,-1,1,0,0,1,0,0,0,0,0,0,0,1,0,2,0,1,0,600,20,1,0,0,0,0,1,1,0,-1,73,-1,224001,10000,770,0,0,0,0,0,0,0,0,0,0,0,0,0,0,0,0,0,[0|0],710550,[0|0|0|0|0|0|0|0],寄宿着灵魂的骨灰。\n能召唤腐败眷属的灵魂。\n\n发出窸窣声蠕动的惨白虫灵魂。\n能分泌粘性丝线，攻击敌人。\n那是腐败女神的眷属，也是被遗弃的眷属。
224001,腐败眷属的骨灰＋１,1,0,[0|0|0],224001,-1,0,0,-1,0,-1,56301,-1,20000610,0,-1,0,132,0,-1,-1,-1,1,0,50,7,2,0,0,34,13,0,0,[0|0],1,1,1,1,1,0,1,0,0,0,0,1,1,0,0,0,0,0,0,0,0,0,0,0,0,-1,-1,-1,-1,-1,-1,-1,-1,1,0,0,1,0,0,0,0,0,0,0,1,0,2,0,1,0,600,20,1,0,0,0,0,1,1,0,-1,73,-1,224002,10001,1078,0,0,0,0,0,0,0,0,0,0,0,0,0,0,0,0,0,[0|0],710550,[0|0|0|0|0|0|0|0],寄宿着灵魂的骨灰。\n能召唤腐败眷属的灵魂。\n\n发出窸窣声蠕动的惨白虫灵魂。\n能分泌粘性丝线，攻击敌人。\n那是腐败女神的眷属，也是被遗弃的眷属。
224002,腐败眷属的骨灰＋２,1,0,[0|0|0],224002,-1,0,0,-1,0,-1,56302,-1,20000610,0,-1,0,132,0,-1,-1,-1,1,0,50,7,2,0,0,34,13,0,0,[0|0],1,1,1,1,1,0,1,0,0,0,0,1,1,0,0,0,0,0,0,0,0,0,0,0,0,-1,-1,-1,-1,-1,-1,-1,-1,1,0,0,1,0,0,0,0,0,0,0,1,0,2,0,1,0,600,20,1,0,0,0,0,1,1,0,-1,73,-1,224003,10002,1386,0,0,0,0,0,0,0,0,0,0,0,0,0,0,0,0,0,[0|0],710550,[0|0|0|0|0|0|0|0],寄宿着灵魂的骨灰。\n能召唤腐败眷属的灵魂。\n\n发出窸窣声蠕动的惨白虫灵魂。\n能分泌粘性丝线，攻击敌人。\n那是腐败女神的眷属，也是被遗弃的眷属。
224003,腐败眷属的骨灰＋３,1,0,[0|0|0],224003,-1,0,0,-1,0,-1,56303,-1,20000610,0,-1,0,132,0,-1,-1,-1,1,0,50,7,2,0,0,34,13,0,0,[0|0],1,1,1,1,1,0,1,0,0,0,0,1,1,0,0,0,0,0,0,0,0,0,0,0,0,-1,-1,-1,-1,-1,-1,-1,-1,1,0,0,1,0,0,0,0,0,0,0,1,0,2,0,1,0,600,20,1,0,0,0,0,1,1,0,-1,73,-1,224004,10003,1694,0,0,0,0,0,0,0,0,0,0,0,0,0,0,0,0,0,[0|0],710550,[0|0|0|0|0|0|0|0],寄宿着灵魂的骨灰。\n能召唤腐败眷属的灵魂。\n\n发出窸窣声蠕动的惨白虫灵魂。\n能分泌粘性丝线，攻击敌人。\n那是腐败女神的眷属，也是被遗弃的眷属。
224004,腐败眷属的骨灰＋４,1,0,[0|0|0],224004,-1,0,0,-1,0,-1,56304,-1,20000610,0,-1,0,132,0,-1,-1,-1,1,0,50,7,2,0,0,34,13,0,0,[0|0],1,1,1,1,1,0,1,0,0,0,0,1,1,0,0,0,0,0,0,0,0,0,0,0,0,-1,-1,-1,-1,-1,-1,-1,-1,1,0,0,1,0,0,0,0,0,0,0,1,0,2,0,1,0,600,20,1,0,0,0,0,1,1,0,-1,73,-1,224005,10004,2002,0,0,0,0,0,0,0,0,0,0,0,0,0,0,0,0,0,[0|0],710550,[0|0|0|0|0|0|0|0],寄宿着灵魂的骨灰。\n能召唤腐败眷属的灵魂。\n\n发出窸窣声蠕动的惨白虫灵魂。\n能分泌粘性丝线，攻击敌人。\n那是腐败女神的眷属，也是被遗弃的眷属。
224005,腐败眷属的骨灰＋５,1,0,[0|0|0],224005,-1,0,0,-1,0,-1,56305,-1,20000610,0,-1,0,132,0,-1,-1,-1,1,0,50,7,2,0,0,34,13,0,0,[0|0],1,1,1,1,1,0,1,0,0,0,0,1,1,0,0,0,0,0,0,0,0,0,0,0,0,-1,-1,-1,-1,-1,-1,-1,-1,1,0,0,1,0,0,0,0,0,0,0,1,0,2,0,1,0,600,20,1,0,0,0,0,1,1,0,-1,73,-1,224006,10005,2310,0,0,0,0,0,0,0,0,0,0,0,0,0,0,0,0,0,[0|0],710550,[0|0|0|0|0|0|0|0],寄宿着灵魂的骨灰。\n能召唤腐败眷属的灵魂。\n\n发出窸窣声蠕动的惨白虫灵魂。\n能分泌粘性丝线，攻击敌人。\n那是腐败女神的眷属，也是被遗弃的眷属。
224006,腐败眷属的骨灰＋６,1,0,[0|0|0],224006,-1,0,0,-1,0,-1,56306,-1,20000610,0,-1,0,132,0,-1,-1,-1,1,0,50,7,2,0,0,34,13,0,0,[0|0],1,1,1,1,1,0,1,0,0,0,0,1,1,0,0,0,0,0,0,0,0,0,0,0,0,-1,-1,-1,-1,-1,-1,-1,-1,1,0,0,1,0,0,0,0,0,0,0,1,0,2,0,1,0,600,20,1,0,0,0,0,1,1,0,-1,73,-1,224007,10006,2618,0,0,0,0,0,0,0,0,0,0,0,0,0,0,0,0,0,[0|0],710550,[0|0|0|0|0|0|0|0],寄宿着灵魂的骨灰。\n能召唤腐败眷属的灵魂。\n\n发出窸窣声蠕动的惨白虫灵魂。\n能分泌粘性丝线，攻击敌人。\n那是腐败女神的眷属，也是被遗弃的眷属。
224007,腐败眷属的骨灰＋７,1,0,[0|0|0],224007,-1,0,0,-1,0,-1,56307,-1,20000610,0,-1,0,132,0,-1,-1,-1,1,0,50,7,2,0,0,34,13,0,0,[0|0],1,1,1,1,1,0,1,0,0,0,0,1,1,0,0,0,0,0,0,0,0,0,0,0,0,-1,-1,-1,-1,-1,-1,-1,-1,1,0,0,1,0,0,0,0,0,0,0,1,0,2,0,1,0,600,20,1,0,0,0,0,1,1,0,-1,73,-1,224008,10007,2926,0,0,0,0,0,0,0,0,0,0,0,0,0,0,0,0,0,[0|0],710550,[0|0|0|0|0|0|0|0],寄宿着灵魂的骨灰。\n能召唤腐败眷属的灵魂。\n\n发出窸窣声蠕动的惨白虫灵魂。\n能分泌粘性丝线，攻击敌人。\n那是腐败女神的眷属，也是被遗弃的眷属。
224008,腐败眷属的骨灰＋８,1,0,[0|0|0],224008,-1,0,0,-1,0,-1,56308,-1,20000610,0,-1,0,132,0,-1,-1,-1,1,0,50,7,2,0,0,34,13,0,0,[0|0],1,1,1,1,1,0,1,0,0,0,0,1,1,0,0,0,0,0,0,0,0,0,0,0,0,-1,-1,-1,-1,-1,-1,-1,-1,1,0,0,1,0,0,0,0,0,0,0,1,0,2,0,1,0,600,20,1,0,0,0,0,1,1,0,-1,73,-1,224009,10008,3234,0,0,0,0,0,0,0,0,0,0,0,0,0,0,0,0,0,[0|0],710550,[0|0|0|0|0|0|0|0],寄宿着灵魂的骨灰。\n能召唤腐败眷属的灵魂。\n\n发出窸窣声蠕动的惨白虫灵魂。\n能分泌粘性丝线，攻击敌人。\n那是腐败女神的眷属，也是被遗弃的眷属。
224009,腐败眷属的骨灰＋９,1,0,[0|0|0],224009,-1,0,0,-1,0,-1,56309,-1,20000610,0,-1,0,132,0,-1,-1,-1,1,0,50,7,2,0,0,34,13,0,0,[0|0],1,1,1,1,1,0,1,0,0,0,0,1,1,0,0,0,0,0,0,0,0,0,0,0,0,-1,-1,-1,-1,-1,-1,-1,-1,1,0,0,1,0,0,0,0,0,0,0,1,0,2,0,1,0,600,20,1,0,0,0,0,1,1,0,-1,73,-1,224010,10009,3850,0,0,0,0,0,0,0,0,0,0,0,0,0,0,0,0,0,[0|0],710550,[0|0|0|0|0|0|0|0],寄宿着灵魂的骨灰。\n能召唤腐败眷属的灵魂。\n\n发出窸窣声蠕动的惨白虫灵魂。\n能分泌粘性丝线，攻击敌人。\n那是腐败女神的眷属，也是被遗弃的眷属。
224010,腐败眷属的骨灰＋１０,1,0,[0|0|0],224010,-1,0,0,-1,0,-1,56310,-1,20000610,0,-1,0,132,0,-1,-1,-1,1,0,50,7,2,0,0,34,13,0,0,[0|0],1,1,1,1,1,0,1,0,0,0,0,1,1,0,0,0,0,0,0,0,0,0,0,0,0,-1,-1,-1,-1,-1,-1,-1,-1,1,0,0,1,0,0,0,0,0,0,0,1,0,2,0,1,0,600,20,1,0,0,0,0,1,1,0,-1,73,-1,-1,-1,0,0,0,0,0,0,0,0,0,0,0,0,0,0,0,0,0,0,[0|0],710550,[0|0|0|0|0|0|0|0],寄宿着灵魂的骨灰。\n能召唤腐败眷属的灵魂。\n\n发出窸窣声蠕动的惨白虫灵魂。\n能分泌粘性丝线，攻击敌人。\n那是腐败女神的眷属，也是被遗弃的眷属。
225000,人偶士兵的骨灰,1,0,[0|0|0],225000,-1,0,0,-1,0,-1,55400,-1,20000610,0,-1,0,133,0,-1,-1,-1,1,0,50,7,2,0,0,34,13,0,0,[0|0],1,1,1,1,1,0,1,0,0,0,0,1,1,0,0,0,0,0,0,0,0,0,0,0,0,-1,-1,-1,-1,-1,-1,-1,-1,1,0,0,1,0,0,0,0,0,0,0,1,0,2,0,1,0,600,20,1,0,0,0,0,1,1,0,-1,67,-1,225001,10000,710,0,0,0,0,0,0,0,0,0,0,0,0,0,0,0,0,0,[0|0],710550,[0|0|0|0|0|0|0|0],寄宿着灵魂的骨灰。\n能召唤２名人偶士兵的灵魂。\n\n用来作为魔法师随从而制造的，人偶士兵的灵魂。\n两只手各持一把弓射击的人偶。\n但因为快要损坏，\n会不受控制，自己开始战斗。
225001,人偶士兵的骨灰＋１,1,0,[0|0|0],225001,-1,0,0,-1,0,-1,55401,-1,20000610,0,-1,0,133,0,-1,-1,-1,1,0,50,7,2,0,0,34,13,0,0,[0|0],1,1,1,1,1,0,1,0,0,0,0,1,1,0,0,0,0,0,0,0,0,0,0,0,0,-1,-1,-1,-1,-1,-1,-1,-1,1,0,0,1,0,0,0,0,0,0,0,1,0,2,0,1,0,600,20,1,0,0,0,0,1,1,0,-1,67,-1,225002,10001,994,0,0,0,0,0,0,0,0,0,0,0,0,0,0,0,0,0,[0|0],710550,[0|0|0|0|0|0|0|0],寄宿着灵魂的骨灰。\n能召唤２名人偶士兵的灵魂。\n\n用来作为魔法师随从而制造的，人偶士兵的灵魂。\n两只手各持一把弓射击的人偶。\n但因为快要损坏，\n会不受控制，自己开始战斗。
225002,人偶士兵的骨灰＋２,1,0,[0|0|0],225002,-1,0,0,-1,0,-1,55402,-1,20000610,0,-1,0,133,0,-1,-1,-1,1,0,50,7,2,0,0,34,13,0,0,[0|0],1,1,1,1,1,0,1,0,0,0,0,1,1,0,0,0,0,0,0,0,0,0,0,0,0,-1,-1,-1,-1,-1,-1,-1,-1,1,0,0,1,0,0,0,0,0,0,0,1,0,2,0,1,0,600,20,1,0,0,0,0,1,1,0,-1,67,-1,225003,10002,1278,0,0,0,0,0,0,0,0,0,0,0,0,0,0,0,0,0,[0|0],710550,[0|0|0|0|0|0|0|0],寄宿着灵魂的骨灰。\n能召唤２名人偶士兵的灵魂。\n\n用来作为魔法师随从而制造的，人偶士兵的灵魂。\n两只手各持一把弓射击的人偶。\n但因为快要损坏，\n会不受控制，自己开始战斗。
225003,人偶士兵的骨灰＋３,1,0,[0|0|0],225003,-1,0,0,-1,0,-1,55403,-1,20000610,0,-1,0,133,0,-1,-1,-1,1,0,50,7,2,0,0,34,13,0,0,[0|0],1,1,1,1,1,0,1,0,0,0,0,1,1,0,0,0,0,0,0,0,0,0,0,0,0,-1,-1,-1,-1,-1,-1,-1,-1,1,0,0,1,0,0,0,0,0,0,0,1,0,2,0,1,0,600,20,1,0,0,0,0,1,1,0,-1,67,-1,225004,10003,1562,0,0,0,0,0,0,0,0,0,0,0,0,0,0,0,0,0,[0|0],710550,[0|0|0|0|0|0|0|0],寄宿着灵魂的骨灰。\n能召唤２名人偶士兵的灵魂。\n\n用来作为魔法师随从而制造的，人偶士兵的灵魂。\n两只手各持一把弓射击的人偶。\n但因为快要损坏，\n会不受控制，自己开始战斗。
225004,人偶士兵的骨灰＋４,1,0,[0|0|0],225004,-1,0,0,-1,0,-1,55404,-1,20000610,0,-1,0,133,0,-1,-1,-1,1,0,50,7,2,0,0,34,13,0,0,[0|0],1,1,1,1,1,0,1,0,0,0,0,1,1,0,0,0,0,0,0,0,0,0,0,0,0,-1,-1,-1,-1,-1,-1,-1,-1,1,0,0,1,0,0,0,0,0,0,0,1,0,2,0,1,0,600,20,1,0,0,0,0,1,1,0,-1,67,-1,225005,10004,1846,0,0,0,0,0,0,0,0,0,0,0,0,0,0,0,0,0,[0|0],710550,[0|0|0|0|0|0|0|0],寄宿着灵魂的骨灰。\n能召唤２名人偶士兵的灵魂。\n\n用来作为魔法师随从而制造的，人偶士兵的灵魂。\n两只手各持一把弓射击的人偶。\n但因为快要损坏，\n会不受控制，自己开始战斗。
225005,人偶士兵的骨灰＋５,1,0,[0|0|0],225005,-1,0,0,-1,0,-1,55405,-1,20000610,0,-1,0,133,0,-1,-1,-1,1,0,50,7,2,0,0,34,13,0,0,[0|0],1,1,1,1,1,0,1,0,0,0,0,1,1,0,0,0,0,0,0,0,0,0,0,0,0,-1,-1,-1,-1,-1,-1,-1,-1,1,0,0,1,0,0,0,0,0,0,0,1,0,2,0,1,0,600,20,1,0,0,0,0,1,1,0,-1,67,-1,225006,10005,2130,0,0,0,0,0,0,0,0,0,0,0,0,0,0,0,0,0,[0|0],710550,[0|0|0|0|0|0|0|0],寄宿着灵魂的骨灰。\n能召唤２名人偶士兵的灵魂。\n\n用来作为魔法师随从而制造的，人偶士兵的灵魂。\n两只手各持一把弓射击的人偶。\n但因为快要损坏，\n会不受控制，自己开始战斗。
225006,人偶士兵的骨灰＋６,1,0,[0|0|0],225006,-1,0,0,-1,0,-1,55406,-1,20000610,0,-1,0,133,0,-1,-1,-1,1,0,50,7,2,0,0,34,13,0,0,[0|0],1,1,1,1,1,0,1,0,0,0,0,1,1,0,0,0,0,0,0,0,0,0,0,0,0,-1,-1,-1,-1,-1,-1,-1,-1,1,0,0,1,0,0,0,0,0,0,0,1,0,2,0,1,0,600,20,1,0,0,0,0,1,1,0,-1,67,-1,225007,10006,2414,0,0,0,0,0,0,0,0,0,0,0,0,0,0,0,0,0,[0|0],710550,[0|0|0|0|0|0|0|0],寄宿着灵魂的骨灰。\n能召唤２名人偶士兵的灵魂。\n\n用来作为魔法师随从而制造的，人偶士兵的灵魂。\n两只手各持一把弓射击的人偶。\n但因为快要损坏，\n会不受控制，自己开始战斗。
225007,人偶士兵的骨灰＋７,1,0,[0|0|0],225007,-1,0,0,-1,0,-1,55407,-1,20000610,0,-1,0,133,0,-1,-1,-1,1,0,50,7,2,0,0,34,13,0,0,[0|0],1,1,1,1,1,0,1,0,0,0,0,1,1,0,0,0,0,0,0,0,0,0,0,0,0,-1,-1,-1,-1,-1,-1,-1,-1,1,0,0,1,0,0,0,0,0,0,0,1,0,2,0,1,0,600,20,1,0,0,0,0,1,1,0,-1,67,-1,225008,10007,2698,0,0,0,0,0,0,0,0,0,0,0,0,0,0,0,0,0,[0|0],710550,[0|0|0|0|0|0|0|0],寄宿着灵魂的骨灰。\n能召唤２名人偶士兵的灵魂。\n\n用来作为魔法师随从而制造的，人偶士兵的灵魂。\n两只手各持一把弓射击的人偶。\n但因为快要损坏，\n会不受控制，自己开始战斗。
225008,人偶士兵的骨灰＋８,1,0,[0|0|0],225008,-1,0,0,-1,0,-1,55408,-1,20000610,0,-1,0,133,0,-1,-1,-1,1,0,50,7,2,0,0,34,13,0,0,[0|0],1,1,1,1,1,0,1,0,0,0,0,1,1,0,0,0,0,0,0,0,0,0,0,0,0,-1,-1,-1,-1,-1,-1,-1,-1,1,0,0,1,0,0,0,0,0,0,0,1,0,2,0,1,0,600,20,1,0,0,0,0,1,1,0,-1,67,-1,225009,10008,2982,0,0,0,0,0,0,0,0,0,0,0,0,0,0,0,0,0,[0|0],710550,[0|0|0|0|0|0|0|0],寄宿着灵魂的骨灰。\n能召唤２名人偶士兵的灵魂。\n\n用来作为魔法师随从而制造的，人偶士兵的灵魂。\n两只手各持一把弓射击的人偶。\n但因为快要损坏，\n会不受控制，自己开始战斗。
225009,人偶士兵的骨灰＋９,1,0,[0|0|0],225009,-1,0,0,-1,0,-1,55409,-1,20000610,0,-1,0,133,0,-1,-1,-1,1,0,50,7,2,0,0,34,13,0,0,[0|0],1,1,1,1,1,0,1,0,0,0,0,1,1,0,0,0,0,0,0,0,0,0,0,0,0,-1,-1,-1,-1,-1,-1,-1,-1,1,0,0,1,0,0,0,0,0,0,0,1,0,2,0,1,0,600,20,1,0,0,0,0,1,1,0,-1,67,-1,225010,10009,3550,0,0,0,0,0,0,0,0,0,0,0,0,0,0,0,0,0,[0|0],710550,[0|0|0|0|0|0|0|0],寄宿着灵魂的骨灰。\n能召唤２名人偶士兵的灵魂。\n\n用来作为魔法师随从而制造的，人偶士兵的灵魂。\n两只手各持一把弓射击的人偶。\n但因为快要损坏，\n会不受控制，自己开始战斗。
225010,人偶士兵的骨灰＋１０,1,0,[0|0|0],225010,-1,0,0,-1,0,-1,55410,-1,20000610,0,-1,0,133,0,-1,-1,-1,1,0,50,7,2,0,0,34,13,0,0,[0|0],1,1,1,1,1,0,1,0,0,0,0,1,1,0,0,0,0,0,0,0,0,0,0,0,0,-1,-1,-1,-1,-1,-1,-1,-1,1,0,0,1,0,0,0,0,0,0,0,1,0,2,0,1,0,600,20,1,0,0,0,0,1,1,0,-1,67,-1,-1,-1,0,0,0,0,0,0,0,0,0,0,0,0,0,0,0,0,0,0,[0|0],710550,[0|0|0|0|0|0|0|0],寄宿着灵魂的骨灰。\n能召唤２名人偶士兵的灵魂。\n\n用来作为魔法师随从而制造的，人偶士兵的灵魂。\n两只手各持一把弓射击的人偶。\n但因为快要损坏，\n会不受控制，自己开始战斗。
226000,鸟身人偶士兵的骨灰,1,0,[0|0|0],226000,-1,0,0,-1,0,-1,55500,-1,20000610,0,-1,0,134,0,-1,-1,-1,1,0,50,7,2,0,0,34,13,0,0,[0|0],1,1,1,1,1,0,1,0,0,0,0,1,1,0,0,0,0,0,0,0,0,0,0,0,0,-1,-1,-1,-1,-1,-1,-1,-1,1,0,0,1,0,0,0,0,0,0,0,1,0,2,0,1,0,600,20,1,0,0,0,0,1,1,0,-1,67,-1,226001,10000,710,0,0,0,0,0,0,0,0,0,0,0,0,0,0,0,0,0,[0|0],710550,[0|0|0|0|0|0|0|0],寄宿着灵魂的骨灰。\n能召唤２名鸟身人偶士兵的灵魂。\n\n用来作为魔法师随从而制造的，\n鸟身人偶士兵的灵魂。\n装备长柄镰刀，能从空中丢掷火焰壶。\n受到损伤后可能会发生故障，要小心。
226001,鸟身人偶士兵的骨灰＋１,1,0,[0|0|0],226001,-1,0,0,-1,0,-1,55501,-1,20000610,0,-1,0,134,0,-1,-1,-1,1,0,50,7,2,0,0,34,13,0,0,[0|0],1,1,1,1,1,0,1,0,0,0,0,1,1,0,0,0,0,0,0,0,0,0,0,0,0,-1,-1,-1,-1,-1,-1,-1,-1,1,0,0,1,0,0,0,0,0,0,0,1,0,2,0,1,0,600,20,1,0,0,0,0,1,1,0,-1,67,-1,226002,10001,994,0,0,0,0,0,0,0,0,0,0,0,0,0,0,0,0,0,[0|0],710550,[0|0|0|0|0|0|0|0],寄宿着灵魂的骨灰。\n能召唤２名鸟身人偶士兵的灵魂。\n\n用来作为魔法师随从而制造的，\n鸟身人偶士兵的灵魂。\n装备长柄镰刀，能从空中丢掷火焰壶。\n受到损伤后可能会发生故障，要小心。
226002,鸟身人偶士兵的骨灰＋２,1,0,[0|0|0],226002,-1,0,0,-1,0,-1,55502,-1,20000610,0,-1,0,134,0,-1,-1,-1,1,0,50,7,2,0,0,34,13,0,0,[0|0],1,1,1,1,1,0,1,0,0,0,0,1,1,0,0,0,0,0,0,0,0,0,0,0,0,-1,-1,-1,-1,-1,-1,-1,-1,1,0,0,1,0,0,0,0,0,0,0,1,0,2,0,1,0,600,20,1,0,0,0,0,1,1,0,-1,67,-1,226003,10002,1278,0,0,0,0,0,0,0,0,0,0,0,0,0,0,0,0,0,[0|0],710550,[0|0|0|0|0|0|0|0],寄宿着灵魂的骨灰。\n能召唤２名鸟身人偶士兵的灵魂。\n\n用来作为魔法师随从而制造的，\n鸟身人偶士兵的灵魂。\n装备长柄镰刀，能从空中丢掷火焰壶。\n受到损伤后可能会发生故障，要小心。
226003,鸟身人偶士兵的骨灰＋３,1,0,[0|0|0],226003,-1,0,0,-1,0,-1,55503,-1,20000610,0,-1,0,134,0,-1,-1,-1,1,0,50,7,2,0,0,34,13,0,0,[0|0],1,1,1,1,1,0,1,0,0,0,0,1,1,0,0,0,0,0,0,0,0,0,0,0,0,-1,-1,-1,-1,-1,-1,-1,-1,1,0,0,1,0,0,0,0,0,0,0,1,0,2,0,1,0,600,20,1,0,0,0,0,1,1,0,-1,67,-1,226004,10003,1562,0,0,0,0,0,0,0,0,0,0,0,0,0,0,0,0,0,[0|0],710550,[0|0|0|0|0|0|0|0],寄宿着灵魂的骨灰。\n能召唤２名鸟身人偶士兵的灵魂。\n\n用来作为魔法师随从而制造的，\n鸟身人偶士兵的灵魂。\n装备长柄镰刀，能从空中丢掷火焰壶。\n受到损伤后可能会发生故障，要小心。
226004,鸟身人偶士兵的骨灰＋４,1,0,[0|0|0],226004,-1,0,0,-1,0,-1,55504,-1,20000610,0,-1,0,134,0,-1,-1,-1,1,0,50,7,2,0,0,34,13,0,0,[0|0],1,1,1,1,1,0,1,0,0,0,0,1,1,0,0,0,0,0,0,0,0,0,0,0,0,-1,-1,-1,-1,-1,-1,-1,-1,1,0,0,1,0,0,0,0,0,0,0,1,0,2,0,1,0,600,20,1,0,0,0,0,1,1,0,-1,67,-1,226005,10004,1846,0,0,0,0,0,0,0,0,0,0,0,0,0,0,0,0,0,[0|0],710550,[0|0|0|0|0|0|0|0],寄宿着灵魂的骨灰。\n能召唤２名鸟身人偶士兵的灵魂。\n\n用来作为魔法师随从而制造的，\n鸟身人偶士兵的灵魂。\n装备长柄镰刀，能从空中丢掷火焰壶。\n受到损伤后可能会发生故障，要小心。
226005,鸟身人偶士兵的骨灰＋５,1,0,[0|0|0],226005,-1,0,0,-1,0,-1,55505,-1,20000610,0,-1,0,134,0,-1,-1,-1,1,0,50,7,2,0,0,34,13,0,0,[0|0],1,1,1,1,1,0,1,0,0,0,0,1,1,0,0,0,0,0,0,0,0,0,0,0,0,-1,-1,-1,-1,-1,-1,-1,-1,1,0,0,1,0,0,0,0,0,0,0,1,0,2,0,1,0,600,20,1,0,0,0,0,1,1,0,-1,67,-1,226006,10005,2130,0,0,0,0,0,0,0,0,0,0,0,0,0,0,0,0,0,[0|0],710550,[0|0|0|0|0|0|0|0],寄宿着灵魂的骨灰。\n能召唤２名鸟身人偶士兵的灵魂。\n\n用来作为魔法师随从而制造的，\n鸟身人偶士兵的灵魂。\n装备长柄镰刀，能从空中丢掷火焰壶。\n受到损伤后可能会发生故障，要小心。
226006,鸟身人偶士兵的骨灰＋６,1,0,[0|0|0],226006,-1,0,0,-1,0,-1,55506,-1,20000610,0,-1,0,134,0,-1,-1,-1,1,0,50,7,2,0,0,34,13,0,0,[0|0],1,1,1,1,1,0,1,0,0,0,0,1,1,0,0,0,0,0,0,0,0,0,0,0,0,-1,-1,-1,-1,-1,-1,-1,-1,1,0,0,1,0,0,0,0,0,0,0,1,0,2,0,1,0,600,20,1,0,0,0,0,1,1,0,-1,67,-1,226007,10006,2414,0,0,0,0,0,0,0,0,0,0,0,0,0,0,0,0,0,[0|0],710550,[0|0|0|0|0|0|0|0],寄宿着灵魂的骨灰。\n能召唤２名鸟身人偶士兵的灵魂。\n\n用来作为魔法师随从而制造的，\n鸟身人偶士兵的灵魂。\n装备长柄镰刀，能从空中丢掷火焰壶。\n受到损伤后可能会发生故障，要小心。
226007,鸟身人偶士兵的骨灰＋７,1,0,[0|0|0],226007,-1,0,0,-1,0,-1,55507,-1,20000610,0,-1,0,134,0,-1,-1,-1,1,0,50,7,2,0,0,34,13,0,0,[0|0],1,1,1,1,1,0,1,0,0,0,0,1,1,0,0,0,0,0,0,0,0,0,0,0,0,-1,-1,-1,-1,-1,-1,-1,-1,1,0,0,1,0,0,0,0,0,0,0,1,0,2,0,1,0,600,20,1,0,0,0,0,1,1,0,-1,67,-1,226008,10007,2698,0,0,0,0,0,0,0,0,0,0,0,0,0,0,0,0,0,[0|0],710550,[0|0|0|0|0|0|0|0],寄宿着灵魂的骨灰。\n能召唤２名鸟身人偶士兵的灵魂。\n\n用来作为魔法师随从而制造的，\n鸟身人偶士兵的灵魂。\n装备长柄镰刀，能从空中丢掷火焰壶。\n受到损伤后可能会发生故障，要小心。
226008,鸟身人偶士兵的骨灰＋８,1,0,[0|0|0],226008,-1,0,0,-1,0,-1,55508,-1,20000610,0,-1,0,134,0,-1,-1,-1,1,0,50,7,2,0,0,34,13,0,0,[0|0],1,1,1,1,1,0,1,0,0,0,0,1,1,0,0,0,0,0,0,0,0,0,0,0,0,-1,-1,-1,-1,-1,-1,-1,-1,1,0,0,1,0,0,0,0,0,0,0,1,0,2,0,1,0,600,20,1,0,0,0,0,1,1,0,-1,67,-1,226009,10008,2982,0,0,0,0,0,0,0,0,0,0,0,0,0,0,0,0,0,[0|0],710550,[0|0|0|0|0|0|0|0],寄宿着灵魂的骨灰。\n能召唤２名鸟身人偶士兵的灵魂。\n\n用来作为魔法师随从而制造的，\n鸟身人偶士兵的灵魂。\n装备长柄镰刀，能从空中丢掷火焰壶。\n受到损伤后可能会发生故障，要小心。
226009,鸟身人偶士兵的骨灰＋９,1,0,[0|0|0],226009,-1,0,0,-1,0,-1,55509,-1,20000610,0,-1,0,134,0,-1,-1,-1,1,0,50,7,2,0,0,34,13,0,0,[0|0],1,1,1,1,1,0,1,0,0,0,0,1,1,0,0,0,0,0,0,0,0,0,0,0,0,-1,-1,-1,-1,-1,-1,-1,-1,1,0,0,1,0,0,0,0,0,0,0,1,0,2,0,1,0,600,20,1,0,0,0,0,1,1,0,-1,67,-1,226010,10009,3550,0,0,0,0,0,0,0,0,0,0,0,0,0,0,0,0,0,[0|0],710550,[0|0|0|0|0|0|0|0],寄宿着灵魂的骨灰。\n能召唤２名鸟身人偶士兵的灵魂。\n\n用来作为魔法师随从而制造的，\n鸟身人偶士兵的灵魂。\n装备长柄镰刀，能从空中丢掷火焰壶。\n受到损伤后可能会发生故障，要小心。
226010,鸟身人偶士兵的骨灰＋１０,1,0,[0|0|0],226010,-1,0,0,-1,0,-1,55510,-1,20000610,0,-1,0,134,0,-1,-1,-1,1,0,50,7,2,0,0,34,13,0,0,[0|0],1,1,1,1,1,0,1,0,0,0,0,1,1,0,0,0,0,0,0,0,0,0,0,0,0,-1,-1,-1,-1,-1,-1,-1,-1,1,0,0,1,0,0,0,0,0,0,0,1,0,2,0,1,0,600,20,1,0,0,0,0,1,1,0,-1,67,-1,-1,-1,0,0,0,0,0,0,0,0,0,0,0,0,0,0,0,0,0,0,[0|0],710550,[0|0|0|0|0|0|0|0],寄宿着灵魂的骨灰。\n能召唤２名鸟身人偶士兵的灵魂。\n\n用来作为魔法师随从而制造的，\n鸟身人偶士兵的灵魂。\n装备长柄镰刀，能从空中丢掷火焰壶。\n受到损伤后可能会发生故障，要小心。
227000,火焰习武修士的骨灰,1,0,[0|0|0],227000,-1,0,0,-1,0,-1,55800,-1,20000610,0,-1,0,135,0,-1,-1,-1,1,0,50,7,2,0,0,34,13,0,0,[0|0],1,1,1,1,1,0,1,0,0,0,0,1,1,0,0,0,0,0,0,0,0,0,0,0,0,-1,-1,-1,-1,-1,-1,-1,-1,1,0,0,1,0,0,0,0,0,0,0,1,0,2,0,1,0,600,20,1,0,0,0,0,1,1,0,-1,85,-1,227001,10000,820,0,0,0,0,0,0,0,0,0,0,0,0,0,0,0,0,0,[0|0],710550,[0|0|0|0|0|0|0|0],寄宿着灵魂的骨灰。\n能召唤火焰习武修士的灵魂。\n\n巨人火焰的监视者，\n骁勇的火焰习武修士灵魂。\n会执行火焰祷告，也相当耐火。\n\n然而历经长久岁月之后，\n那火焰掳获了监视者的心。
227001,火焰习武修士的骨灰＋１,1,0,[0|0|0],227001,-1,0,0,-1,0,-1,55801,-1,20000610,0,-1,0,135,0,-1,-1,-1,1,0,50,7,2,0,0,34,13,0,0,[0|0],1,1,1,1,1,0,1,0,0,0,0,1,1,0,0,0,0,0,0,0,0,0,0,0,0,-1,-1,-1,-1,-1,-1,-1,-1,1,0,0,1,0,0,0,0,0,0,0,1,0,2,0,1,0,600,20,1,0,0,0,0,1,1,0,-1,85,-1,227002,10001,1148,0,0,0,0,0,0,0,0,0,0,0,0,0,0,0,0,0,[0|0],710550,[0|0|0|0|0|0|0|0],寄宿着灵魂的骨灰。\n能召唤火焰习武修士的灵魂。\n\n巨人火焰的监视者，\n骁勇的火焰习武修士灵魂。\n会执行火焰祷告，也相当耐火。\n\n然而历经长久岁月之后，\n那火焰掳获了监视者的心。
227002,火焰习武修士的骨灰＋２,1,0,[0|0|0],227002,-1,0,0,-1,0,-1,55802,-1,20000610,0,-1,0,135,0,-1,-1,-1,1,0,50,7,2,0,0,34,13,0,0,[0|0],1,1,1,1,1,0,1,0,0,0,0,1,1,0,0,0,0,0,0,0,0,0,0,0,0,-1,-1,-1,-1,-1,-1,-1,-1,1,0,0,1,0,0,0,0,0,0,0,1,0,2,0,1,0,600,20,1,0,0,0,0,1,1,0,-1,85,-1,227003,10002,1476,0,0,0,0,0,0,0,0,0,0,0,0,0,0,0,0,0,[0|0],710550,[0|0|0|0|0|0|0|0],寄宿着灵魂的骨灰。\n能召唤火焰习武修士的灵魂。\n\n巨人火焰的监视者，\n骁勇的火焰习武修士灵魂。\n会执行火焰祷告，也相当耐火。\n\n然而历经长久岁月之后，\n那火焰掳获了监视者的心。
227003,火焰习武修士的骨灰＋３,1,0,[0|0|0],227003,-1,0,0,-1,0,-1,55803,-1,20000610,0,-1,0,135,0,-1,-1,-1,1,0,50,7,2,0,0,34,13,0,0,[0|0],1,1,1,1,1,0,1,0,0,0,0,1,1,0,0,0,0,0,0,0,0,0,0,0,0,-1,-1,-1,-1,-1,-1,-1,-1,1,0,0,1,0,0,0,0,0,0,0,1,0,2,0,1,0,600,20,1,0,0,0,0,1,1,0,-1,85,-1,227004,10003,1804,0,0,0,0,0,0,0,0,0,0,0,0,0,0,0,0,0,[0|0],710550,[0|0|0|0|0|0|0|0],寄宿着灵魂的骨灰。\n能召唤火焰习武修士的灵魂。\n\n巨人火焰的监视者，\n骁勇的火焰习武修士灵魂。\n会执行火焰祷告，也相当耐火。\n\n然而历经长久岁月之后，\n那火焰掳获了监视者的心。
227004,火焰习武修士的骨灰＋４,1,0,[0|0|0],227004,-1,0,0,-1,0,-1,55804,-1,20000610,0,-1,0,135,0,-1,-1,-1,1,0,50,7,2,0,0,34,13,0,0,[0|0],1,1,1,1,1,0,1,0,0,0,0,1,1,0,0,0,0,0,0,0,0,0,0,0,0,-1,-1,-1,-1,-1,-1,-1,-1,1,0,0,1,0,0,0,0,0,0,0,1,0,2,0,1,0,600,20,1,0,0,0,0,1,1,0,-1,85,-1,227005,10004,2132,0,0,0,0,0,0,0,0,0,0,0,0,0,0,0,0,0,[0|0],710550,[0|0|0|0|0|0|0|0],寄宿着灵魂的骨灰。\n能召唤火焰习武修士的灵魂。\n\n巨人火焰的监视者，\n骁勇的火焰习武修士灵魂。\n会执行火焰祷告，也相当耐火。\n\n然而历经长久岁月之后，\n那火焰掳获了监视者的心。
227005,火焰习武修士的骨灰＋５,1,0,[0|0|0],227005,-1,0,0,-1,0,-1,55805,-1,20000610,0,-1,0,135,0,-1,-1,-1,1,0,50,7,2,0,0,34,13,0,0,[0|0],1,1,1,1,1,0,1,0,0,0,0,1,1,0,0,0,0,0,0,0,0,0,0,0,0,-1,-1,-1,-1,-1,-1,-1,-1,1,0,0,1,0,0,0,0,0,0,0,1,0,2,0,1,0,600,20,1,0,0,0,0,1,1,0,-1,85,-1,227006,10005,2460,0,0,0,0,0,0,0,0,0,0,0,0,0,0,0,0,0,[0|0],710550,[0|0|0|0|0|0|0|0],寄宿着灵魂的骨灰。\n能召唤火焰习武修士的灵魂。\n\n巨人火焰的监视者，\n骁勇的火焰习武修士灵魂。\n会执行火焰祷告，也相当耐火。\n\n然而历经长久岁月之后，\n那火焰掳获了监视者的心。
227006,火焰习武修士的骨灰＋６,1,0,[0|0|0],227006,-1,0,0,-1,0,-1,55806,-1,20000610,0,-1,0,135,0,-1,-1,-1,1,0,50,7,2,0,0,34,13,0,0,[0|0],1,1,1,1,1,0,1,0,0,0,0,1,1,0,0,0,0,0,0,0,0,0,0,0,0,-1,-1,-1,-1,-1,-1,-1,-1,1,0,0,1,0,0,0,0,0,0,0,1,0,2,0,1,0,600,20,1,0,0,0,0,1,1,0,-1,85,-1,227007,10006,2788,0,0,0,0,0,0,0,0,0,0,0,0,0,0,0,0,0,[0|0],710550,[0|0|0|0|0|0|0|0],寄宿着灵魂的骨灰。\n能召唤火焰习武修士的灵魂。\n\n巨人火焰的监视者，\n骁勇的火焰习武修士灵魂。\n会执行火焰祷告，也相当耐火。\n\n然而历经长久岁月之后，\n那火焰掳获了监视者的心。
227007,火焰习武修士的骨灰＋７,1,0,[0|0|0],227007,-1,0,0,-1,0,-1,55807,-1,20000610,0,-1,0,135,0,-1,-1,-1,1,0,50,7,2,0,0,34,13,0,0,[0|0],1,1,1,1,1,0,1,0,0,0,0,1,1,0,0,0,0,0,0,0,0,0,0,0,0,-1,-1,-1,-1,-1,-1,-1,-1,1,0,0,1,0,0,0,0,0,0,0,1,0,2,0,1,0,600,20,1,0,0,0,0,1,1,0,-1,85,-1,227008,10007,3116,0,0,0,0,0,0,0,0,0,0,0,0,0,0,0,0,0,[0|0],710550,[0|0|0|0|0|0|0|0],寄宿着灵魂的骨灰。\n能召唤火焰习武修士的灵魂。\n\n巨人火焰的监视者，\n骁勇的火焰习武修士灵魂。\n会执行火焰祷告，也相当耐火。\n\n然而历经长久岁月之后，\n那火焰掳获了监视者的心。
227008,火焰习武修士的骨灰＋８,1,0,[0|0|0],227008,-1,0,0,-1,0,-1,55808,-1,20000610,0,-1,0,135,0,-1,-1,-1,1,0,50,7,2,0,0,34,13,0,0,[0|0],1,1,1,1,1,0,1,0,0,0,0,1,1,0,0,0,0,0,0,0,0,0,0,0,0,-1,-1,-1,-1,-1,-1,-1,-1,1,0,0,1,0,0,0,0,0,0,0,1,0,2,0,1,0,600,20,1,0,0,0,0,1,1,0,-1,85,-1,227009,10008,3444,0,0,0,0,0,0,0,0,0,0,0,0,0,0,0,0,0,[0|0],710550,[0|0|0|0|0|0|0|0],寄宿着灵魂的骨灰。\n能召唤火焰习武修士的灵魂。\n\n巨人火焰的监视者，\n骁勇的火焰习武修士灵魂。\n会执行火焰祷告，也相当耐火。\n\n然而历经长久岁月之后，\n那火焰掳获了监视者的心。
227009,火焰习武修士的骨灰＋９,1,0,[0|0|0],227009,-1,0,0,-1,0,-1,55809,-1,20000610,0,-1,0,135,0,-1,-1,-1,1,0,50,7,2,0,0,34,13,0,0,[0|0],1,1,1,1,1,0,1,0,0,0,0,1,1,0,0,0,0,0,0,0,0,0,0,0,0,-1,-1,-1,-1,-1,-1,-1,-1,1,0,0,1,0,0,0,0,0,0,0,1,0,2,0,1,0,600,20,1,0,0,0,0,1,1,0,-1,85,-1,227010,10009,4100,0,0,0,0,0,0,0,0,0,0,0,0,0,0,0,0,0,[0|0],710550,[0|0|0|0|0|0|0|0],寄宿着灵魂的骨灰。\n能召唤火焰习武修士的灵魂。\n\n巨人火焰的监视者，\n骁勇的火焰习武修士灵魂。\n会执行火焰祷告，也相当耐火。\n\n然而历经长久岁月之后，\n那火焰掳获了监视者的心。
227010,火焰习武修士的骨灰＋１０,1,0,[0|0|0],227010,-1,0,0,-1,0,-1,55810,-1,20000610,0,-1,0,135,0,-1,-1,-1,1,0,50,7,2,0,0,34,13,0,0,[0|0],1,1,1,1,1,0,1,0,0,0,0,1,1,0,0,0,0,0,0,0,0,0,0,0,0,-1,-1,-1,-1,-1,-1,-1,-1,1,0,0,1,0,0,0,0,0,0,0,1,0,2,0,1,0,600,20,1,0,0,0,0,1,1,0,-1,85,-1,-1,-1,0,0,0,0,0,0,0,0,0,0,0,0,0,0,0,0,0,0,[0|0],710550,[0|0|0|0|0|0|0|0],寄宿着灵魂的骨灰。\n能召唤火焰习武修士的灵魂。\n\n巨人火焰的监视者，\n骁勇的火焰习武修士灵魂。\n会执行火焰祷告，也相当耐火。\n\n然而历经长久岁月之后，\n那火焰掳获了监视者的心。
228000,黑焰习武修士亚蒙,1,0,[0|0|0],228000,-1,0,0,-1,0,-1,60900,-1,20000610,0,-1,0,136,0,-1,-1,-1,1,0,50,8,2,0,0,34,13,0,0,[0|0],1,1,1,1,1,0,1,0,0,0,0,1,1,0,0,0,0,0,0,0,0,0,0,0,0,-1,-1,-1,-1,-1,-1,-1,-1,1,0,0,1,0,0,0,0,0,0,0,1,0,2,0,1,0,600,30,1,0,0,0,0,2,1,0,-1,115,-1,228001,10100,1830,0,0,0,0,0,0,0,0,0,0,0,0,0,0,0,0,0,[0|0],710550,[0|0|0|0|0|0|0|0],寄宿着灵魂的骨灰。\n能召唤黑焰习武修士亚蒙的灵魂。\n\n亚蒙向狩猎神祇的黑焰宣示忠诚，\n是火焰习武修士之中的首位叛徒。\n不对，亚蒙是逃离了火焰──\n因为他的心太过软弱。
228001,黑焰习武修士亚蒙＋１,1,0,[0|0|0],228001,-1,0,0,-1,0,-1,60901,-1,20000610,0,-1,0,136,0,-1,-1,-1,1,0,50,8,2,0,0,34,13,0,0,[0|0],1,1,1,1,1,0,1,0,0,0,0,1,1,0,0,0,0,0,0,0,0,0,0,0,0,-1,-1,-1,-1,-1,-1,-1,-1,1,0,0,1,0,0,0,0,0,0,0,1,0,2,0,1,0,600,30,1,0,0,0,0,2,1,0,-1,115,-1,228002,10101,2928,0,0,0,0,0,0,0,0,0,0,0,0,0,0,0,0,0,[0|0],710550,[0|0|0|0|0|0|0|0],寄宿着灵魂的骨灰。\n能召唤黑焰习武修士亚蒙的灵魂。\n\n亚蒙向狩猎神祇的黑焰宣示忠诚，\n是火焰习武修士之中的首位叛徒。\n不对，亚蒙是逃离了火焰──\n因为他的心太过软弱。
228002,黑焰习武修士亚蒙＋２,1,0,[0|0|0],228002,-1,0,0,-1,0,-1,60902,-1,20000610,0,-1,0,136,0,-1,-1,-1,1,0,50,8,2,0,0,34,13,0,0,[0|0],1,1,1,1,1,0,1,0,0,0,0,1,1,0,0,0,0,0,0,0,0,0,0,0,0,-1,-1,-1,-1,-1,-1,-1,-1,1,0,0,1,0,0,0,0,0,0,0,1,0,2,0,1,0,600,30,1,0,0,0,0,2,1,0,-1,115,-1,228003,10102,4026,0,0,0,0,0,0,0,0,0,0,0,0,0,0,0,0,0,[0|0],710550,[0|0|0|0|0|0|0|0],寄宿着灵魂的骨灰。\n能召唤黑焰习武修士亚蒙的灵魂。\n\n亚蒙向狩猎神祇的黑焰宣示忠诚，\n是火焰习武修士之中的首位叛徒。\n不对，亚蒙是逃离了火焰──\n因为他的心太过软弱。
228003,黑焰习武修士亚蒙＋３,1,0,[0|0|0],228003,-1,0,0,-1,0,-1,60903,-1,20000610,0,-1,0,136,0,-1,-1,-1,1,0,50,8,2,0,0,34,13,0,0,[0|0],1,1,1,1,1,0,1,0,0,0,0,1,1,0,0,0,0,0,0,0,0,0,0,0,0,-1,-1,-1,-1,-1,-1,-1,-1,1,0,0,1,0,0,0,0,0,0,0,1,0,2,0,1,0,600,30,1,0,0,0,0,2,1,0,-1,115,-1,228004,10103,5124,0,0,0,0,0,0,0,0,0,0,0,0,0,0,0,0,0,[0|0],710550,[0|0|0|0|0|0|0|0],寄宿着灵魂的骨灰。\n能召唤黑焰习武修士亚蒙的灵魂。\n\n亚蒙向狩猎神祇的黑焰宣示忠诚，\n是火焰习武修士之中的首位叛徒。\n不对，亚蒙是逃离了火焰──\n因为他的心太过软弱。
228004,黑焰习武修士亚蒙＋４,1,0,[0|0|0],228004,-1,0,0,-1,0,-1,60904,-1,20000610,0,-1,0,136,0,-1,-1,-1,1,0,50,8,2,0,0,34,13,0,0,[0|0],1,1,1,1,1,0,1,0,0,0,0,1,1,0,0,0,0,0,0,0,0,0,0,0,0,-1,-1,-1,-1,-1,-1,-1,-1,1,0,0,1,0,0,0,0,0,0,0,1,0,2,0,1,0,600,30,1,0,0,0,0,2,1,0,-1,115,-1,228005,10104,6222,0,0,0,0,0,0,0,0,0,0,0,0,0,0,0,0,0,[0|0],710550,[0|0|0|0|0|0|0|0],寄宿着灵魂的骨灰。\n能召唤黑焰习武修士亚蒙的灵魂。\n\n亚蒙向狩猎神祇的黑焰宣示忠诚，\n是火焰习武修士之中的首位叛徒。\n不对，亚蒙是逃离了火焰──\n因为他的心太过软弱。
228005,黑焰习武修士亚蒙＋５,1,0,[0|0|0],228005,-1,0,0,-1,0,-1,60905,-1,20000610,0,-1,0,136,0,-1,-1,-1,1,0,50,8,2,0,0,34,13,0,0,[0|0],1,1,1,1,1,0,1,0,0,0,0,1,1,0,0,0,0,0,0,0,0,0,0,0,0,-1,-1,-1,-1,-1,-1,-1,-1,1,0,0,1,0,0,0,0,0,0,0,1,0,2,0,1,0,600,30,1,0,0,0,0,2,1,0,-1,115,-1,228006,10105,7320,0,0,0,0,0,0,0,0,0,0,0,0,0,0,0,0,0,[0|0],710550,[0|0|0|0|0|0|0|0],寄宿着灵魂的骨灰。\n能召唤黑焰习武修士亚蒙的灵魂。\n\n亚蒙向狩猎神祇的黑焰宣示忠诚，\n是火焰习武修士之中的首位叛徒。\n不对，亚蒙是逃离了火焰──\n因为他的心太过软弱。
228006,黑焰习武修士亚蒙＋６,1,0,[0|0|0],228006,-1,0,0,-1,0,-1,60906,-1,20000610,0,-1,0,136,0,-1,-1,-1,1,0,50,8,2,0,0,34,13,0,0,[0|0],1,1,1,1,1,0,1,0,0,0,0,1,1,0,0,0,0,0,0,0,0,0,0,0,0,-1,-1,-1,-1,-1,-1,-1,-1,1,0,0,1,0,0,0,0,0,0,0,1,0,2,0,1,0,600,30,1,0,0,0,0,2,1,0,-1,115,-1,228007,10106,8418,0,0,0,0,0,0,0,0,0,0,0,0,0,0,0,0,0,[0|0],710550,[0|0|0|0|0|0|0|0],寄宿着灵魂的骨灰。\n能召唤黑焰习武修士亚蒙的灵魂。\n\n亚蒙向狩猎神祇的黑焰宣示忠诚，\n是火焰习武修士之中的首位叛徒。\n不对，亚蒙是逃离了火焰──\n因为他的心太过软弱。
228007,黑焰习武修士亚蒙＋７,1,0,[0|0|0],228007,-1,0,0,-1,0,-1,60907,-1,20000610,0,-1,0,136,0,-1,-1,-1,1,0,50,8,2,0,0,34,13,0,0,[0|0],1,1,1,1,1,0,1,0,0,0,0,1,1,0,0,0,0,0,0,0,0,0,0,0,0,-1,-1,-1,-1,-1,-1,-1,-1,1,0,0,1,0,0,0,0,0,0,0,1,0,2,0,1,0,600,30,1,0,0,0,0,2,1,0,-1,115,-1,228008,10107,9516,0,0,0,0,0,0,0,0,0,0,0,0,0,0,0,0,0,[0|0],710550,[0|0|0|0|0|0|0|0],寄宿着灵魂的骨灰。\n能召唤黑焰习武修士亚蒙的灵魂。\n\n亚蒙向狩猎神祇的黑焰宣示忠诚，\n是火焰习武修士之中的首位叛徒。\n不对，亚蒙是逃离了火焰──\n因为他的心太过软弱。
228008,黑焰习武修士亚蒙＋８,1,0,[0|0|0],228008,-1,0,0,-1,0,-1,60908,-1,20000610,0,-1,0,136,0,-1,-1,-1,1,0,50,8,2,0,0,34,13,0,0,[0|0],1,1,1,1,1,0,1,0,0,0,0,1,1,0,0,0,0,0,0,0,0,0,0,0,0,-1,-1,-1,-1,-1,-1,-1,-1,1,0,0,1,0,0,0,0,0,0,0,1,0,2,0,1,0,600,30,1,0,0,0,0,2,1,0,-1,115,-1,228009,10108,10614,0,0,0,0,0,0,0,0,0,0,0,0,0,0,0,0,0,[0|0],710550,[0|0|0|0|0|0|0|0],寄宿着灵魂的骨灰。\n能召唤黑焰习武修士亚蒙的灵魂。\n\n亚蒙向狩猎神祇的黑焰宣示忠诚，\n是火焰习武修士之中的首位叛徒。\n不对，亚蒙是逃离了火焰──\n因为他的心太过软弱。
228009,黑焰习武修士亚蒙＋９,1,0,[0|0|0],228009,-1,0,0,-1,0,-1,60909,-1,20000610,0,-1,0,136,0,-1,-1,-1,1,0,50,8,2,0,0,34,13,0,0,[0|0],1,1,1,1,1,0,1,0,0,0,0,1,1,0,0,0,0,0,0,0,0,0,0,0,0,-1,-1,-1,-1,-1,-1,-1,-1,1,0,0,1,0,0,0,0,0,0,0,1,0,2,0,1,0,600,30,1,0,0,0,0,2,1,0,-1,115,-1,228010,10109,12810,0,0,0,0,0,0,0,0,0,0,0,0,0,0,0,0,0,[0|0],710550,[0|0|0|0|0|0|0|0],寄宿着灵魂的骨灰。\n能召唤黑焰习武修士亚蒙的灵魂。\n\n亚蒙向狩猎神祇的黑焰宣示忠诚，\n是火焰习武修士之中的首位叛徒。\n不对，亚蒙是逃离了火焰──\n因为他的心太过软弱。
228010,黑焰习武修士亚蒙＋１０,1,0,[0|0|0],228010,-1,0,0,-1,0,-1,60910,-1,20000610,0,-1,0,136,0,-1,-1,-1,1,0,50,8,2,0,0,34,13,0,0,[0|0],1,1,1,1,1,0,1,0,0,0,0,1,1,0,0,0,0,0,0,0,0,0,0,0,0,-1,-1,-1,-1,-1,-1,-1,-1,1,0,0,1,0,0,0,0,0,0,0,1,0,2,0,1,0,600,30,1,0,0,0,0,2,1,0,-1,115,-1,-1,-1,0,0,0,0,0,0,0,0,0,0,0,0,0,0,0,0,0,0,[0|0],710550,[0|0|0|0|0|0|0|0],寄宿着灵魂的骨灰。\n能召唤黑焰习武修士亚蒙的灵魂。\n\n亚蒙向狩猎神祇的黑焰宣示忠诚，\n是火焰习武修士之中的首位叛徒。\n不对，亚蒙是逃离了火焰──\n因为他的心太过软弱。
229000,蛇人的骨灰,1,0,[0|0|0],229000,-1,0,0,-1,0,-1,56100,-1,20000610,0,-1,0,137,0,-1,-1,-1,1,0,50,7,2,0,0,34,13,0,0,[0|0],1,1,1,1,1,0,1,0,0,0,0,1,1,0,0,0,0,0,0,0,0,0,0,0,0,-1,-1,-1,-1,-1,-1,-1,-1,1,0,0,1,0,0,0,0,0,0,0,1,0,2,0,1,0,600,20,1,0,0,0,0,1,1,0,-1,62,-1,229001,10000,660,0,0,0,0,0,0,0,0,0,0,0,0,0,0,0,0,0,[0|0],710550,[0|0|0|0|0|0|0|0],寄宿着灵魂的骨灰。\n能召唤蛇人的灵魂。\n\n挥舞熔岩软鞭的异形蛇人灵魂。\n据说许久以前，蟠踞格密尔火山的老蛇\n吞噬了半神，产下一群蛇人。
229001,蛇人的骨灰＋１,1,0,[0|0|0],229001,-1,0,0,-1,0,-1,56101,-1,20000610,0,-1,0,137,0,-1,-1,-1,1,0,50,7,2,0,0,34,13,0,0,[0|0],1,1,1,1,1,0,1,0,0,0,0,1,1,0,0,0,0,0,0,0,0,0,0,0,0,-1,-1,-1,-1,-1,-1,-1,-1,1,0,0,1,0,0,0,0,0,0,0,1,0,2,0,1,0,600,20,1,0,0,0,0,1,1,0,-1,62,-1,229002,10001,924,0,0,0,0,0,0,0,0,0,0,0,0,0,0,0,0,0,[0|0],710550,[0|0|0|0|0|0|0|0],寄宿着灵魂的骨灰。\n能召唤蛇人的灵魂。\n\n挥舞熔岩软鞭的异形蛇人灵魂。\n据说许久以前，蟠踞格密尔火山的老蛇\n吞噬了半神，产下一群蛇人。
229002,蛇人的骨灰＋２,1,0,[0|0|0],229002,-1,0,0,-1,0,-1,56102,-1,20000610,0,-1,0,137,0,-1,-1,-1,1,0,50,7,2,0,0,34,13,0,0,[0|0],1,1,1,1,1,0,1,0,0,0,0,1,1,0,0,0,0,0,0,0,0,0,0,0,0,-1,-1,-1,-1,-1,-1,-1,-1,1,0,0,1,0,0,0,0,0,0,0,1,0,2,0,1,0,600,20,1,0,0,0,0,1,1,0,-1,62,-1,229003,10002,1188,0,0,0,0,0,0,0,0,0,0,0,0,0,0,0,0,0,[0|0],710550,[0|0|0|0|0|0|0|0],寄宿着灵魂的骨灰。\n能召唤蛇人的灵魂。\n\n挥舞熔岩软鞭的异形蛇人灵魂。\n据说许久以前，蟠踞格密尔火山的老蛇\n吞噬了半神，产下一群蛇人。
229003,蛇人的骨灰＋３,1,0,[0|0|0],229003,-1,0,0,-1,0,-1,56103,-1,20000610,0,-1,0,137,0,-1,-1,-1,1,0,50,7,2,0,0,34,13,0,0,[0|0],1,1,1,1,1,0,1,0,0,0,0,1,1,0,0,0,0,0,0,0,0,0,0,0,0,-1,-1,-1,-1,-1,-1,-1,-1,1,0,0,1,0,0,0,0,0,0,0,1,0,2,0,1,0,600,20,1,0,0,0,0,1,1,0,-1,62,-1,229004,10003,1452,0,0,0,0,0,0,0,0,0,0,0,0,0,0,0,0,0,[0|0],710550,[0|0|0|0|0|0|0|0],寄宿着灵魂的骨灰。\n能召唤蛇人的灵魂。\n\n挥舞熔岩软鞭的异形蛇人灵魂。\n据说许久以前，蟠踞格密尔火山的老蛇\n吞噬了半神，产下一群蛇人。
229004,蛇人的骨灰＋４,1,0,[0|0|0],229004,-1,0,0,-1,0,-1,56104,-1,20000610,0,-1,0,137,0,-1,-1,-1,1,0,50,7,2,0,0,34,13,0,0,[0|0],1,1,1,1,1,0,1,0,0,0,0,1,1,0,0,0,0,0,0,0,0,0,0,0,0,-1,-1,-1,-1,-1,-1,-1,-1,1,0,0,1,0,0,0,0,0,0,0,1,0,2,0,1,0,600,20,1,0,0,0,0,1,1,0,-1,62,-1,229005,10004,1716,0,0,0,0,0,0,0,0,0,0,0,0,0,0,0,0,0,[0|0],710550,[0|0|0|0|0|0|0|0],寄宿着灵魂的骨灰。\n能召唤蛇人的灵魂。\n\n挥舞熔岩软鞭的异形蛇人灵魂。\n据说许久以前，蟠踞格密尔火山的老蛇\n吞噬了半神，产下一群蛇人。
229005,蛇人的骨灰＋５,1,0,[0|0|0],229005,-1,0,0,-1,0,-1,56105,-1,20000610,0,-1,0,137,0,-1,-1,-1,1,0,50,7,2,0,0,34,13,0,0,[0|0],1,1,1,1,1,0,1,0,0,0,0,1,1,0,0,0,0,0,0,0,0,0,0,0,0,-1,-1,-1,-1,-1,-1,-1,-1,1,0,0,1,0,0,0,0,0,0,0,1,0,2,0,1,0,600,20,1,0,0,0,0,1,1,0,-1,62,-1,229006,10005,1980,0,0,0,0,0,0,0,0,0,0,0,0,0,0,0,0,0,[0|0],710550,[0|0|0|0|0|0|0|0],寄宿着灵魂的骨灰。\n能召唤蛇人的灵魂。\n\n挥舞熔岩软鞭的异形蛇人灵魂。\n据说许久以前，蟠踞格密尔火山的老蛇\n吞噬了半神，产下一群蛇人。
229006,蛇人的骨灰＋６,1,0,[0|0|0],229006,-1,0,0,-1,0,-1,56106,-1,20000610,0,-1,0,137,0,-1,-1,-1,1,0,50,7,2,0,0,34,13,0,0,[0|0],1,1,1,1,1,0,1,0,0,0,0,1,1,0,0,0,0,0,0,0,0,0,0,0,0,-1,-1,-1,-1,-1,-1,-1,-1,1,0,0,1,0,0,0,0,0,0,0,1,0,2,0,1,0,600,20,1,0,0,0,0,1,1,0,-1,62,-1,229007,10006,2244,0,0,0,0,0,0,0,0,0,0,0,0,0,0,0,0,0,[0|0],710550,[0|0|0|0|0|0|0|0],寄宿着灵魂的骨灰。\n能召唤蛇人的灵魂。\n\n挥舞熔岩软鞭的异形蛇人灵魂。\n据说许久以前，蟠踞格密尔火山的老蛇\n吞噬了半神，产下一群蛇人。
229007,蛇人的骨灰＋７,1,0,[0|0|0],229007,-1,0,0,-1,0,-1,56107,-1,20000610,0,-1,0,137,0,-1,-1,-1,1,0,50,7,2,0,0,34,13,0,0,[0|0],1,1,1,1,1,0,1,0,0,0,0,1,1,0,0,0,0,0,0,0,0,0,0,0,0,-1,-1,-1,-1,-1,-1,-1,-1,1,0,0,1,0,0,0,0,0,0,0,1,0,2,0,1,0,600,20,1,0,0,0,0,1,1,0,-1,62,-1,229008,10007,2508,0,0,0,0,0,0,0,0,0,0,0,0,0,0,0,0,0,[0|0],710550,[0|0|0|0|0|0|0|0],寄宿着灵魂的骨灰。\n能召唤蛇人的灵魂。\n\n挥舞熔岩软鞭的异形蛇人灵魂。\n据说许久以前，蟠踞格密尔火山的老蛇\n吞噬了半神，产下一群蛇人。
229008,蛇人的骨灰＋８,1,0,[0|0|0],229008,-1,0,0,-1,0,-1,56108,-1,20000610,0,-1,0,137,0,-1,-1,-1,1,0,50,7,2,0,0,34,13,0,0,[0|0],1,1,1,1,1,0,1,0,0,0,0,1,1,0,0,0,0,0,0,0,0,0,0,0,0,-1,-1,-1,-1,-1,-1,-1,-1,1,0,0,1,0,0,0,0,0,0,0,1,0,2,0,1,0,600,20,1,0,0,0,0,1,1,0,-1,62,-1,229009,10008,2772,0,0,0,0,0,0,0,0,0,0,0,0,0,0,0,0,0,[0|0],710550,[0|0|0|0|0|0|0|0],寄宿着灵魂的骨灰。\n能召唤蛇人的灵魂。\n\n挥舞熔岩软鞭的异形蛇人灵魂。\n据说许久以前，蟠踞格密尔火山的老蛇\n吞噬了半神，产下一群蛇人。
229009,蛇人的骨灰＋９,1,0,[0|0|0],229009,-1,0,0,-1,0,-1,56109,-1,20000610,0,-1,0,137,0,-1,-1,-1,1,0,50,7,2,0,0,34,13,0,0,[0|0],1,1,1,1,1,0,1,0,0,0,0,1,1,0,0,0,0,0,0,0,0,0,0,0,0,-1,-1,-1,-1,-1,-1,-1,-1,1,0,0,1,0,0,0,0,0,0,0,1,0,2,0,1,0,600,20,1,0,0,0,0,1,1,0,-1,62,-1,229010,10009,3300,0,0,0,0,0,0,0,0,0,0,0,0,0,0,0,0,0,[0|0],710550,[0|0|0|0|0|0|0|0],寄宿着灵魂的骨灰。\n能召唤蛇人的灵魂。\n\n挥舞熔岩软鞭的异形蛇人灵魂。\n据说许久以前，蟠踞格密尔火山的老蛇\n吞噬了半神，产下一群蛇人。
229010,蛇人的骨灰＋１０,1,0,[0|0|0],229010,-1,0,0,-1,0,-1,56110,-1,20000610,0,-1,0,137,0,-1,-1,-1,1,0,50,7,2,0,0,34,13,0,0,[0|0],1,1,1,1,1,0,1,0,0,0,0,1,1,0,0,0,0,0,0,0,0,0,0,0,0,-1,-1,-1,-1,-1,-1,-1,-1,1,0,0,1,0,0,0,0,0,0,0,1,0,2,0,1,0,600,20,1,0,0,0,0,1,1,0,-1,62,-1,-1,-1,0,0,0,0,0,0,0,0,0,0,0,0,0,0,0,0,0,0,[0|0],710550,[0|0|0|0|0|0|0|0],寄宿着灵魂的骨灰。\n能召唤蛇人的灵魂。\n\n挥舞熔岩软鞭的异形蛇人灵魂。\n据说许久以前，蟠踞格密尔火山的老蛇\n吞噬了半神，产下一群蛇人。
230000,亚兹拉的兽人的骨灰,1,0,[0|0|0],230000,-1,0,0,-1,0,-1,56000,-1,20000610,0,-1,0,451,0,-1,-1,-1,1,0,50,7,2,0,0,34,13,0,0,[0|0],1,1,1,1,1,0,1,0,0,0,0,1,1,0,0,0,0,0,0,0,0,0,0,0,0,-1,-1,-1,-1,-1,-1,-1,-1,1,0,0,1,0,0,0,0,0,0,0,1,0,2,0,1,0,600,20,1,0,0,0,0,1,1,0,-1,102,-1,230001,10000,910,0,0,0,0,0,0,0,0,0,0,0,0,0,0,0,0,0,[0|0],710550,[0|0|0|0|0|0|0|0],寄宿着灵魂的骨灰。\n能召唤２位亚兹拉的兽人的灵魂。\n\n在空中逐渐崩毁的遗迹──\n法姆·亚兹拉，其中的兽人们的灵魂。\n那是祭祀古龙的巨大灵庙，\n受选的兽人们武器都带有雷电。
230001,亚兹拉的兽人的骨灰＋１,1,0,[0|0|0],230001,-1,0,0,-1,0,-1,56001,-1,20000610,0,-1,0,451,0,-1,-1,-1,1,0,50,7,2,0,0,34,13,0,0,[0|0],1,1,1,1,1,0,1,0,0,0,0,1,1,0,0,0,0,0,0,0,0,0,0,0,0,-1,-1,-1,-1,-1,-1,-1,-1,1,0,0,1,0,0,0,0,0,0,0,1,0,2,0,1,0,600,20,1,0,0,0,0,1,1,0,-1,102,-1,230002,10001,1274,0,0,0,0,0,0,0,0,0,0,0,0,0,0,0,0,0,[0|0],710550,[0|0|0|0|0|0|0|0],寄宿着灵魂的骨灰。\n能召唤２位亚兹拉的兽人的灵魂。\n\n在空中逐渐崩毁的遗迹──\n法姆·亚兹拉，其中的兽人们的灵魂。\n那是祭祀古龙的巨大灵庙，\n受选的兽人们武器都带有雷电。
230002,亚兹拉的兽人的骨灰＋２,1,0,[0|0|0],230002,-1,0,0,-1,0,-1,56002,-1,20000610,0,-1,0,451,0,-1,-1,-1,1,0,50,7,2,0,0,34,13,0,0,[0|0],1,1,1,1,1,0,1,0,0,0,0,1,1,0,0,0,0,0,0,0,0,0,0,0,0,-1,-1,-1,-1,-1,-1,-1,-1,1,0,0,1,0,0,0,0,0,0,0,1,0,2,0,1,0,600,20,1,0,0,0,0,1,1,0,-1,102,-1,230003,10002,1638,0,0,0,0,0,0,0,0,0,0,0,0,0,0,0,0,0,[0|0],710550,[0|0|0|0|0|0|0|0],寄宿着灵魂的骨灰。\n能召唤２位亚兹拉的兽人的灵魂。\n\n在空中逐渐崩毁的遗迹──\n法姆·亚兹拉，其中的兽人们的灵魂。\n那是祭祀古龙的巨大灵庙，\n受选的兽人们武器都带有雷电。
230003,亚兹拉的兽人的骨灰＋３,1,0,[0|0|0],230003,-1,0,0,-1,0,-1,56003,-1,20000610,0,-1,0,451,0,-1,-1,-1,1,0,50,7,2,0,0,34,13,0,0,[0|0],1,1,1,1,1,0,1,0,0,0,0,1,1,0,0,0,0,0,0,0,0,0,0,0,0,-1,-1,-1,-1,-1,-1,-1,-1,1,0,0,1,0,0,0,0,0,0,0,1,0,2,0,1,0,600,20,1,0,0,0,0,1,1,0,-1,102,-1,230004,10003,2002,0,0,0,0,0,0,0,0,0,0,0,0,0,0,0,0,0,[0|0],710550,[0|0|0|0|0|0|0|0],寄宿着灵魂的骨灰。\n能召唤２位亚兹拉的兽人的灵魂。\n\n在空中逐渐崩毁的遗迹──\n法姆·亚兹拉，其中的兽人们的灵魂。\n那是祭祀古龙的巨大灵庙，\n受选的兽人们武器都带有雷电。
230004,亚兹拉的兽人的骨灰＋４,1,0,[0|0|0],230004,-1,0,0,-1,0,-1,56004,-1,20000610,0,-1,0,451,0,-1,-1,-1,1,0,50,7,2,0,0,34,13,0,0,[0|0],1,1,1,1,1,0,1,0,0,0,0,1,1,0,0,0,0,0,0,0,0,0,0,0,0,-1,-1,-1,-1,-1,-1,-1,-1,1,0,0,1,0,0,0,0,0,0,0,1,0,2,0,1,0,600,20,1,0,0,0,0,1,1,0,-1,102,-1,230005,10004,2366,0,0,0,0,0,0,0,0,0,0,0,0,0,0,0,0,0,[0|0],710550,[0|0|0|0|0|0|0|0],寄宿着灵魂的骨灰。\n能召唤２位亚兹拉的兽人的灵魂。\n\n在空中逐渐崩毁的遗迹──\n法姆·亚兹拉，其中的兽人们的灵魂。\n那是祭祀古龙的巨大灵庙，\n受选的兽人们武器都带有雷电。
230005,亚兹拉的兽人的骨灰＋５,1,0,[0|0|0],230005,-1,0,0,-1,0,-1,56005,-1,20000610,0,-1,0,451,0,-1,-1,-1,1,0,50,7,2,0,0,34,13,0,0,[0|0],1,1,1,1,1,0,1,0,0,0,0,1,1,0,0,0,0,0,0,0,0,0,0,0,0,-1,-1,-1,-1,-1,-1,-1,-1,1,0,0,1,0,0,0,0,0,0,0,1,0,2,0,1,0,600,20,1,0,0,0,0,1,1,0,-1,102,-1,230006,10005,2730,0,0,0,0,0,0,0,0,0,0,0,0,0,0,0,0,0,[0|0],710550,[0|0|0|0|0|0|0|0],寄宿着灵魂的骨灰。\n能召唤２位亚兹拉的兽人的灵魂。\n\n在空中逐渐崩毁的遗迹──\n法姆·亚兹拉，其中的兽人们的灵魂。\n那是祭祀古龙的巨大灵庙，\n受选的兽人们武器都带有雷电。
230006,亚兹拉的兽人的骨灰＋６,1,0,[0|0|0],230006,-1,0,0,-1,0,-1,56006,-1,20000610,0,-1,0,451,0,-1,-1,-1,1,0,50,7,2,0,0,34,13,0,0,[0|0],1,1,1,1,1,0,1,0,0,0,0,1,1,0,0,0,0,0,0,0,0,0,0,0,0,-1,-1,-1,-1,-1,-1,-1,-1,1,0,0,1,0,0,0,0,0,0,0,1,0,2,0,1,0,600,20,1,0,0,0,0,1,1,0,-1,102,-1,230007,10006,3094,0,0,0,0,0,0,0,0,0,0,0,0,0,0,0,0,0,[0|0],710550,[0|0|0|0|0|0|0|0],寄宿着灵魂的骨灰。\n能召唤２位亚兹拉的兽人的灵魂。\n\n在空中逐渐崩毁的遗迹──\n法姆·亚兹拉，其中的兽人们的灵魂。\n那是祭祀古龙的巨大灵庙，\n受选的兽人们武器都带有雷电。
230007,亚兹拉的兽人的骨灰＋７,1,0,[0|0|0],230007,-1,0,0,-1,0,-1,56007,-1,20000610,0,-1,0,451,0,-1,-1,-1,1,0,50,7,2,0,0,34,13,0,0,[0|0],1,1,1,1,1,0,1,0,0,0,0,1,1,0,0,0,0,0,0,0,0,0,0,0,0,-1,-1,-1,-1,-1,-1,-1,-1,1,0,0,1,0,0,0,0,0,0,0,1,0,2,0,1,0,600,20,1,0,0,0,0,1,1,0,-1,102,-1,230008,10007,3458,0,0,0,0,0,0,0,0,0,0,0,0,0,0,0,0,0,[0|0],710550,[0|0|0|0|0|0|0|0],寄宿着灵魂的骨灰。\n能召唤２位亚兹拉的兽人的灵魂。\n\n在空中逐渐崩毁的遗迹──\n法姆·亚兹拉，其中的兽人们的灵魂。\n那是祭祀古龙的巨大灵庙，\n受选的兽人们武器都带有雷电。
230008,亚兹拉的兽人的骨灰＋８,1,0,[0|0|0],230008,-1,0,0,-1,0,-1,56008,-1,20000610,0,-1,0,451,0,-1,-1,-1,1,0,50,7,2,0,0,34,13,0,0,[0|0],1,1,1,1,1,0,1,0,0,0,0,1,1,0,0,0,0,0,0,0,0,0,0,0,0,-1,-1,-1,-1,-1,-1,-1,-1,1,0,0,1,0,0,0,0,0,0,0,1,0,2,0,1,0,600,20,1,0,0,0,0,1,1,0,-1,102,-1,230009,10008,3822,0,0,0,0,0,0,0,0,0,0,0,0,0,0,0,0,0,[0|0],710550,[0|0|0|0|0|0|0|0],寄宿着灵魂的骨灰。\n能召唤２位亚兹拉的兽人的灵魂。\n\n在空中逐渐崩毁的遗迹──\n法姆·亚兹拉，其中的兽人们的灵魂。\n那是祭祀古龙的巨大灵庙，\n受选的兽人们武器都带有雷电。
230009,亚兹拉的兽人的骨灰＋９,1,0,[0|0|0],230009,-1,0,0,-1,0,-1,56009,-1,20000610,0,-1,0,451,0,-1,-1,-1,1,0,50,7,2,0,0,34,13,0,0,[0|0],1,1,1,1,1,0,1,0,0,0,0,1,1,0,0,0,0,0,0,0,0,0,0,0,0,-1,-1,-1,-1,-1,-1,-1,-1,1,0,0,1,0,0,0,0,0,0,0,1,0,2,0,1,0,600,20,1,0,0,0,0,1,1,0,-1,102,-1,230010,10009,4550,0,0,0,0,0,0,0,0,0,0,0,0,0,0,0,0,0,[0|0],710550,[0|0|0|0|0|0|0|0],寄宿着灵魂的骨灰。\n能召唤２位亚兹拉的兽人的灵魂。\n\n在空中逐渐崩毁的遗迹──\n法姆·亚兹拉，其中的兽人们的灵魂。\n那是祭祀古龙的巨大灵庙，\n受选的兽人们武器都带有雷电。
230010,亚兹拉的兽人的骨灰＋１０,1,0,[0|0|0],230010,-1,0,0,-1,0,-1,56010,-1,20000610,0,-1,0,451,0,-1,-1,-1,1,0,50,7,2,0,0,34,13,0,0,[0|0],1,1,1,1,1,0,1,0,0,0,0,1,1,0,0,0,0,0,0,0,0,0,0,0,0,-1,-1,-1,-1,-1,-1,-1,-1,1,0,0,1,0,0,0,0,0,0,0,1,0,2,0,1,0,600,20,1,0,0,0,0,1,1,0,-1,102,-1,-1,-1,0,0,0,0,0,0,0,0,0,0,0,0,0,0,0,0,0,0,[0|0],710550,[0|0|0|0|0|0|0|0],寄宿着灵魂的骨灰。\n能召唤２位亚兹拉的兽人的灵魂。\n\n在空中逐渐崩毁的遗迹──\n法姆·亚兹拉，其中的兽人们的灵魂。\n那是祭祀古龙的巨大灵庙，\n受选的兽人们武器都带有雷电。
231000,凯丹佣兵的骨灰,0,0,[0|0|0],231000,-1,0,0,-1,0,-1,55600,-1,20000610,0,-1,0,452,0,-1,-1,-1,1,0,50,7,2,0,0,34,13,0,0,[0|0],1,1,1,1,1,0,1,0,0,0,0,1,1,0,0,0,0,0,0,0,0,0,0,0,0,-1,-1,-1,-1,-1,-1,-1,-1,1,0,0,1,0,0,0,0,0,0,0,1,0,2,0,1,0,600,20,1,0,0,0,0,1,1,0,-1,88,-1,231001,10000,850,0,0,0,0,0,0,0,0,0,0,0,0,0,0,0,0,0,[0|0],710550,[0|0|0|0|0|0|0|0],寄宿着灵魂的骨灰。\n能召唤凯丹佣兵的灵魂。\n\n骑马民族，凯丹佣兵的灵魂。\n可说是精兵──能灵活挥舞骑兵马刀，\n也能透过咆哮提升攻击力。\n因此凯丹的名声威震各个战场。
231001,凯丹佣兵的骨灰＋１,0,0,[0|0|0],231001,-1,0,0,-1,0,-1,55601,-1,20000610,0,-1,0,452,0,-1,-1,-1,1,0,50,7,2,0,0,34,13,0,0,[0|0],1,1,1,1,1,0,1,0,0,0,0,1,1,0,0,0,0,0,0,0,0,0,0,0,0,-1,-1,-1,-1,-1,-1,-1,-1,1,0,0,1,0,0,0,0,0,0,0,1,0,2,0,1,0,600,20,1,0,0,0,0,1,1,0,-1,88,-1,231002,10001,1190,0,0,0,0,0,0,0,0,0,0,0,0,0,0,0,0,0,[0|0],710550,[0|0|0|0|0|0|0|0],寄宿着灵魂的骨灰。\n能召唤凯丹佣兵的灵魂。\n\n骑马民族，凯丹佣兵的灵魂。\n可说是精兵──能灵活挥舞骑兵马刀，\n也能透过咆哮提升攻击力。\n因此凯丹的名声威震各个战场。
231002,凯丹佣兵的骨灰＋２,0,0,[0|0|0],231002,-1,0,0,-1,0,-1,55602,-1,20000610,0,-1,0,452,0,-1,-1,-1,1,0,50,7,2,0,0,34,13,0,0,[0|0],1,1,1,1,1,0,1,0,0,0,0,1,1,0,0,0,0,0,0,0,0,0,0,0,0,-1,-1,-1,-1,-1,-1,-1,-1,1,0,0,1,0,0,0,0,0,0,0,1,0,2,0,1,0,600,20,1,0,0,0,0,1,1,0,-1,88,-1,231003,10002,1530,0,0,0,0,0,0,0,0,0,0,0,0,0,0,0,0,0,[0|0],710550,[0|0|0|0|0|0|0|0],寄宿着灵魂的骨灰。\n能召唤凯丹佣兵的灵魂。\n\n骑马民族，凯丹佣兵的灵魂。\n可说是精兵──能灵活挥舞骑兵马刀，\n也能透过咆哮提升攻击力。\n因此凯丹的名声威震各个战场。
231003,凯丹佣兵的骨灰＋３,0,0,[0|0|0],231003,-1,0,0,-1,0,-1,55603,-1,20000610,0,-1,0,452,0,-1,-1,-1,1,0,50,7,2,0,0,34,13,0,0,[0|0],1,1,1,1,1,0,1,0,0,0,0,1,1,0,0,0,0,0,0,0,0,0,0,0,0,-1,-1,-1,-1,-1,-1,-1,-1,1,0,0,1,0,0,0,0,0,0,0,1,0,2,0,1,0,600,20,1,0,0,0,0,1,1,0,-1,88,-1,231004,10003,1870,0,0,0,0,0,0,0,0,0,0,0,0,0,0,0,0,0,[0|0],710550,[0|0|0|0|0|0|0|0],寄宿着灵魂的骨灰。\n能召唤凯丹佣兵的灵魂。\n\n骑马民族，凯丹佣兵的灵魂。\n可说是精兵──能灵活挥舞骑兵马刀，\n也能透过咆哮提升攻击力。\n因此凯丹的名声威震各个战场。
231004,凯丹佣兵的骨灰＋４,0,0,[0|0|0],231004,-1,0,0,-1,0,-1,55604,-1,20000610,0,-1,0,452,0,-1,-1,-1,1,0,50,7,2,0,0,34,13,0,0,[0|0],1,1,1,1,1,0,1,0,0,0,0,1,1,0,0,0,0,0,0,0,0,0,0,0,0,-1,-1,-1,-1,-1,-1,-1,-1,1,0,0,1,0,0,0,0,0,0,0,1,0,2,0,1,0,600,20,1,0,0,0,0,1,1,0,-1,88,-1,231005,10004,2210,0,0,0,0,0,0,0,0,0,0,0,0,0,0,0,0,0,[0|0],710550,[0|0|0|0|0|0|0|0],寄宿着灵魂的骨灰。\n能召唤凯丹佣兵的灵魂。\n\n骑马民族，凯丹佣兵的灵魂。\n可说是精兵──能灵活挥舞骑兵马刀，\n也能透过咆哮提升攻击力。\n因此凯丹的名声威震各个战场。
231005,凯丹佣兵的骨灰＋５,0,0,[0|0|0],231005,-1,0,0,-1,0,-1,55605,-1,20000610,0,-1,0,452,0,-1,-1,-1,1,0,50,7,2,0,0,34,13,0,0,[0|0],1,1,1,1,1,0,1,0,0,0,0,1,1,0,0,0,0,0,0,0,0,0,0,0,0,-1,-1,-1,-1,-1,-1,-1,-1,1,0,0,1,0,0,0,0,0,0,0,1,0,2,0,1,0,600,20,1,0,0,0,0,1,1,0,-1,88,-1,231006,10005,2550,0,0,0,0,0,0,0,0,0,0,0,0,0,0,0,0,0,[0|0],710550,[0|0|0|0|0|0|0|0],寄宿着灵魂的骨灰。\n能召唤凯丹佣兵的灵魂。\n\n骑马民族，凯丹佣兵的灵魂。\n可说是精兵──能灵活挥舞骑兵马刀，\n也能透过咆哮提升攻击力。\n因此凯丹的名声威震各个战场。
231006,凯丹佣兵的骨灰＋６,0,0,[0|0|0],231006,-1,0,0,-1,0,-1,55606,-1,20000610,0,-1,0,452,0,-1,-1,-1,1,0,50,7,2,0,0,34,13,0,0,[0|0],1,1,1,1,1,0,1,0,0,0,0,1,1,0,0,0,0,0,0,0,0,0,0,0,0,-1,-1,-1,-1,-1,-1,-1,-1,1,0,0,1,0,0,0,0,0,0,0,1,0,2,0,1,0,600,20,1,0,0,0,0,1,1,0,-1,88,-1,231007,10006,2890,0,0,0,0,0,0,0,0,0,0,0,0,0,0,0,0,0,[0|0],710550,[0|0|0|0|0|0|0|0],寄宿着灵魂的骨灰。\n能召唤凯丹佣兵的灵魂。\n\n骑马民族，凯丹佣兵的灵魂。\n可说是精兵──能灵活挥舞骑兵马刀，\n也能透过咆哮提升攻击力。\n因此凯丹的名声威震各个战场。
231007,凯丹佣兵的骨灰＋７,0,0,[0|0|0],231007,-1,0,0,-1,0,-1,55607,-1,20000610,0,-1,0,452,0,-1,-1,-1,1,0,50,7,2,0,0,34,13,0,0,[0|0],1,1,1,1,1,0,1,0,0,0,0,1,1,0,0,0,0,0,0,0,0,0,0,0,0,-1,-1,-1,-1,-1,-1,-1,-1,1,0,0,1,0,0,0,0,0,0,0,1,0,2,0,1,0,600,20,1,0,0,0,0,1,1,0,-1,88,-1,231008,10007,3230,0,0,0,0,0,0,0,0,0,0,0,0,0,0,0,0,0,[0|0],710550,[0|0|0|0|0|0|0|0],寄宿着灵魂的骨灰。\n能召唤凯丹佣兵的灵魂。\n\n骑马民族，凯丹佣兵的灵魂。\n可说是精兵──能灵活挥舞骑兵马刀，\n也能透过咆哮提升攻击力。\n因此凯丹的名声威震各个战场。
231008,凯丹佣兵的骨灰＋８,0,0,[0|0|0],231008,-1,0,0,-1,0,-1,55608,-1,20000610,0,-1,0,452,0,-1,-1,-1,1,0,50,7,2,0,0,34,13,0,0,[0|0],1,1,1,1,1,0,1,0,0,0,0,1,1,0,0,0,0,0,0,0,0,0,0,0,0,-1,-1,-1,-1,-1,-1,-1,-1,1,0,0,1,0,0,0,0,0,0,0,1,0,2,0,1,0,600,20,1,0,0,0,0,1,1,0,-1,88,-1,231009,10008,3570,0,0,0,0,0,0,0,0,0,0,0,0,0,0,0,0,0,[0|0],710550,[0|0|0|0|0|0|0|0],寄宿着灵魂的骨灰。\n能召唤凯丹佣兵的灵魂。\n\n骑马民族，凯丹佣兵的灵魂。\n可说是精兵──能灵活挥舞骑兵马刀，\n也能透过咆哮提升攻击力。\n因此凯丹的名声威震各个战场。
231009,凯丹佣兵的骨灰＋９,0,0,[0|0|0],231009,-1,0,0,-1,0,-1,55609,-1,20000610,0,-1,0,452,0,-1,-1,-1,1,0,50,7,2,0,0,34,13,0,0,[0|0],1,1,1,1,1,0,1,0,0,0,0,1,1,0,0,0,0,0,0,0,0,0,0,0,0,-1,-1,-1,-1,-1,-1,-1,-1,1,0,0,1,0,0,0,0,0,0,0,1,0,2,0,1,0,600,20,1,0,0,0,0,1,1,0,-1,88,-1,231010,10009,4250,0,0,0,0,0,0,0,0,0,0,0,0,0,0,0,0,0,[0|0],710550,[0|0|0|0|0|0|0|0],寄宿着灵魂的骨灰。\n能召唤凯丹佣兵的灵魂。\n\n骑马民族，凯丹佣兵的灵魂。\n可说是精兵──能灵活挥舞骑兵马刀，\n也能透过咆哮提升攻击力。\n因此凯丹的名声威震各个战场。
231010,凯丹佣兵的骨灰＋１０,0,0,[0|0|0],231010,-1,0,0,-1,0,-1,55610,-1,20000610,0,-1,0,452,0,-1,-1,-1,1,0,50,7,2,0,0,34,13,0,0,[0|0],1,1,1,1,1,0,1,0,0,0,0,1,1,0,0,0,0,0,0,0,0,0,0,0,0,-1,-1,-1,-1,-1,-1,-1,-1,1,0,0,1,0,0,0,0,0,0,0,1,0,2,0,1,0,600,20,1,0,0,0,0,1,1,0,-1,88,-1,-1,-1,0,0,0,0,0,0,0,0,0,0,0,0,0,0,0,0,0,0,[0|0],710550,[0|0|0|0|0|0|0|0],寄宿着灵魂的骨灰。\n能召唤凯丹佣兵的灵魂。\n\n骑马民族，凯丹佣兵的灵魂。\n可说是精兵──能灵活挥舞骑兵马刀，\n也能透过咆哮提升攻击力。\n因此凯丹的名声威震各个战场。
232000,离群野狼的骨灰,0,0,[0|0|0],232000,-1,0,0,-1,0,-1,51100,-1,20000610,0,-1,0,104,0,-1,-1,-1,1,0,50,7,2,0,0,34,13,0,0,[0|0],1,1,1,1,1,0,1,0,0,0,0,1,1,0,0,0,0,0,0,0,0,0,0,0,0,-1,-1,-1,-1,-1,-1,-1,-1,1,0,0,1,0,0,0,0,0,0,0,1,0,2,0,1,0,600,10,1,0,0,0,0,1,1,0,-1,55,-1,232001,10000,615,0,0,0,0,0,0,0,0,0,0,0,0,0,0,0,0,0,[0|0],710550,[0|0|0|0|0|0|0|0],寄宿着灵魂的骨灰。\n能召唤３只离群野狼的灵魂。\n\n被赶出群体的野狼的灵魂。\n据说它们与无名的褪色者相遇，一同狩猎。\n动作快速，能干扰敌人，有助于战况。
232001,离群野狼的骨灰＋１,0,0,[0|0|0],232001,-1,0,0,-1,0,-1,51101,-1,20000610,0,-1,0,104,0,-1,-1,-1,1,0,50,7,2,0,0,34,13,0,0,[0|0],1,1,1,1,1,0,1,0,0,0,0,1,1,0,0,0,0,0,0,0,0,0,0,0,0,-1,-1,-1,-1,-1,-1,-1,-1,1,0,0,1,0,0,0,0,0,0,0,1,0,2,0,1,0,600,10,1,0,0,0,0,1,1,0,-1,55,-1,232002,10001,861,0,0,0,0,0,0,0,0,0,0,0,0,0,0,0,0,0,[0|0],710550,[0|0|0|0|0|0|0|0],寄宿着灵魂的骨灰。\n能召唤３只离群野狼的灵魂。\n\n被赶出群体的野狼的灵魂。\n据说它们与无名的褪色者相遇，一同狩猎。\n动作快速，能干扰敌人，有助于战况。
232002,离群野狼的骨灰＋２,0,0,[0|0|0],232002,-1,0,0,-1,0,-1,51102,-1,20000610,0,-1,0,104,0,-1,-1,-1,1,0,50,7,2,0,0,34,13,0,0,[0|0],1,1,1,1,1,0,1,0,0,0,0,1,1,0,0,0,0,0,0,0,0,0,0,0,0,-1,-1,-1,-1,-1,-1,-1,-1,1,0,0,1,0,0,0,0,0,0,0,1,0,2,0,1,0,600,10,1,0,0,0,0,1,1,0,-1,55,-1,232003,10002,1107,0,0,0,0,0,0,0,0,0,0,0,0,0,0,0,0,0,[0|0],710550,[0|0|0|0|0|0|0|0],寄宿着灵魂的骨灰。\n能召唤３只离群野狼的灵魂。\n\n被赶出群体的野狼的灵魂。\n据说它们与无名的褪色者相遇，一同狩猎。\n动作快速，能干扰敌人，有助于战况。
232003,离群野狼的骨灰＋３,0,0,[0|0|0],232003,-1,0,0,-1,0,-1,51103,-1,20000610,0,-1,0,104,0,-1,-1,-1,1,0,50,7,2,0,0,34,13,0,0,[0|0],1,1,1,1,1,0,1,0,0,0,0,1,1,0,0,0,0,0,0,0,0,0,0,0,0,-1,-1,-1,-1,-1,-1,-1,-1,1,0,0,1,0,0,0,0,0,0,0,1,0,2,0,1,0,600,10,1,0,0,0,0,1,1,0,-1,55,-1,232004,10003,1353,0,0,0,0,0,0,0,0,0,0,0,0,0,0,0,0,0,[0|0],710550,[0|0|0|0|0|0|0|0],寄宿着灵魂的骨灰。\n能召唤３只离群野狼的灵魂。\n\n被赶出群体的野狼的灵魂。\n据说它们与无名的褪色者相遇，一同狩猎。\n动作快速，能干扰敌人，有助于战况。
232004,离群野狼的骨灰＋４,0,0,[0|0|0],232004,-1,0,0,-1,0,-1,51104,-1,20000610,0,-1,0,104,0,-1,-1,-1,1,0,50,7,2,0,0,34,13,0,0,[0|0],1,1,1,1,1,0,1,0,0,0,0,1,1,0,0,0,0,0,0,0,0,0,0,0,0,-1,-1,-1,-1,-1,-1,-1,-1,1,0,0,1,0,0,0,0,0,0,0,1,0,2,0,1,0,600,10,1,0,0,0,0,1,1,0,-1,55,-1,232005,10004,1599,0,0,0,0,0,0,0,0,0,0,0,0,0,0,0,0,0,[0|0],710550,[0|0|0|0|0|0|0|0],寄宿着灵魂的骨灰。\n能召唤３只离群野狼的灵魂。\n\n被赶出群体的野狼的灵魂。\n据说它们与无名的褪色者相遇，一同狩猎。\n动作快速，能干扰敌人，有助于战况。
232005,离群野狼的骨灰＋５,0,0,[0|0|0],232005,-1,0,0,-1,0,-1,51105,-1,20000610,0,-1,0,104,0,-1,-1,-1,1,0,50,7,2,0,0,34,13,0,0,[0|0],1,1,1,1,1,0,1,0,0,0,0,1,1,0,0,0,0,0,0,0,0,0,0,0,0,-1,-1,-1,-1,-1,-1,-1,-1,1,0,0,1,0,0,0,0,0,0,0,1,0,2,0,1,0,600,10,1,0,0,0,0,1,1,0,-1,55,-1,232006,10005,1845,0,0,0,0,0,0,0,0,0,0,0,0,0,0,0,0,0,[0|0],710550,[0|0|0|0|0|0|0|0],寄宿着灵魂的骨灰。\n能召唤３只离群野狼的灵魂。\n\n被赶出群体的野狼的灵魂。\n据说它们与无名的褪色者相遇，一同狩猎。\n动作快速，能干扰敌人，有助于战况。
232006,离群野狼的骨灰＋６,0,0,[0|0|0],232006,-1,0,0,-1,0,-1,51106,-1,20000610,0,-1,0,104,0,-1,-1,-1,1,0,50,7,2,0,0,34,13,0,0,[0|0],1,1,1,1,1,0,1,0,0,0,0,1,1,0,0,0,0,0,0,0,0,0,0,0,0,-1,-1,-1,-1,-1,-1,-1,-1,1,0,0,1,0,0,0,0,0,0,0,1,0,2,0,1,0,600,10,1,0,0,0,0,1,1,0,-1,55,-1,232007,10006,2091,0,0,0,0,0,0,0,0,0,0,0,0,0,0,0,0,0,[0|0],710550,[0|0|0|0|0|0|0|0],寄宿着灵魂的骨灰。\n能召唤３只离群野狼的灵魂。\n\n被赶出群体的野狼的灵魂。\n据说它们与无名的褪色者相遇，一同狩猎。\n动作快速，能干扰敌人，有助于战况。
232007,离群野狼的骨灰＋７,0,0,[0|0|0],232007,-1,0,0,-1,0,-1,51107,-1,20000610,0,-1,0,104,0,-1,-1,-1,1,0,50,7,2,0,0,34,13,0,0,[0|0],1,1,1,1,1,0,1,0,0,0,0,1,1,0,0,0,0,0,0,0,0,0,0,0,0,-1,-1,-1,-1,-1,-1,-1,-1,1,0,0,1,0,0,0,0,0,0,0,1,0,2,0,1,0,600,10,1,0,0,0,0,1,1,0,-1,55,-1,232008,10007,2337,0,0,0,0,0,0,0,0,0,0,0,0,0,0,0,0,0,[0|0],710550,[0|0|0|0|0|0|0|0],寄宿着灵魂的骨灰。\n能召唤３只离群野狼的灵魂。\n\n被赶出群体的野狼的灵魂。\n据说它们与无名的褪色者相遇，一同狩猎。\n动作快速，能干扰敌人，有助于战况。
232008,离群野狼的骨灰＋８,0,0,[0|0|0],232008,-1,0,0,-1,0,-1,51108,-1,20000610,0,-1,0,104,0,-1,-1,-1,1,0,50,7,2,0,0,34,13,0,0,[0|0],1,1,1,1,1,0,1,0,0,0,0,1,1,0,0,0,0,0,0,0,0,0,0,0,0,-1,-1,-1,-1,-1,-1,-1,-1,1,0,0,1,0,0,0,0,0,0,0,1,0,2,0,1,0,600,10,1,0,0,0,0,1,1,0,-1,55,-1,232009,10008,2583,0,0,0,0,0,0,0,0,0,0,0,0,0,0,0,0,0,[0|0],710550,[0|0|0|0|0|0|0|0],寄宿着灵魂的骨灰。\n能召唤３只离群野狼的灵魂。\n\n被赶出群体的野狼的灵魂。\n据说它们与无名的褪色者相遇，一同狩猎。\n动作快速，能干扰敌人，有助于战况。
232009,离群野狼的骨灰＋９,0,0,[0|0|0],232009,-1,0,0,-1,0,-1,51109,-1,20000610,0,-1,0,104,0,-1,-1,-1,1,0,50,7,2,0,0,34,13,0,0,[0|0],1,1,1,1,1,0,1,0,0,0,0,1,1,0,0,0,0,0,0,0,0,0,0,0,0,-1,-1,-1,-1,-1,-1,-1,-1,1,0,0,1,0,0,0,0,0,0,0,1,0,2,0,1,0,600,10,1,0,0,0,0,1,1,0,-1,55,-1,232010,10009,3075,0,0,0,0,0,0,0,0,0,0,0,0,0,0,0,0,0,[0|0],710550,[0|0|0|0|0|0|0|0],寄宿着灵魂的骨灰。\n能召唤３只离群野狼的灵魂。\n\n被赶出群体的野狼的灵魂。\n据说它们与无名的褪色者相遇，一同狩猎。\n动作快速，能干扰敌人，有助于战况。
232010,离群野狼的骨灰＋１０,0,0,[0|0|0],232010,-1,0,0,-1,0,-1,51110,-1,20000610,0,-1,0,104,0,-1,-1,-1,1,0,50,7,2,0,0,34,13,0,0,[0|0],1,1,1,1,1,0,1,0,0,0,0,1,1,0,0,0,0,0,0,0,0,0,0,0,0,-1,-1,-1,-1,-1,-1,-1,-1,1,0,0,1,0,0,0,0,0,0,0,1,0,2,0,1,0,600,10,1,0,0,0,0,1,1,0,-1,55,-1,-1,-1,0,0,0,0,0,0,0,0,0,0,0,0,0,0,0,0,0,0,[0|0],710550,[0|0|0|0|0|0|0|0],寄宿着灵魂的骨灰。\n能召唤３只离群野狼的灵魂。\n\n被赶出群体的野狼的灵魂。\n据说它们与无名的褪色者相遇，一同狩猎。\n动作快速，能干扰敌人，有助于战况。
233000,大老鼠的骨灰,1,0,[0|0|0],233000,-1,0,0,-1,0,-1,51300,-1,20000610,0,-1,0,453,0,-1,-1,-1,1,0,50,7,2,0,0,34,13,0,0,[0|0],1,1,1,1,1,0,1,0,0,0,0,1,1,0,0,0,0,0,0,0,0,0,0,0,0,-1,-1,-1,-1,-1,-1,-1,-1,1,0,0,1,0,0,0,0,0,0,0,1,0,2,0,1,0,600,10,1,0,0,0,0,1,1,0,-1,0,-1,233001,10000,0,0,0,0,0,0,0,0,0,0,0,0,0,0,0,0,0,0,[0|0],710550,[0|0|0|0|0|0|0|0],寄宿着灵魂的骨灰。\n能召唤３只大老鼠的灵魂。\n\n召唤时不会消耗专注值的灵魂。\n召唤后会在远方现身，开始战斗的野兽群体。\n可能化为灵魂之后，繁殖力依旧旺盛，\n会根据强化程度增加召唤的数量。
233001,大老鼠的骨灰＋１,1,0,[0|0|0],233001,-1,0,0,-1,0,-1,51301,-1,20000610,0,-1,0,453,0,-1,-1,-1,1,0,50,7,2,0,0,34,13,0,0,[0|0],1,1,1,1,1,0,1,0,0,0,0,1,1,0,0,0,0,0,0,0,0,0,0,0,0,-1,-1,-1,-1,-1,-1,-1,-1,1,0,0,1,0,0,0,0,0,0,0,1,0,2,0,1,0,600,10,1,0,0,0,0,1,1,0,-1,0,-1,233002,10001,0,0,0,0,0,0,0,0,0,0,0,0,0,0,0,0,0,0,[0|0],710550,[0|0|0|0|0|0|0|0],寄宿着灵魂的骨灰。\n能召唤３只大老鼠的灵魂。\n\n召唤时不会消耗专注值的灵魂。\n召唤后会在远方现身，开始战斗的野兽群体。\n可能化为灵魂之后，繁殖力依旧旺盛，\n会根据强化程度增加召唤的数量。
233002,大老鼠的骨灰＋２,1,0,[0|0|0],233002,-1,0,0,-1,0,-1,51302,-1,20000610,0,-1,0,453,0,-1,-1,-1,1,0,50,7,2,0,0,34,13,0,0,[0|0],1,1,1,1,1,0,1,0,0,0,0,1,1,0,0,0,0,0,0,0,0,0,0,0,0,-1,-1,-1,-1,-1,-1,-1,-1,1,0,0,1,0,0,0,0,0,0,0,1,0,2,0,1,0,600,10,1,0,0,0,0,1,1,0,-1,0,-1,233003,10002,0,0,0,0,0,0,0,0,0,0,0,0,0,0,0,0,0,0,[0|0],710550,[0|0|0|0|0|0|0|0],寄宿着灵魂的骨灰。\n能召唤３只大老鼠的灵魂。\n\n召唤时不会消耗专注值的灵魂。\n召唤后会在远方现身，开始战斗的野兽群体。\n可能化为灵魂之后，繁殖力依旧旺盛，\n会根据强化程度增加召唤的数量。
233003,大老鼠的骨灰＋３,1,0,[0|0|0],233003,-1,0,0,-1,0,-1,51303,-1,20000610,0,-1,0,453,0,-1,-1,-1,1,0,50,7,2,0,0,34,13,0,0,[0|0],1,1,1,1,1,0,1,0,0,0,0,1,1,0,0,0,0,0,0,0,0,0,0,0,0,-1,-1,-1,-1,-1,-1,-1,-1,1,0,0,1,0,0,0,0,0,0,0,1,0,2,0,1,0,600,10,1,0,0,0,0,1,1,0,-1,0,-1,233004,10003,0,0,0,0,0,0,0,0,0,0,0,0,0,0,0,0,0,0,[0|0],710550,[0|0|0|0|0|0|0|0],寄宿着灵魂的骨灰。\n能召唤３只大老鼠的灵魂。\n\n召唤时不会消耗专注值的灵魂。\n召唤后会在远方现身，开始战斗的野兽群体。\n可能化为灵魂之后，繁殖力依旧旺盛，\n会根据强化程度增加召唤的数量。
233004,大老鼠的骨灰＋４,1,0,[0|0|0],233004,-1,0,0,-1,0,-1,51304,-1,20000610,0,-1,0,453,0,-1,-1,-1,1,0,50,7,2,0,0,34,13,0,0,[0|0],1,1,1,1,1,0,1,0,0,0,0,1,1,0,0,0,0,0,0,0,0,0,0,0,0,-1,-1,-1,-1,-1,-1,-1,-1,1,0,0,1,0,0,0,0,0,0,0,1,0,2,0,1,0,600,10,1,0,0,0,0,1,1,0,-1,0,-1,233005,10004,0,0,0,0,0,0,0,0,0,0,0,0,0,0,0,0,0,0,[0|0],710550,[0|0|0|0|0|0|0|0],寄宿着灵魂的骨灰。\n能召唤３只大老鼠的灵魂。\n\n召唤时不会消耗专注值的灵魂。\n召唤后会在远方现身，开始战斗的野兽群体。\n可能化为灵魂之后，繁殖力依旧旺盛，\n会根据强化程度增加召唤的数量。
233005,大老鼠的骨灰＋５,1,0,[0|0|0],233105,-1,0,0,-1,0,-1,51305,-1,20000610,0,-1,0,479,0,-1,-1,-1,1,0,50,7,2,0,0,34,13,0,0,[0|0],1,1,1,1,1,0,1,0,0,0,0,1,1,0,0,0,0,0,0,0,0,0,0,0,0,-1,-1,-1,-1,-1,-1,-1,-1,1,0,0,1,0,0,0,0,0,0,0,1,0,2,0,1,0,600,10,1,0,0,0,0,1,1,0,-1,0,-1,233006,10005,0,0,0,0,0,0,0,0,0,0,0,0,0,0,0,0,0,0,[0|0],710550,[0|0|0|0|0|0|0|0],寄宿着灵魂的骨灰。\n能召唤４只大老鼠的灵魂。\n\n召唤时不会消耗专注值的灵魂。\n召唤后会在远方现身，开始战斗的野兽群体。\n可能化为灵魂之后，繁殖力依旧旺盛，\n会根据强化程度增加召唤的数量。
233006,大老鼠的骨灰＋６,1,0,[0|0|0],233106,-1,0,0,-1,0,-1,51306,-1,20000610,0,-1,0,479,0,-1,-1,-1,1,0,50,7,2,0,0,34,13,0,0,[0|0],1,1,1,1,1,0,1,0,0,0,0,1,1,0,0,0,0,0,0,0,0,0,0,0,0,-1,-1,-1,-1,-1,-1,-1,-1,1,0,0,1,0,0,0,0,0,0,0,1,0,2,0,1,0,600,10,1,0,0,0,0,1,1,0,-1,0,-1,233007,10006,0,0,0,0,0,0,0,0,0,0,0,0,0,0,0,0,0,0,[0|0],710550,[0|0|0|0|0|0|0|0],寄宿着灵魂的骨灰。\n能召唤４只大老鼠的灵魂。\n\n召唤时不会消耗专注值的灵魂。\n召唤后会在远方现身，开始战斗的野兽群体。\n可能化为灵魂之后，繁殖力依旧旺盛，\n会根据强化程度增加召唤的数量。
233007,大老鼠的骨灰＋７,1,0,[0|0|0],233107,-1,0,0,-1,0,-1,51307,-1,20000610,0,-1,0,479,0,-1,-1,-1,1,0,50,7,2,0,0,34,13,0,0,[0|0],1,1,1,1,1,0,1,0,0,0,0,1,1,0,0,0,0,0,0,0,0,0,0,0,0,-1,-1,-1,-1,-1,-1,-1,-1,1,0,0,1,0,0,0,0,0,0,0,1,0,2,0,1,0,600,10,1,0,0,0,0,1,1,0,-1,0,-1,233008,10007,0,0,0,0,0,0,0,0,0,0,0,0,0,0,0,0,0,0,[0|0],710550,[0|0|0|0|0|0|0|0],寄宿着灵魂的骨灰。\n能召唤４只大老鼠的灵魂。\n\n召唤时不会消耗专注值的灵魂。\n召唤后会在远方现身，开始战斗的野兽群体。\n可能化为灵魂之后，繁殖力依旧旺盛，\n会根据强化程度增加召唤的数量。
233008,大老鼠的骨灰＋８,1,0,[0|0|0],233108,-1,0,0,-1,0,-1,51308,-1,20000610,0,-1,0,479,0,-1,-1,-1,1,0,50,7,2,0,0,34,13,0,0,[0|0],1,1,1,1,1,0,1,0,0,0,0,1,1,0,0,0,0,0,0,0,0,0,0,0,0,-1,-1,-1,-1,-1,-1,-1,-1,1,0,0,1,0,0,0,0,0,0,0,1,0,2,0,1,0,600,10,1,0,0,0,0,1,1,0,-1,0,-1,233009,10008,0,0,0,0,0,0,0,0,0,0,0,0,0,0,0,0,0,0,[0|0],710550,[0|0|0|0|0|0|0|0],寄宿着灵魂的骨灰。\n能召唤４只大老鼠的灵魂。\n\n召唤时不会消耗专注值的灵魂。\n召唤后会在远方现身，开始战斗的野兽群体。\n可能化为灵魂之后，繁殖力依旧旺盛，\n会根据强化程度增加召唤的数量。
233009,大老鼠的骨灰＋９,1,0,[0|0|0],233109,-1,0,0,-1,0,-1,51309,-1,20000610,0,-1,0,479,0,-1,-1,-1,1,0,50,7,2,0,0,34,13,0,0,[0|0],1,1,1,1,1,0,1,0,0,0,0,1,1,0,0,0,0,0,0,0,0,0,0,0,0,-1,-1,-1,-1,-1,-1,-1,-1,1,0,0,1,0,0,0,0,0,0,0,1,0,2,0,1,0,600,10,1,0,0,0,0,1,1,0,-1,0,-1,233010,10009,0,0,0,0,0,0,0,0,0,0,0,0,0,0,0,0,0,0,[0|0],710550,[0|0|0|0|0|0|0|0],寄宿着灵魂的骨灰。\n能召唤４只大老鼠的灵魂。\n\n召唤时不会消耗专注值的灵魂。\n召唤后会在远方现身，开始战斗的野兽群体。\n可能化为灵魂之后，繁殖力依旧旺盛，\n会根据强化程度增加召唤的数量。
233010,大老鼠的骨灰＋１０,1,0,[0|0|0],233210,-1,0,0,-1,0,-1,51310,-1,20000610,0,-1,0,480,0,-1,-1,-1,1,0,50,7,2,0,0,34,13,0,0,[0|0],1,1,1,1,1,0,1,0,0,0,0,1,1,0,0,0,0,0,0,0,0,0,0,0,0,-1,-1,-1,-1,-1,-1,-1,-1,1,0,0,1,0,0,0,0,0,0,0,1,0,2,0,1,0,600,10,1,0,0,0,0,1,1,0,-1,0,-1,-1,-1,0,0,0,0,0,0,0,0,0,0,0,0,0,0,0,0,0,0,[0|0],710550,[0|0|0|0|0|0|0|0],寄宿着灵魂的骨灰。\n能召唤５只大老鼠的灵魂。\n\n召唤时不会消耗专注值的灵魂。\n召唤后会在远方现身，开始战斗的野兽群体。\n化为灵魂之后，繁殖力依旧旺盛，\n但能增加的数量好像到了极限。
234000,亚人集团的骨灰,1,0,[0|0|0],234000,-1,0,0,-1,0,-1,50800,-1,20000610,0,-1,0,454,0,-1,-1,-1,1,0,50,7,2,0,0,34,13,0,0,[0|0],1,1,1,1,1,0,1,0,0,0,0,1,1,0,0,0,0,0,0,0,0,0,0,0,0,-1,-1,-1,-1,-1,-1,-1,-1,1,0,0,1,0,0,0,0,0,0,0,1,0,2,0,1,0,600,10,1,0,0,0,0,1,1,0,-1,69,-1,234001,10000,725,0,0,0,0,0,0,0,0,0,0,0,0,0,0,0,0,0,[0|0],710550,[0|0|0|0|0|0|0|0],寄宿着灵魂的骨灰。\n能召唤５位亚人的灵魂。\n\n身形较为娇小，个性凶暴的亚人灵魂。\n似乎拥有些许的智慧。\n具有入夜后会为之亢奋，战斗更加勇猛的习性。
234001,亚人集团的骨灰＋１,1,0,[0|0|0],234001,-1,0,0,-1,0,-1,50801,-1,20000610,0,-1,0,454,0,-1,-1,-1,1,0,50,7,2,0,0,34,13,0,0,[0|0],1,1,1,1,1,0,1,0,0,0,0,1,1,0,0,0,0,0,0,0,0,0,0,0,0,-1,-1,-1,-1,-1,-1,-1,-1,1,0,0,1,0,0,0,0,0,0,0,1,0,2,0,1,0,600,10,1,0,0,0,0,1,1,0,-1,69,-1,234002,10001,1015,0,0,0,0,0,0,0,0,0,0,0,0,0,0,0,0,0,[0|0],710550,[0|0|0|0|0|0|0|0],寄宿着灵魂的骨灰。\n能召唤５位亚人的灵魂。\n\n身形较为娇小，个性凶暴的亚人灵魂。\n似乎拥有些许的智慧。\n具有入夜后会为之亢奋，战斗更加勇猛的习性。
234002,亚人集团的骨灰＋２,1,0,[0|0|0],234002,-1,0,0,-1,0,-1,50802,-1,20000610,0,-1,0,454,0,-1,-1,-1,1,0,50,7,2,0,0,34,13,0,0,[0|0],1,1,1,1,1,0,1,0,0,0,0,1,1,0,0,0,0,0,0,0,0,0,0,0,0,-1,-1,-1,-1,-1,-1,-1,-1,1,0,0,1,0,0,0,0,0,0,0,1,0,2,0,1,0,600,10,1,0,0,0,0,1,1,0,-1,69,-1,234003,10002,1305,0,0,0,0,0,0,0,0,0,0,0,0,0,0,0,0,0,[0|0],710550,[0|0|0|0|0|0|0|0],寄宿着灵魂的骨灰。\n能召唤５位亚人的灵魂。\n\n身形较为娇小，个性凶暴的亚人灵魂。\n似乎拥有些许的智慧。\n具有入夜后会为之亢奋，战斗更加勇猛的习性。
234003,亚人集团的骨灰＋３,1,0,[0|0|0],234003,-1,0,0,-1,0,-1,50803,-1,20000610,0,-1,0,454,0,-1,-1,-1,1,0,50,7,2,0,0,34,13,0,0,[0|0],1,1,1,1,1,0,1,0,0,0,0,1,1,0,0,0,0,0,0,0,0,0,0,0,0,-1,-1,-1,-1,-1,-1,-1,-1,1,0,0,1,0,0,0,0,0,0,0,1,0,2,0,1,0,600,10,1,0,0,0,0,1,1,0,-1,69,-1,234004,10003,1595,0,0,0,0,0,0,0,0,0,0,0,0,0,0,0,0,0,[0|0],710550,[0|0|0|0|0|0|0|0],寄宿着灵魂的骨灰。\n能召唤５位亚人的灵魂。\n\n身形较为娇小，个性凶暴的亚人灵魂。\n似乎拥有些许的智慧。\n具有入夜后会为之亢奋，战斗更加勇猛的习性。
234004,亚人集团的骨灰＋４,1,0,[0|0|0],234004,-1,0,0,-1,0,-1,50804,-1,20000610,0,-1,0,454,0,-1,-1,-1,1,0,50,7,2,0,0,34,13,0,0,[0|0],1,1,1,1,1,0,1,0,0,0,0,1,1,0,0,0,0,0,0,0,0,0,0,0,0,-1,-1,-1,-1,-1,-1,-1,-1,1,0,0,1,0,0,0,0,0,0,0,1,0,2,0,1,0,600,10,1,0,0,0,0,1,1,0,-1,69,-1,234005,10004,1885,0,0,0,0,0,0,0,0,0,0,0,0,0,0,0,0,0,[0|0],710550,[0|0|0|0|0|0|0|0],寄宿着灵魂的骨灰。\n能召唤５位亚人的灵魂。\n\n身形较为娇小，个性凶暴的亚人灵魂。\n似乎拥有些许的智慧。\n具有入夜后会为之亢奋，战斗更加勇猛的习性。
234005,亚人集团的骨灰＋５,1,0,[0|0|0],234005,-1,0,0,-1,0,-1,50805,-1,20000610,0,-1,0,454,0,-1,-1,-1,1,0,50,7,2,0,0,34,13,0,0,[0|0],1,1,1,1,1,0,1,0,0,0,0,1,1,0,0,0,0,0,0,0,0,0,0,0,0,-1,-1,-1,-1,-1,-1,-1,-1,1,0,0,1,0,0,0,0,0,0,0,1,0,2,0,1,0,600,10,1,0,0,0,0,1,1,0,-1,69,-1,234006,10005,2175,0,0,0,0,0,0,0,0,0,0,0,0,0,0,0,0,0,[0|0],710550,[0|0|0|0|0|0|0|0],寄宿着灵魂的骨灰。\n能召唤５位亚人的灵魂。\n\n身形较为娇小，个性凶暴的亚人灵魂。\n似乎拥有些许的智慧。\n具有入夜后会为之亢奋，战斗更加勇猛的习性。
234006,亚人集团的骨灰＋６,1,0,[0|0|0],234006,-1,0,0,-1,0,-1,50806,-1,20000610,0,-1,0,454,0,-1,-1,-1,1,0,50,7,2,0,0,34,13,0,0,[0|0],1,1,1,1,1,0,1,0,0,0,0,1,1,0,0,0,0,0,0,0,0,0,0,0,0,-1,-1,-1,-1,-1,-1,-1,-1,1,0,0,1,0,0,0,0,0,0,0,1,0,2,0,1,0,600,10,1,0,0,0,0,1,1,0,-1,69,-1,234007,10006,2465,0,0,0,0,0,0,0,0,0,0,0,0,0,0,0,0,0,[0|0],710550,[0|0|0|0|0|0|0|0],寄宿着灵魂的骨灰。\n能召唤５位亚人的灵魂。\n\n身形较为娇小，个性凶暴的亚人灵魂。\n似乎拥有些许的智慧。\n具有入夜后会为之亢奋，战斗更加勇猛的习性。
234007,亚人集团的骨灰＋７,1,0,[0|0|0],234007,-1,0,0,-1,0,-1,50807,-1,20000610,0,-1,0,454,0,-1,-1,-1,1,0,50,7,2,0,0,34,13,0,0,[0|0],1,1,1,1,1,0,1,0,0,0,0,1,1,0,0,0,0,0,0,0,0,0,0,0,0,-1,-1,-1,-1,-1,-1,-1,-1,1,0,0,1,0,0,0,0,0,0,0,1,0,2,0,1,0,600,10,1,0,0,0,0,1,1,0,-1,69,-1,234008,10007,2755,0,0,0,0,0,0,0,0,0,0,0,0,0,0,0,0,0,[0|0],710550,[0|0|0|0|0|0|0|0],寄宿着灵魂的骨灰。\n能召唤５位亚人的灵魂。\n\n身形较为娇小，个性凶暴的亚人灵魂。\n似乎拥有些许的智慧。\n具有入夜后会为之亢奋，战斗更加勇猛的习性。
234008,亚人集团的骨灰＋８,1,0,[0|0|0],234008,-1,0,0,-1,0,-1,50808,-1,20000610,0,-1,0,454,0,-1,-1,-1,1,0,50,7,2,0,0,34,13,0,0,[0|0],1,1,1,1,1,0,1,0,0,0,0,1,1,0,0,0,0,0,0,0,0,0,0,0,0,-1,-1,-1,-1,-1,-1,-1,-1,1,0,0,1,0,0,0,0,0,0,0,1,0,2,0,1,0,600,10,1,0,0,0,0,1,1,0,-1,69,-1,234009,10008,3045,0,0,0,0,0,0,0,0,0,0,0,0,0,0,0,0,0,[0|0],710550,[0|0|0|0|0|0|0|0],寄宿着灵魂的骨灰。\n能召唤５位亚人的灵魂。\n\n身形较为娇小，个性凶暴的亚人灵魂。\n似乎拥有些许的智慧。\n具有入夜后会为之亢奋，战斗更加勇猛的习性。
234009,亚人集团的骨灰＋９,1,0,[0|0|0],234009,-1,0,0,-1,0,-1,50809,-1,20000610,0,-1,0,454,0,-1,-1,-1,1,0,50,7,2,0,0,34,13,0,0,[0|0],1,1,1,1,1,0,1,0,0,0,0,1,1,0,0,0,0,0,0,0,0,0,0,0,0,-1,-1,-1,-1,-1,-1,-1,-1,1,0,0,1,0,0,0,0,0,0,0,1,0,2,0,1,0,600,10,1,0,0,0,0,1,1,0,-1,69,-1,234010,10009,3625,0,0,0,0,0,0,0,0,0,0,0,0,0,0,0,0,0,[0|0],710550,[0|0|0|0|0|0|0|0],寄宿着灵魂的骨灰。\n能召唤５位亚人的灵魂。\n\n身形较为娇小，个性凶暴的亚人灵魂。\n似乎拥有些许的智慧。\n具有入夜后会为之亢奋，战斗更加勇猛的习性。
234010,亚人集团的骨灰＋１０,1,0,[0|0|0],234010,-1,0,0,-1,0,-1,50810,-1,20000610,0,-1,0,454,0,-1,-1,-1,1,0,50,7,2,0,0,34,13,0,0,[0|0],1,1,1,1,1,0,1,0,0,0,0,1,1,0,0,0,0,0,0,0,0,0,0,0,0,-1,-1,-1,-1,-1,-1,-1,-1,1,0,0,1,0,0,0,0,0,0,0,1,0,2,0,1,0,600,10,1,0,0,0,0,1,1,0,-1,69,-1,-1,-1,0,0,0,0,0,0,0,0,0,0,0,0,0,0,0,0,0,0,[0|0],710550,[0|0|0|0|0|0|0|0],寄宿着灵魂的骨灰。\n能召唤５位亚人的灵魂。\n\n身形较为娇小，个性凶暴的亚人灵魂。\n似乎拥有些许的智慧。\n具有入夜后会为之亢奋，战斗更加勇猛的习性。
235000,腐败野狗的骨灰,1,0,[0|0|0],235000,-1,0,0,-1,0,-1,51200,-1,20000610,0,-1,0,455,0,-1,-1,-1,1,0,50,7,2,0,0,34,13,0,0,[0|0],1,1,1,1,1,0,1,0,0,0,0,1,1,0,0,0,0,0,0,0,0,0,0,0,0,-1,-1,-1,-1,-1,-1,-1,-1,1,0,0,1,0,0,0,0,0,0,0,1,0,2,0,1,0,600,10,1,0,0,0,0,1,1,0,-1,35,-1,235001,10000,120,0,0,0,0,0,0,0,0,0,0,0,0,0,0,0,0,0,[0|0],710550,[0|0|0|0|0|0|0|0],寄宿着灵魂的骨灰。\n能召唤腐败野狗的灵魂。\n\n受到猩红腐败侵蚀的野狗灵魂。\n体型偏小，动作迅速，性格十分凶暴。\n那口骯脏的牙布满了腐败的毒素。
235001,腐败野狗的骨灰＋１,1,0,[0|0|0],235001,-1,0,0,-1,0,-1,51201,-1,20000610,0,-1,0,455,0,-1,-1,-1,1,0,50,7,2,0,0,34,13,0,0,[0|0],1,1,1,1,1,0,1,0,0,0,0,1,1,0,0,0,0,0,0,0,0,0,0,0,0,-1,-1,-1,-1,-1,-1,-1,-1,1,0,0,1,0,0,0,0,0,0,0,1,0,2,0,1,0,600,10,1,0,0,0,0,1,1,0,-1,35,-1,235002,10001,168,0,0,0,0,0,0,0,0,0,0,0,0,0,0,0,0,0,[0|0],710550,[0|0|0|0|0|0|0|0],寄宿着灵魂的骨灰。\n能召唤腐败野狗的灵魂。\n\n受到猩红腐败侵蚀的野狗灵魂。\n体型偏小，动作迅速，性格十分凶暴。\n那口骯脏的牙布满了腐败的毒素。
235002,腐败野狗的骨灰＋２,1,0,[0|0|0],235002,-1,0,0,-1,0,-1,51202,-1,20000610,0,-1,0,455,0,-1,-1,-1,1,0,50,7,2,0,0,34,13,0,0,[0|0],1,1,1,1,1,0,1,0,0,0,0,1,1,0,0,0,0,0,0,0,0,0,0,0,0,-1,-1,-1,-1,-1,-1,-1,-1,1,0,0,1,0,0,0,0,0,0,0,1,0,2,0,1,0,600,10,1,0,0,0,0,1,1,0,-1,35,-1,235003,10002,216,0,0,0,0,0,0,0,0,0,0,0,0,0,0,0,0,0,[0|0],710550,[0|0|0|0|0|0|0|0],寄宿着灵魂的骨灰。\n能召唤腐败野狗的灵魂。\n\n受到猩红腐败侵蚀的野狗灵魂。\n体型偏小，动作迅速，性格十分凶暴。\n那口骯脏的牙布满了腐败的毒素。
235003,腐败野狗的骨灰＋３,1,0,[0|0|0],235003,-1,0,0,-1,0,-1,51203,-1,20000610,0,-1,0,455,0,-1,-1,-1,1,0,50,7,2,0,0,34,13,0,0,[0|0],1,1,1,1,1,0,1,0,0,0,0,1,1,0,0,0,0,0,0,0,0,0,0,0,0,-1,-1,-1,-1,-1,-1,-1,-1,1,0,0,1,0,0,0,0,0,0,0,1,0,2,0,1,0,600,10,1,0,0,0,0,1,1,0,-1,35,-1,235004,10003,264,0,0,0,0,0,0,0,0,0,0,0,0,0,0,0,0,0,[0|0],710550,[0|0|0|0|0|0|0|0],寄宿着灵魂的骨灰。\n能召唤腐败野狗的灵魂。\n\n受到猩红腐败侵蚀的野狗灵魂。\n体型偏小，动作迅速，性格十分凶暴。\n那口骯脏的牙布满了腐败的毒素。
235004,腐败野狗的骨灰＋４,1,0,[0|0|0],235004,-1,0,0,-1,0,-1,51204,-1,20000610,0,-1,0,455,0,-1,-1,-1,1,0,50,7,2,0,0,34,13,0,0,[0|0],1,1,1,1,1,0,1,0,0,0,0,1,1,0,0,0,0,0,0,0,0,0,0,0,0,-1,-1,-1,-1,-1,-1,-1,-1,1,0,0,1,0,0,0,0,0,0,0,1,0,2,0,1,0,600,10,1,0,0,0,0,1,1,0,-1,35,-1,235005,10004,312,0,0,0,0,0,0,0,0,0,0,0,0,0,0,0,0,0,[0|0],710550,[0|0|0|0|0|0|0|0],寄宿着灵魂的骨灰。\n能召唤腐败野狗的灵魂。\n\n受到猩红腐败侵蚀的野狗灵魂。\n体型偏小，动作迅速，性格十分凶暴。\n那口骯脏的牙布满了腐败的毒素。
235005,腐败野狗的骨灰＋５,1,0,[0|0|0],235005,-1,0,0,-1,0,-1,51205,-1,20000610,0,-1,0,455,0,-1,-1,-1,1,0,50,7,2,0,0,34,13,0,0,[0|0],1,1,1,1,1,0,1,0,0,0,0,1,1,0,0,0,0,0,0,0,0,0,0,0,0,-1,-1,-1,-1,-1,-1,-1,-1,1,0,0,1,0,0,0,0,0,0,0,1,0,2,0,1,0,600,10,1,0,0,0,0,1,1,0,-1,35,-1,235006,10005,360,0,0,0,0,0,0,0,0,0,0,0,0,0,0,0,0,0,[0|0],710550,[0|0|0|0|0|0|0|0],寄宿着灵魂的骨灰。\n能召唤腐败野狗的灵魂。\n\n受到猩红腐败侵蚀的野狗灵魂。\n体型偏小，动作迅速，性格十分凶暴。\n那口骯脏的牙布满了腐败的毒素。
235006,腐败野狗的骨灰＋６,1,0,[0|0|0],235006,-1,0,0,-1,0,-1,51206,-1,20000610,0,-1,0,455,0,-1,-1,-1,1,0,50,7,2,0,0,34,13,0,0,[0|0],1,1,1,1,1,0,1,0,0,0,0,1,1,0,0,0,0,0,0,0,0,0,0,0,0,-1,-1,-1,-1,-1,-1,-1,-1,1,0,0,1,0,0,0,0,0,0,0,1,0,2,0,1,0,600,10,1,0,0,0,0,1,1,0,-1,35,-1,235007,10006,408,0,0,0,0,0,0,0,0,0,0,0,0,0,0,0,0,0,[0|0],710550,[0|0|0|0|0|0|0|0],寄宿着灵魂的骨灰。\n能召唤腐败野狗的灵魂。\n\n受到猩红腐败侵蚀的野狗灵魂。\n体型偏小，动作迅速，性格十分凶暴。\n那口骯脏的牙布满了腐败的毒素。
235007,腐败野狗的骨灰＋７,1,0,[0|0|0],235007,-1,0,0,-1,0,-1,51207,-1,20000610,0,-1,0,455,0,-1,-1,-1,1,0,50,7,2,0,0,34,13,0,0,[0|0],1,1,1,1,1,0,1,0,0,0,0,1,1,0,0,0,0,0,0,0,0,0,0,0,0,-1,-1,-1,-1,-1,-1,-1,-1,1,0,0,1,0,0,0,0,0,0,0,1,0,2,0,1,0,600,10,1,0,0,0,0,1,1,0,-1,35,-1,235008,10007,456,0,0,0,0,0,0,0,0,0,0,0,0,0,0,0,0,0,[0|0],710550,[0|0|0|0|0|0|0|0],寄宿着灵魂的骨灰。\n能召唤腐败野狗的灵魂。\n\n受到猩红腐败侵蚀的野狗灵魂。\n体型偏小，动作迅速，性格十分凶暴。\n那口骯脏的牙布满了腐败的毒素。
235008,腐败野狗的骨灰＋８,1,0,[0|0|0],235008,-1,0,0,-1,0,-1,51208,-1,20000610,0,-1,0,455,0,-1,-1,-1,1,0,50,7,2,0,0,34,13,0,0,[0|0],1,1,1,1,1,0,1,0,0,0,0,1,1,0,0,0,0,0,0,0,0,0,0,0,0,-1,-1,-1,-1,-1,-1,-1,-1,1,0,0,1,0,0,0,0,0,0,0,1,0,2,0,1,0,600,10,1,0,0,0,0,1,1,0,-1,35,-1,235009,10008,504,0,0,0,0,0,0,0,0,0,0,0,0,0,0,0,0,0,[0|0],710550,[0|0|0|0|0|0|0|0],寄宿着灵魂的骨灰。\n能召唤腐败野狗的灵魂。\n\n受到猩红腐败侵蚀的野狗灵魂。\n体型偏小，动作迅速，性格十分凶暴。\n那口骯脏的牙布满了腐败的毒素。
235009,腐败野狗的骨灰＋９,1,0,[0|0|0],235009,-1,0,0,-1,0,-1,51209,-1,20000610,0,-1,0,455,0,-1,-1,-1,1,0,50,7,2,0,0,34,13,0,0,[0|0],1,1,1,1,1,0,1,0,0,0,0,1,1,0,0,0,0,0,0,0,0,0,0,0,0,-1,-1,-1,-1,-1,-1,-1,-1,1,0,0,1,0,0,0,0,0,0,0,1,0,2,0,1,0,600,10,1,0,0,0,0,1,1,0,-1,35,-1,235010,10009,600,0,0,0,0,0,0,0,0,0,0,0,0,0,0,0,0,0,[0|0],710550,[0|0|0|0|0|0|0|0],寄宿着灵魂的骨灰。\n能召唤腐败野狗的灵魂。\n\n受到猩红腐败侵蚀的野狗灵魂。\n体型偏小，动作迅速，性格十分凶暴。\n那口骯脏的牙布满了腐败的毒素。
235010,腐败野狗的骨灰＋１０,1,0,[0|0|0],235010,-1,0,0,-1,0,-1,51210,-1,20000610,0,-1,0,455,0,-1,-1,-1,1,0,50,7,2,0,0,34,13,0,0,[0|0],1,1,1,1,1,0,1,0,0,0,0,1,1,0,0,0,0,0,0,0,0,0,0,0,0,-1,-1,-1,-1,-1,-1,-1,-1,1,0,0,1,0,0,0,0,0,0,0,1,0,2,0,1,0,600,10,1,0,0,0,0,1,1,0,-1,35,-1,-1,-1,0,0,0,0,0,0,0,0,0,0,0,0,0,0,0,0,0,0,[0|0],710550,[0|0|0|0|0|0|0|0],寄宿着灵魂的骨灰。\n能召唤腐败野狗的灵魂。\n\n受到猩红腐败侵蚀的野狗灵魂。\n体型偏小，动作迅速，性格十分凶暴。\n那口骯脏的牙布满了腐败的毒素。
236000,灵魂水母的骨灰,0,0,[0|0|0],236000,-1,0,0,-1,0,-1,51600,-1,20000610,0,-1,0,111,0,-1,-1,-1,1,0,50,7,2,0,0,34,13,0,0,[0|0],1,1,1,1,1,0,1,0,0,0,0,1,1,0,0,0,0,0,0,0,0,0,0,0,0,-1,-1,-1,-1,-1,-1,-1,-1,1,0,0,1,0,0,0,0,0,0,0,1,0,2,0,1,0,600,10,1,0,0,0,0,1,1,0,-1,31,-1,236001,10000,360,0,0,0,0,0,0,0,0,0,0,0,0,0,0,0,0,0,[0|0],710550,[0|0|0|0|0|0|0|0],寄宿着灵魂的骨灰。\n能召唤灵魂水母的灵魂。\n\n飘浮空中，照亮四周的灵魂。\n爱哭的少女水母寻找着遥远的故乡。\n会努力喷出毒液。\n\n少女水母名叫库菈菈。
236001,灵魂水母的骨灰＋１,0,0,[0|0|0],236001,-1,0,0,-1,0,-1,51601,-1,20000610,0,-1,0,111,0,-1,-1,-1,1,0,50,7,2,0,0,34,13,0,0,[0|0],1,1,1,1,1,0,1,0,0,0,0,1,1,0,0,0,0,0,0,0,0,0,0,0,0,-1,-1,-1,-1,-1,-1,-1,-1,1,0,0,1,0,0,0,0,0,0,0,1,0,2,0,1,0,600,10,1,0,0,0,0,1,1,0,-1,31,-1,236002,10001,504,0,0,0,0,0,0,0,0,0,0,0,0,0,0,0,0,0,[0|0],710550,[0|0|0|0|0|0|0|0],寄宿着灵魂的骨灰。\n能召唤灵魂水母的灵魂。\n\n飘浮空中，照亮四周的灵魂。\n爱哭的少女水母寻找着遥远的故乡。\n会努力喷出毒液。\n\n少女水母名叫库菈菈。
236002,灵魂水母的骨灰＋２,0,0,[0|0|0],236002,-1,0,0,-1,0,-1,51602,-1,20000610,0,-1,0,111,0,-1,-1,-1,1,0,50,7,2,0,0,34,13,0,0,[0|0],1,1,1,1,1,0,1,0,0,0,0,1,1,0,0,0,0,0,0,0,0,0,0,0,0,-1,-1,-1,-1,-1,-1,-1,-1,1,0,0,1,0,0,0,0,0,0,0,1,0,2,0,1,0,600,10,1,0,0,0,0,1,1,0,-1,31,-1,236003,10002,648,0,0,0,0,0,0,0,0,0,0,0,0,0,0,0,0,0,[0|0],710550,[0|0|0|0|0|0|0|0],寄宿着灵魂的骨灰。\n能召唤灵魂水母的灵魂。\n\n飘浮空中，照亮四周的灵魂。\n爱哭的少女水母寻找着遥远的故乡。\n会努力喷出毒液。\n\n少女水母名叫库菈菈。
236003,灵魂水母的骨灰＋３,0,0,[0|0|0],236003,-1,0,0,-1,0,-1,51603,-1,20000610,0,-1,0,111,0,-1,-1,-1,1,0,50,7,2,0,0,34,13,0,0,[0|0],1,1,1,1,1,0,1,0,0,0,0,1,1,0,0,0,0,0,0,0,0,0,0,0,0,-1,-1,-1,-1,-1,-1,-1,-1,1,0,0,1,0,0,0,0,0,0,0,1,0,2,0,1,0,600,10,1,0,0,0,0,1,1,0,-1,31,-1,236004,10003,792,0,0,0,0,0,0,0,0,0,0,0,0,0,0,0,0,0,[0|0],710550,[0|0|0|0|0|0|0|0],寄宿着灵魂的骨灰。\n能召唤灵魂水母的灵魂。\n\n飘浮空中，照亮四周的灵魂。\n爱哭的少女水母寻找着遥远的故乡。\n会努力喷出毒液。\n\n少女水母名叫库菈菈。
236004,灵魂水母的骨灰＋４,0,0,[0|0|0],236004,-1,0,0,-1,0,-1,51604,-1,20000610,0,-1,0,111,0,-1,-1,-1,1,0,50,7,2,0,0,34,13,0,0,[0|0],1,1,1,1,1,0,1,0,0,0,0,1,1,0,0,0,0,0,0,0,0,0,0,0,0,-1,-1,-1,-1,-1,-1,-1,-1,1,0,0,1,0,0,0,0,0,0,0,1,0,2,0,1,0,600,10,1,0,0,0,0,1,1,0,-1,31,-1,236005,10004,936,0,0,0,0,0,0,0,0,0,0,0,0,0,0,0,0,0,[0|0],710550,[0|0|0|0|0|0|0|0],寄宿着灵魂的骨灰。\n能召唤灵魂水母的灵魂。\n\n飘浮空中，照亮四周的灵魂。\n爱哭的少女水母寻找着遥远的故乡。\n会努力喷出毒液。\n\n少女水母名叫库菈菈。
236005,灵魂水母的骨灰＋５,0,0,[0|0|0],236005,-1,0,0,-1,0,-1,51605,-1,20000610,0,-1,0,111,0,-1,-1,-1,1,0,50,7,2,0,0,34,13,0,0,[0|0],1,1,1,1,1,0,1,0,0,0,0,1,1,0,0,0,0,0,0,0,0,0,0,0,0,-1,-1,-1,-1,-1,-1,-1,-1,1,0,0,1,0,0,0,0,0,0,0,1,0,2,0,1,0,600,10,1,0,0,0,0,1,1,0,-1,31,-1,236006,10005,1080,0,0,0,0,0,0,0,0,0,0,0,0,0,0,0,0,0,[0|0],710550,[0|0|0|0|0|0|0|0],寄宿着灵魂的骨灰。\n能召唤灵魂水母的灵魂。\n\n飘浮空中，照亮四周的灵魂。\n爱哭的少女水母寻找着遥远的故乡。\n会努力喷出毒液。\n\n少女水母名叫库菈菈。
236006,灵魂水母的骨灰＋６,0,0,[0|0|0],236006,-1,0,0,-1,0,-1,51606,-1,20000610,0,-1,0,111,0,-1,-1,-1,1,0,50,7,2,0,0,34,13,0,0,[0|0],1,1,1,1,1,0,1,0,0,0,0,1,1,0,0,0,0,0,0,0,0,0,0,0,0,-1,-1,-1,-1,-1,-1,-1,-1,1,0,0,1,0,0,0,0,0,0,0,1,0,2,0,1,0,600,10,1,0,0,0,0,1,1,0,-1,31,-1,236007,10006,1224,0,0,0,0,0,0,0,0,0,0,0,0,0,0,0,0,0,[0|0],710550,[0|0|0|0|0|0|0|0],寄宿着灵魂的骨灰。\n能召唤灵魂水母的灵魂。\n\n飘浮空中，照亮四周的灵魂。\n爱哭的少女水母寻找着遥远的故乡。\n会努力喷出毒液。\n\n少女水母名叫库菈菈。
236007,灵魂水母的骨灰＋７,0,0,[0|0|0],236007,-1,0,0,-1,0,-1,51607,-1,20000610,0,-1,0,111,0,-1,-1,-1,1,0,50,7,2,0,0,34,13,0,0,[0|0],1,1,1,1,1,0,1,0,0,0,0,1,1,0,0,0,0,0,0,0,0,0,0,0,0,-1,-1,-1,-1,-1,-1,-1,-1,1,0,0,1,0,0,0,0,0,0,0,1,0,2,0,1,0,600,10,1,0,0,0,0,1,1,0,-1,31,-1,236008,10007,1368,0,0,0,0,0,0,0,0,0,0,0,0,0,0,0,0,0,[0|0],710550,[0|0|0|0|0|0|0|0],寄宿着灵魂的骨灰。\n能召唤灵魂水母的灵魂。\n\n飘浮空中，照亮四周的灵魂。\n爱哭的少女水母寻找着遥远的故乡。\n会努力喷出毒液。\n\n少女水母名叫库菈菈。
236008,灵魂水母的骨灰＋８,0,0,[0|0|0],236008,-1,0,0,-1,0,-1,51608,-1,20000610,0,-1,0,111,0,-1,-1,-1,1,0,50,7,2,0,0,34,13,0,0,[0|0],1,1,1,1,1,0,1,0,0,0,0,1,1,0,0,0,0,0,0,0,0,0,0,0,0,-1,-1,-1,-1,-1,-1,-1,-1,1,0,0,1,0,0,0,0,0,0,0,1,0,2,0,1,0,600,10,1,0,0,0,0,1,1,0,-1,31,-1,236009,10008,1512,0,0,0,0,0,0,0,0,0,0,0,0,0,0,0,0,0,[0|0],710550,[0|0|0|0|0|0|0|0],寄宿着灵魂的骨灰。\n能召唤灵魂水母的灵魂。\n\n飘浮空中，照亮四周的灵魂。\n爱哭的少女水母寻找着遥远的故乡。\n会努力喷出毒液。\n\n少女水母名叫库菈菈。
236009,灵魂水母的骨灰＋９,0,0,[0|0|0],236009,-1,0,0,-1,0,-1,51609,-1,20000610,0,-1,0,111,0,-1,-1,-1,1,0,50,7,2,0,0,34,13,0,0,[0|0],1,1,1,1,1,0,1,0,0,0,0,1,1,0,0,0,0,0,0,0,0,0,0,0,0,-1,-1,-1,-1,-1,-1,-1,-1,1,0,0,1,0,0,0,0,0,0,0,1,0,2,0,1,0,600,10,1,0,0,0,0,1,1,0,-1,31,-1,236010,10009,1800,0,0,0,0,0,0,0,0,0,0,0,0,0,0,0,0,0,[0|0],710550,[0|0|0|0|0|0|0|0],寄宿着灵魂的骨灰。\n能召唤灵魂水母的灵魂。\n\n飘浮空中，照亮四周的灵魂。\n爱哭的少女水母寻找着遥远的故乡。\n会努力喷出毒液。\n\n少女水母名叫库菈菈。
236010,灵魂水母的骨灰＋１０,0,0,[0|0|0],236010,-1,0,0,-1,0,-1,51610,-1,20000610,0,-1,0,111,0,-1,-1,-1,1,0,50,7,2,0,0,34,13,0,0,[0|0],1,1,1,1,1,0,1,0,0,0,0,1,1,0,0,0,0,0,0,0,0,0,0,0,0,-1,-1,-1,-1,-1,-1,-1,-1,1,0,0,1,0,0,0,0,0,0,0,1,0,2,0,1,0,600,10,1,0,0,0,0,1,1,0,-1,31,-1,-1,-1,0,0,0,0,0,0,0,0,0,0,0,0,0,0,0,0,0,0,[0|0],710550,[0|0|0|0|0|0|0|0],寄宿着灵魂的骨灰。\n能召唤灵魂水母的灵魂。\n\n飘浮空中，照亮四周的灵魂。\n爱哭的少女水母寻找着遥远的故乡。\n会努力喷出毒液。\n\n少女水母名叫库菈菈。
237000,战鹰的骨灰,1,0,[0|0|0],237000,-1,0,0,-1,0,-1,51400,-1,20000610,0,-1,0,456,0,-1,-1,-1,1,0,50,7,2,0,0,34,13,0,0,[0|0],1,1,1,1,1,0,1,0,0,0,0,1,1,0,0,0,0,0,0,0,0,0,0,0,0,-1,-1,-1,-1,-1,-1,-1,-1,1,0,0,1,0,0,0,0,0,0,0,1,0,2,0,1,0,600,10,1,0,0,0,0,1,1,0,-1,52,-1,237001,10000,580,0,0,0,0,0,0,0,0,0,0,0,0,0,0,0,0,0,[0|0],710550,[0|0|0|0|0|0|0|0],寄宿着灵魂的骨灰。\n能召唤战鹰的灵魂。\n\n被切断鹰爪、嵌进薄刀的史东薇尔战鹰的灵魂。\n在主人战败之后，战鹰的翅膀也受伤。\n它的目光直视着故乡，咽下最后一口气。\n风暴是它们的摇篮。
237001,战鹰的骨灰＋１,1,0,[0|0|0],237001,-1,0,0,-1,0,-1,51401,-1,20000610,0,-1,0,456,0,-1,-1,-1,1,0,50,7,2,0,0,34,13,0,0,[0|0],1,1,1,1,1,0,1,0,0,0,0,1,1,0,0,0,0,0,0,0,0,0,0,0,0,-1,-1,-1,-1,-1,-1,-1,-1,1,0,0,1,0,0,0,0,0,0,0,1,0,2,0,1,0,600,10,1,0,0,0,0,1,1,0,-1,52,-1,237002,10001,812,0,0,0,0,0,0,0,0,0,0,0,0,0,0,0,0,0,[0|0],710550,[0|0|0|0|0|0|0|0],寄宿着灵魂的骨灰。\n能召唤战鹰的灵魂。\n\n被切断鹰爪、嵌进薄刀的史东薇尔战鹰的灵魂。\n在主人战败之后，战鹰的翅膀也受伤。\n它的目光直视着故乡，咽下最后一口气。\n风暴是它们的摇篮。
237002,战鹰的骨灰＋２,1,0,[0|0|0],237002,-1,0,0,-1,0,-1,51402,-1,20000610,0,-1,0,456,0,-1,-1,-1,1,0,50,7,2,0,0,34,13,0,0,[0|0],1,1,1,1,1,0,1,0,0,0,0,1,1,0,0,0,0,0,0,0,0,0,0,0,0,-1,-1,-1,-1,-1,-1,-1,-1,1,0,0,1,0,0,0,0,0,0,0,1,0,2,0,1,0,600,10,1,0,0,0,0,1,1,0,-1,52,-1,237003,10002,1044,0,0,0,0,0,0,0,0,0,0,0,0,0,0,0,0,0,[0|0],710550,[0|0|0|0|0|0|0|0],寄宿着灵魂的骨灰。\n能召唤战鹰的灵魂。\n\n被切断鹰爪、嵌进薄刀的史东薇尔战鹰的灵魂。\n在主人战败之后，战鹰的翅膀也受伤。\n它的目光直视着故乡，咽下最后一口气。\n风暴是它们的摇篮。
237003,战鹰的骨灰＋３,1,0,[0|0|0],237003,-1,0,0,-1,0,-1,51403,-1,20000610,0,-1,0,456,0,-1,-1,-1,1,0,50,7,2,0,0,34,13,0,0,[0|0],1,1,1,1,1,0,1,0,0,0,0,1,1,0,0,0,0,0,0,0,0,0,0,0,0,-1,-1,-1,-1,-1,-1,-1,-1,1,0,0,1,0,0,0,0,0,0,0,1,0,2,0,1,0,600,10,1,0,0,0,0,1,1,0,-1,52,-1,237004,10003,1276,0,0,0,0,0,0,0,0,0,0,0,0,0,0,0,0,0,[0|0],710550,[0|0|0|0|0|0|0|0],寄宿着灵魂的骨灰。\n能召唤战鹰的灵魂。\n\n被切断鹰爪、嵌进薄刀的史东薇尔战鹰的灵魂。\n在主人战败之后，战鹰的翅膀也受伤。\n它的目光直视着故乡，咽下最后一口气。\n风暴是它们的摇篮。
237004,战鹰的骨灰＋４,1,0,[0|0|0],237004,-1,0,0,-1,0,-1,51404,-1,20000610,0,-1,0,456,0,-1,-1,-1,1,0,50,7,2,0,0,34,13,0,0,[0|0],1,1,1,1,1,0,1,0,0,0,0,1,1,0,0,0,0,0,0,0,0,0,0,0,0,-1,-1,-1,-1,-1,-1,-1,-1,1,0,0,1,0,0,0,0,0,0,0,1,0,2,0,1,0,600,10,1,0,0,0,0,1,1,0,-1,52,-1,237005,10004,1508,0,0,0,0,0,0,0,0,0,0,0,0,0,0,0,0,0,[0|0],710550,[0|0|0|0|0|0|0|0],寄宿着灵魂的骨灰。\n能召唤战鹰的灵魂。\n\n被切断鹰爪、嵌进薄刀的史东薇尔战鹰的灵魂。\n在主人战败之后，战鹰的翅膀也受伤。\n它的目光直视着故乡，咽下最后一口气。\n风暴是它们的摇篮。
237005,战鹰的骨灰＋５,1,0,[0|0|0],237005,-1,0,0,-1,0,-1,51405,-1,20000610,0,-1,0,456,0,-1,-1,-1,1,0,50,7,2,0,0,34,13,0,0,[0|0],1,1,1,1,1,0,1,0,0,0,0,1,1,0,0,0,0,0,0,0,0,0,0,0,0,-1,-1,-1,-1,-1,-1,-1,-1,1,0,0,1,0,0,0,0,0,0,0,1,0,2,0,1,0,600,10,1,0,0,0,0,1,1,0,-1,52,-1,237006,10005,1740,0,0,0,0,0,0,0,0,0,0,0,0,0,0,0,0,0,[0|0],710550,[0|0|0|0|0|0|0|0],寄宿着灵魂的骨灰。\n能召唤战鹰的灵魂。\n\n被切断鹰爪、嵌进薄刀的史东薇尔战鹰的灵魂。\n在主人战败之后，战鹰的翅膀也受伤。\n它的目光直视着故乡，咽下最后一口气。\n风暴是它们的摇篮。
237006,战鹰的骨灰＋６,1,0,[0|0|0],237006,-1,0,0,-1,0,-1,51406,-1,20000610,0,-1,0,456,0,-1,-1,-1,1,0,50,7,2,0,0,34,13,0,0,[0|0],1,1,1,1,1,0,1,0,0,0,0,1,1,0,0,0,0,0,0,0,0,0,0,0,0,-1,-1,-1,-1,-1,-1,-1,-1,1,0,0,1,0,0,0,0,0,0,0,1,0,2,0,1,0,600,10,1,0,0,0,0,1,1,0,-1,52,-1,237007,10006,1972,0,0,0,0,0,0,0,0,0,0,0,0,0,0,0,0,0,[0|0],710550,[0|0|0|0|0|0|0|0],寄宿着灵魂的骨灰。\n能召唤战鹰的灵魂。\n\n被切断鹰爪、嵌进薄刀的史东薇尔战鹰的灵魂。\n在主人战败之后，战鹰的翅膀也受伤。\n它的目光直视着故乡，咽下最后一口气。\n风暴是它们的摇篮。
237007,战鹰的骨灰＋７,1,0,[0|0|0],237007,-1,0,0,-1,0,-1,51407,-1,20000610,0,-1,0,456,0,-1,-1,-1,1,0,50,7,2,0,0,34,13,0,0,[0|0],1,1,1,1,1,0,1,0,0,0,0,1,1,0,0,0,0,0,0,0,0,0,0,0,0,-1,-1,-1,-1,-1,-1,-1,-1,1,0,0,1,0,0,0,0,0,0,0,1,0,2,0,1,0,600,10,1,0,0,0,0,1,1,0,-1,52,-1,237008,10007,2204,0,0,0,0,0,0,0,0,0,0,0,0,0,0,0,0,0,[0|0],710550,[0|0|0|0|0|0|0|0],寄宿着灵魂的骨灰。\n能召唤战鹰的灵魂。\n\n被切断鹰爪、嵌进薄刀的史东薇尔战鹰的灵魂。\n在主人战败之后，战鹰的翅膀也受伤。\n它的目光直视着故乡，咽下最后一口气。\n风暴是它们的摇篮。
237008,战鹰的骨灰＋８,1,0,[0|0|0],237008,-1,0,0,-1,0,-1,51408,-1,20000610,0,-1,0,456,0,-1,-1,-1,1,0,50,7,2,0,0,34,13,0,0,[0|0],1,1,1,1,1,0,1,0,0,0,0,1,1,0,0,0,0,0,0,0,0,0,0,0,0,-1,-1,-1,-1,-1,-1,-1,-1,1,0,0,1,0,0,0,0,0,0,0,1,0,2,0,1,0,600,10,1,0,0,0,0,1,1,0,-1,52,-1,237009,10008,2436,0,0,0,0,0,0,0,0,0,0,0,0,0,0,0,0,0,[0|0],710550,[0|0|0|0|0|0|0|0],寄宿着灵魂的骨灰。\n能召唤战鹰的灵魂。\n\n被切断鹰爪、嵌进薄刀的史东薇尔战鹰的灵魂。\n在主人战败之后，战鹰的翅膀也受伤。\n它的目光直视着故乡，咽下最后一口气。\n风暴是它们的摇篮。
237009,战鹰的骨灰＋９,1,0,[0|0|0],237009,-1,0,0,-1,0,-1,51409,-1,20000610,0,-1,0,456,0,-1,-1,-1,1,0,50,7,2,0,0,34,13,0,0,[0|0],1,1,1,1,1,0,1,0,0,0,0,1,1,0,0,0,0,0,0,0,0,0,0,0,0,-1,-1,-1,-1,-1,-1,-1,-1,1,0,0,1,0,0,0,0,0,0,0,1,0,2,0,1,0,600,10,1,0,0,0,0,1,1,0,-1,52,-1,237010,10009,2900,0,0,0,0,0,0,0,0,0,0,0,0,0,0,0,0,0,[0|0],710550,[0|0|0|0|0|0|0|0],寄宿着灵魂的骨灰。\n能召唤战鹰的灵魂。\n\n被切断鹰爪、嵌进薄刀的史东薇尔战鹰的灵魂。\n在主人战败之后，战鹰的翅膀也受伤。\n它的目光直视着故乡，咽下最后一口气。\n风暴是它们的摇篮。
237010,战鹰的骨灰＋１０,1,0,[0|0|0],237010,-1,0,0,-1,0,-1,51410,-1,20000610,0,-1,0,456,0,-1,-1,-1,1,0,50,7,2,0,0,34,13,0,0,[0|0],1,1,1,1,1,0,1,0,0,0,0,1,1,0,0,0,0,0,0,0,0,0,0,0,0,-1,-1,-1,-1,-1,-1,-1,-1,1,0,0,1,0,0,0,0,0,0,0,1,0,2,0,1,0,600,10,1,0,0,0,0,1,1,0,-1,52,-1,-1,-1,0,0,0,0,0,0,0,0,0,0,0,0,0,0,0,0,0,0,[0|0],710550,[0|0|0|0|0|0|0|0],寄宿着灵魂的骨灰。\n能召唤战鹰的灵魂。\n\n被切断鹰爪、嵌进薄刀的史东薇尔战鹰的灵魂。\n在主人战败之后，战鹰的翅膀也受伤。\n它的目光直视着故乡，咽下最后一口气。\n风暴是它们的摇篮。
238000,风暴鹰汀涅,1,0,[0|0|0],238000,-1,0,0,-1,0,-1,60000,-1,20000610,0,-1,0,470,0,-1,-1,-1,1,0,50,8,2,0,0,34,13,0,0,[0|0],1,1,1,1,1,0,1,0,0,0,0,1,1,0,0,0,0,0,0,0,0,0,0,0,0,-1,-1,-1,-1,-1,-1,-1,-1,1,0,0,1,0,0,0,0,0,0,0,1,0,2,0,1,0,600,30,1,0,0,0,0,2,1,0,-1,47,-1,238001,10100,1000,0,0,0,0,0,0,0,0,0,0,0,0,0,0,0,0,0,[0|0],710550,[0|0|0|0|0|0|0|0],寄宿着灵魂的骨灰。\n能召唤风暴鹰汀涅的灵魂。\n\n在过去，史东薇尔还存在真正的风暴时，\n侍奉、陪伴古王到最后一刻的凶猛老鹰灵魂。\n它发出的叫声能提振并肩战斗者的士气，\n会用身体缠绕风，撕裂敌人。
238001,风暴鹰汀涅＋１,1,0,[0|0|0],238001,-1,0,0,-1,0,-1,60001,-1,20000610,0,-1,0,470,0,-1,-1,-1,1,0,50,8,2,0,0,34,13,0,0,[0|0],1,1,1,1,1,0,1,0,0,0,0,1,1,0,0,0,0,0,0,0,0,0,0,0,0,-1,-1,-1,-1,-1,-1,-1,-1,1,0,0,1,0,0,0,0,0,0,0,1,0,2,0,1,0,600,30,1,0,0,0,0,2,1,0,-1,47,-1,238002,10101,1600,0,0,0,0,0,0,0,0,0,0,0,0,0,0,0,0,0,[0|0],710550,[0|0|0|0|0|0|0|0],寄宿着灵魂的骨灰。\n能召唤风暴鹰汀涅的灵魂。\n\n在过去，史东薇尔还存在真正的风暴时，\n侍奉、陪伴古王到最后一刻的凶猛老鹰灵魂。\n它发出的叫声能提振并肩战斗者的士气，\n会用身体缠绕风，撕裂敌人。
238002,风暴鹰汀涅＋２,1,0,[0|0|0],238002,-1,0,0,-1,0,-1,60002,-1,20000610,0,-1,0,470,0,-1,-1,-1,1,0,50,8,2,0,0,34,13,0,0,[0|0],1,1,1,1,1,0,1,0,0,0,0,1,1,0,0,0,0,0,0,0,0,0,0,0,0,-1,-1,-1,-1,-1,-1,-1,-1,1,0,0,1,0,0,0,0,0,0,0,1,0,2,0,1,0,600,30,1,0,0,0,0,2,1,0,-1,47,-1,238003,10102,2200,0,0,0,0,0,0,0,0,0,0,0,0,0,0,0,0,0,[0|0],710550,[0|0|0|0|0|0|0|0],寄宿着灵魂的骨灰。\n能召唤风暴鹰汀涅的灵魂。\n\n在过去，史东薇尔还存在真正的风暴时，\n侍奉、陪伴古王到最后一刻的凶猛老鹰灵魂。\n它发出的叫声能提振并肩战斗者的士气，\n会用身体缠绕风，撕裂敌人。
238003,风暴鹰汀涅＋３,1,0,[0|0|0],238003,-1,0,0,-1,0,-1,60003,-1,20000610,0,-1,0,470,0,-1,-1,-1,1,0,50,8,2,0,0,34,13,0,0,[0|0],1,1,1,1,1,0,1,0,0,0,0,1,1,0,0,0,0,0,0,0,0,0,0,0,0,-1,-1,-1,-1,-1,-1,-1,-1,1,0,0,1,0,0,0,0,0,0,0,1,0,2,0,1,0,600,30,1,0,0,0,0,2,1,0,-1,47,-1,238004,10103,2800,0,0,0,0,0,0,0,0,0,0,0,0,0,0,0,0,0,[0|0],710550,[0|0|0|0|0|0|0|0],寄宿着灵魂的骨灰。\n能召唤风暴鹰汀涅的灵魂。\n\n在过去，史东薇尔还存在真正的风暴时，\n侍奉、陪伴古王到最后一刻的凶猛老鹰灵魂。\n它发出的叫声能提振并肩战斗者的士气，\n会用身体缠绕风，撕裂敌人。
238004,风暴鹰汀涅＋４,1,0,[0|0|0],238004,-1,0,0,-1,0,-1,60004,-1,20000610,0,-1,0,470,0,-1,-1,-1,1,0,50,8,2,0,0,34,13,0,0,[0|0],1,1,1,1,1,0,1,0,0,0,0,1,1,0,0,0,0,0,0,0,0,0,0,0,0,-1,-1,-1,-1,-1,-1,-1,-1,1,0,0,1,0,0,0,0,0,0,0,1,0,2,0,1,0,600,30,1,0,0,0,0,2,1,0,-1,47,-1,238005,10104,3400,0,0,0,0,0,0,0,0,0,0,0,0,0,0,0,0,0,[0|0],710550,[0|0|0|0|0|0|0|0],寄宿着灵魂的骨灰。\n能召唤风暴鹰汀涅的灵魂。\n\n在过去，史东薇尔还存在真正的风暴时，\n侍奉、陪伴古王到最后一刻的凶猛老鹰灵魂。\n它发出的叫声能提振并肩战斗者的士气，\n会用身体缠绕风，撕裂敌人。
238005,风暴鹰汀涅＋５,1,0,[0|0|0],238005,-1,0,0,-1,0,-1,60005,-1,20000610,0,-1,0,470,0,-1,-1,-1,1,0,50,8,2,0,0,34,13,0,0,[0|0],1,1,1,1,1,0,1,0,0,0,0,1,1,0,0,0,0,0,0,0,0,0,0,0,0,-1,-1,-1,-1,-1,-1,-1,-1,1,0,0,1,0,0,0,0,0,0,0,1,0,2,0,1,0,600,30,1,0,0,0,0,2,1,0,-1,47,-1,238006,10105,4000,0,0,0,0,0,0,0,0,0,0,0,0,0,0,0,0,0,[0|0],710550,[0|0|0|0|0|0|0|0],寄宿着灵魂的骨灰。\n能召唤风暴鹰汀涅的灵魂。\n\n在过去，史东薇尔还存在真正的风暴时，\n侍奉、陪伴古王到最后一刻的凶猛老鹰灵魂。\n它发出的叫声能提振并肩战斗者的士气，\n会用身体缠绕风，撕裂敌人。
238006,风暴鹰汀涅＋６,1,0,[0|0|0],238006,-1,0,0,-1,0,-1,60006,-1,20000610,0,-1,0,470,0,-1,-1,-1,1,0,50,8,2,0,0,34,13,0,0,[0|0],1,1,1,1,1,0,1,0,0,0,0,1,1,0,0,0,0,0,0,0,0,0,0,0,0,-1,-1,-1,-1,-1,-1,-1,-1,1,0,0,1,0,0,0,0,0,0,0,1,0,2,0,1,0,600,30,1,0,0,0,0,2,1,0,-1,47,-1,238007,10106,4600,0,0,0,0,0,0,0,0,0,0,0,0,0,0,0,0,0,[0|0],710550,[0|0|0|0|0|0|0|0],寄宿着灵魂的骨灰。\n能召唤风暴鹰汀涅的灵魂。\n\n在过去，史东薇尔还存在真正的风暴时，\n侍奉、陪伴古王到最后一刻的凶猛老鹰灵魂。\n它发出的叫声能提振并肩战斗者的士气，\n会用身体缠绕风，撕裂敌人。
238007,风暴鹰汀涅＋７,1,0,[0|0|0],238007,-1,0,0,-1,0,-1,60007,-1,20000610,0,-1,0,470,0,-1,-1,-1,1,0,50,8,2,0,0,34,13,0,0,[0|0],1,1,1,1,1,0,1,0,0,0,0,1,1,0,0,0,0,0,0,0,0,0,0,0,0,-1,-1,-1,-1,-1,-1,-1,-1,1,0,0,1,0,0,0,0,0,0,0,1,0,2,0,1,0,600,30,1,0,0,0,0,2,1,0,-1,47,-1,238008,10107,5200,0,0,0,0,0,0,0,0,0,0,0,0,0,0,0,0,0,[0|0],710550,[0|0|0|0|0|0|0|0],寄宿着灵魂的骨灰。\n能召唤风暴鹰汀涅的灵魂。\n\n在过去，史东薇尔还存在真正的风暴时，\n侍奉、陪伴古王到最后一刻的凶猛老鹰灵魂。\n它发出的叫声能提振并肩战斗者的士气，\n会用身体缠绕风，撕裂敌人。
238008,风暴鹰汀涅＋８,1,0,[0|0|0],238008,-1,0,0,-1,0,-1,60008,-1,20000610,0,-1,0,470,0,-1,-1,-1,1,0,50,8,2,0,0,34,13,0,0,[0|0],1,1,1,1,1,0,1,0,0,0,0,1,1,0,0,0,0,0,0,0,0,0,0,0,0,-1,-1,-1,-1,-1,-1,-1,-1,1,0,0,1,0,0,0,0,0,0,0,1,0,2,0,1,0,600,30,1,0,0,0,0,2,1,0,-1,47,-1,238009,10108,5800,0,0,0,0,0,0,0,0,0,0,0,0,0,0,0,0,0,[0|0],710550,[0|0|0|0|0|0|0|0],寄宿着灵魂的骨灰。\n能召唤风暴鹰汀涅的灵魂。\n\n在过去，史东薇尔还存在真正的风暴时，\n侍奉、陪伴古王到最后一刻的凶猛老鹰灵魂。\n它发出的叫声能提振并肩战斗者的士气，\n会用身体缠绕风，撕裂敌人。
238009,风暴鹰汀涅＋９,1,0,[0|0|0],238009,-1,0,0,-1,0,-1,60009,-1,20000610,0,-1,0,470,0,-1,-1,-1,1,0,50,8,2,0,0,34,13,0,0,[0|0],1,1,1,1,1,0,1,0,0,0,0,1,1,0,0,0,0,0,0,0,0,0,0,0,0,-1,-1,-1,-1,-1,-1,-1,-1,1,0,0,1,0,0,0,0,0,0,0,1,0,2,0,1,0,600,30,1,0,0,0,0,2,1,0,-1,47,-1,238010,10109,7000,0,0,0,0,0,0,0,0,0,0,0,0,0,0,0,0,0,[0|0],710550,[0|0|0|0|0|0|0|0],寄宿着灵魂的骨灰。\n能召唤风暴鹰汀涅的灵魂。\n\n在过去，史东薇尔还存在真正的风暴时，\n侍奉、陪伴古王到最后一刻的凶猛老鹰灵魂。\n它发出的叫声能提振并肩战斗者的士气，\n会用身体缠绕风，撕裂敌人。
238010,风暴鹰汀涅＋１０,1,0,[0|0|0],238010,-1,0,0,-1,0,-1,60010,-1,20000610,0,-1,0,470,0,-1,-1,-1,1,0,50,8,2,0,0,34,13,0,0,[0|0],1,1,1,1,1,0,1,0,0,0,0,1,1,0,0,0,0,0,0,0,0,0,0,0,0,-1,-1,-1,-1,-1,-1,-1,-1,1,0,0,1,0,0,0,0,0,0,0,1,0,2,0,1,0,600,30,1,0,0,0,0,2,1,0,-1,47,-1,-1,-1,0,0,0,0,0,0,0,0,0,0,0,0,0,0,0,0,0,0,[0|0],710550,[0|0|0|0|0|0|0|0],寄宿着灵魂的骨灰。\n能召唤风暴鹰汀涅的灵魂。\n\n在过去，史东薇尔还存在真正的风暴时，\n侍奉、陪伴古王到最后一刻的凶猛老鹰灵魂。\n它发出的叫声能提振并肩战斗者的士气，\n会用身体缠绕风，撕裂敌人。
239000,“猎犬骑士”弗罗,1,0,[0|0|0],239000,-1,0,0,-1,0,-1,60300,-1,20000610,0,-1,0,112,0,-1,-1,-1,1,0,50,8,2,0,0,34,13,0,0,[0|0],1,1,1,1,1,0,1,0,0,0,0,1,1,0,0,0,0,0,0,0,0,0,0,0,0,-1,-1,-1,-1,-1,-1,-1,-1,1,0,0,1,0,0,0,0,0,0,0,1,0,2,0,1,0,600,30,1,0,0,0,0,2,1,0,-1,95,-1,239001,10100,1480,0,0,0,0,0,0,0,0,0,0,0,0,0,0,0,0,0,[0|0],710550,[0|0|0|0|0|0|0|0],寄宿着灵魂的骨灰。\n能召唤“猎犬骑士”弗罗的灵魂。\n\n人称无主疯狗的猎犬骑士灵魂。\n召唤之后就会立刻、一直投身战斗。\n只有王者能成为吾主──弗罗决意如此，\n然而却无缘见到自己的主人。
239001,“猎犬骑士”弗罗＋１,1,0,[0|0|0],239001,-1,0,0,-1,0,-1,60301,-1,20000610,0,-1,0,112,0,-1,-1,-1,1,0,50,8,2,0,0,34,13,0,0,[0|0],1,1,1,1,1,0,1,0,0,0,0,1,1,0,0,0,0,0,0,0,0,0,0,0,0,-1,-1,-1,-1,-1,-1,-1,-1,1,0,0,1,0,0,0,0,0,0,0,1,0,2,0,1,0,600,30,1,0,0,0,0,2,1,0,-1,95,-1,239002,10101,2368,0,0,0,0,0,0,0,0,0,0,0,0,0,0,0,0,0,[0|0],710550,[0|0|0|0|0|0|0|0],寄宿着灵魂的骨灰。\n能召唤“猎犬骑士”弗罗的灵魂。\n\n人称无主疯狗的猎犬骑士灵魂。\n召唤之后就会立刻、一直投身战斗。\n只有王者能成为吾主──弗罗决意如此，\n然而却无缘见到自己的主人。
239002,“猎犬骑士”弗罗＋２,1,0,[0|0|0],239002,-1,0,0,-1,0,-1,60302,-1,20000610,0,-1,0,112,0,-1,-1,-1,1,0,50,8,2,0,0,34,13,0,0,[0|0],1,1,1,1,1,0,1,0,0,0,0,1,1,0,0,0,0,0,0,0,0,0,0,0,0,-1,-1,-1,-1,-1,-1,-1,-1,1,0,0,1,0,0,0,0,0,0,0,1,0,2,0,1,0,600,30,1,0,0,0,0,2,1,0,-1,95,-1,239003,10102,3256,0,0,0,0,0,0,0,0,0,0,0,0,0,0,0,0,0,[0|0],710550,[0|0|0|0|0|0|0|0],寄宿着灵魂的骨灰。\n能召唤“猎犬骑士”弗罗的灵魂。\n\n人称无主疯狗的猎犬骑士灵魂。\n召唤之后就会立刻、一直投身战斗。\n只有王者能成为吾主──弗罗决意如此，\n然而却无缘见到自己的主人。
239003,“猎犬骑士”弗罗＋３,1,0,[0|0|0],239003,-1,0,0,-1,0,-1,60303,-1,20000610,0,-1,0,112,0,-1,-1,-1,1,0,50,8,2,0,0,34,13,0,0,[0|0],1,1,1,1,1,0,1,0,0,0,0,1,1,0,0,0,0,0,0,0,0,0,0,0,0,-1,-1,-1,-1,-1,-1,-1,-1,1,0,0,1,0,0,0,0,0,0,0,1,0,2,0,1,0,600,30,1,0,0,0,0,2,1,0,-1,95,-1,239004,10103,4144,0,0,0,0,0,0,0,0,0,0,0,0,0,0,0,0,0,[0|0],710550,[0|0|0|0|0|0|0|0],寄宿着灵魂的骨灰。\n能召唤“猎犬骑士”弗罗的灵魂。\n\n人称无主疯狗的猎犬骑士灵魂。\n召唤之后就会立刻、一直投身战斗。\n只有王者能成为吾主──弗罗决意如此，\n然而却无缘见到自己的主人。
239004,“猎犬骑士”弗罗＋４,1,0,[0|0|0],239004,-1,0,0,-1,0,-1,60304,-1,20000610,0,-1,0,112,0,-1,-1,-1,1,0,50,8,2,0,0,34,13,0,0,[0|0],1,1,1,1,1,0,1,0,0,0,0,1,1,0,0,0,0,0,0,0,0,0,0,0,0,-1,-1,-1,-1,-1,-1,-1,-1,1,0,0,1,0,0,0,0,0,0,0,1,0,2,0,1,0,600,30,1,0,0,0,0,2,1,0,-1,95,-1,239005,10104,5032,0,0,0,0,0,0,0,0,0,0,0,0,0,0,0,0,0,[0|0],710550,[0|0|0|0|0|0|0|0],寄宿着灵魂的骨灰。\n能召唤“猎犬骑士”弗罗的灵魂。\n\n人称无主疯狗的猎犬骑士灵魂。\n召唤之后就会立刻、一直投身战斗。\n只有王者能成为吾主──弗罗决意如此，\n然而却无缘见到自己的主人。
239005,“猎犬骑士”弗罗＋５,1,0,[0|0|0],239005,-1,0,0,-1,0,-1,60305,-1,20000610,0,-1,0,112,0,-1,-1,-1,1,0,50,8,2,0,0,34,13,0,0,[0|0],1,1,1,1,1,0,1,0,0,0,0,1,1,0,0,0,0,0,0,0,0,0,0,0,0,-1,-1,-1,-1,-1,-1,-1,-1,1,0,0,1,0,0,0,0,0,0,0,1,0,2,0,1,0,600,30,1,0,0,0,0,2,1,0,-1,95,-1,239006,10105,5920,0,0,0,0,0,0,0,0,0,0,0,0,0,0,0,0,0,[0|0],710550,[0|0|0|0|0|0|0|0],寄宿着灵魂的骨灰。\n能召唤“猎犬骑士”弗罗的灵魂。\n\n人称无主疯狗的猎犬骑士灵魂。\n召唤之后就会立刻、一直投身战斗。\n只有王者能成为吾主──弗罗决意如此，\n然而却无缘见到自己的主人。
239006,“猎犬骑士”弗罗＋６,1,0,[0|0|0],239006,-1,0,0,-1,0,-1,60306,-1,20000610,0,-1,0,112,0,-1,-1,-1,1,0,50,8,2,0,0,34,13,0,0,[0|0],1,1,1,1,1,0,1,0,0,0,0,1,1,0,0,0,0,0,0,0,0,0,0,0,0,-1,-1,-1,-1,-1,-1,-1,-1,1,0,0,1,0,0,0,0,0,0,0,1,0,2,0,1,0,600,30,1,0,0,0,0,2,1,0,-1,95,-1,239007,10106,6808,0,0,0,0,0,0,0,0,0,0,0,0,0,0,0,0,0,[0|0],710550,[0|0|0|0|0|0|0|0],寄宿着灵魂的骨灰。\n能召唤“猎犬骑士”弗罗的灵魂。\n\n人称无主疯狗的猎犬骑士灵魂。\n召唤之后就会立刻、一直投身战斗。\n只有王者能成为吾主──弗罗决意如此，\n然而却无缘见到自己的主人。
239007,“猎犬骑士”弗罗＋７,1,0,[0|0|0],239007,-1,0,0,-1,0,-1,60307,-1,20000610,0,-1,0,112,0,-1,-1,-1,1,0,50,8,2,0,0,34,13,0,0,[0|0],1,1,1,1,1,0,1,0,0,0,0,1,1,0,0,0,0,0,0,0,0,0,0,0,0,-1,-1,-1,-1,-1,-1,-1,-1,1,0,0,1,0,0,0,0,0,0,0,1,0,2,0,1,0,600,30,1,0,0,0,0,2,1,0,-1,95,-1,239008,10107,7696,0,0,0,0,0,0,0,0,0,0,0,0,0,0,0,0,0,[0|0],710550,[0|0|0|0|0|0|0|0],寄宿着灵魂的骨灰。\n能召唤“猎犬骑士”弗罗的灵魂。\n\n人称无主疯狗的猎犬骑士灵魂。\n召唤之后就会立刻、一直投身战斗。\n只有王者能成为吾主──弗罗决意如此，\n然而却无缘见到自己的主人。
239008,“猎犬骑士”弗罗＋８,1,0,[0|0|0],239008,-1,0,0,-1,0,-1,60308,-1,20000610,0,-1,0,112,0,-1,-1,-1,1,0,50,8,2,0,0,34,13,0,0,[0|0],1,1,1,1,1,0,1,0,0,0,0,1,1,0,0,0,0,0,0,0,0,0,0,0,0,-1,-1,-1,-1,-1,-1,-1,-1,1,0,0,1,0,0,0,0,0,0,0,1,0,2,0,1,0,600,30,1,0,0,0,0,2,1,0,-1,95,-1,239009,10108,8584,0,0,0,0,0,0,0,0,0,0,0,0,0,0,0,0,0,[0|0],710550,[0|0|0|0|0|0|0|0],寄宿着灵魂的骨灰。\n能召唤“猎犬骑士”弗罗的灵魂。\n\n人称无主疯狗的猎犬骑士灵魂。\n召唤之后就会立刻、一直投身战斗。\n只有王者能成为吾主──弗罗决意如此，\n然而却无缘见到自己的主人。
239009,“猎犬骑士”弗罗＋９,1,0,[0|0|0],239009,-1,0,0,-1,0,-1,60309,-1,20000610,0,-1,0,112,0,-1,-1,-1,1,0,50,8,2,0,0,34,13,0,0,[0|0],1,1,1,1,1,0,1,0,0,0,0,1,1,0,0,0,0,0,0,0,0,0,0,0,0,-1,-1,-1,-1,-1,-1,-1,-1,1,0,0,1,0,0,0,0,0,0,0,1,0,2,0,1,0,600,30,1,0,0,0,0,2,1,0,-1,95,-1,239010,10109,10360,0,0,0,0,0,0,0,0,0,0,0,0,0,0,0,0,0,[0|0],710550,[0|0|0|0|0|0|0|0],寄宿着灵魂的骨灰。\n能召唤“猎犬骑士”弗罗的灵魂。\n\n人称无主疯狗的猎犬骑士灵魂。\n召唤之后就会立刻、一直投身战斗。\n只有王者能成为吾主──弗罗决意如此，\n然而却无缘见到自己的主人。
239010,“猎犬骑士”弗罗＋１０,1,0,[0|0|0],239010,-1,0,0,-1,0,-1,60310,-1,20000610,0,-1,0,112,0,-1,-1,-1,1,0,50,8,2,0,0,34,13,0,0,[0|0],1,1,1,1,1,0,1,0,0,0,0,1,1,0,0,0,0,0,0,0,0,0,0,0,0,-1,-1,-1,-1,-1,-1,-1,-1,1,0,0,1,0,0,0,0,0,0,0,1,0,2,0,1,0,600,30,1,0,0,0,0,2,1,0,-1,95,-1,-1,-1,0,0,0,0,0,0,0,0,0,0,0,0,0,0,0,0,0,0,[0|0],710550,[0|0|0|0|0|0|0|0],寄宿着灵魂的骨灰。\n能召唤“猎犬骑士”弗罗的灵魂。\n\n人称无主疯狗的猎犬骑士灵魂。\n召唤之后就会立刻、一直投身战斗。\n只有王者能成为吾主──弗罗决意如此，\n然而却无缘见到自己的主人。
240000,徘徊权贵的骨灰,0,0,[0|0|0],240000,-1,0,0,-1,0,-1,50000,-1,20000610,0,-1,0,106,0,-1,-1,-1,1,0,50,7,2,0,0,34,13,0,0,[0|0],1,1,1,1,1,0,1,0,0,0,0,1,1,0,0,0,0,0,0,0,0,0,0,0,0,-1,-1,-1,-1,-1,-1,-1,-1,1,0,0,1,0,0,0,0,0,0,0,1,0,2,0,1,0,600,10,1,0,0,0,0,1,1,0,-1,28,-1,240001,10000,135,0,0,0,0,0,0,0,0,0,0,0,0,0,0,0,0,0,[0|0],710550,[0|0|0|0|0|0|0|0],寄宿着灵魂的骨灰。\n能召唤５位徘徊权贵的灵魂。\n\n在交界地各处徘徊的权贵灵魂。\n他们应该在寻找什么事物，\n但如今似乎完全忘记这件事。
240001,徘徊权贵的骨灰＋１,0,0,[0|0|0],240001,-1,0,0,-1,0,-1,50001,-1,20000610,0,-1,0,106,0,-1,-1,-1,1,0,50,7,2,0,0,34,13,0,0,[0|0],1,1,1,1,1,0,1,0,0,0,0,1,1,0,0,0,0,0,0,0,0,0,0,0,0,-1,-1,-1,-1,-1,-1,-1,-1,1,0,0,1,0,0,0,0,0,0,0,1,0,2,0,1,0,600,10,1,0,0,0,0,1,1,0,-1,28,-1,240002,10001,189,0,0,0,0,0,0,0,0,0,0,0,0,0,0,0,0,0,[0|0],710550,[0|0|0|0|0|0|0|0],寄宿着灵魂的骨灰。\n能召唤５位徘徊权贵的灵魂。\n\n在交界地各处徘徊的权贵灵魂。\n他们应该在寻找什么事物，\n但如今似乎完全忘记这件事。
240002,徘徊权贵的骨灰＋２,0,0,[0|0|0],240002,-1,0,0,-1,0,-1,50002,-1,20000610,0,-1,0,106,0,-1,-1,-1,1,0,50,7,2,0,0,34,13,0,0,[0|0],1,1,1,1,1,0,1,0,0,0,0,1,1,0,0,0,0,0,0,0,0,0,0,0,0,-1,-1,-1,-1,-1,-1,-1,-1,1,0,0,1,0,0,0,0,0,0,0,1,0,2,0,1,0,600,10,1,0,0,0,0,1,1,0,-1,28,-1,240003,10002,243,0,0,0,0,0,0,0,0,0,0,0,0,0,0,0,0,0,[0|0],710550,[0|0|0|0|0|0|0|0],寄宿着灵魂的骨灰。\n能召唤５位徘徊权贵的灵魂。\n\n在交界地各处徘徊的权贵灵魂。\n他们应该在寻找什么事物，\n但如今似乎完全忘记这件事。
240003,徘徊权贵的骨灰＋３,0,0,[0|0|0],240003,-1,0,0,-1,0,-1,50003,-1,20000610,0,-1,0,106,0,-1,-1,-1,1,0,50,7,2,0,0,34,13,0,0,[0|0],1,1,1,1,1,0,1,0,0,0,0,1,1,0,0,0,0,0,0,0,0,0,0,0,0,-1,-1,-1,-1,-1,-1,-1,-1,1,0,0,1,0,0,0,0,0,0,0,1,0,2,0,1,0,600,10,1,0,0,0,0,1,1,0,-1,28,-1,240004,10003,297,0,0,0,0,0,0,0,0,0,0,0,0,0,0,0,0,0,[0|0],710550,[0|0|0|0|0|0|0|0],寄宿着灵魂的骨灰。\n能召唤５位徘徊权贵的灵魂。\n\n在交界地各处徘徊的权贵灵魂。\n他们应该在寻找什么事物，\n但如今似乎完全忘记这件事。
240004,徘徊权贵的骨灰＋４,0,0,[0|0|0],240004,-1,0,0,-1,0,-1,50004,-1,20000610,0,-1,0,106,0,-1,-1,-1,1,0,50,7,2,0,0,34,13,0,0,[0|0],1,1,1,1,1,0,1,0,0,0,0,1,1,0,0,0,0,0,0,0,0,0,0,0,0,-1,-1,-1,-1,-1,-1,-1,-1,1,0,0,1,0,0,0,0,0,0,0,1,0,2,0,1,0,600,10,1,0,0,0,0,1,1,0,-1,28,-1,240005,10004,351,0,0,0,0,0,0,0,0,0,0,0,0,0,0,0,0,0,[0|0],710550,[0|0|0|0|0|0|0|0],寄宿着灵魂的骨灰。\n能召唤５位徘徊权贵的灵魂。\n\n在交界地各处徘徊的权贵灵魂。\n他们应该在寻找什么事物，\n但如今似乎完全忘记这件事。
240005,徘徊权贵的骨灰＋５,0,0,[0|0|0],240005,-1,0,0,-1,0,-1,50005,-1,20000610,0,-1,0,106,0,-1,-1,-1,1,0,50,7,2,0,0,34,13,0,0,[0|0],1,1,1,1,1,0,1,0,0,0,0,1,1,0,0,0,0,0,0,0,0,0,0,0,0,-1,-1,-1,-1,-1,-1,-1,-1,1,0,0,1,0,0,0,0,0,0,0,1,0,2,0,1,0,600,10,1,0,0,0,0,1,1,0,-1,28,-1,240006,10005,405,0,0,0,0,0,0,0,0,0,0,0,0,0,0,0,0,0,[0|0],710550,[0|0|0|0|0|0|0|0],寄宿着灵魂的骨灰。\n能召唤５位徘徊权贵的灵魂。\n\n在交界地各处徘徊的权贵灵魂。\n他们应该在寻找什么事物，\n但如今似乎完全忘记这件事。
240006,徘徊权贵的骨灰＋６,0,0,[0|0|0],240006,-1,0,0,-1,0,-1,50006,-1,20000610,0,-1,0,106,0,-1,-1,-1,1,0,50,7,2,0,0,34,13,0,0,[0|0],1,1,1,1,1,0,1,0,0,0,0,1,1,0,0,0,0,0,0,0,0,0,0,0,0,-1,-1,-1,-1,-1,-1,-1,-1,1,0,0,1,0,0,0,0,0,0,0,1,0,2,0,1,0,600,10,1,0,0,0,0,1,1,0,-1,28,-1,240007,10006,459,0,0,0,0,0,0,0,0,0,0,0,0,0,0,0,0,0,[0|0],710550,[0|0|0|0|0|0|0|0],寄宿着灵魂的骨灰。\n能召唤５位徘徊权贵的灵魂。\n\n在交界地各处徘徊的权贵灵魂。\n他们应该在寻找什么事物，\n但如今似乎完全忘记这件事。
240007,徘徊权贵的骨灰＋７,0,0,[0|0|0],240007,-1,0,0,-1,0,-1,50007,-1,20000610,0,-1,0,106,0,-1,-1,-1,1,0,50,7,2,0,0,34,13,0,0,[0|0],1,1,1,1,1,0,1,0,0,0,0,1,1,0,0,0,0,0,0,0,0,0,0,0,0,-1,-1,-1,-1,-1,-1,-1,-1,1,0,0,1,0,0,0,0,0,0,0,1,0,2,0,1,0,600,10,1,0,0,0,0,1,1,0,-1,28,-1,240008,10007,513,0,0,0,0,0,0,0,0,0,0,0,0,0,0,0,0,0,[0|0],710550,[0|0|0|0|0|0|0|0],寄宿着灵魂的骨灰。\n能召唤５位徘徊权贵的灵魂。\n\n在交界地各处徘徊的权贵灵魂。\n他们应该在寻找什么事物，\n但如今似乎完全忘记这件事。
240008,徘徊权贵的骨灰＋８,0,0,[0|0|0],240008,-1,0,0,-1,0,-1,50008,-1,20000610,0,-1,0,106,0,-1,-1,-1,1,0,50,7,2,0,0,34,13,0,0,[0|0],1,1,1,1,1,0,1,0,0,0,0,1,1,0,0,0,0,0,0,0,0,0,0,0,0,-1,-1,-1,-1,-1,-1,-1,-1,1,0,0,1,0,0,0,0,0,0,0,1,0,2,0,1,0,600,10,1,0,0,0,0,1,1,0,-1,28,-1,240009,10008,567,0,0,0,0,0,0,0,0,0,0,0,0,0,0,0,0,0,[0|0],710550,[0|0|0|0|0|0|0|0],寄宿着灵魂的骨灰。\n能召唤５位徘徊权贵的灵魂。\n\n在交界地各处徘徊的权贵灵魂。\n他们应该在寻找什么事物，\n但如今似乎完全忘记这件事。
240009,徘徊权贵的骨灰＋９,0,0,[0|0|0],240009,-1,0,0,-1,0,-1,50009,-1,20000610,0,-1,0,106,0,-1,-1,-1,1,0,50,7,2,0,0,34,13,0,0,[0|0],1,1,1,1,1,0,1,0,0,0,0,1,1,0,0,0,0,0,0,0,0,0,0,0,0,-1,-1,-1,-1,-1,-1,-1,-1,1,0,0,1,0,0,0,0,0,0,0,1,0,2,0,1,0,600,10,1,0,0,0,0,1,1,0,-1,28,-1,240010,10009,675,0,0,0,0,0,0,0,0,0,0,0,0,0,0,0,0,0,[0|0],710550,[0|0|0|0|0|0|0|0],寄宿着灵魂的骨灰。\n能召唤５位徘徊权贵的灵魂。\n\n在交界地各处徘徊的权贵灵魂。\n他们应该在寻找什么事物，\n但如今似乎完全忘记这件事。
240010,徘徊权贵的骨灰＋１０,0,0,[0|0|0],240010,-1,0,0,-1,0,-1,50010,-1,20000610,0,-1,0,106,0,-1,-1,-1,1,0,50,7,2,0,0,34,13,0,0,[0|0],1,1,1,1,1,0,1,0,0,0,0,1,1,0,0,0,0,0,0,0,0,0,0,0,0,-1,-1,-1,-1,-1,-1,-1,-1,1,0,0,1,0,0,0,0,0,0,0,1,0,2,0,1,0,600,10,1,0,0,0,0,1,1,0,-1,28,-1,-1,-1,0,0,0,0,0,0,0,0,0,0,0,0,0,0,0,0,0,0,[0|0],710550,[0|0|0|0|0|0|0|0],寄宿着灵魂的骨灰。\n能召唤５位徘徊权贵的灵魂。\n\n在交界地各处徘徊的权贵灵魂。\n他们应该在寻找什么事物，\n但如今似乎完全忘记这件事。
241000,权贵魔法师的骨灰,0,0,[0|0|0],241000,-1,0,0,-1,0,-1,50100,-1,20000610,0,-1,0,107,0,-1,-1,-1,1,0,50,7,2,0,0,34,13,0,0,[0|0],1,1,1,1,1,0,1,0,0,0,0,1,1,0,0,0,0,0,0,0,0,0,0,0,0,-1,-1,-1,-1,-1,-1,-1,-1,1,0,0,1,0,0,0,0,0,0,0,1,0,2,0,1,0,600,10,1,0,0,0,0,1,1,0,-1,11,-1,241001,10000,40,0,0,0,0,0,0,0,0,0,0,0,0,0,0,0,0,0,[0|0],710550,[0|0|0|0|0|0|0|0],寄宿着灵魂的骨灰。\n能召唤权贵魔法师的灵魂。\n\n在过去，前往雷亚卢卡利亚魔法学院\n学习辉石魔法的权贵灵魂。\n然而他的资质不足以戴上辉石头罩，\n只能施展非常初阶的魔法。
241001,权贵魔法师的骨灰＋１,0,0,[0|0|0],241001,-1,0,0,-1,0,-1,50101,-1,20000610,0,-1,0,107,0,-1,-1,-1,1,0,50,7,2,0,0,34,13,0,0,[0|0],1,1,1,1,1,0,1,0,0,0,0,1,1,0,0,0,0,0,0,0,0,0,0,0,0,-1,-1,-1,-1,-1,-1,-1,-1,1,0,0,1,0,0,0,0,0,0,0,1,0,2,0,1,0,600,10,1,0,0,0,0,1,1,0,-1,11,-1,241002,10001,56,0,0,0,0,0,0,0,0,0,0,0,0,0,0,0,0,0,[0|0],710550,[0|0|0|0|0|0|0|0],寄宿着灵魂的骨灰。\n能召唤权贵魔法师的灵魂。\n\n在过去，前往雷亚卢卡利亚魔法学院\n学习辉石魔法的权贵灵魂。\n然而他的资质不足以戴上辉石头罩，\n只能施展非常初阶的魔法。
241002,权贵魔法师的骨灰＋２,0,0,[0|0|0],241002,-1,0,0,-1,0,-1,50102,-1,20000610,0,-1,0,107,0,-1,-1,-1,1,0,50,7,2,0,0,34,13,0,0,[0|0],1,1,1,1,1,0,1,0,0,0,0,1,1,0,0,0,0,0,0,0,0,0,0,0,0,-1,-1,-1,-1,-1,-1,-1,-1,1,0,0,1,0,0,0,0,0,0,0,1,0,2,0,1,0,600,10,1,0,0,0,0,1,1,0,-1,11,-1,241003,10002,72,0,0,0,0,0,0,0,0,0,0,0,0,0,0,0,0,0,[0|0],710550,[0|0|0|0|0|0|0|0],寄宿着灵魂的骨灰。\n能召唤权贵魔法师的灵魂。\n\n在过去，前往雷亚卢卡利亚魔法学院\n学习辉石魔法的权贵灵魂。\n然而他的资质不足以戴上辉石头罩，\n只能施展非常初阶的魔法。
241003,权贵魔法师的骨灰＋３,0,0,[0|0|0],241003,-1,0,0,-1,0,-1,50103,-1,20000610,0,-1,0,107,0,-1,-1,-1,1,0,50,7,2,0,0,34,13,0,0,[0|0],1,1,1,1,1,0,1,0,0,0,0,1,1,0,0,0,0,0,0,0,0,0,0,0,0,-1,-1,-1,-1,-1,-1,-1,-1,1,0,0,1,0,0,0,0,0,0,0,1,0,2,0,1,0,600,10,1,0,0,0,0,1,1,0,-1,11,-1,241004,10003,88,0,0,0,0,0,0,0,0,0,0,0,0,0,0,0,0,0,[0|0],710550,[0|0|0|0|0|0|0|0],寄宿着灵魂的骨灰。\n能召唤权贵魔法师的灵魂。\n\n在过去，前往雷亚卢卡利亚魔法学院\n学习辉石魔法的权贵灵魂。\n然而他的资质不足以戴上辉石头罩，\n只能施展非常初阶的魔法。
241004,权贵魔法师的骨灰＋４,0,0,[0|0|0],241004,-1,0,0,-1,0,-1,50104,-1,20000610,0,-1,0,107,0,-1,-1,-1,1,0,50,7,2,0,0,34,13,0,0,[0|0],1,1,1,1,1,0,1,0,0,0,0,1,1,0,0,0,0,0,0,0,0,0,0,0,0,-1,-1,-1,-1,-1,-1,-1,-1,1,0,0,1,0,0,0,0,0,0,0,1,0,2,0,1,0,600,10,1,0,0,0,0,1,1,0,-1,11,-1,241005,10004,104,0,0,0,0,0,0,0,0,0,0,0,0,0,0,0,0,0,[0|0],710550,[0|0|0|0|0|0|0|0],寄宿着灵魂的骨灰。\n能召唤权贵魔法师的灵魂。\n\n在过去，前往雷亚卢卡利亚魔法学院\n学习辉石魔法的权贵灵魂。\n然而他的资质不足以戴上辉石头罩，\n只能施展非常初阶的魔法。
241005,权贵魔法师的骨灰＋５,0,0,[0|0|0],241005,-1,0,0,-1,0,-1,50105,-1,20000610,0,-1,0,107,0,-1,-1,-1,1,0,50,7,2,0,0,34,13,0,0,[0|0],1,1,1,1,1,0,1,0,0,0,0,1,1,0,0,0,0,0,0,0,0,0,0,0,0,-1,-1,-1,-1,-1,-1,-1,-1,1,0,0,1,0,0,0,0,0,0,0,1,0,2,0,1,0,600,10,1,0,0,0,0,1,1,0,-1,11,-1,241006,10005,120,0,0,0,0,0,0,0,0,0,0,0,0,0,0,0,0,0,[0|0],710550,[0|0|0|0|0|0|0|0],寄宿着灵魂的骨灰。\n能召唤权贵魔法师的灵魂。\n\n在过去，前往雷亚卢卡利亚魔法学院\n学习辉石魔法的权贵灵魂。\n然而他的资质不足以戴上辉石头罩，\n只能施展非常初阶的魔法。
241006,权贵魔法师的骨灰＋６,0,0,[0|0|0],241006,-1,0,0,-1,0,-1,50106,-1,20000610,0,-1,0,107,0,-1,-1,-1,1,0,50,7,2,0,0,34,13,0,0,[0|0],1,1,1,1,1,0,1,0,0,0,0,1,1,0,0,0,0,0,0,0,0,0,0,0,0,-1,-1,-1,-1,-1,-1,-1,-1,1,0,0,1,0,0,0,0,0,0,0,1,0,2,0,1,0,600,10,1,0,0,0,0,1,1,0,-1,11,-1,241007,10006,136,0,0,0,0,0,0,0,0,0,0,0,0,0,0,0,0,0,[0|0],710550,[0|0|0|0|0|0|0|0],寄宿着灵魂的骨灰。\n能召唤权贵魔法师的灵魂。\n\n在过去，前往雷亚卢卡利亚魔法学院\n学习辉石魔法的权贵灵魂。\n然而他的资质不足以戴上辉石头罩，\n只能施展非常初阶的魔法。
241007,权贵魔法师的骨灰＋７,0,0,[0|0|0],241007,-1,0,0,-1,0,-1,50107,-1,20000610,0,-1,0,107,0,-1,-1,-1,1,0,50,7,2,0,0,34,13,0,0,[0|0],1,1,1,1,1,0,1,0,0,0,0,1,1,0,0,0,0,0,0,0,0,0,0,0,0,-1,-1,-1,-1,-1,-1,-1,-1,1,0,0,1,0,0,0,0,0,0,0,1,0,2,0,1,0,600,10,1,0,0,0,0,1,1,0,-1,11,-1,241008,10007,152,0,0,0,0,0,0,0,0,0,0,0,0,0,0,0,0,0,[0|0],710550,[0|0|0|0|0|0|0|0],寄宿着灵魂的骨灰。\n能召唤权贵魔法师的灵魂。\n\n在过去，前往雷亚卢卡利亚魔法学院\n学习辉石魔法的权贵灵魂。\n然而他的资质不足以戴上辉石头罩，\n只能施展非常初阶的魔法。
241008,权贵魔法师的骨灰＋８,0,0,[0|0|0],241008,-1,0,0,-1,0,-1,50108,-1,20000610,0,-1,0,107,0,-1,-1,-1,1,0,50,7,2,0,0,34,13,0,0,[0|0],1,1,1,1,1,0,1,0,0,0,0,1,1,0,0,0,0,0,0,0,0,0,0,0,0,-1,-1,-1,-1,-1,-1,-1,-1,1,0,0,1,0,0,0,0,0,0,0,1,0,2,0,1,0,600,10,1,0,0,0,0,1,1,0,-1,11,-1,241009,10008,168,0,0,0,0,0,0,0,0,0,0,0,0,0,0,0,0,0,[0|0],710550,[0|0|0|0|0|0|0|0],寄宿着灵魂的骨灰。\n能召唤权贵魔法师的灵魂。\n\n在过去，前往雷亚卢卡利亚魔法学院\n学习辉石魔法的权贵灵魂。\n然而他的资质不足以戴上辉石头罩，\n只能施展非常初阶的魔法。
241009,权贵魔法师的骨灰＋９,0,0,[0|0|0],241009,-1,0,0,-1,0,-1,50109,-1,20000610,0,-1,0,107,0,-1,-1,-1,1,0,50,7,2,0,0,34,13,0,0,[0|0],1,1,1,1,1,0,1,0,0,0,0,1,1,0,0,0,0,0,0,0,0,0,0,0,0,-1,-1,-1,-1,-1,-1,-1,-1,1,0,0,1,0,0,0,0,0,0,0,1,0,2,0,1,0,600,10,1,0,0,0,0,1,1,0,-1,11,-1,241010,10009,200,0,0,0,0,0,0,0,0,0,0,0,0,0,0,0,0,0,[0|0],710550,[0|0|0|0|0|0|0|0],寄宿着灵魂的骨灰。\n能召唤权贵魔法师的灵魂。\n\n在过去，前往雷亚卢卡利亚魔法学院\n学习辉石魔法的权贵灵魂。\n然而他的资质不足以戴上辉石头罩，\n只能施展非常初阶的魔法。
241010,权贵魔法师的骨灰＋１０,0,0,[0|0|0],241010,-1,0,0,-1,0,-1,50110,-1,20000610,0,-1,0,107,0,-1,-1,-1,1,0,50,7,2,0,0,34,13,0,0,[0|0],1,1,1,1,1,0,1,0,0,0,0,1,1,0,0,0,0,0,0,0,0,0,0,0,0,-1,-1,-1,-1,-1,-1,-1,-1,1,0,0,1,0,0,0,0,0,0,0,1,0,2,0,1,0,600,10,1,0,0,0,0,1,1,0,-1,11,-1,-1,-1,0,0,0,0,0,0,0,0,0,0,0,0,0,0,0,0,0,0,[0|0],710550,[0|0|0|0|0|0|0|0],寄宿着灵魂的骨灰。\n能召唤权贵魔法师的灵魂。\n\n在过去，前往雷亚卢卡利亚魔法学院\n学习辉石魔法的权贵灵魂。\n然而他的资质不足以戴上辉石头罩，\n只能施展非常初阶的魔法。
242000,恶兵的骨灰,1,0,[0|0|0],242000,-1,0,0,-1,0,-1,55300,-1,20000610,0,-1,0,462,0,-1,-1,-1,1,0,50,7,2,0,0,34,13,0,0,[0|0],1,1,1,1,1,0,1,0,0,0,0,1,1,0,0,0,0,0,0,0,0,0,0,0,0,-1,-1,-1,-1,-1,-1,-1,-1,1,0,0,1,0,0,0,0,0,0,0,1,0,2,0,1,0,600,20,1,0,0,0,0,1,1,0,-1,70,-1,242001,10000,735,0,0,0,0,0,0,0,0,0,0,0,0,0,0,0,0,0,[0|0],710550,[0|0|0|0|0|0|0|0],寄宿着灵魂的骨灰。\n能召唤３名恶兵的灵魂。\n\n挥舞长柄锯齿刀的小兵灵魂。\n特别专精于让敌人陷入出血。\n在交界地，体型偏小会受到歧视，\n因此成为不光荣的恶兵，是他们的生存之道。
242001,恶兵的骨灰＋１,1,0,[0|0|0],242001,-1,0,0,-1,0,-1,55301,-1,20000610,0,-1,0,462,0,-1,-1,-1,1,0,50,7,2,0,0,34,13,0,0,[0|0],1,1,1,1,1,0,1,0,0,0,0,1,1,0,0,0,0,0,0,0,0,0,0,0,0,-1,-1,-1,-1,-1,-1,-1,-1,1,0,0,1,0,0,0,0,0,0,0,1,0,2,0,1,0,600,20,1,0,0,0,0,1,1,0,-1,70,-1,242002,10001,1029,0,0,0,0,0,0,0,0,0,0,0,0,0,0,0,0,0,[0|0],710550,[0|0|0|0|0|0|0|0],寄宿着灵魂的骨灰。\n能召唤３名恶兵的灵魂。\n\n挥舞长柄锯齿刀的小兵灵魂。\n特别专精于让敌人陷入出血。\n在交界地，体型偏小会受到歧视，\n因此成为不光荣的恶兵，是他们的生存之道。
242002,恶兵的骨灰＋２,1,0,[0|0|0],242002,-1,0,0,-1,0,-1,55302,-1,20000610,0,-1,0,462,0,-1,-1,-1,1,0,50,7,2,0,0,34,13,0,0,[0|0],1,1,1,1,1,0,1,0,0,0,0,1,1,0,0,0,0,0,0,0,0,0,0,0,0,-1,-1,-1,-1,-1,-1,-1,-1,1,0,0,1,0,0,0,0,0,0,0,1,0,2,0,1,0,600,20,1,0,0,0,0,1,1,0,-1,70,-1,242003,10002,1323,0,0,0,0,0,0,0,0,0,0,0,0,0,0,0,0,0,[0|0],710550,[0|0|0|0|0|0|0|0],寄宿着灵魂的骨灰。\n能召唤３名恶兵的灵魂。\n\n挥舞长柄锯齿刀的小兵灵魂。\n特别专精于让敌人陷入出血。\n在交界地，体型偏小会受到歧视，\n因此成为不光荣的恶兵，是他们的生存之道。
242003,恶兵的骨灰＋３,1,0,[0|0|0],242003,-1,0,0,-1,0,-1,55303,-1,20000610,0,-1,0,462,0,-1,-1,-1,1,0,50,7,2,0,0,34,13,0,0,[0|0],1,1,1,1,1,0,1,0,0,0,0,1,1,0,0,0,0,0,0,0,0,0,0,0,0,-1,-1,-1,-1,-1,-1,-1,-1,1,0,0,1,0,0,0,0,0,0,0,1,0,2,0,1,0,600,20,1,0,0,0,0,1,1,0,-1,70,-1,242004,10003,1617,0,0,0,0,0,0,0,0,0,0,0,0,0,0,0,0,0,[0|0],710550,[0|0|0|0|0|0|0|0],寄宿着灵魂的骨灰。\n能召唤３名恶兵的灵魂。\n\n挥舞长柄锯齿刀的小兵灵魂。\n特别专精于让敌人陷入出血。\n在交界地，体型偏小会受到歧视，\n因此成为不光荣的恶兵，是他们的生存之道。
242004,恶兵的骨灰＋４,1,0,[0|0|0],242004,-1,0,0,-1,0,-1,55304,-1,20000610,0,-1,0,462,0,-1,-1,-1,1,0,50,7,2,0,0,34,13,0,0,[0|0],1,1,1,1,1,0,1,0,0,0,0,1,1,0,0,0,0,0,0,0,0,0,0,0,0,-1,-1,-1,-1,-1,-1,-1,-1,1,0,0,1,0,0,0,0,0,0,0,1,0,2,0,1,0,600,20,1,0,0,0,0,1,1,0,-1,70,-1,242005,10004,1911,0,0,0,0,0,0,0,0,0,0,0,0,0,0,0,0,0,[0|0],710550,[0|0|0|0|0|0|0|0],寄宿着灵魂的骨灰。\n能召唤３名恶兵的灵魂。\n\n挥舞长柄锯齿刀的小兵灵魂。\n特别专精于让敌人陷入出血。\n在交界地，体型偏小会受到歧视，\n因此成为不光荣的恶兵，是他们的生存之道。
242005,恶兵的骨灰＋５,1,0,[0|0|0],242005,-1,0,0,-1,0,-1,55305,-1,20000610,0,-1,0,462,0,-1,-1,-1,1,0,50,7,2,0,0,34,13,0,0,[0|0],1,1,1,1,1,0,1,0,0,0,0,1,1,0,0,0,0,0,0,0,0,0,0,0,0,-1,-1,-1,-1,-1,-1,-1,-1,1,0,0,1,0,0,0,0,0,0,0,1,0,2,0,1,0,600,20,1,0,0,0,0,1,1,0,-1,70,-1,242006,10005,2205,0,0,0,0,0,0,0,0,0,0,0,0,0,0,0,0,0,[0|0],710550,[0|0|0|0|0|0|0|0],寄宿着灵魂的骨灰。\n能召唤３名恶兵的灵魂。\n\n挥舞长柄锯齿刀的小兵灵魂。\n特别专精于让敌人陷入出血。\n在交界地，体型偏小会受到歧视，\n因此成为不光荣的恶兵，是他们的生存之道。
242006,恶兵的骨灰＋６,1,0,[0|0|0],242006,-1,0,0,-1,0,-1,55306,-1,20000610,0,-1,0,462,0,-1,-1,-1,1,0,50,7,2,0,0,34,13,0,0,[0|0],1,1,1,1,1,0,1,0,0,0,0,1,1,0,0,0,0,0,0,0,0,0,0,0,0,-1,-1,-1,-1,-1,-1,-1,-1,1,0,0,1,0,0,0,0,0,0,0,1,0,2,0,1,0,600,20,1,0,0,0,0,1,1,0,-1,70,-1,242007,10006,2499,0,0,0,0,0,0,0,0,0,0,0,0,0,0,0,0,0,[0|0],710550,[0|0|0|0|0|0|0|0],寄宿着灵魂的骨灰。\n能召唤３名恶兵的灵魂。\n\n挥舞长柄锯齿刀的小兵灵魂。\n特别专精于让敌人陷入出血。\n在交界地，体型偏小会受到歧视，\n因此成为不光荣的恶兵，是他们的生存之道。
242007,恶兵的骨灰＋７,1,0,[0|0|0],242007,-1,0,0,-1,0,-1,55307,-1,20000610,0,-1,0,462,0,-1,-1,-1,1,0,50,7,2,0,0,34,13,0,0,[0|0],1,1,1,1,1,0,1,0,0,0,0,1,1,0,0,0,0,0,0,0,0,0,0,0,0,-1,-1,-1,-1,-1,-1,-1,-1,1,0,0,1,0,0,0,0,0,0,0,1,0,2,0,1,0,600,20,1,0,0,0,0,1,1,0,-1,70,-1,242008,10007,2793,0,0,0,0,0,0,0,0,0,0,0,0,0,0,0,0,0,[0|0],710550,[0|0|0|0|0|0|0|0],寄宿着灵魂的骨灰。\n能召唤３名恶兵的灵魂。\n\n挥舞长柄锯齿刀的小兵灵魂。\n特别专精于让敌人陷入出血。\n在交界地，体型偏小会受到歧视，\n因此成为不光荣的恶兵，是他们的生存之道。
242008,恶兵的骨灰＋８,1,0,[0|0|0],242008,-1,0,0,-1,0,-1,55308,-1,20000610,0,-1,0,462,0,-1,-1,-1,1,0,50,7,2,0,0,34,13,0,0,[0|0],1,1,1,1,1,0,1,0,0,0,0,1,1,0,0,0,0,0,0,0,0,0,0,0,0,-1,-1,-1,-1,-1,-1,-1,-1,1,0,0,1,0,0,0,0,0,0,0,1,0,2,0,1,0,600,20,1,0,0,0,0,1,1,0,-1,70,-1,242009,10008,3087,0,0,0,0,0,0,0,0,0,0,0,0,0,0,0,0,0,[0|0],710550,[0|0|0|0|0|0|0|0],寄宿着灵魂的骨灰。\n能召唤３名恶兵的灵魂。\n\n挥舞长柄锯齿刀的小兵灵魂。\n特别专精于让敌人陷入出血。\n在交界地，体型偏小会受到歧视，\n因此成为不光荣的恶兵，是他们的生存之道。
242009,恶兵的骨灰＋９,1,0,[0|0|0],242009,-1,0,0,-1,0,-1,55309,-1,20000610,0,-1,0,462,0,-1,-1,-1,1,0,50,7,2,0,0,34,13,0,0,[0|0],1,1,1,1,1,0,1,0,0,0,0,1,1,0,0,0,0,0,0,0,0,0,0,0,0,-1,-1,-1,-1,-1,-1,-1,-1,1,0,0,1,0,0,0,0,0,0,0,1,0,2,0,1,0,600,20,1,0,0,0,0,1,1,0,-1,70,-1,242010,10009,3675,0,0,0,0,0,0,0,0,0,0,0,0,0,0,0,0,0,[0|0],710550,[0|0|0|0|0|0|0|0],寄宿着灵魂的骨灰。\n能召唤３名恶兵的灵魂。\n\n挥舞长柄锯齿刀的小兵灵魂。\n特别专精于让敌人陷入出血。\n在交界地，体型偏小会受到歧视，\n因此成为不光荣的恶兵，是他们的生存之道。
242010,恶兵的骨灰＋１０,1,0,[0|0|0],242010,-1,0,0,-1,0,-1,55310,-1,20000610,0,-1,0,462,0,-1,-1,-1,1,0,50,7,2,0,0,34,13,0,0,[0|0],1,1,1,1,1,0,1,0,0,0,0,1,1,0,0,0,0,0,0,0,0,0,0,0,0,-1,-1,-1,-1,-1,-1,-1,-1,1,0,0,1,0,0,0,0,0,0,0,1,0,2,0,1,0,600,20,1,0,0,0,0,1,1,0,-1,70,-1,-1,-1,0,0,0,0,0,0,0,0,0,0,0,0,0,0,0,0,0,0,[0|0],710550,[0|0|0|0|0|0|0|0],寄宿着灵魂的骨灰。\n能召唤３名恶兵的灵魂。\n\n挥舞长柄锯齿刀的小兵灵魂。\n特别专精于让敌人陷入出血。\n在交界地，体型偏小会受到歧视，\n因此成为不光荣的恶兵，是他们的生存之道。
243000,发狂南瓜头士兵的骨灰,1,0,[0|0|0],243000,-1,0,0,-1,0,-1,55700,-1,20000610,0,-1,0,463,0,-1,-1,-1,1,0,50,7,2,0,0,34,13,0,0,[0|0],1,1,1,1,1,0,1,0,0,0,0,1,1,0,0,0,0,0,0,0,0,0,0,0,0,-1,-1,-1,-1,-1,-1,-1,-1,1,0,0,1,0,0,0,0,0,0,0,1,0,2,0,1,0,600,20,1,0,0,0,0,1,1,0,-1,110,-1,243001,10000,950,0,0,0,0,0,0,0,0,0,0,0,0,0,0,0,0,0,[0|0],710550,[0|0|0|0|0|0|0|0],寄宿着灵魂的骨灰。\n能召唤发狂南瓜头士兵的灵魂。\n\n体型高大，充满力气的发狂士兵灵魂。\n头盔所制造的黑暗能抑制恐慌情绪，\n然而在遇上出血或是昆虫拍翅的声音，\n他们会发狂般地陷入失控。\n\n发狂士兵是精神崩坏的剑斗士，最后的下场。
243001,发狂南瓜头士兵的骨灰＋１,1,0,[0|0|0],243001,-1,0,0,-1,0,-1,55701,-1,20000610,0,-1,0,463,0,-1,-1,-1,1,0,50,7,2,0,0,34,13,0,0,[0|0],1,1,1,1,1,0,1,0,0,0,0,1,1,0,0,0,0,0,0,0,0,0,0,0,0,-1,-1,-1,-1,-1,-1,-1,-1,1,0,0,1,0,0,0,0,0,0,0,1,0,2,0,1,0,600,20,1,0,0,0,0,1,1,0,-1,110,-1,243002,10001,1330,0,0,0,0,0,0,0,0,0,0,0,0,0,0,0,0,0,[0|0],710550,[0|0|0|0|0|0|0|0],寄宿着灵魂的骨灰。\n能召唤发狂南瓜头士兵的灵魂。\n\n体型高大，充满力气的发狂士兵灵魂。\n头盔所制造的黑暗能抑制恐慌情绪，\n然而在遇上出血或是昆虫拍翅的声音，\n他们会发狂般地陷入失控。\n\n发狂士兵是精神崩坏的剑斗士，最后的下场。
243002,发狂南瓜头士兵的骨灰＋２,1,0,[0|0|0],243002,-1,0,0,-1,0,-1,55702,-1,20000610,0,-1,0,463,0,-1,-1,-1,1,0,50,7,2,0,0,34,13,0,0,[0|0],1,1,1,1,1,0,1,0,0,0,0,1,1,0,0,0,0,0,0,0,0,0,0,0,0,-1,-1,-1,-1,-1,-1,-1,-1,1,0,0,1,0,0,0,0,0,0,0,1,0,2,0,1,0,600,20,1,0,0,0,0,1,1,0,-1,110,-1,243003,10002,1710,0,0,0,0,0,0,0,0,0,0,0,0,0,0,0,0,0,[0|0],710550,[0|0|0|0|0|0|0|0],寄宿着灵魂的骨灰。\n能召唤发狂南瓜头士兵的灵魂。\n\n体型高大，充满力气的发狂士兵灵魂。\n头盔所制造的黑暗能抑制恐慌情绪，\n然而在遇上出血或是昆虫拍翅的声音，\n他们会发狂般地陷入失控。\n\n发狂士兵是精神崩坏的剑斗士，最后的下场。
243003,发狂南瓜头士兵的骨灰＋３,1,0,[0|0|0],243003,-1,0,0,-1,0,-1,55703,-1,20000610,0,-1,0,463,0,-1,-1,-1,1,0,50,7,2,0,0,34,13,0,0,[0|0],1,1,1,1,1,0,1,0,0,0,0,1,1,0,0,0,0,0,0,0,0,0,0,0,0,-1,-1,-1,-1,-1,-1,-1,-1,1,0,0,1,0,0,0,0,0,0,0,1,0,2,0,1,0,600,20,1,0,0,0,0,1,1,0,-1,110,-1,243004,10003,2090,0,0,0,0,0,0,0,0,0,0,0,0,0,0,0,0,0,[0|0],710550,[0|0|0|0|0|0|0|0],寄宿着灵魂的骨灰。\n能召唤发狂南瓜头士兵的灵魂。\n\n体型高大，充满力气的发狂士兵灵魂。\n头盔所制造的黑暗能抑制恐慌情绪，\n然而在遇上出血或是昆虫拍翅的声音，\n他们会发狂般地陷入失控。\n\n发狂士兵是精神崩坏的剑斗士，最后的下场。
243004,发狂南瓜头士兵的骨灰＋４,1,0,[0|0|0],243004,-1,0,0,-1,0,-1,55704,-1,20000610,0,-1,0,463,0,-1,-1,-1,1,0,50,7,2,0,0,34,13,0,0,[0|0],1,1,1,1,1,0,1,0,0,0,0,1,1,0,0,0,0,0,0,0,0,0,0,0,0,-1,-1,-1,-1,-1,-1,-1,-1,1,0,0,1,0,0,0,0,0,0,0,1,0,2,0,1,0,600,20,1,0,0,0,0,1,1,0,-1,110,-1,243005,10004,2470,0,0,0,0,0,0,0,0,0,0,0,0,0,0,0,0,0,[0|0],710550,[0|0|0|0|0|0|0|0],寄宿着灵魂的骨灰。\n能召唤发狂南瓜头士兵的灵魂。\n\n体型高大，充满力气的发狂士兵灵魂。\n头盔所制造的黑暗能抑制恐慌情绪，\n然而在遇上出血或是昆虫拍翅的声音，\n他们会发狂般地陷入失控。\n\n发狂士兵是精神崩坏的剑斗士，最后的下场。
243005,发狂南瓜头士兵的骨灰＋５,1,0,[0|0|0],243005,-1,0,0,-1,0,-1,55705,-1,20000610,0,-1,0,463,0,-1,-1,-1,1,0,50,7,2,0,0,34,13,0,0,[0|0],1,1,1,1,1,0,1,0,0,0,0,1,1,0,0,0,0,0,0,0,0,0,0,0,0,-1,-1,-1,-1,-1,-1,-1,-1,1,0,0,1,0,0,0,0,0,0,0,1,0,2,0,1,0,600,20,1,0,0,0,0,1,1,0,-1,110,-1,243006,10005,2850,0,0,0,0,0,0,0,0,0,0,0,0,0,0,0,0,0,[0|0],710550,[0|0|0|0|0|0|0|0],寄宿着灵魂的骨灰。\n能召唤发狂南瓜头士兵的灵魂。\n\n体型高大，充满力气的发狂士兵灵魂。\n头盔所制造的黑暗能抑制恐慌情绪，\n然而在遇上出血或是昆虫拍翅的声音，\n他们会发狂般地陷入失控。\n\n发狂士兵是精神崩坏的剑斗士，最后的下场。
243006,发狂南瓜头士兵的骨灰＋６,1,0,[0|0|0],243006,-1,0,0,-1,0,-1,55706,-1,20000610,0,-1,0,463,0,-1,-1,-1,1,0,50,7,2,0,0,34,13,0,0,[0|0],1,1,1,1,1,0,1,0,0,0,0,1,1,0,0,0,0,0,0,0,0,0,0,0,0,-1,-1,-1,-1,-1,-1,-1,-1,1,0,0,1,0,0,0,0,0,0,0,1,0,2,0,1,0,600,20,1,0,0,0,0,1,1,0,-1,110,-1,243007,10006,3230,0,0,0,0,0,0,0,0,0,0,0,0,0,0,0,0,0,[0|0],710550,[0|0|0|0|0|0|0|0],寄宿着灵魂的骨灰。\n能召唤发狂南瓜头士兵的灵魂。\n\n体型高大，充满力气的发狂士兵灵魂。\n头盔所制造的黑暗能抑制恐慌情绪，\n然而在遇上出血或是昆虫拍翅的声音，\n他们会发狂般地陷入失控。\n\n发狂士兵是精神崩坏的剑斗士，最后的下场。
243007,发狂南瓜头士兵的骨灰＋７,1,0,[0|0|0],243007,-1,0,0,-1,0,-1,55707,-1,20000610,0,-1,0,463,0,-1,-1,-1,1,0,50,7,2,0,0,34,13,0,0,[0|0],1,1,1,1,1,0,1,0,0,0,0,1,1,0,0,0,0,0,0,0,0,0,0,0,0,-1,-1,-1,-1,-1,-1,-1,-1,1,0,0,1,0,0,0,0,0,0,0,1,0,2,0,1,0,600,20,1,0,0,0,0,1,1,0,-1,110,-1,243008,10007,3610,0,0,0,0,0,0,0,0,0,0,0,0,0,0,0,0,0,[0|0],710550,[0|0|0|0|0|0|0|0],寄宿着灵魂的骨灰。\n能召唤发狂南瓜头士兵的灵魂。\n\n体型高大，充满力气的发狂士兵灵魂。\n头盔所制造的黑暗能抑制恐慌情绪，\n然而在遇上出血或是昆虫拍翅的声音，\n他们会发狂般地陷入失控。\n\n发狂士兵是精神崩坏的剑斗士，最后的下场。
243008,发狂南瓜头士兵的骨灰＋８,1,0,[0|0|0],243008,-1,0,0,-1,0,-1,55708,-1,20000610,0,-1,0,463,0,-1,-1,-1,1,0,50,7,2,0,0,34,13,0,0,[0|0],1,1,1,1,1,0,1,0,0,0,0,1,1,0,0,0,0,0,0,0,0,0,0,0,0,-1,-1,-1,-1,-1,-1,-1,-1,1,0,0,1,0,0,0,0,0,0,0,1,0,2,0,1,0,600,20,1,0,0,0,0,1,1,0,-1,110,-1,243009,10008,3990,0,0,0,0,0,0,0,0,0,0,0,0,0,0,0,0,0,[0|0],710550,[0|0|0|0|0|0|0|0],寄宿着灵魂的骨灰。\n能召唤发狂南瓜头士兵的灵魂。\n\n体型高大，充满力气的发狂士兵灵魂。\n头盔所制造的黑暗能抑制恐慌情绪，\n然而在遇上出血或是昆虫拍翅的声音，\n他们会发狂般地陷入失控。\n\n发狂士兵是精神崩坏的剑斗士，最后的下场。
243009,发狂南瓜头士兵的骨灰＋９,1,0,[0|0|0],243009,-1,0,0,-1,0,-1,55709,-1,20000610,0,-1,0,463,0,-1,-1,-1,1,0,50,7,2,0,0,34,13,0,0,[0|0],1,1,1,1,1,0,1,0,0,0,0,1,1,0,0,0,0,0,0,0,0,0,0,0,0,-1,-1,-1,-1,-1,-1,-1,-1,1,0,0,1,0,0,0,0,0,0,0,1,0,2,0,1,0,600,20,1,0,0,0,0,1,1,0,-1,110,-1,243010,10009,4750,0,0,0,0,0,0,0,0,0,0,0,0,0,0,0,0,0,[0|0],710550,[0|0|0|0|0|0|0|0],寄宿着灵魂的骨灰。\n能召唤发狂南瓜头士兵的灵魂。\n\n体型高大，充满力气的发狂士兵灵魂。\n头盔所制造的黑暗能抑制恐慌情绪，\n然而在遇上出血或是昆虫拍翅的声音，\n他们会发狂般地陷入失控。\n\n发狂士兵是精神崩坏的剑斗士，最后的下场。
243010,发狂南瓜头士兵的骨灰＋１０,1,0,[0|0|0],243010,-1,0,0,-1,0,-1,55710,-1,20000610,0,-1,0,463,0,-1,-1,-1,1,0,50,7,2,0,0,34,13,0,0,[0|0],1,1,1,1,1,0,1,0,0,0,0,1,1,0,0,0,0,0,0,0,0,0,0,0,0,-1,-1,-1,-1,-1,-1,-1,-1,1,0,0,1,0,0,0,0,0,0,0,1,0,2,0,1,0,600,20,1,0,0,0,0,1,1,0,-1,110,-1,-1,-1,0,0,0,0,0,0,0,0,0,0,0,0,0,0,0,0,0,0,[0|0],710550,[0|0|0|0|0|0|0|0],寄宿着灵魂的骨灰。\n能召唤发狂南瓜头士兵的灵魂。\n\n体型高大，充满力气的发狂士兵灵魂。\n头盔所制造的黑暗能抑制恐慌情绪，\n然而在遇上出血或是昆虫拍翅的声音，\n他们会发狂般地陷入失控。\n\n发狂士兵是精神崩坏的剑斗士，最后的下场。
244000,陆生海鞘的骨灰,1,0,[0|0|0],244000,-1,0,0,-1,0,-1,51500,-1,20000610,0,-1,0,477,0,-1,-1,-1,1,0,50,7,2,0,0,34,13,0,0,[0|0],1,1,1,1,1,0,1,0,0,0,0,1,1,0,0,0,0,0,0,0,0,0,0,0,0,-1,-1,-1,-1,-1,-1,-1,-1,1,0,0,1,0,0,0,0,0,0,0,1,0,2,0,1,0,600,10,1,0,0,0,0,1,1,0,-1,-1,240,244001,10000,385,0,0,0,0,0,0,0,0,0,0,0,0,0,0,0,0,0,[0|0],710550,[0|0|0|0|0|0|0|0],寄宿着灵魂的骨灰。\n能召唤３只陆生海鞘的灵魂。\n召唤时不消耗专注值，而是血量。\n\n召唤后会在远方现身的灵魂。\n身体浑圆，表皮坚硬，不太移动，\n会朝周围喷洒毒性体液。
244001,陆生海鞘的骨灰＋１,1,0,[0|0|0],244001,-1,0,0,-1,0,-1,51501,-1,20000610,0,-1,0,477,0,-1,-1,-1,1,0,50,7,2,0,0,34,13,0,0,[0|0],1,1,1,1,1,0,1,0,0,0,0,1,1,0,0,0,0,0,0,0,0,0,0,0,0,-1,-1,-1,-1,-1,-1,-1,-1,1,0,0,1,0,0,0,0,0,0,0,1,0,2,0,1,0,600,10,1,0,0,0,0,1,1,0,-1,-1,240,244002,10001,539,0,0,0,0,0,0,0,0,0,0,0,0,0,0,0,0,0,[0|0],710550,[0|0|0|0|0|0|0|0],寄宿着灵魂的骨灰。\n能召唤３只陆生海鞘的灵魂。\n召唤时不消耗专注值，而是血量。\n\n召唤后会在远方现身的灵魂。\n身体浑圆，表皮坚硬，不太移动，\n会朝周围喷洒毒性体液。
244002,陆生海鞘的骨灰＋２,1,0,[0|0|0],244002,-1,0,0,-1,0,-1,51502,-1,20000610,0,-1,0,477,0,-1,-1,-1,1,0,50,7,2,0,0,34,13,0,0,[0|0],1,1,1,1,1,0,1,0,0,0,0,1,1,0,0,0,0,0,0,0,0,0,0,0,0,-1,-1,-1,-1,-1,-1,-1,-1,1,0,0,1,0,0,0,0,0,0,0,1,0,2,0,1,0,600,10,1,0,0,0,0,1,1,0,-1,-1,240,244003,10002,693,0,0,0,0,0,0,0,0,0,0,0,0,0,0,0,0,0,[0|0],710550,[0|0|0|0|0|0|0|0],寄宿着灵魂的骨灰。\n能召唤３只陆生海鞘的灵魂。\n召唤时不消耗专注值，而是血量。\n\n召唤后会在远方现身的灵魂。\n身体浑圆，表皮坚硬，不太移动，\n会朝周围喷洒毒性体液。
244003,陆生海鞘的骨灰＋３,1,0,[0|0|0],244003,-1,0,0,-1,0,-1,51503,-1,20000610,0,-1,0,477,0,-1,-1,-1,1,0,50,7,2,0,0,34,13,0,0,[0|0],1,1,1,1,1,0,1,0,0,0,0,1,1,0,0,0,0,0,0,0,0,0,0,0,0,-1,-1,-1,-1,-1,-1,-1,-1,1,0,0,1,0,0,0,0,0,0,0,1,0,2,0,1,0,600,10,1,0,0,0,0,1,1,0,-1,-1,240,244004,10003,847,0,0,0,0,0,0,0,0,0,0,0,0,0,0,0,0,0,[0|0],710550,[0|0|0|0|0|0|0|0],寄宿着灵魂的骨灰。\n能召唤３只陆生海鞘的灵魂。\n召唤时不消耗专注值，而是血量。\n\n召唤后会在远方现身的灵魂。\n身体浑圆，表皮坚硬，不太移动，\n会朝周围喷洒毒性体液。
244004,陆生海鞘的骨灰＋４,1,0,[0|0|0],244004,-1,0,0,-1,0,-1,51504,-1,20000610,0,-1,0,477,0,-1,-1,-1,1,0,50,7,2,0,0,34,13,0,0,[0|0],1,1,1,1,1,0,1,0,0,0,0,1,1,0,0,0,0,0,0,0,0,0,0,0,0,-1,-1,-1,-1,-1,-1,-1,-1,1,0,0,1,0,0,0,0,0,0,0,1,0,2,0,1,0,600,10,1,0,0,0,0,1,1,0,-1,-1,240,244005,10004,1001,0,0,0,0,0,0,0,0,0,0,0,0,0,0,0,0,0,[0|0],710550,[0|0|0|0|0|0|0|0],寄宿着灵魂的骨灰。\n能召唤３只陆生海鞘的灵魂。\n召唤时不消耗专注值，而是血量。\n\n召唤后会在远方现身的灵魂。\n身体浑圆，表皮坚硬，不太移动，\n会朝周围喷洒毒性体液。
244005,陆生海鞘的骨灰＋５,1,0,[0|0|0],244005,-1,0,0,-1,0,-1,51505,-1,20000610,0,-1,0,477,0,-1,-1,-1,1,0,50,7,2,0,0,34,13,0,0,[0|0],1,1,1,1,1,0,1,0,0,0,0,1,1,0,0,0,0,0,0,0,0,0,0,0,0,-1,-1,-1,-1,-1,-1,-1,-1,1,0,0,1,0,0,0,0,0,0,0,1,0,2,0,1,0,600,10,1,0,0,0,0,1,1,0,-1,-1,240,244006,10005,1155,0,0,0,0,0,0,0,0,0,0,0,0,0,0,0,0,0,[0|0],710550,[0|0|0|0|0|0|0|0],寄宿着灵魂的骨灰。\n能召唤３只陆生海鞘的灵魂。\n召唤时不消耗专注值，而是血量。\n\n召唤后会在远方现身的灵魂。\n身体浑圆，表皮坚硬，不太移动，\n会朝周围喷洒毒性体液。
244006,陆生海鞘的骨灰＋６,1,0,[0|0|0],244006,-1,0,0,-1,0,-1,51506,-1,20000610,0,-1,0,477,0,-1,-1,-1,1,0,50,7,2,0,0,34,13,0,0,[0|0],1,1,1,1,1,0,1,0,0,0,0,1,1,0,0,0,0,0,0,0,0,0,0,0,0,-1,-1,-1,-1,-1,-1,-1,-1,1,0,0,1,0,0,0,0,0,0,0,1,0,2,0,1,0,600,10,1,0,0,0,0,1,1,0,-1,-1,240,244007,10006,1309,0,0,0,0,0,0,0,0,0,0,0,0,0,0,0,0,0,[0|0],710550,[0|0|0|0|0|0|0|0],寄宿着灵魂的骨灰。\n能召唤３只陆生海鞘的灵魂。\n召唤时不消耗专注值，而是血量。\n\n召唤后会在远方现身的灵魂。\n身体浑圆，表皮坚硬，不太移动，\n会朝周围喷洒毒性体液。
244007,陆生海鞘的骨灰＋７,1,0,[0|0|0],244007,-1,0,0,-1,0,-1,51507,-1,20000610,0,-1,0,477,0,-1,-1,-1,1,0,50,7,2,0,0,34,13,0,0,[0|0],1,1,1,1,1,0,1,0,0,0,0,1,1,0,0,0,0,0,0,0,0,0,0,0,0,-1,-1,-1,-1,-1,-1,-1,-1,1,0,0,1,0,0,0,0,0,0,0,1,0,2,0,1,0,600,10,1,0,0,0,0,1,1,0,-1,-1,240,244008,10007,1463,0,0,0,0,0,0,0,0,0,0,0,0,0,0,0,0,0,[0|0],710550,[0|0|0|0|0|0|0|0],寄宿着灵魂的骨灰。\n能召唤３只陆生海鞘的灵魂。\n召唤时不消耗专注值，而是血量。\n\n召唤后会在远方现身的灵魂。\n身体浑圆，表皮坚硬，不太移动，\n会朝周围喷洒毒性体液。
244008,陆生海鞘的骨灰＋８,1,0,[0|0|0],244008,-1,0,0,-1,0,-1,51508,-1,20000610,0,-1,0,477,0,-1,-1,-1,1,0,50,7,2,0,0,34,13,0,0,[0|0],1,1,1,1,1,0,1,0,0,0,0,1,1,0,0,0,0,0,0,0,0,0,0,0,0,-1,-1,-1,-1,-1,-1,-1,-1,1,0,0,1,0,0,0,0,0,0,0,1,0,2,0,1,0,600,10,1,0,0,0,0,1,1,0,-1,-1,240,244009,10008,1617,0,0,0,0,0,0,0,0,0,0,0,0,0,0,0,0,0,[0|0],710550,[0|0|0|0|0|0|0|0],寄宿着灵魂的骨灰。\n能召唤３只陆生海鞘的灵魂。\n召唤时不消耗专注值，而是血量。\n\n召唤后会在远方现身的灵魂。\n身体浑圆，表皮坚硬，不太移动，\n会朝周围喷洒毒性体液。
244009,陆生海鞘的骨灰＋９,1,0,[0|0|0],244009,-1,0,0,-1,0,-1,51509,-1,20000610,0,-1,0,477,0,-1,-1,-1,1,0,50,7,2,0,0,34,13,0,0,[0|0],1,1,1,1,1,0,1,0,0,0,0,1,1,0,0,0,0,0,0,0,0,0,0,0,0,-1,-1,-1,-1,-1,-1,-1,-1,1,0,0,1,0,0,0,0,0,0,0,1,0,2,0,1,0,600,10,1,0,0,0,0,1,1,0,-1,-1,240,244010,10009,1925,0,0,0,0,0,0,0,0,0,0,0,0,0,0,0,0,0,[0|0],710550,[0|0|0|0|0|0|0|0],寄宿着灵魂的骨灰。\n能召唤３只陆生海鞘的灵魂。\n召唤时不消耗专注值，而是血量。\n\n召唤后会在远方现身的灵魂。\n身体浑圆，表皮坚硬，不太移动，\n会朝周围喷洒毒性体液。
244010,陆生海鞘的骨灰＋１０,1,0,[0|0|0],244010,-1,0,0,-1,0,-1,51510,-1,20000610,0,-1,0,477,0,-1,-1,-1,1,0,50,7,2,0,0,34,13,0,0,[0|0],1,1,1,1,1,0,1,0,0,0,0,1,1,0,0,0,0,0,0,0,0,0,0,0,0,-1,-1,-1,-1,-1,-1,-1,-1,1,0,0,1,0,0,0,0,0,0,0,1,0,2,0,1,0,600,10,1,0,0,0,0,1,1,0,-1,-1,240,-1,-1,0,0,0,0,0,0,0,0,0,0,0,0,0,0,0,0,0,0,[0|0],710550,[0|0|0|0|0|0|0|0],寄宿着灵魂的骨灰。\n能召唤３只陆生海鞘的灵魂。\n召唤时不消耗专注值，而是血量。\n\n召唤后会在远方现身的灵魂。\n身体浑圆，表皮坚硬，不太移动，\n会朝周围喷洒毒性体液。
245000,小米兰达的骨灰,1,0,[0|0|0],245000,-1,0,0,-1,0,-1,51700,-1,20000610,0,-1,0,464,0,-1,-1,-1,1,0,50,7,2,0,0,34,13,0,0,[0|0],1,1,1,1,1,0,1,0,0,0,0,1,1,0,0,0,0,0,0,0,0,0,0,0,0,-1,-1,-1,-1,-1,-1,-1,-1,1,0,0,1,0,0,0,0,0,0,0,1,0,2,0,1,0,600,10,1,0,0,0,0,1,1,0,-1,-1,185,245001,10000,435,0,0,0,0,0,0,0,0,0,0,0,0,0,0,0,0,0,[0|0],710550,[0|0|0|0|0|0|0|0],寄宿着灵魂的骨灰。\n能召唤５只小米兰达的灵魂。\n召唤时不消耗专注值，而是血量。\n\n会吃人的花，米兰达之花──\n它娇小可爱的幼株群灵魂。\n会缓慢蠕动，努力释放有毒花粉。\n但是不耐火，要特别小心。
245001,小米兰达的骨灰＋１,1,0,[0|0|0],245001,-1,0,0,-1,0,-1,51701,-1,20000610,0,-1,0,464,0,-1,-1,-1,1,0,50,7,2,0,0,34,13,0,0,[0|0],1,1,1,1,1,0,1,0,0,0,0,1,1,0,0,0,0,0,0,0,0,0,0,0,0,-1,-1,-1,-1,-1,-1,-1,-1,1,0,0,1,0,0,0,0,0,0,0,1,0,2,0,1,0,600,10,1,0,0,0,0,1,1,0,-1,-1,185,245002,10001,609,0,0,0,0,0,0,0,0,0,0,0,0,0,0,0,0,0,[0|0],710550,[0|0|0|0|0|0|0|0],寄宿着灵魂的骨灰。\n能召唤５只小米兰达的灵魂。\n召唤时不消耗专注值，而是血量。\n\n会吃人的花，米兰达之花──\n它娇小可爱的幼株群灵魂。\n会缓慢蠕动，努力释放有毒花粉。\n但是不耐火，要特别小心。
245002,小米兰达的骨灰＋２,1,0,[0|0|0],245002,-1,0,0,-1,0,-1,51702,-1,20000610,0,-1,0,464,0,-1,-1,-1,1,0,50,7,2,0,0,34,13,0,0,[0|0],1,1,1,1,1,0,1,0,0,0,0,1,1,0,0,0,0,0,0,0,0,0,0,0,0,-1,-1,-1,-1,-1,-1,-1,-1,1,0,0,1,0,0,0,0,0,0,0,1,0,2,0,1,0,600,10,1,0,0,0,0,1,1,0,-1,-1,185,245003,10002,783,0,0,0,0,0,0,0,0,0,0,0,0,0,0,0,0,0,[0|0],710550,[0|0|0|0|0|0|0|0],寄宿着灵魂的骨灰。\n能召唤５只小米兰达的灵魂。\n召唤时不消耗专注值，而是血量。\n\n会吃人的花，米兰达之花──\n它娇小可爱的幼株群灵魂。\n会缓慢蠕动，努力释放有毒花粉。\n但是不耐火，要特别小心。
245003,小米兰达的骨灰＋３,1,0,[0|0|0],245003,-1,0,0,-1,0,-1,51703,-1,20000610,0,-1,0,464,0,-1,-1,-1,1,0,50,7,2,0,0,34,13,0,0,[0|0],1,1,1,1,1,0,1,0,0,0,0,1,1,0,0,0,0,0,0,0,0,0,0,0,0,-1,-1,-1,-1,-1,-1,-1,-1,1,0,0,1,0,0,0,0,0,0,0,1,0,2,0,1,0,600,10,1,0,0,0,0,1,1,0,-1,-1,185,245004,10003,957,0,0,0,0,0,0,0,0,0,0,0,0,0,0,0,0,0,[0|0],710550,[0|0|0|0|0|0|0|0],寄宿着灵魂的骨灰。\n能召唤５只小米兰达的灵魂。\n召唤时不消耗专注值，而是血量。\n\n会吃人的花，米兰达之花──\n它娇小可爱的幼株群灵魂。\n会缓慢蠕动，努力释放有毒花粉。\n但是不耐火，要特别小心。
245004,小米兰达的骨灰＋４,1,0,[0|0|0],245004,-1,0,0,-1,0,-1,51704,-1,20000610,0,-1,0,464,0,-1,-1,-1,1,0,50,7,2,0,0,34,13,0,0,[0|0],1,1,1,1,1,0,1,0,0,0,0,1,1,0,0,0,0,0,0,0,0,0,0,0,0,-1,-1,-1,-1,-1,-1,-1,-1,1,0,0,1,0,0,0,0,0,0,0,1,0,2,0,1,0,600,10,1,0,0,0,0,1,1,0,-1,-1,185,245005,10004,1131,0,0,0,0,0,0,0,0,0,0,0,0,0,0,0,0,0,[0|0],710550,[0|0|0|0|0|0|0|0],寄宿着灵魂的骨灰。\n能召唤５只小米兰达的灵魂。\n召唤时不消耗专注值，而是血量。\n\n会吃人的花，米兰达之花──\n它娇小可爱的幼株群灵魂。\n会缓慢蠕动，努力释放有毒花粉。\n但是不耐火，要特别小心。
245005,小米兰达的骨灰＋５,1,0,[0|0|0],245005,-1,0,0,-1,0,-1,51705,-1,20000610,0,-1,0,464,0,-1,-1,-1,1,0,50,7,2,0,0,34,13,0,0,[0|0],1,1,1,1,1,0,1,0,0,0,0,1,1,0,0,0,0,0,0,0,0,0,0,0,0,-1,-1,-1,-1,-1,-1,-1,-1,1,0,0,1,0,0,0,0,0,0,0,1,0,2,0,1,0,600,10,1,0,0,0,0,1,1,0,-1,-1,185,245006,10005,1305,0,0,0,0,0,0,0,0,0,0,0,0,0,0,0,0,0,[0|0],710550,[0|0|0|0|0|0|0|0],寄宿着灵魂的骨灰。\n能召唤５只小米兰达的灵魂。\n召唤时不消耗专注值，而是血量。\n\n会吃人的花，米兰达之花──\n它娇小可爱的幼株群灵魂。\n会缓慢蠕动，努力释放有毒花粉。\n但是不耐火，要特别小心。
245006,小米兰达的骨灰＋６,1,0,[0|0|0],245006,-1,0,0,-1,0,-1,51706,-1,20000610,0,-1,0,464,0,-1,-1,-1,1,0,50,7,2,0,0,34,13,0,0,[0|0],1,1,1,1,1,0,1,0,0,0,0,1,1,0,0,0,0,0,0,0,0,0,0,0,0,-1,-1,-1,-1,-1,-1,-1,-1,1,0,0,1,0,0,0,0,0,0,0,1,0,2,0,1,0,600,10,1,0,0,0,0,1,1,0,-1,-1,185,245007,10006,1479,0,0,0,0,0,0,0,0,0,0,0,0,0,0,0,0,0,[0|0],710550,[0|0|0|0|0|0|0|0],寄宿着灵魂的骨灰。\n能召唤５只小米兰达的灵魂。\n召唤时不消耗专注值，而是血量。\n\n会吃人的花，米兰达之花──\n它娇小可爱的幼株群灵魂。\n会缓慢蠕动，努力释放有毒花粉。\n但是不耐火，要特别小心。
245007,小米兰达的骨灰＋７,1,0,[0|0|0],245007,-1,0,0,-1,0,-1,51707,-1,20000610,0,-1,0,464,0,-1,-1,-1,1,0,50,7,2,0,0,34,13,0,0,[0|0],1,1,1,1,1,0,1,0,0,0,0,1,1,0,0,0,0,0,0,0,0,0,0,0,0,-1,-1,-1,-1,-1,-1,-1,-1,1,0,0,1,0,0,0,0,0,0,0,1,0,2,0,1,0,600,10,1,0,0,0,0,1,1,0,-1,-1,185,245008,10007,1653,0,0,0,0,0,0,0,0,0,0,0,0,0,0,0,0,0,[0|0],710550,[0|0|0|0|0|0|0|0],寄宿着灵魂的骨灰。\n能召唤５只小米兰达的灵魂。\n召唤时不消耗专注值，而是血量。\n\n会吃人的花，米兰达之花──\n它娇小可爱的幼株群灵魂。\n会缓慢蠕动，努力释放有毒花粉。\n但是不耐火，要特别小心。
245008,小米兰达的骨灰＋８,1,0,[0|0|0],245008,-1,0,0,-1,0,-1,51708,-1,20000610,0,-1,0,464,0,-1,-1,-1,1,0,50,7,2,0,0,34,13,0,0,[0|0],1,1,1,1,1,0,1,0,0,0,0,1,1,0,0,0,0,0,0,0,0,0,0,0,0,-1,-1,-1,-1,-1,-1,-1,-1,1,0,0,1,0,0,0,0,0,0,0,1,0,2,0,1,0,600,10,1,0,0,0,0,1,1,0,-1,-1,185,245009,10008,1827,0,0,0,0,0,0,0,0,0,0,0,0,0,0,0,0,0,[0|0],710550,[0|0|0|0|0|0|0|0],寄宿着灵魂的骨灰。\n能召唤５只小米兰达的灵魂。\n召唤时不消耗专注值，而是血量。\n\n会吃人的花，米兰达之花──\n它娇小可爱的幼株群灵魂。\n会缓慢蠕动，努力释放有毒花粉。\n但是不耐火，要特别小心。
245009,小米兰达的骨灰＋９,1,0,[0|0|0],245009,-1,0,0,-1,0,-1,51709,-1,20000610,0,-1,0,464,0,-1,-1,-1,1,0,50,7,2,0,0,34,13,0,0,[0|0],1,1,1,1,1,0,1,0,0,0,0,1,1,0,0,0,0,0,0,0,0,0,0,0,0,-1,-1,-1,-1,-1,-1,-1,-1,1,0,0,1,0,0,0,0,0,0,0,1,0,2,0,1,0,600,10,1,0,0,0,0,1,1,0,-1,-1,185,245010,10009,2175,0,0,0,0,0,0,0,0,0,0,0,0,0,0,0,0,0,[0|0],710550,[0|0|0|0|0|0|0|0],寄宿着灵魂的骨灰。\n能召唤５只小米兰达的灵魂。\n召唤时不消耗专注值，而是血量。\n\n会吃人的花，米兰达之花──\n它娇小可爱的幼株群灵魂。\n会缓慢蠕动，努力释放有毒花粉。\n但是不耐火，要特别小心。
245010,小米兰达的骨灰＋１０,1,0,[0|0|0],245010,-1,0,0,-1,0,-1,51710,-1,20000610,0,-1,0,464,0,-1,-1,-1,1,0,50,7,2,0,0,34,13,0,0,[0|0],1,1,1,1,1,0,1,0,0,0,0,1,1,0,0,0,0,0,0,0,0,0,0,0,0,-1,-1,-1,-1,-1,-1,-1,-1,1,0,0,1,0,0,0,0,0,0,0,1,0,2,0,1,0,600,10,1,0,0,0,0,1,1,0,-1,-1,185,-1,-1,0,0,0,0,0,0,0,0,0,0,0,0,0,0,0,0,0,0,[0|0],710550,[0|0|0|0|0|0|0|0],寄宿着灵魂的骨灰。\n能召唤５只小米兰达的灵魂。\n召唤时不消耗专注值，而是血量。\n\n会吃人的花，米兰达之花──\n它娇小可爱的幼株群灵魂。\n会缓慢蠕动，努力释放有毒花粉。\n但是不耐火，要特别小心。
246000,特攻先锋群的骨灰,1,0,[0|0|0],246000,-1,0,0,-1,0,-1,51900,-1,20000610,0,-1,0,465,0,-1,-1,-1,1,0,50,7,2,0,0,34,13,0,0,[0|0],1,1,1,1,1,0,1,0,0,0,0,1,1,0,0,0,0,0,0,0,0,0,0,0,0,-1,-1,-1,-1,-1,-1,-1,-1,1,0,0,1,0,0,0,0,0,0,0,1,0,2,0,1,0,600,10,1,0,0,0,0,1,1,0,-1,-1,135,246001,10000,415,0,0,0,0,0,0,0,0,0,0,0,0,0,0,0,0,0,[0|0],710550,[0|0|0|0|0|0|0|0],寄宿着灵魂的骨灰。\n能召唤３名小型活壶的灵魂。\n召唤时不消耗专注值，而是血量。\n\n会对敌人展开特攻，死亡时会爆炸，\n一群视死如归的灵魂。\n表现得很勇敢，但爆炸也会波及我方。\n碰触到火焰会立刻爆炸。\n\n　帮我们转告给故乡的大家吧──\n　我们火焰壶，表现的点点滴滴……
246001,特攻先锋群的骨灰＋１,1,0,[0|0|0],246001,-1,0,0,-1,0,-1,51901,-1,20000610,0,-1,0,465,0,-1,-1,-1,1,0,50,7,2,0,0,34,13,0,0,[0|0],1,1,1,1,1,0,1,0,0,0,0,1,1,0,0,0,0,0,0,0,0,0,0,0,0,-1,-1,-1,-1,-1,-1,-1,-1,1,0,0,1,0,0,0,0,0,0,0,1,0,2,0,1,0,600,10,1,0,0,0,0,1,1,0,-1,-1,135,246002,10001,581,0,0,0,0,0,0,0,0,0,0,0,0,0,0,0,0,0,[0|0],710550,[0|0|0|0|0|0|0|0],寄宿着灵魂的骨灰。\n能召唤３名小型活壶的灵魂。\n召唤时不消耗专注值，而是血量。\n\n会对敌人展开特攻，死亡时会爆炸，\n一群视死如归的灵魂。\n表现得很勇敢，但爆炸也会波及我方。\n碰触到火焰会立刻爆炸。\n\n　帮我们转告给故乡的大家吧──\n　我们火焰壶，表现的点点滴滴……
246002,特攻先锋群的骨灰＋２,1,0,[0|0|0],246002,-1,0,0,-1,0,-1,51902,-1,20000610,0,-1,0,465,0,-1,-1,-1,1,0,50,7,2,0,0,34,13,0,0,[0|0],1,1,1,1,1,0,1,0,0,0,0,1,1,0,0,0,0,0,0,0,0,0,0,0,0,-1,-1,-1,-1,-1,-1,-1,-1,1,0,0,1,0,0,0,0,0,0,0,1,0,2,0,1,0,600,10,1,0,0,0,0,1,1,0,-1,-1,135,246003,10002,747,0,0,0,0,0,0,0,0,0,0,0,0,0,0,0,0,0,[0|0],710550,[0|0|0|0|0|0|0|0],寄宿着灵魂的骨灰。\n能召唤３名小型活壶的灵魂。\n召唤时不消耗专注值，而是血量。\n\n会对敌人展开特攻，死亡时会爆炸，\n一群视死如归的灵魂。\n表现得很勇敢，但爆炸也会波及我方。\n碰触到火焰会立刻爆炸。\n\n　帮我们转告给故乡的大家吧──\n　我们火焰壶，表现的点点滴滴……
246003,特攻先锋群的骨灰＋３,1,0,[0|0|0],246003,-1,0,0,-1,0,-1,51903,-1,20000610,0,-1,0,465,0,-1,-1,-1,1,0,50,7,2,0,0,34,13,0,0,[0|0],1,1,1,1,1,0,1,0,0,0,0,1,1,0,0,0,0,0,0,0,0,0,0,0,0,-1,-1,-1,-1,-1,-1,-1,-1,1,0,0,1,0,0,0,0,0,0,0,1,0,2,0,1,0,600,10,1,0,0,0,0,1,1,0,-1,-1,135,246004,10003,913,0,0,0,0,0,0,0,0,0,0,0,0,0,0,0,0,0,[0|0],710550,[0|0|0|0|0|0|0|0],寄宿着灵魂的骨灰。\n能召唤３名小型活壶的灵魂。\n召唤时不消耗专注值，而是血量。\n\n会对敌人展开特攻，死亡时会爆炸，\n一群视死如归的灵魂。\n表现得很勇敢，但爆炸也会波及我方。\n碰触到火焰会立刻爆炸。\n\n　帮我们转告给故乡的大家吧──\n　我们火焰壶，表现的点点滴滴……
246004,特攻先锋群的骨灰＋４,1,0,[0|0|0],246004,-1,0,0,-1,0,-1,51904,-1,20000610,0,-1,0,465,0,-1,-1,-1,1,0,50,7,2,0,0,34,13,0,0,[0|0],1,1,1,1,1,0,1,0,0,0,0,1,1,0,0,0,0,0,0,0,0,0,0,0,0,-1,-1,-1,-1,-1,-1,-1,-1,1,0,0,1,0,0,0,0,0,0,0,1,0,2,0,1,0,600,10,1,0,0,0,0,1,1,0,-1,-1,135,246005,10004,1079,0,0,0,0,0,0,0,0,0,0,0,0,0,0,0,0,0,[0|0],710550,[0|0|0|0|0|0|0|0],寄宿着灵魂的骨灰。\n能召唤３名小型活壶的灵魂。\n召唤时不消耗专注值，而是血量。\n\n会对敌人展开特攻，死亡时会爆炸，\n一群视死如归的灵魂。\n表现得很勇敢，但爆炸也会波及我方。\n碰触到火焰会立刻爆炸。\n\n　帮我们转告给故乡的大家吧──\n　我们火焰壶，表现的点点滴滴……
246005,特攻先锋群的骨灰＋５,1,0,[0|0|0],246005,-1,0,0,-1,0,-1,51905,-1,20000610,0,-1,0,465,0,-1,-1,-1,1,0,50,7,2,0,0,34,13,0,0,[0|0],1,1,1,1,1,0,1,0,0,0,0,1,1,0,0,0,0,0,0,0,0,0,0,0,0,-1,-1,-1,-1,-1,-1,-1,-1,1,0,0,1,0,0,0,0,0,0,0,1,0,2,0,1,0,600,10,1,0,0,0,0,1,1,0,-1,-1,135,246006,10005,1245,0,0,0,0,0,0,0,0,0,0,0,0,0,0,0,0,0,[0|0],710550,[0|0|0|0|0|0|0|0],寄宿着灵魂的骨灰。\n能召唤３名小型活壶的灵魂。\n召唤时不消耗专注值，而是血量。\n\n会对敌人展开特攻，死亡时会爆炸，\n一群视死如归的灵魂。\n表现得很勇敢，但爆炸也会波及我方。\n碰触到火焰会立刻爆炸。\n\n　帮我们转告给故乡的大家吧──\n　我们火焰壶，表现的点点滴滴……
246006,特攻先锋群的骨灰＋６,1,0,[0|0|0],246006,-1,0,0,-1,0,-1,51906,-1,20000610,0,-1,0,465,0,-1,-1,-1,1,0,50,7,2,0,0,34,13,0,0,[0|0],1,1,1,1,1,0,1,0,0,0,0,1,1,0,0,0,0,0,0,0,0,0,0,0,0,-1,-1,-1,-1,-1,-1,-1,-1,1,0,0,1,0,0,0,0,0,0,0,1,0,2,0,1,0,600,10,1,0,0,0,0,1,1,0,-1,-1,135,246007,10006,1411,0,0,0,0,0,0,0,0,0,0,0,0,0,0,0,0,0,[0|0],710550,[0|0|0|0|0|0|0|0],寄宿着灵魂的骨灰。\n能召唤３名小型活壶的灵魂。\n召唤时不消耗专注值，而是血量。\n\n会对敌人展开特攻，死亡时会爆炸，\n一群视死如归的灵魂。\n表现得很勇敢，但爆炸也会波及我方。\n碰触到火焰会立刻爆炸。\n\n　帮我们转告给故乡的大家吧──\n　我们火焰壶，表现的点点滴滴……
246007,特攻先锋群的骨灰＋７,1,0,[0|0|0],246007,-1,0,0,-1,0,-1,51907,-1,20000610,0,-1,0,465,0,-1,-1,-1,1,0,50,7,2,0,0,34,13,0,0,[0|0],1,1,1,1,1,0,1,0,0,0,0,1,1,0,0,0,0,0,0,0,0,0,0,0,0,-1,-1,-1,-1,-1,-1,-1,-1,1,0,0,1,0,0,0,0,0,0,0,1,0,2,0,1,0,600,10,1,0,0,0,0,1,1,0,-1,-1,135,246008,10007,1577,0,0,0,0,0,0,0,0,0,0,0,0,0,0,0,0,0,[0|0],710550,[0|0|0|0|0|0|0|0],寄宿着灵魂的骨灰。\n能召唤３名小型活壶的灵魂。\n召唤时不消耗专注值，而是血量。\n\n会对敌人展开特攻，死亡时会爆炸，\n一群视死如归的灵魂。\n表现得很勇敢，但爆炸也会波及我方。\n碰触到火焰会立刻爆炸。\n\n　帮我们转告给故乡的大家吧──\n　我们火焰壶，表现的点点滴滴……
246008,特攻先锋群的骨灰＋８,1,0,[0|0|0],246008,-1,0,0,-1,0,-1,51908,-1,20000610,0,-1,0,465,0,-1,-1,-1,1,0,50,7,2,0,0,34,13,0,0,[0|0],1,1,1,1,1,0,1,0,0,0,0,1,1,0,0,0,0,0,0,0,0,0,0,0,0,-1,-1,-1,-1,-1,-1,-1,-1,1,0,0,1,0,0,0,0,0,0,0,1,0,2,0,1,0,600,10,1,0,0,0,0,1,1,0,-1,-1,135,246009,10008,1743,0,0,0,0,0,0,0,0,0,0,0,0,0,0,0,0,0,[0|0],710550,[0|0|0|0|0|0|0|0],寄宿着灵魂的骨灰。\n能召唤３名小型活壶的灵魂。\n召唤时不消耗专注值，而是血量。\n\n会对敌人展开特攻，死亡时会爆炸，\n一群视死如归的灵魂。\n表现得很勇敢，但爆炸也会波及我方。\n碰触到火焰会立刻爆炸。\n\n　帮我们转告给故乡的大家吧──\n　我们火焰壶，表现的点点滴滴……
246009,特攻先锋群的骨灰＋９,1,0,[0|0|0],246009,-1,0,0,-1,0,-1,51909,-1,20000610,0,-1,0,465,0,-1,-1,-1,1,0,50,7,2,0,0,34,13,0,0,[0|0],1,1,1,1,1,0,1,0,0,0,0,1,1,0,0,0,0,0,0,0,0,0,0,0,0,-1,-1,-1,-1,-1,-1,-1,-1,1,0,0,1,0,0,0,0,0,0,0,1,0,2,0,1,0,600,10,1,0,0,0,0,1,1,0,-1,-1,135,246010,10009,2075,0,0,0,0,0,0,0,0,0,0,0,0,0,0,0,0,0,[0|0],710550,[0|0|0|0|0|0|0|0],寄宿着灵魂的骨灰。\n能召唤３名小型活壶的灵魂。\n召唤时不消耗专注值，而是血量。\n\n会对敌人展开特攻，死亡时会爆炸，\n一群视死如归的灵魂。\n表现得很勇敢，但爆炸也会波及我方。\n碰触到火焰会立刻爆炸。\n\n　帮我们转告给故乡的大家吧──\n　我们火焰壶，表现的点点滴滴……
246010,特攻先锋群的骨灰＋１０,1,0,[0|0|0],246010,-1,0,0,-1,0,-1,51910,-1,20000610,0,-1,0,465,0,-1,-1,-1,1,0,50,7,2,0,0,34,13,0,0,[0|0],1,1,1,1,1,0,1,0,0,0,0,1,1,0,0,0,0,0,0,0,0,0,0,0,0,-1,-1,-1,-1,-1,-1,-1,-1,1,0,0,1,0,0,0,0,0,0,0,1,0,2,0,1,0,600,10,1,0,0,0,0,1,1,0,-1,-1,135,-1,-1,0,0,0,0,0,0,0,0,0,0,0,0,0,0,0,0,0,0,[0|0],710550,[0|0|0|0|0|0|0|0],寄宿着灵魂的骨灰。\n能召唤３名小型活壶的灵魂。\n召唤时不消耗专注值，而是血量。\n\n会对敌人展开特攻，死亡时会爆炸，\n一群视死如归的灵魂。\n表现得很勇敢，但爆炸也会波及我方。\n碰触到火焰会立刻爆炸。\n\n　帮我们转告给故乡的大家吧──\n　我们火焰壶，表现的点点滴滴……
247000,恶兆猎人罗洛,1,0,[0|0|0],247000,-1,0,0,-1,0,-1,60800,-1,20000610,0,-1,0,466,0,-1,-1,-1,1,0,50,8,2,0,0,34,13,0,0,[0|0],1,1,1,1,1,0,1,0,0,0,0,1,1,0,0,0,0,0,0,0,0,0,0,0,0,-1,-1,-1,-1,-1,-1,-1,-1,1,0,0,1,0,0,0,0,0,0,0,1,0,2,0,1,0,600,30,1,0,0,0,0,2,1,0,-1,113,-1,247001,10100,1810,0,0,0,0,0,0,0,0,0,0,0,0,0,0,0,0,0,[0|0],710550,[0|0|0|0|0|0|0|0],寄宿着灵魂的骨灰。\n能召唤恶兆猎人罗洛的灵魂。\n\n知名的恶兆猎人鼻祖，罗洛的灵魂。\n曾是知名调香师的罗洛，\n为了善尽猎杀恶兆，此一恶梦般的职责，\n因此喝下香药，毁了自己的心。
247001,恶兆猎人罗洛＋１,1,0,[0|0|0],247001,-1,0,0,-1,0,-1,60801,-1,20000610,0,-1,0,466,0,-1,-1,-1,1,0,50,8,2,0,0,34,13,0,0,[0|0],1,1,1,1,1,0,1,0,0,0,0,1,1,0,0,0,0,0,0,0,0,0,0,0,0,-1,-1,-1,-1,-1,-1,-1,-1,1,0,0,1,0,0,0,0,0,0,0,1,0,2,0,1,0,600,30,1,0,0,0,0,2,1,0,-1,113,-1,247002,10101,2896,0,0,0,0,0,0,0,0,0,0,0,0,0,0,0,0,0,[0|0],710550,[0|0|0|0|0|0|0|0],寄宿着灵魂的骨灰。\n能召唤恶兆猎人罗洛的灵魂。\n\n知名的恶兆猎人鼻祖，罗洛的灵魂。\n曾是知名调香师的罗洛，\n为了善尽猎杀恶兆，此一恶梦般的职责，\n因此喝下香药，毁了自己的心。
247002,恶兆猎人罗洛＋２,1,0,[0|0|0],247002,-1,0,0,-1,0,-1,60802,-1,20000610,0,-1,0,466,0,-1,-1,-1,1,0,50,8,2,0,0,34,13,0,0,[0|0],1,1,1,1,1,0,1,0,0,0,0,1,1,0,0,0,0,0,0,0,0,0,0,0,0,-1,-1,-1,-1,-1,-1,-1,-1,1,0,0,1,0,0,0,0,0,0,0,1,0,2,0,1,0,600,30,1,0,0,0,0,2,1,0,-1,113,-1,247003,10102,3982,0,0,0,0,0,0,0,0,0,0,0,0,0,0,0,0,0,[0|0],710550,[0|0|0|0|0|0|0|0],寄宿着灵魂的骨灰。\n能召唤恶兆猎人罗洛的灵魂。\n\n知名的恶兆猎人鼻祖，罗洛的灵魂。\n曾是知名调香师的罗洛，\n为了善尽猎杀恶兆，此一恶梦般的职责，\n因此喝下香药，毁了自己的心。
247003,恶兆猎人罗洛＋３,1,0,[0|0|0],247003,-1,0,0,-1,0,-1,60803,-1,20000610,0,-1,0,466,0,-1,-1,-1,1,0,50,8,2,0,0,34,13,0,0,[0|0],1,1,1,1,1,0,1,0,0,0,0,1,1,0,0,0,0,0,0,0,0,0,0,0,0,-1,-1,-1,-1,-1,-1,-1,-1,1,0,0,1,0,0,0,0,0,0,0,1,0,2,0,1,0,600,30,1,0,0,0,0,2,1,0,-1,113,-1,247004,10103,5068,0,0,0,0,0,0,0,0,0,0,0,0,0,0,0,0,0,[0|0],710550,[0|0|0|0|0|0|0|0],寄宿着灵魂的骨灰。\n能召唤恶兆猎人罗洛的灵魂。\n\n知名的恶兆猎人鼻祖，罗洛的灵魂。\n曾是知名调香师的罗洛，\n为了善尽猎杀恶兆，此一恶梦般的职责，\n因此喝下香药，毁了自己的心。
247004,恶兆猎人罗洛＋４,1,0,[0|0|0],247004,-1,0,0,-1,0,-1,60804,-1,20000610,0,-1,0,466,0,-1,-1,-1,1,0,50,8,2,0,0,34,13,0,0,[0|0],1,1,1,1,1,0,1,0,0,0,0,1,1,0,0,0,0,0,0,0,0,0,0,0,0,-1,-1,-1,-1,-1,-1,-1,-1,1,0,0,1,0,0,0,0,0,0,0,1,0,2,0,1,0,600,30,1,0,0,0,0,2,1,0,-1,113,-1,247005,10104,6154,0,0,0,0,0,0,0,0,0,0,0,0,0,0,0,0,0,[0|0],710550,[0|0|0|0|0|0|0|0],寄宿着灵魂的骨灰。\n能召唤恶兆猎人罗洛的灵魂。\n\n知名的恶兆猎人鼻祖，罗洛的灵魂。\n曾是知名调香师的罗洛，\n为了善尽猎杀恶兆，此一恶梦般的职责，\n因此喝下香药，毁了自己的心。
247005,恶兆猎人罗洛＋５,1,0,[0|0|0],247005,-1,0,0,-1,0,-1,60805,-1,20000610,0,-1,0,466,0,-1,-1,-1,1,0,50,8,2,0,0,34,13,0,0,[0|0],1,1,1,1,1,0,1,0,0,0,0,1,1,0,0,0,0,0,0,0,0,0,0,0,0,-1,-1,-1,-1,-1,-1,-1,-1,1,0,0,1,0,0,0,0,0,0,0,1,0,2,0,1,0,600,30,1,0,0,0,0,2,1,0,-1,113,-1,247006,10105,7240,0,0,0,0,0,0,0,0,0,0,0,0,0,0,0,0,0,[0|0],710550,[0|0|0|0|0|0|0|0],寄宿着灵魂的骨灰。\n能召唤恶兆猎人罗洛的灵魂。\n\n知名的恶兆猎人鼻祖，罗洛的灵魂。\n曾是知名调香师的罗洛，\n为了善尽猎杀恶兆，此一恶梦般的职责，\n因此喝下香药，毁了自己的心。
247006,恶兆猎人罗洛＋６,1,0,[0|0|0],247006,-1,0,0,-1,0,-1,60806,-1,20000610,0,-1,0,466,0,-1,-1,-1,1,0,50,8,2,0,0,34,13,0,0,[0|0],1,1,1,1,1,0,1,0,0,0,0,1,1,0,0,0,0,0,0,0,0,0,0,0,0,-1,-1,-1,-1,-1,-1,-1,-1,1,0,0,1,0,0,0,0,0,0,0,1,0,2,0,1,0,600,30,1,0,0,0,0,2,1,0,-1,113,-1,247007,10106,8326,0,0,0,0,0,0,0,0,0,0,0,0,0,0,0,0,0,[0|0],710550,[0|0|0|0|0|0|0|0],寄宿着灵魂的骨灰。\n能召唤恶兆猎人罗洛的灵魂。\n\n知名的恶兆猎人鼻祖，罗洛的灵魂。\n曾是知名调香师的罗洛，\n为了善尽猎杀恶兆，此一恶梦般的职责，\n因此喝下香药，毁了自己的心。
247007,恶兆猎人罗洛＋７,1,0,[0|0|0],247007,-1,0,0,-1,0,-1,60807,-1,20000610,0,-1,0,466,0,-1,-1,-1,1,0,50,8,2,0,0,34,13,0,0,[0|0],1,1,1,1,1,0,1,0,0,0,0,1,1,0,0,0,0,0,0,0,0,0,0,0,0,-1,-1,-1,-1,-1,-1,-1,-1,1,0,0,1,0,0,0,0,0,0,0,1,0,2,0,1,0,600,30,1,0,0,0,0,2,1,0,-1,113,-1,247008,10107,9412,0,0,0,0,0,0,0,0,0,0,0,0,0,0,0,0,0,[0|0],710550,[0|0|0|0|0|0|0|0],寄宿着灵魂的骨灰。\n能召唤恶兆猎人罗洛的灵魂。\n\n知名的恶兆猎人鼻祖，罗洛的灵魂。\n曾是知名调香师的罗洛，\n为了善尽猎杀恶兆，此一恶梦般的职责，\n因此喝下香药，毁了自己的心。
247008,恶兆猎人罗洛＋８,1,0,[0|0|0],247008,-1,0,0,-1,0,-1,60808,-1,20000610,0,-1,0,466,0,-1,-1,-1,1,0,50,8,2,0,0,34,13,0,0,[0|0],1,1,1,1,1,0,1,0,0,0,0,1,1,0,0,0,0,0,0,0,0,0,0,0,0,-1,-1,-1,-1,-1,-1,-1,-1,1,0,0,1,0,0,0,0,0,0,0,1,0,2,0,1,0,600,30,1,0,0,0,0,2,1,0,-1,113,-1,247009,10108,10498,0,0,0,0,0,0,0,0,0,0,0,0,0,0,0,0,0,[0|0],710550,[0|0|0|0|0|0|0|0],寄宿着灵魂的骨灰。\n能召唤恶兆猎人罗洛的灵魂。\n\n知名的恶兆猎人鼻祖，罗洛的灵魂。\n曾是知名调香师的罗洛，\n为了善尽猎杀恶兆，此一恶梦般的职责，\n因此喝下香药，毁了自己的心。
247009,恶兆猎人罗洛＋９,1,0,[0|0|0],247009,-1,0,0,-1,0,-1,60809,-1,20000610,0,-1,0,466,0,-1,-1,-1,1,0,50,8,2,0,0,34,13,0,0,[0|0],1,1,1,1,1,0,1,0,0,0,0,1,1,0,0,0,0,0,0,0,0,0,0,0,0,-1,-1,-1,-1,-1,-1,-1,-1,1,0,0,1,0,0,0,0,0,0,0,1,0,2,0,1,0,600,30,1,0,0,0,0,2,1,0,-1,113,-1,247010,10109,12670,0,0,0,0,0,0,0,0,0,0,0,0,0,0,0,0,0,[0|0],710550,[0|0|0|0|0|0|0|0],寄宿着灵魂的骨灰。\n能召唤恶兆猎人罗洛的灵魂。\n\n知名的恶兆猎人鼻祖，罗洛的灵魂。\n曾是知名调香师的罗洛，\n为了善尽猎杀恶兆，此一恶梦般的职责，\n因此喝下香药，毁了自己的心。
247010,恶兆猎人罗洛＋１０,1,0,[0|0|0],247010,-1,0,0,-1,0,-1,60810,-1,20000610,0,-1,0,466,0,-1,-1,-1,1,0,50,8,2,0,0,34,13,0,0,[0|0],1,1,1,1,1,0,1,0,0,0,0,1,1,0,0,0,0,0,0,0,0,0,0,0,0,-1,-1,-1,-1,-1,-1,-1,-1,1,0,0,1,0,0,0,0,0,0,0,1,0,2,0,1,0,600,30,1,0,0,0,0,2,1,0,-1,113,-1,-1,-1,0,0,0,0,0,0,0,0,0,0,0,0,0,0,0,0,0,0,[0|0],710550,[0|0|0|0|0|0|0|0],寄宿着灵魂的骨灰。\n能召唤恶兆猎人罗洛的灵魂。\n\n知名的恶兆猎人鼻祖，罗洛的灵魂。\n曾是知名调香师的罗洛，\n为了善尽猎杀恶兆，此一恶梦般的职责，\n因此喝下香药，毁了自己的心。
248000,大盾士兵的骨灰,1,0,[0|0|0],248000,-1,0,0,-1,0,-1,55100,-1,20000610,0,-1,0,467,0,-1,-1,-1,1,0,50,7,2,0,0,34,13,0,0,[0|0],1,1,1,1,1,0,1,0,0,0,0,1,1,0,0,0,0,0,0,0,0,0,0,0,0,-1,-1,-1,-1,-1,-1,-1,-1,1,0,0,1,0,0,0,0,0,0,0,1,0,2,0,1,0,600,20,1,0,0,0,0,1,1,0,-1,74,-1,248001,10000,255,0,0,0,0,0,0,0,0,0,0,0,0,0,0,0,0,0,[0|0],710550,[0|0|0|0|0|0|0|0],寄宿着灵魂的骨灰。\n能召唤５名大盾士兵的灵魂。\n\n过去调查永恒之城的坠鹰军团，\n其中的多位大盾士兵的灵魂。\n在军团中的定位是巩固防御。\n会牵制敌人，再从后方丢掷灵火等等，\n使用简单的团体战术。
248001,大盾士兵的骨灰＋１,1,0,[0|0|0],248001,-1,0,0,-1,0,-1,55101,-1,20000610,0,-1,0,467,0,-1,-1,-1,1,0,50,7,2,0,0,34,13,0,0,[0|0],1,1,1,1,1,0,1,0,0,0,0,1,1,0,0,0,0,0,0,0,0,0,0,0,0,-1,-1,-1,-1,-1,-1,-1,-1,1,0,0,1,0,0,0,0,0,0,0,1,0,2,0,1,0,600,20,1,0,0,0,0,1,1,0,-1,74,-1,248002,10001,357,0,0,0,0,0,0,0,0,0,0,0,0,0,0,0,0,0,[0|0],710550,[0|0|0|0|0|0|0|0],寄宿着灵魂的骨灰。\n能召唤５名大盾士兵的灵魂。\n\n过去调查永恒之城的坠鹰军团，\n其中的多位大盾士兵的灵魂。\n在军团中的定位是巩固防御。\n会牵制敌人，再从后方丢掷灵火等等，\n使用简单的团体战术。
248002,大盾士兵的骨灰＋２,1,0,[0|0|0],248002,-1,0,0,-1,0,-1,55102,-1,20000610,0,-1,0,467,0,-1,-1,-1,1,0,50,7,2,0,0,34,13,0,0,[0|0],1,1,1,1,1,0,1,0,0,0,0,1,1,0,0,0,0,0,0,0,0,0,0,0,0,-1,-1,-1,-1,-1,-1,-1,-1,1,0,0,1,0,0,0,0,0,0,0,1,0,2,0,1,0,600,20,1,0,0,0,0,1,1,0,-1,74,-1,248003,10002,459,0,0,0,0,0,0,0,0,0,0,0,0,0,0,0,0,0,[0|0],710550,[0|0|0|0|0|0|0|0],寄宿着灵魂的骨灰。\n能召唤５名大盾士兵的灵魂。\n\n过去调查永恒之城的坠鹰军团，\n其中的多位大盾士兵的灵魂。\n在军团中的定位是巩固防御。\n会牵制敌人，再从后方丢掷灵火等等，\n使用简单的团体战术。
248003,大盾士兵的骨灰＋３,1,0,[0|0|0],248003,-1,0,0,-1,0,-1,55103,-1,20000610,0,-1,0,467,0,-1,-1,-1,1,0,50,7,2,0,0,34,13,0,0,[0|0],1,1,1,1,1,0,1,0,0,0,0,1,1,0,0,0,0,0,0,0,0,0,0,0,0,-1,-1,-1,-1,-1,-1,-1,-1,1,0,0,1,0,0,0,0,0,0,0,1,0,2,0,1,0,600,20,1,0,0,0,0,1,1,0,-1,74,-1,248004,10003,561,0,0,0,0,0,0,0,0,0,0,0,0,0,0,0,0,0,[0|0],710550,[0|0|0|0|0|0|0|0],寄宿着灵魂的骨灰。\n能召唤５名大盾士兵的灵魂。\n\n过去调查永恒之城的坠鹰军团，\n其中的多位大盾士兵的灵魂。\n在军团中的定位是巩固防御。\n会牵制敌人，再从后方丢掷灵火等等，\n使用简单的团体战术。
248004,大盾士兵的骨灰＋４,1,0,[0|0|0],248004,-1,0,0,-1,0,-1,55104,-1,20000610,0,-1,0,467,0,-1,-1,-1,1,0,50,7,2,0,0,34,13,0,0,[0|0],1,1,1,1,1,0,1,0,0,0,0,1,1,0,0,0,0,0,0,0,0,0,0,0,0,-1,-1,-1,-1,-1,-1,-1,-1,1,0,0,1,0,0,0,0,0,0,0,1,0,2,0,1,0,600,20,1,0,0,0,0,1,1,0,-1,74,-1,248005,10004,663,0,0,0,0,0,0,0,0,0,0,0,0,0,0,0,0,0,[0|0],710550,[0|0|0|0|0|0|0|0],寄宿着灵魂的骨灰。\n能召唤５名大盾士兵的灵魂。\n\n过去调查永恒之城的坠鹰军团，\n其中的多位大盾士兵的灵魂。\n在军团中的定位是巩固防御。\n会牵制敌人，再从后方丢掷灵火等等，\n使用简单的团体战术。
248005,大盾士兵的骨灰＋５,1,0,[0|0|0],248005,-1,0,0,-1,0,-1,55105,-1,20000610,0,-1,0,467,0,-1,-1,-1,1,0,50,7,2,0,0,34,13,0,0,[0|0],1,1,1,1,1,0,1,0,0,0,0,1,1,0,0,0,0,0,0,0,0,0,0,0,0,-1,-1,-1,-1,-1,-1,-1,-1,1,0,0,1,0,0,0,0,0,0,0,1,0,2,0,1,0,600,20,1,0,0,0,0,1,1,0,-1,74,-1,248006,10005,765,0,0,0,0,0,0,0,0,0,0,0,0,0,0,0,0,0,[0|0],710550,[0|0|0|0|0|0|0|0],寄宿着灵魂的骨灰。\n能召唤５名大盾士兵的灵魂。\n\n过去调查永恒之城的坠鹰军团，\n其中的多位大盾士兵的灵魂。\n在军团中的定位是巩固防御。\n会牵制敌人，再从后方丢掷灵火等等，\n使用简单的团体战术。
248006,大盾士兵的骨灰＋６,1,0,[0|0|0],248006,-1,0,0,-1,0,-1,55106,-1,20000610,0,-1,0,467,0,-1,-1,-1,1,0,50,7,2,0,0,34,13,0,0,[0|0],1,1,1,1,1,0,1,0,0,0,0,1,1,0,0,0,0,0,0,0,0,0,0,0,0,-1,-1,-1,-1,-1,-1,-1,-1,1,0,0,1,0,0,0,0,0,0,0,1,0,2,0,1,0,600,20,1,0,0,0,0,1,1,0,-1,74,-1,248007,10006,867,0,0,0,0,0,0,0,0,0,0,0,0,0,0,0,0,0,[0|0],710550,[0|0|0|0|0|0|0|0],寄宿着灵魂的骨灰。\n能召唤５名大盾士兵的灵魂。\n\n过去调查永恒之城的坠鹰军团，\n其中的多位大盾士兵的灵魂。\n在军团中的定位是巩固防御。\n会牵制敌人，再从后方丢掷灵火等等，\n使用简单的团体战术。
248007,大盾士兵的骨灰＋７,1,0,[0|0|0],248007,-1,0,0,-1,0,-1,55107,-1,20000610,0,-1,0,467,0,-1,-1,-1,1,0,50,7,2,0,0,34,13,0,0,[0|0],1,1,1,1,1,0,1,0,0,0,0,1,1,0,0,0,0,0,0,0,0,0,0,0,0,-1,-1,-1,-1,-1,-1,-1,-1,1,0,0,1,0,0,0,0,0,0,0,1,0,2,0,1,0,600,20,1,0,0,0,0,1,1,0,-1,74,-1,248008,10007,969,0,0,0,0,0,0,0,0,0,0,0,0,0,0,0,0,0,[0|0],710550,[0|0|0|0|0|0|0|0],寄宿着灵魂的骨灰。\n能召唤５名大盾士兵的灵魂。\n\n过去调查永恒之城的坠鹰军团，\n其中的多位大盾士兵的灵魂。\n在军团中的定位是巩固防御。\n会牵制敌人，再从后方丢掷灵火等等，\n使用简单的团体战术。
248008,大盾士兵的骨灰＋８,1,0,[0|0|0],248008,-1,0,0,-1,0,-1,55108,-1,20000610,0,-1,0,467,0,-1,-1,-1,1,0,50,7,2,0,0,34,13,0,0,[0|0],1,1,1,1,1,0,1,0,0,0,0,1,1,0,0,0,0,0,0,0,0,0,0,0,0,-1,-1,-1,-1,-1,-1,-1,-1,1,0,0,1,0,0,0,0,0,0,0,1,0,2,0,1,0,600,20,1,0,0,0,0,1,1,0,-1,74,-1,248009,10008,1071,0,0,0,0,0,0,0,0,0,0,0,0,0,0,0,0,0,[0|0],710550,[0|0|0|0|0|0|0|0],寄宿着灵魂的骨灰。\n能召唤５名大盾士兵的灵魂。\n\n过去调查永恒之城的坠鹰军团，\n其中的多位大盾士兵的灵魂。\n在军团中的定位是巩固防御。\n会牵制敌人，再从后方丢掷灵火等等，\n使用简单的团体战术。
248009,大盾士兵的骨灰＋９,1,0,[0|0|0],248009,-1,0,0,-1,0,-1,55109,-1,20000610,0,-1,0,467,0,-1,-1,-1,1,0,50,7,2,0,0,34,13,0,0,[0|0],1,1,1,1,1,0,1,0,0,0,0,1,1,0,0,0,0,0,0,0,0,0,0,0,0,-1,-1,-1,-1,-1,-1,-1,-1,1,0,0,1,0,0,0,0,0,0,0,1,0,2,0,1,0,600,20,1,0,0,0,0,1,1,0,-1,74,-1,248010,10009,1275,0,0,0,0,0,0,0,0,0,0,0,0,0,0,0,0,0,[0|0],710550,[0|0|0|0|0|0|0|0],寄宿着灵魂的骨灰。\n能召唤５名大盾士兵的灵魂。\n\n过去调查永恒之城的坠鹰军团，\n其中的多位大盾士兵的灵魂。\n在军团中的定位是巩固防御。\n会牵制敌人，再从后方丢掷灵火等等，\n使用简单的团体战术。
248010,大盾士兵的骨灰＋１０,1,0,[0|0|0],248010,-1,0,0,-1,0,-1,55110,-1,20000610,0,-1,0,467,0,-1,-1,-1,1,0,50,7,2,0,0,34,13,0,0,[0|0],1,1,1,1,1,0,1,0,0,0,0,1,1,0,0,0,0,0,0,0,0,0,0,0,0,-1,-1,-1,-1,-1,-1,-1,-1,1,0,0,1,0,0,0,0,0,0,0,1,0,2,0,1,0,600,20,1,0,0,0,0,1,1,0,-1,74,-1,-1,-1,0,0,0,0,0,0,0,0,0,0,0,0,0,0,0,0,0,0,[0|0],710550,[0|0|0|0|0|0|0|0],寄宿着灵魂的骨灰。\n能召唤５名大盾士兵的灵魂。\n\n过去调查永恒之城的坠鹰军团，\n其中的多位大盾士兵的灵魂。\n在军团中的定位是巩固防御。\n会牵制敌人，再从后方丢掷灵火等等，\n使用简单的团体战术。
249000,操弓士兵的骨灰,1,0,[0|0|0],249000,-1,0,0,-1,0,-1,55000,-1,20000610,0,-1,0,468,0,-1,-1,-1,1,0,50,7,2,0,0,34,13,0,0,[0|0],1,1,1,1,1,0,1,0,0,0,0,1,1,0,0,0,0,0,0,0,0,0,0,0,0,-1,-1,-1,-1,-1,-1,-1,-1,1,0,0,1,0,0,0,0,0,0,0,1,0,2,0,1,0,600,20,1,0,0,0,0,1,1,0,-1,57,-1,249001,10000,235,0,0,0,0,0,0,0,0,0,0,0,0,0,0,0,0,0,[0|0],710550,[0|0|0|0|0|0|0|0],寄宿着灵魂的骨灰。\n能召唤３名操弓士兵的灵魂。\n\n过去调查永恒之城的坠鹰军团，\n其中的多位操弓士兵的灵魂。\n能射出寒冷的灵火箭。\n会发出信号，再一同射出箭等等，\n使用简单的团体战术。
249001,操弓士兵的骨灰＋１,1,0,[0|0|0],249001,-1,0,0,-1,0,-1,55001,-1,20000610,0,-1,0,468,0,-1,-1,-1,1,0,50,7,2,0,0,34,13,0,0,[0|0],1,1,1,1,1,0,1,0,0,0,0,1,1,0,0,0,0,0,0,0,0,0,0,0,0,-1,-1,-1,-1,-1,-1,-1,-1,1,0,0,1,0,0,0,0,0,0,0,1,0,2,0,1,0,600,20,1,0,0,0,0,1,1,0,-1,57,-1,249002,10001,329,0,0,0,0,0,0,0,0,0,0,0,0,0,0,0,0,0,[0|0],710550,[0|0|0|0|0|0|0|0],寄宿着灵魂的骨灰。\n能召唤３名操弓士兵的灵魂。\n\n过去调查永恒之城的坠鹰军团，\n其中的多位操弓士兵的灵魂。\n能射出寒冷的灵火箭。\n会发出信号，再一同射出箭等等，\n使用简单的团体战术。
249002,操弓士兵的骨灰＋２,1,0,[0|0|0],249002,-1,0,0,-1,0,-1,55002,-1,20000610,0,-1,0,468,0,-1,-1,-1,1,0,50,7,2,0,0,34,13,0,0,[0|0],1,1,1,1,1,0,1,0,0,0,0,1,1,0,0,0,0,0,0,0,0,0,0,0,0,-1,-1,-1,-1,-1,-1,-1,-1,1,0,0,1,0,0,0,0,0,0,0,1,0,2,0,1,0,600,20,1,0,0,0,0,1,1,0,-1,57,-1,249003,10002,423,0,0,0,0,0,0,0,0,0,0,0,0,0,0,0,0,0,[0|0],710550,[0|0|0|0|0|0|0|0],寄宿着灵魂的骨灰。\n能召唤３名操弓士兵的灵魂。\n\n过去调查永恒之城的坠鹰军团，\n其中的多位操弓士兵的灵魂。\n能射出寒冷的灵火箭。\n会发出信号，再一同射出箭等等，\n使用简单的团体战术。
249003,操弓士兵的骨灰＋３,1,0,[0|0|0],249003,-1,0,0,-1,0,-1,55003,-1,20000610,0,-1,0,468,0,-1,-1,-1,1,0,50,7,2,0,0,34,13,0,0,[0|0],1,1,1,1,1,0,1,0,0,0,0,1,1,0,0,0,0,0,0,0,0,0,0,0,0,-1,-1,-1,-1,-1,-1,-1,-1,1,0,0,1,0,0,0,0,0,0,0,1,0,2,0,1,0,600,20,1,0,0,0,0,1,1,0,-1,57,-1,249004,10003,517,0,0,0,0,0,0,0,0,0,0,0,0,0,0,0,0,0,[0|0],710550,[0|0|0|0|0|0|0|0],寄宿着灵魂的骨灰。\n能召唤３名操弓士兵的灵魂。\n\n过去调查永恒之城的坠鹰军团，\n其中的多位操弓士兵的灵魂。\n能射出寒冷的灵火箭。\n会发出信号，再一同射出箭等等，\n使用简单的团体战术。
249004,操弓士兵的骨灰＋４,1,0,[0|0|0],249004,-1,0,0,-1,0,-1,55004,-1,20000610,0,-1,0,468,0,-1,-1,-1,1,0,50,7,2,0,0,34,13,0,0,[0|0],1,1,1,1,1,0,1,0,0,0,0,1,1,0,0,0,0,0,0,0,0,0,0,0,0,-1,-1,-1,-1,-1,-1,-1,-1,1,0,0,1,0,0,0,0,0,0,0,1,0,2,0,1,0,600,20,1,0,0,0,0,1,1,0,-1,57,-1,249005,10004,611,0,0,0,0,0,0,0,0,0,0,0,0,0,0,0,0,0,[0|0],710550,[0|0|0|0|0|0|0|0],寄宿着灵魂的骨灰。\n能召唤３名操弓士兵的灵魂。\n\n过去调查永恒之城的坠鹰军团，\n其中的多位操弓士兵的灵魂。\n能射出寒冷的灵火箭。\n会发出信号，再一同射出箭等等，\n使用简单的团体战术。
249005,操弓士兵的骨灰＋５,1,0,[0|0|0],249005,-1,0,0,-1,0,-1,55005,-1,20000610,0,-1,0,468,0,-1,-1,-1,1,0,50,7,2,0,0,34,13,0,0,[0|0],1,1,1,1,1,0,1,0,0,0,0,1,1,0,0,0,0,0,0,0,0,0,0,0,0,-1,-1,-1,-1,-1,-1,-1,-1,1,0,0,1,0,0,0,0,0,0,0,1,0,2,0,1,0,600,20,1,0,0,0,0,1,1,0,-1,57,-1,249006,10005,705,0,0,0,0,0,0,0,0,0,0,0,0,0,0,0,0,0,[0|0],710550,[0|0|0|0|0|0|0|0],寄宿着灵魂的骨灰。\n能召唤３名操弓士兵的灵魂。\n\n过去调查永恒之城的坠鹰军团，\n其中的多位操弓士兵的灵魂。\n能射出寒冷的灵火箭。\n会发出信号，再一同射出箭等等，\n使用简单的团体战术。
249006,操弓士兵的骨灰＋６,1,0,[0|0|0],249006,-1,0,0,-1,0,-1,55006,-1,20000610,0,-1,0,468,0,-1,-1,-1,1,0,50,7,2,0,0,34,13,0,0,[0|0],1,1,1,1,1,0,1,0,0,0,0,1,1,0,0,0,0,0,0,0,0,0,0,0,0,-1,-1,-1,-1,-1,-1,-1,-1,1,0,0,1,0,0,0,0,0,0,0,1,0,2,0,1,0,600,20,1,0,0,0,0,1,1,0,-1,57,-1,249007,10006,799,0,0,0,0,0,0,0,0,0,0,0,0,0,0,0,0,0,[0|0],710550,[0|0|0|0|0|0|0|0],寄宿着灵魂的骨灰。\n能召唤３名操弓士兵的灵魂。\n\n过去调查永恒之城的坠鹰军团，\n其中的多位操弓士兵的灵魂。\n能射出寒冷的灵火箭。\n会发出信号，再一同射出箭等等，\n使用简单的团体战术。
249007,操弓士兵的骨灰＋７,1,0,[0|0|0],249007,-1,0,0,-1,0,-1,55007,-1,20000610,0,-1,0,468,0,-1,-1,-1,1,0,50,7,2,0,0,34,13,0,0,[0|0],1,1,1,1,1,0,1,0,0,0,0,1,1,0,0,0,0,0,0,0,0,0,0,0,0,-1,-1,-1,-1,-1,-1,-1,-1,1,0,0,1,0,0,0,0,0,0,0,1,0,2,0,1,0,600,20,1,0,0,0,0,1,1,0,-1,57,-1,249008,10007,893,0,0,0,0,0,0,0,0,0,0,0,0,0,0,0,0,0,[0|0],710550,[0|0|0|0|0|0|0|0],寄宿着灵魂的骨灰。\n能召唤３名操弓士兵的灵魂。\n\n过去调查永恒之城的坠鹰军团，\n其中的多位操弓士兵的灵魂。\n能射出寒冷的灵火箭。\n会发出信号，再一同射出箭等等，\n使用简单的团体战术。
249008,操弓士兵的骨灰＋８,1,0,[0|0|0],249008,-1,0,0,-1,0,-1,55008,-1,20000610,0,-1,0,468,0,-1,-1,-1,1,0,50,7,2,0,0,34,13,0,0,[0|0],1,1,1,1,1,0,1,0,0,0,0,1,1,0,0,0,0,0,0,0,0,0,0,0,0,-1,-1,-1,-1,-1,-1,-1,-1,1,0,0,1,0,0,0,0,0,0,0,1,0,2,0,1,0,600,20,1,0,0,0,0,1,1,0,-1,57,-1,249009,10008,987,0,0,0,0,0,0,0,0,0,0,0,0,0,0,0,0,0,[0|0],710550,[0|0|0|0|0|0|0|0],寄宿着灵魂的骨灰。\n能召唤３名操弓士兵的灵魂。\n\n过去调查永恒之城的坠鹰军团，\n其中的多位操弓士兵的灵魂。\n能射出寒冷的灵火箭。\n会发出信号，再一同射出箭等等，\n使用简单的团体战术。
249009,操弓士兵的骨灰＋９,1,0,[0|0|0],249009,-1,0,0,-1,0,-1,55009,-1,20000610,0,-1,0,468,0,-1,-1,-1,1,0,50,7,2,0,0,34,13,0,0,[0|0],1,1,1,1,1,0,1,0,0,0,0,1,1,0,0,0,0,0,0,0,0,0,0,0,0,-1,-1,-1,-1,-1,-1,-1,-1,1,0,0,1,0,0,0,0,0,0,0,1,0,2,0,1,0,600,20,1,0,0,0,0,1,1,0,-1,57,-1,249010,10009,1175,0,0,0,0,0,0,0,0,0,0,0,0,0,0,0,0,0,[0|0],710550,[0|0|0|0|0|0|0|0],寄宿着灵魂的骨灰。\n能召唤３名操弓士兵的灵魂。\n\n过去调查永恒之城的坠鹰军团，\n其中的多位操弓士兵的灵魂。\n能射出寒冷的灵火箭。\n会发出信号，再一同射出箭等等，\n使用简单的团体战术。
249010,操弓士兵的骨灰＋１０,1,0,[0|0|0],249010,-1,0,0,-1,0,-1,55010,-1,20000610,0,-1,0,468,0,-1,-1,-1,1,0,50,7,2,0,0,34,13,0,0,[0|0],1,1,1,1,1,0,1,0,0,0,0,1,1,0,0,0,0,0,0,0,0,0,0,0,0,-1,-1,-1,-1,-1,-1,-1,-1,1,0,0,1,0,0,0,0,0,0,0,1,0,2,0,1,0,600,20,1,0,0,0,0,1,1,0,-1,57,-1,-1,-1,0,0,0,0,0,0,0,0,0,0,0,0,0,0,0,0,0,0,[0|0],710550,[0|0|0|0|0|0|0|0],寄宿着灵魂的骨灰。\n能召唤３名操弓士兵的灵魂。\n\n过去调查永恒之城的坠鹰军团，\n其中的多位操弓士兵的灵魂。\n能射出寒冷的灵火箭。\n会发出信号，再一同射出箭等等，\n使用简单的团体战术。
250000,葛瑞克士兵的骨灰,1,0,[0|0|0],250000,-1,0,0,-1,0,-1,56600,-1,20000610,0,-1,0,457,0,-1,-1,-1,1,0,50,7,2,0,0,34,13,0,0,[0|0],1,1,1,1,1,0,1,0,0,0,0,1,1,0,0,0,0,0,0,0,0,0,0,0,0,-1,-1,-1,-1,-1,-1,-1,-1,1,0,0,1,0,0,0,0,0,0,0,1,0,2,0,1,0,600,20,1,0,0,0,0,1,1,0,-1,54,-1,250001,10000,600,0,0,0,0,0,0,0,0,0,0,0,0,0,0,0,0,0,[0|0],710550,[0|0|0|0|0|0|0|0],寄宿着灵魂的骨灰。\n能召唤２名葛瑞克士兵的灵魂。\n\n由两名士兵搭配的组合──\n一名手持蓄力攻击表现优秀的锤子，担任前锋；\n另一名手持弩，担任后卫。\n听命“接肢”葛瑞克的士兵们，\n是逃出黄金树王城的战败军。
250001,葛瑞克士兵的骨灰＋１,1,0,[0|0|0],250001,-1,0,0,-1,0,-1,56601,-1,20000610,0,-1,0,457,0,-1,-1,-1,1,0,50,7,2,0,0,34,13,0,0,[0|0],1,1,1,1,1,0,1,0,0,0,0,1,1,0,0,0,0,0,0,0,0,0,0,0,0,-1,-1,-1,-1,-1,-1,-1,-1,1,0,0,1,0,0,0,0,0,0,0,1,0,2,0,1,0,600,20,1,0,0,0,0,1,1,0,-1,54,-1,250002,10001,840,0,0,0,0,0,0,0,0,0,0,0,0,0,0,0,0,0,[0|0],710550,[0|0|0|0|0|0|0|0],寄宿着灵魂的骨灰。\n能召唤２名葛瑞克士兵的灵魂。\n\n由两名士兵搭配的组合──\n一名手持蓄力攻击表现优秀的锤子，担任前锋；\n另一名手持弩，担任后卫。\n听命“接肢”葛瑞克的士兵们，\n是逃出黄金树王城的战败军。
250002,葛瑞克士兵的骨灰＋２,1,0,[0|0|0],250002,-1,0,0,-1,0,-1,56602,-1,20000610,0,-1,0,457,0,-1,-1,-1,1,0,50,7,2,0,0,34,13,0,0,[0|0],1,1,1,1,1,0,1,0,0,0,0,1,1,0,0,0,0,0,0,0,0,0,0,0,0,-1,-1,-1,-1,-1,-1,-1,-1,1,0,0,1,0,0,0,0,0,0,0,1,0,2,0,1,0,600,20,1,0,0,0,0,1,1,0,-1,54,-1,250003,10002,1080,0,0,0,0,0,0,0,0,0,0,0,0,0,0,0,0,0,[0|0],710550,[0|0|0|0|0|0|0|0],寄宿着灵魂的骨灰。\n能召唤２名葛瑞克士兵的灵魂。\n\n由两名士兵搭配的组合──\n一名手持蓄力攻击表现优秀的锤子，担任前锋；\n另一名手持弩，担任后卫。\n听命“接肢”葛瑞克的士兵们，\n是逃出黄金树王城的战败军。
250003,葛瑞克士兵的骨灰＋３,1,0,[0|0|0],250003,-1,0,0,-1,0,-1,56603,-1,20000610,0,-1,0,457,0,-1,-1,-1,1,0,50,7,2,0,0,34,13,0,0,[0|0],1,1,1,1,1,0,1,0,0,0,0,1,1,0,0,0,0,0,0,0,0,0,0,0,0,-1,-1,-1,-1,-1,-1,-1,-1,1,0,0,1,0,0,0,0,0,0,0,1,0,2,0,1,0,600,20,1,0,0,0,0,1,1,0,-1,54,-1,250004,10003,1320,0,0,0,0,0,0,0,0,0,0,0,0,0,0,0,0,0,[0|0],710550,[0|0|0|0|0|0|0|0],寄宿着灵魂的骨灰。\n能召唤２名葛瑞克士兵的灵魂。\n\n由两名士兵搭配的组合──\n一名手持蓄力攻击表现优秀的锤子，担任前锋；\n另一名手持弩，担任后卫。\n听命“接肢”葛瑞克的士兵们，\n是逃出黄金树王城的战败军。
250004,葛瑞克士兵的骨灰＋４,1,0,[0|0|0],250004,-1,0,0,-1,0,-1,56604,-1,20000610,0,-1,0,457,0,-1,-1,-1,1,0,50,7,2,0,0,34,13,0,0,[0|0],1,1,1,1,1,0,1,0,0,0,0,1,1,0,0,0,0,0,0,0,0,0,0,0,0,-1,-1,-1,-1,-1,-1,-1,-1,1,0,0,1,0,0,0,0,0,0,0,1,0,2,0,1,0,600,20,1,0,0,0,0,1,1,0,-1,54,-1,250005,10004,1560,0,0,0,0,0,0,0,0,0,0,0,0,0,0,0,0,0,[0|0],710550,[0|0|0|0|0|0|0|0],寄宿着灵魂的骨灰。\n能召唤２名葛瑞克士兵的灵魂。\n\n由两名士兵搭配的组合──\n一名手持蓄力攻击表现优秀的锤子，担任前锋；\n另一名手持弩，担任后卫。\n听命“接肢”葛瑞克的士兵们，\n是逃出黄金树王城的战败军。
250005,葛瑞克士兵的骨灰＋５,1,0,[0|0|0],250005,-1,0,0,-1,0,-1,56605,-1,20000610,0,-1,0,457,0,-1,-1,-1,1,0,50,7,2,0,0,34,13,0,0,[0|0],1,1,1,1,1,0,1,0,0,0,0,1,1,0,0,0,0,0,0,0,0,0,0,0,0,-1,-1,-1,-1,-1,-1,-1,-1,1,0,0,1,0,0,0,0,0,0,0,1,0,2,0,1,0,600,20,1,0,0,0,0,1,1,0,-1,54,-1,250006,10005,1800,0,0,0,0,0,0,0,0,0,0,0,0,0,0,0,0,0,[0|0],710550,[0|0|0|0|0|0|0|0],寄宿着灵魂的骨灰。\n能召唤２名葛瑞克士兵的灵魂。\n\n由两名士兵搭配的组合──\n一名手持蓄力攻击表现优秀的锤子，担任前锋；\n另一名手持弩，担任后卫。\n听命“接肢”葛瑞克的士兵们，\n是逃出黄金树王城的战败军。
250006,葛瑞克士兵的骨灰＋６,1,0,[0|0|0],250006,-1,0,0,-1,0,-1,56606,-1,20000610,0,-1,0,457,0,-1,-1,-1,1,0,50,7,2,0,0,34,13,0,0,[0|0],1,1,1,1,1,0,1,0,0,0,0,1,1,0,0,0,0,0,0,0,0,0,0,0,0,-1,-1,-1,-1,-1,-1,-1,-1,1,0,0,1,0,0,0,0,0,0,0,1,0,2,0,1,0,600,20,1,0,0,0,0,1,1,0,-1,54,-1,250007,10006,2040,0,0,0,0,0,0,0,0,0,0,0,0,0,0,0,0,0,[0|0],710550,[0|0|0|0|0|0|0|0],寄宿着灵魂的骨灰。\n能召唤２名葛瑞克士兵的灵魂。\n\n由两名士兵搭配的组合──\n一名手持蓄力攻击表现优秀的锤子，担任前锋；\n另一名手持弩，担任后卫。\n听命“接肢”葛瑞克的士兵们，\n是逃出黄金树王城的战败军。
250007,葛瑞克士兵的骨灰＋７,1,0,[0|0|0],250007,-1,0,0,-1,0,-1,56607,-1,20000610,0,-1,0,457,0,-1,-1,-1,1,0,50,7,2,0,0,34,13,0,0,[0|0],1,1,1,1,1,0,1,0,0,0,0,1,1,0,0,0,0,0,0,0,0,0,0,0,0,-1,-1,-1,-1,-1,-1,-1,-1,1,0,0,1,0,0,0,0,0,0,0,1,0,2,0,1,0,600,20,1,0,0,0,0,1,1,0,-1,54,-1,250008,10007,2280,0,0,0,0,0,0,0,0,0,0,0,0,0,0,0,0,0,[0|0],710550,[0|0|0|0|0|0|0|0],寄宿着灵魂的骨灰。\n能召唤２名葛瑞克士兵的灵魂。\n\n由两名士兵搭配的组合──\n一名手持蓄力攻击表现优秀的锤子，担任前锋；\n另一名手持弩，担任后卫。\n听命“接肢”葛瑞克的士兵们，\n是逃出黄金树王城的战败军。
250008,葛瑞克士兵的骨灰＋８,1,0,[0|0|0],250008,-1,0,0,-1,0,-1,56608,-1,20000610,0,-1,0,457,0,-1,-1,-1,1,0,50,7,2,0,0,34,13,0,0,[0|0],1,1,1,1,1,0,1,0,0,0,0,1,1,0,0,0,0,0,0,0,0,0,0,0,0,-1,-1,-1,-1,-1,-1,-1,-1,1,0,0,1,0,0,0,0,0,0,0,1,0,2,0,1,0,600,20,1,0,0,0,0,1,1,0,-1,54,-1,250009,10008,2520,0,0,0,0,0,0,0,0,0,0,0,0,0,0,0,0,0,[0|0],710550,[0|0|0|0|0|0|0|0],寄宿着灵魂的骨灰。\n能召唤２名葛瑞克士兵的灵魂。\n\n由两名士兵搭配的组合──\n一名手持蓄力攻击表现优秀的锤子，担任前锋；\n另一名手持弩，担任后卫。\n听命“接肢”葛瑞克的士兵们，\n是逃出黄金树王城的战败军。
250009,葛瑞克士兵的骨灰＋９,1,0,[0|0|0],250009,-1,0,0,-1,0,-1,56609,-1,20000610,0,-1,0,457,0,-1,-1,-1,1,0,50,7,2,0,0,34,13,0,0,[0|0],1,1,1,1,1,0,1,0,0,0,0,1,1,0,0,0,0,0,0,0,0,0,0,0,0,-1,-1,-1,-1,-1,-1,-1,-1,1,0,0,1,0,0,0,0,0,0,0,1,0,2,0,1,0,600,20,1,0,0,0,0,1,1,0,-1,54,-1,250010,10009,3000,0,0,0,0,0,0,0,0,0,0,0,0,0,0,0,0,0,[0|0],710550,[0|0|0|0|0|0|0|0],寄宿着灵魂的骨灰。\n能召唤２名葛瑞克士兵的灵魂。\n\n由两名士兵搭配的组合──\n一名手持蓄力攻击表现优秀的锤子，担任前锋；\n另一名手持弩，担任后卫。\n听命“接肢”葛瑞克的士兵们，\n是逃出黄金树王城的战败军。
250010,葛瑞克士兵的骨灰＋１０,1,0,[0|0|0],250010,-1,0,0,-1,0,-1,56610,-1,20000610,0,-1,0,457,0,-1,-1,-1,1,0,50,7,2,0,0,34,13,0,0,[0|0],1,1,1,1,1,0,1,0,0,0,0,1,1,0,0,0,0,0,0,0,0,0,0,0,0,-1,-1,-1,-1,-1,-1,-1,-1,1,0,0,1,0,0,0,0,0,0,0,1,0,2,0,1,0,600,20,1,0,0,0,0,1,1,0,-1,54,-1,-1,-1,0,0,0,0,0,0,0,0,0,0,0,0,0,0,0,0,0,0,[0|0],710550,[0|0|0|0|0|0|0|0],寄宿着灵魂的骨灰。\n能召唤２名葛瑞克士兵的灵魂。\n\n由两名士兵搭配的组合──\n一名手持蓄力攻击表现优秀的锤子，担任前锋；\n另一名手持弩，担任后卫。\n听命“接肢”葛瑞克的士兵们，\n是逃出黄金树王城的战败军。
251000,雷亚卢卡利亚士兵的骨灰,1,0,[0|0|0],251000,-1,0,0,-1,0,-1,56700,-1,20000610,0,-1,0,458,0,-1,-1,-1,1,0,50,7,2,0,0,34,13,0,0,[0|0],1,1,1,1,1,0,1,0,0,0,0,1,1,0,0,0,0,0,0,0,0,0,0,0,0,-1,-1,-1,-1,-1,-1,-1,-1,1,0,0,1,0,0,0,0,0,0,0,1,0,2,0,1,0,600,20,1,0,0,0,0,1,1,0,-1,59,-1,251001,10000,635,0,0,0,0,0,0,0,0,0,0,0,0,0,0,0,0,0,[0|0],710550,[0|0|0|0|0|0|0|0],寄宿着灵魂的骨灰。\n能召唤３名雷亚卢卡利亚士兵的灵魂。\n\n由成为舍身弃子的两名小兵，以及士兵搭配的组合。\n以“杜鹃”之称闻名的雷亚卢卡利亚士兵，\n魔法学院允许他们介入战争，\n而他们也以恣意掠夺之举出名。
251001,雷亚卢卡利亚士兵的骨灰＋１,1,0,[0|0|0],251001,-1,0,0,-1,0,-1,56701,-1,20000610,0,-1,0,458,0,-1,-1,-1,1,0,50,7,2,0,0,34,13,0,0,[0|0],1,1,1,1,1,0,1,0,0,0,0,1,1,0,0,0,0,0,0,0,0,0,0,0,0,-1,-1,-1,-1,-1,-1,-1,-1,1,0,0,1,0,0,0,0,0,0,0,1,0,2,0,1,0,600,20,1,0,0,0,0,1,1,0,-1,59,-1,251002,10001,889,0,0,0,0,0,0,0,0,0,0,0,0,0,0,0,0,0,[0|0],710550,[0|0|0|0|0|0|0|0],寄宿着灵魂的骨灰。\n能召唤３名雷亚卢卡利亚士兵的灵魂。\n\n由成为舍身弃子的两名小兵，以及士兵搭配的组合。\n以“杜鹃”之称闻名的雷亚卢卡利亚士兵，\n魔法学院允许他们介入战争，\n而他们也以恣意掠夺之举出名。
251002,雷亚卢卡利亚士兵的骨灰＋２,1,0,[0|0|0],251002,-1,0,0,-1,0,-1,56702,-1,20000610,0,-1,0,458,0,-1,-1,-1,1,0,50,7,2,0,0,34,13,0,0,[0|0],1,1,1,1,1,0,1,0,0,0,0,1,1,0,0,0,0,0,0,0,0,0,0,0,0,-1,-1,-1,-1,-1,-1,-1,-1,1,0,0,1,0,0,0,0,0,0,0,1,0,2,0,1,0,600,20,1,0,0,0,0,1,1,0,-1,59,-1,251003,10002,1143,0,0,0,0,0,0,0,0,0,0,0,0,0,0,0,0,0,[0|0],710550,[0|0|0|0|0|0|0|0],寄宿着灵魂的骨灰。\n能召唤３名雷亚卢卡利亚士兵的灵魂。\n\n由成为舍身弃子的两名小兵，以及士兵搭配的组合。\n以“杜鹃”之称闻名的雷亚卢卡利亚士兵，\n魔法学院允许他们介入战争，\n而他们也以恣意掠夺之举出名。
251003,雷亚卢卡利亚士兵的骨灰＋３,1,0,[0|0|0],251003,-1,0,0,-1,0,-1,56703,-1,20000610,0,-1,0,458,0,-1,-1,-1,1,0,50,7,2,0,0,34,13,0,0,[0|0],1,1,1,1,1,0,1,0,0,0,0,1,1,0,0,0,0,0,0,0,0,0,0,0,0,-1,-1,-1,-1,-1,-1,-1,-1,1,0,0,1,0,0,0,0,0,0,0,1,0,2,0,1,0,600,20,1,0,0,0,0,1,1,0,-1,59,-1,251004,10003,1397,0,0,0,0,0,0,0,0,0,0,0,0,0,0,0,0,0,[0|0],710550,[0|0|0|0|0|0|0|0],寄宿着灵魂的骨灰。\n能召唤３名雷亚卢卡利亚士兵的灵魂。\n\n由成为舍身弃子的两名小兵，以及士兵搭配的组合。\n以“杜鹃”之称闻名的雷亚卢卡利亚士兵，\n魔法学院允许他们介入战争，\n而他们也以恣意掠夺之举出名。
251004,雷亚卢卡利亚士兵的骨灰＋４,1,0,[0|0|0],251004,-1,0,0,-1,0,-1,56704,-1,20000610,0,-1,0,458,0,-1,-1,-1,1,0,50,7,2,0,0,34,13,0,0,[0|0],1,1,1,1,1,0,1,0,0,0,0,1,1,0,0,0,0,0,0,0,0,0,0,0,0,-1,-1,-1,-1,-1,-1,-1,-1,1,0,0,1,0,0,0,0,0,0,0,1,0,2,0,1,0,600,20,1,0,0,0,0,1,1,0,-1,59,-1,251005,10004,1651,0,0,0,0,0,0,0,0,0,0,0,0,0,0,0,0,0,[0|0],710550,[0|0|0|0|0|0|0|0],寄宿着灵魂的骨灰。\n能召唤３名雷亚卢卡利亚士兵的灵魂。\n\n由成为舍身弃子的两名小兵，以及士兵搭配的组合。\n以“杜鹃”之称闻名的雷亚卢卡利亚士兵，\n魔法学院允许他们介入战争，\n而他们也以恣意掠夺之举出名。
251005,雷亚卢卡利亚士兵的骨灰＋５,1,0,[0|0|0],251005,-1,0,0,-1,0,-1,56705,-1,20000610,0,-1,0,458,0,-1,-1,-1,1,0,50,7,2,0,0,34,13,0,0,[0|0],1,1,1,1,1,0,1,0,0,0,0,1,1,0,0,0,0,0,0,0,0,0,0,0,0,-1,-1,-1,-1,-1,-1,-1,-1,1,0,0,1,0,0,0,0,0,0,0,1,0,2,0,1,0,600,20,1,0,0,0,0,1,1,0,-1,59,-1,251006,10005,1905,0,0,0,0,0,0,0,0,0,0,0,0,0,0,0,0,0,[0|0],710550,[0|0|0|0|0|0|0|0],寄宿着灵魂的骨灰。\n能召唤３名雷亚卢卡利亚士兵的灵魂。\n\n由成为舍身弃子的两名小兵，以及士兵搭配的组合。\n以“杜鹃”之称闻名的雷亚卢卡利亚士兵，\n魔法学院允许他们介入战争，\n而他们也以恣意掠夺之举出名。
251006,雷亚卢卡利亚士兵的骨灰＋６,1,0,[0|0|0],251006,-1,0,0,-1,0,-1,56706,-1,20000610,0,-1,0,458,0,-1,-1,-1,1,0,50,7,2,0,0,34,13,0,0,[0|0],1,1,1,1,1,0,1,0,0,0,0,1,1,0,0,0,0,0,0,0,0,0,0,0,0,-1,-1,-1,-1,-1,-1,-1,-1,1,0,0,1,0,0,0,0,0,0,0,1,0,2,0,1,0,600,20,1,0,0,0,0,1,1,0,-1,59,-1,251007,10006,2159,0,0,0,0,0,0,0,0,0,0,0,0,0,0,0,0,0,[0|0],710550,[0|0|0|0|0|0|0|0],寄宿着灵魂的骨灰。\n能召唤３名雷亚卢卡利亚士兵的灵魂。\n\n由成为舍身弃子的两名小兵，以及士兵搭配的组合。\n以“杜鹃”之称闻名的雷亚卢卡利亚士兵，\n魔法学院允许他们介入战争，\n而他们也以恣意掠夺之举出名。
251007,雷亚卢卡利亚士兵的骨灰＋７,1,0,[0|0|0],251007,-1,0,0,-1,0,-1,56707,-1,20000610,0,-1,0,458,0,-1,-1,-1,1,0,50,7,2,0,0,34,13,0,0,[0|0],1,1,1,1,1,0,1,0,0,0,0,1,1,0,0,0,0,0,0,0,0,0,0,0,0,-1,-1,-1,-1,-1,-1,-1,-1,1,0,0,1,0,0,0,0,0,0,0,1,0,2,0,1,0,600,20,1,0,0,0,0,1,1,0,-1,59,-1,251008,10007,2413,0,0,0,0,0,0,0,0,0,0,0,0,0,0,0,0,0,[0|0],710550,[0|0|0|0|0|0|0|0],寄宿着灵魂的骨灰。\n能召唤３名雷亚卢卡利亚士兵的灵魂。\n\n由成为舍身弃子的两名小兵，以及士兵搭配的组合。\n以“杜鹃”之称闻名的雷亚卢卡利亚士兵，\n魔法学院允许他们介入战争，\n而他们也以恣意掠夺之举出名。
251008,雷亚卢卡利亚士兵的骨灰＋８,1,0,[0|0|0],251008,-1,0,0,-1,0,-1,56708,-1,20000610,0,-1,0,458,0,-1,-1,-1,1,0,50,7,2,0,0,34,13,0,0,[0|0],1,1,1,1,1,0,1,0,0,0,0,1,1,0,0,0,0,0,0,0,0,0,0,0,0,-1,-1,-1,-1,-1,-1,-1,-1,1,0,0,1,0,0,0,0,0,0,0,1,0,2,0,1,0,600,20,1,0,0,0,0,1,1,0,-1,59,-1,251009,10008,2667,0,0,0,0,0,0,0,0,0,0,0,0,0,0,0,0,0,[0|0],710550,[0|0|0|0|0|0|0|0],寄宿着灵魂的骨灰。\n能召唤３名雷亚卢卡利亚士兵的灵魂。\n\n由成为舍身弃子的两名小兵，以及士兵搭配的组合。\n以“杜鹃”之称闻名的雷亚卢卡利亚士兵，\n魔法学院允许他们介入战争，\n而他们也以恣意掠夺之举出名。
251009,雷亚卢卡利亚士兵的骨灰＋９,1,0,[0|0|0],251009,-1,0,0,-1,0,-1,56709,-1,20000610,0,-1,0,458,0,-1,-1,-1,1,0,50,7,2,0,0,34,13,0,0,[0|0],1,1,1,1,1,0,1,0,0,0,0,1,1,0,0,0,0,0,0,0,0,0,0,0,0,-1,-1,-1,-1,-1,-1,-1,-1,1,0,0,1,0,0,0,0,0,0,0,1,0,2,0,1,0,600,20,1,0,0,0,0,1,1,0,-1,59,-1,251010,10009,3175,0,0,0,0,0,0,0,0,0,0,0,0,0,0,0,0,0,[0|0],710550,[0|0|0|0|0|0|0|0],寄宿着灵魂的骨灰。\n能召唤３名雷亚卢卡利亚士兵的灵魂。\n\n由成为舍身弃子的两名小兵，以及士兵搭配的组合。\n以“杜鹃”之称闻名的雷亚卢卡利亚士兵，\n魔法学院允许他们介入战争，\n而他们也以恣意掠夺之举出名。
251010,雷亚卢卡利亚士兵的骨灰＋１０,1,0,[0|0|0],251010,-1,0,0,-1,0,-1,56710,-1,20000610,0,-1,0,458,0,-1,-1,-1,1,0,50,7,2,0,0,34,13,0,0,[0|0],1,1,1,1,1,0,1,0,0,0,0,1,1,0,0,0,0,0,0,0,0,0,0,0,0,-1,-1,-1,-1,-1,-1,-1,-1,1,0,0,1,0,0,0,0,0,0,0,1,0,2,0,1,0,600,20,1,0,0,0,0,1,1,0,-1,59,-1,-1,-1,0,0,0,0,0,0,0,0,0,0,0,0,0,0,0,0,0,0,[0|0],710550,[0|0|0|0|0|0|0|0],寄宿着灵魂的骨灰。\n能召唤３名雷亚卢卡利亚士兵的灵魂。\n\n由成为舍身弃子的两名小兵，以及士兵搭配的组合。\n以“杜鹃”之称闻名的雷亚卢卡利亚士兵，\n魔法学院允许他们介入战争，\n而他们也以恣意掠夺之举出名。
252000,罗德尔士兵的骨灰,1,0,[0|0|0],252000,-1,0,0,-1,0,-1,56800,-1,20000610,0,-1,0,460,0,-1,-1,-1,1,0,50,7,2,0,0,34,13,0,0,[0|0],1,1,1,1,1,0,1,0,0,0,0,1,1,0,0,0,0,0,0,0,0,0,0,0,0,-1,-1,-1,-1,-1,-1,-1,-1,1,0,0,1,0,0,0,0,0,0,0,1,0,2,0,1,0,600,20,1,0,0,0,0,1,1,0,-1,64,-1,252001,10000,670,0,0,0,0,0,0,0,0,0,0,0,0,0,0,0,0,0,[0|0],710550,[0|0|0|0|0|0|0|0],寄宿着灵魂的骨灰。\n能召唤２名罗德尔士兵的灵魂。\n\n装备矛与大盾的两名士兵灵魂。\n罗德尔士兵的战法着重于防御，\n在破碎战争中，他们化身成王城的城墙。
252001,罗德尔士兵的骨灰＋１,1,0,[0|0|0],252001,-1,0,0,-1,0,-1,56801,-1,20000610,0,-1,0,460,0,-1,-1,-1,1,0,50,7,2,0,0,34,13,0,0,[0|0],1,1,1,1,1,0,1,0,0,0,0,1,1,0,0,0,0,0,0,0,0,0,0,0,0,-1,-1,-1,-1,-1,-1,-1,-1,1,0,0,1,0,0,0,0,0,0,0,1,0,2,0,1,0,600,20,1,0,0,0,0,1,1,0,-1,64,-1,252002,10001,938,0,0,0,0,0,0,0,0,0,0,0,0,0,0,0,0,0,[0|0],710550,[0|0|0|0|0|0|0|0],寄宿着灵魂的骨灰。\n能召唤２名罗德尔士兵的灵魂。\n\n装备矛与大盾的两名士兵灵魂。\n罗德尔士兵的战法着重于防御，\n在破碎战争中，他们化身成王城的城墙。
252002,罗德尔士兵的骨灰＋２,1,0,[0|0|0],252002,-1,0,0,-1,0,-1,56802,-1,20000610,0,-1,0,460,0,-1,-1,-1,1,0,50,7,2,0,0,34,13,0,0,[0|0],1,1,1,1,1,0,1,0,0,0,0,1,1,0,0,0,0,0,0,0,0,0,0,0,0,-1,-1,-1,-1,-1,-1,-1,-1,1,0,0,1,0,0,0,0,0,0,0,1,0,2,0,1,0,600,20,1,0,0,0,0,1,1,0,-1,64,-1,252003,10002,1206,0,0,0,0,0,0,0,0,0,0,0,0,0,0,0,0,0,[0|0],710550,[0|0|0|0|0|0|0|0],寄宿着灵魂的骨灰。\n能召唤２名罗德尔士兵的灵魂。\n\n装备矛与大盾的两名士兵灵魂。\n罗德尔士兵的战法着重于防御，\n在破碎战争中，他们化身成王城的城墙。
252003,罗德尔士兵的骨灰＋３,1,0,[0|0|0],252003,-1,0,0,-1,0,-1,56803,-1,20000610,0,-1,0,460,0,-1,-1,-1,1,0,50,7,2,0,0,34,13,0,0,[0|0],1,1,1,1,1,0,1,0,0,0,0,1,1,0,0,0,0,0,0,0,0,0,0,0,0,-1,-1,-1,-1,-1,-1,-1,-1,1,0,0,1,0,0,0,0,0,0,0,1,0,2,0,1,0,600,20,1,0,0,0,0,1,1,0,-1,64,-1,252004,10003,1474,0,0,0,0,0,0,0,0,0,0,0,0,0,0,0,0,0,[0|0],710550,[0|0|0|0|0|0|0|0],寄宿着灵魂的骨灰。\n能召唤２名罗德尔士兵的灵魂。\n\n装备矛与大盾的两名士兵灵魂。\n罗德尔士兵的战法着重于防御，\n在破碎战争中，他们化身成王城的城墙。
252004,罗德尔士兵的骨灰＋４,1,0,[0|0|0],252004,-1,0,0,-1,0,-1,56804,-1,20000610,0,-1,0,460,0,-1,-1,-1,1,0,50,7,2,0,0,34,13,0,0,[0|0],1,1,1,1,1,0,1,0,0,0,0,1,1,0,0,0,0,0,0,0,0,0,0,0,0,-1,-1,-1,-1,-1,-1,-1,-1,1,0,0,1,0,0,0,0,0,0,0,1,0,2,0,1,0,600,20,1,0,0,0,0,1,1,0,-1,64,-1,252005,10004,1742,0,0,0,0,0,0,0,0,0,0,0,0,0,0,0,0,0,[0|0],710550,[0|0|0|0|0|0|0|0],寄宿着灵魂的骨灰。\n能召唤２名罗德尔士兵的灵魂。\n\n装备矛与大盾的两名士兵灵魂。\n罗德尔士兵的战法着重于防御，\n在破碎战争中，他们化身成王城的城墙。
252005,罗德尔士兵的骨灰＋５,1,0,[0|0|0],252005,-1,0,0,-1,0,-1,56805,-1,20000610,0,-1,0,460,0,-1,-1,-1,1,0,50,7,2,0,0,34,13,0,0,[0|0],1,1,1,1,1,0,1,0,0,0,0,1,1,0,0,0,0,0,0,0,0,0,0,0,0,-1,-1,-1,-1,-1,-1,-1,-1,1,0,0,1,0,0,0,0,0,0,0,1,0,2,0,1,0,600,20,1,0,0,0,0,1,1,0,-1,64,-1,252006,10005,2010,0,0,0,0,0,0,0,0,0,0,0,0,0,0,0,0,0,[0|0],710550,[0|0|0|0|0|0|0|0],寄宿着灵魂的骨灰。\n能召唤２名罗德尔士兵的灵魂。\n\n装备矛与大盾的两名士兵灵魂。\n罗德尔士兵的战法着重于防御，\n在破碎战争中，他们化身成王城的城墙。
252006,罗德尔士兵的骨灰＋６,1,0,[0|0|0],252006,-1,0,0,-1,0,-1,56806,-1,20000610,0,-1,0,460,0,-1,-1,-1,1,0,50,7,2,0,0,34,13,0,0,[0|0],1,1,1,1,1,0,1,0,0,0,0,1,1,0,0,0,0,0,0,0,0,0,0,0,0,-1,-1,-1,-1,-1,-1,-1,-1,1,0,0,1,0,0,0,0,0,0,0,1,0,2,0,1,0,600,20,1,0,0,0,0,1,1,0,-1,64,-1,252007,10006,2278,0,0,0,0,0,0,0,0,0,0,0,0,0,0,0,0,0,[0|0],710550,[0|0|0|0|0|0|0|0],寄宿着灵魂的骨灰。\n能召唤２名罗德尔士兵的灵魂。\n\n装备矛与大盾的两名士兵灵魂。\n罗德尔士兵的战法着重于防御，\n在破碎战争中，他们化身成王城的城墙。
252007,罗德尔士兵的骨灰＋７,1,0,[0|0|0],252007,-1,0,0,-1,0,-1,56807,-1,20000610,0,-1,0,460,0,-1,-1,-1,1,0,50,7,2,0,0,34,13,0,0,[0|0],1,1,1,1,1,0,1,0,0,0,0,1,1,0,0,0,0,0,0,0,0,0,0,0,0,-1,-1,-1,-1,-1,-1,-1,-1,1,0,0,1,0,0,0,0,0,0,0,1,0,2,0,1,0,600,20,1,0,0,0,0,1,1,0,-1,64,-1,252008,10007,2546,0,0,0,0,0,0,0,0,0,0,0,0,0,0,0,0,0,[0|0],710550,[0|0|0|0|0|0|0|0],寄宿着灵魂的骨灰。\n能召唤２名罗德尔士兵的灵魂。\n\n装备矛与大盾的两名士兵灵魂。\n罗德尔士兵的战法着重于防御，\n在破碎战争中，他们化身成王城的城墙。
252008,罗德尔士兵的骨灰＋８,1,0,[0|0|0],252008,-1,0,0,-1,0,-1,56808,-1,20000610,0,-1,0,460,0,-1,-1,-1,1,0,50,7,2,0,0,34,13,0,0,[0|0],1,1,1,1,1,0,1,0,0,0,0,1,1,0,0,0,0,0,0,0,0,0,0,0,0,-1,-1,-1,-1,-1,-1,-1,-1,1,0,0,1,0,0,0,0,0,0,0,1,0,2,0,1,0,600,20,1,0,0,0,0,1,1,0,-1,64,-1,252009,10008,2814,0,0,0,0,0,0,0,0,0,0,0,0,0,0,0,0,0,[0|0],710550,[0|0|0|0|0|0|0|0],寄宿着灵魂的骨灰。\n能召唤２名罗德尔士兵的灵魂。\n\n装备矛与大盾的两名士兵灵魂。\n罗德尔士兵的战法着重于防御，\n在破碎战争中，他们化身成王城的城墙。
252009,罗德尔士兵的骨灰＋９,1,0,[0|0|0],252009,-1,0,0,-1,0,-1,56809,-1,20000610,0,-1,0,460,0,-1,-1,-1,1,0,50,7,2,0,0,34,13,0,0,[0|0],1,1,1,1,1,0,1,0,0,0,0,1,1,0,0,0,0,0,0,0,0,0,0,0,0,-1,-1,-1,-1,-1,-1,-1,-1,1,0,0,1,0,0,0,0,0,0,0,1,0,2,0,1,0,600,20,1,0,0,0,0,1,1,0,-1,64,-1,252010,10009,3350,0,0,0,0,0,0,0,0,0,0,0,0,0,0,0,0,0,[0|0],710550,[0|0|0|0|0|0|0|0],寄宿着灵魂的骨灰。\n能召唤２名罗德尔士兵的灵魂。\n\n装备矛与大盾的两名士兵灵魂。\n罗德尔士兵的战法着重于防御，\n在破碎战争中，他们化身成王城的城墙。
252010,罗德尔士兵的骨灰＋１０,1,0,[0|0|0],252010,-1,0,0,-1,0,-1,56810,-1,20000610,0,-1,0,460,0,-1,-1,-1,1,0,50,7,2,0,0,34,13,0,0,[0|0],1,1,1,1,1,0,1,0,0,0,0,1,1,0,0,0,0,0,0,0,0,0,0,0,0,-1,-1,-1,-1,-1,-1,-1,-1,1,0,0,1,0,0,0,0,0,0,0,1,0,2,0,1,0,600,20,1,0,0,0,0,1,1,0,-1,64,-1,-1,-1,0,0,0,0,0,0,0,0,0,0,0,0,0,0,0,0,0,0,[0|0],710550,[0|0|0|0|0|0|0|0],寄宿着灵魂的骨灰。\n能召唤２名罗德尔士兵的灵魂。\n\n装备矛与大盾的两名士兵灵魂。\n罗德尔士兵的战法着重于防御，\n在破碎战争中，他们化身成王城的城墙。
253000,拉塔恩士兵的骨灰,1,0,[0|0|0],253000,-1,0,0,-1,0,-1,56900,-1,20000610,0,-1,0,459,0,-1,-1,-1,1,0,50,7,2,0,0,34,13,0,0,[0|0],1,1,1,1,1,0,1,0,0,0,0,1,1,0,0,0,0,0,0,0,0,0,0,0,0,-1,-1,-1,-1,-1,-1,-1,-1,1,0,0,1,0,0,0,0,0,0,0,1,0,2,0,1,0,600,20,1,0,0,0,0,1,1,0,-1,71,-1,253001,10000,740,0,0,0,0,0,0,0,0,0,0,0,0,0,0,0,0,0,[0|0],710550,[0|0|0|0|0|0|0|0],寄宿着灵魂的骨灰。\n能召唤２名拉塔恩士兵的灵魂。\n\n擅长使用战技，挥舞火焰武器的两名士兵灵魂。\n骁勇善战，在召唤后会立刻投入战斗。\n\n跟随拉塔恩将军共赴战场的士兵，\n据说所有人皆是老练的战士。\n所以世人皆说，红狮子之中无懦夫。
253001,拉塔恩士兵的骨灰＋１,1,0,[0|0|0],253001,-1,0,0,-1,0,-1,56901,-1,20000610,0,-1,0,459,0,-1,-1,-1,1,0,50,7,2,0,0,34,13,0,0,[0|0],1,1,1,1,1,0,1,0,0,0,0,1,1,0,0,0,0,0,0,0,0,0,0,0,0,-1,-1,-1,-1,-1,-1,-1,-1,1,0,0,1,0,0,0,0,0,0,0,1,0,2,0,1,0,600,20,1,0,0,0,0,1,1,0,-1,71,-1,253002,10001,1036,0,0,0,0,0,0,0,0,0,0,0,0,0,0,0,0,0,[0|0],710550,[0|0|0|0|0|0|0|0],寄宿着灵魂的骨灰。\n能召唤２名拉塔恩士兵的灵魂。\n\n擅长使用战技，挥舞火焰武器的两名士兵灵魂。\n骁勇善战，在召唤后会立刻投入战斗。\n\n跟随拉塔恩将军共赴战场的士兵，\n据说所有人皆是老练的战士。\n所以世人皆说，红狮子之中无懦夫。
253002,拉塔恩士兵的骨灰＋２,1,0,[0|0|0],253002,-1,0,0,-1,0,-1,56902,-1,20000610,0,-1,0,459,0,-1,-1,-1,1,0,50,7,2,0,0,34,13,0,0,[0|0],1,1,1,1,1,0,1,0,0,0,0,1,1,0,0,0,0,0,0,0,0,0,0,0,0,-1,-1,-1,-1,-1,-1,-1,-1,1,0,0,1,0,0,0,0,0,0,0,1,0,2,0,1,0,600,20,1,0,0,0,0,1,1,0,-1,71,-1,253003,10002,1332,0,0,0,0,0,0,0,0,0,0,0,0,0,0,0,0,0,[0|0],710550,[0|0|0|0|0|0|0|0],寄宿着灵魂的骨灰。\n能召唤２名拉塔恩士兵的灵魂。\n\n擅长使用战技，挥舞火焰武器的两名士兵灵魂。\n骁勇善战，在召唤后会立刻投入战斗。\n\n跟随拉塔恩将军共赴战场的士兵，\n据说所有人皆是老练的战士。\n所以世人皆说，红狮子之中无懦夫。
253003,拉塔恩士兵的骨灰＋３,1,0,[0|0|0],253003,-1,0,0,-1,0,-1,56903,-1,20000610,0,-1,0,459,0,-1,-1,-1,1,0,50,7,2,0,0,34,13,0,0,[0|0],1,1,1,1,1,0,1,0,0,0,0,1,1,0,0,0,0,0,0,0,0,0,0,0,0,-1,-1,-1,-1,-1,-1,-1,-1,1,0,0,1,0,0,0,0,0,0,0,1,0,2,0,1,0,600,20,1,0,0,0,0,1,1,0,-1,71,-1,253004,10003,1628,0,0,0,0,0,0,0,0,0,0,0,0,0,0,0,0,0,[0|0],710550,[0|0|0|0|0|0|0|0],寄宿着灵魂的骨灰。\n能召唤２名拉塔恩士兵的灵魂。\n\n擅长使用战技，挥舞火焰武器的两名士兵灵魂。\n骁勇善战，在召唤后会立刻投入战斗。\n\n跟随拉塔恩将军共赴战场的士兵，\n据说所有人皆是老练的战士。\n所以世人皆说，红狮子之中无懦夫。
253004,拉塔恩士兵的骨灰＋４,1,0,[0|0|0],253004,-1,0,0,-1,0,-1,56904,-1,20000610,0,-1,0,459,0,-1,-1,-1,1,0,50,7,2,0,0,34,13,0,0,[0|0],1,1,1,1,1,0,1,0,0,0,0,1,1,0,0,0,0,0,0,0,0,0,0,0,0,-1,-1,-1,-1,-1,-1,-1,-1,1,0,0,1,0,0,0,0,0,0,0,1,0,2,0,1,0,600,20,1,0,0,0,0,1,1,0,-1,71,-1,253005,10004,1924,0,0,0,0,0,0,0,0,0,0,0,0,0,0,0,0,0,[0|0],710550,[0|0|0|0|0|0|0|0],寄宿着灵魂的骨灰。\n能召唤２名拉塔恩士兵的灵魂。\n\n擅长使用战技，挥舞火焰武器的两名士兵灵魂。\n骁勇善战，在召唤后会立刻投入战斗。\n\n跟随拉塔恩将军共赴战场的士兵，\n据说所有人皆是老练的战士。\n所以世人皆说，红狮子之中无懦夫。
253005,拉塔恩士兵的骨灰＋５,1,0,[0|0|0],253005,-1,0,0,-1,0,-1,56905,-1,20000610,0,-1,0,459,0,-1,-1,-1,1,0,50,7,2,0,0,34,13,0,0,[0|0],1,1,1,1,1,0,1,0,0,0,0,1,1,0,0,0,0,0,0,0,0,0,0,0,0,-1,-1,-1,-1,-1,-1,-1,-1,1,0,0,1,0,0,0,0,0,0,0,1,0,2,0,1,0,600,20,1,0,0,0,0,1,1,0,-1,71,-1,253006,10005,2220,0,0,0,0,0,0,0,0,0,0,0,0,0,0,0,0,0,[0|0],710550,[0|0|0|0|0|0|0|0],寄宿着灵魂的骨灰。\n能召唤２名拉塔恩士兵的灵魂。\n\n擅长使用战技，挥舞火焰武器的两名士兵灵魂。\n骁勇善战，在召唤后会立刻投入战斗。\n\n跟随拉塔恩将军共赴战场的士兵，\n据说所有人皆是老练的战士。\n所以世人皆说，红狮子之中无懦夫。
253006,拉塔恩士兵的骨灰＋６,1,0,[0|0|0],253006,-1,0,0,-1,0,-1,56906,-1,20000610,0,-1,0,459,0,-1,-1,-1,1,0,50,7,2,0,0,34,13,0,0,[0|0],1,1,1,1,1,0,1,0,0,0,0,1,1,0,0,0,0,0,0,0,0,0,0,0,0,-1,-1,-1,-1,-1,-1,-1,-1,1,0,0,1,0,0,0,0,0,0,0,1,0,2,0,1,0,600,20,1,0,0,0,0,1,1,0,-1,71,-1,253007,10006,2516,0,0,0,0,0,0,0,0,0,0,0,0,0,0,0,0,0,[0|0],710550,[0|0|0|0|0|0|0|0],寄宿着灵魂的骨灰。\n能召唤２名拉塔恩士兵的灵魂。\n\n擅长使用战技，挥舞火焰武器的两名士兵灵魂。\n骁勇善战，在召唤后会立刻投入战斗。\n\n跟随拉塔恩将军共赴战场的士兵，\n据说所有人皆是老练的战士。\n所以世人皆说，红狮子之中无懦夫。
253007,拉塔恩士兵的骨灰＋７,1,0,[0|0|0],253007,-1,0,0,-1,0,-1,56907,-1,20000610,0,-1,0,459,0,-1,-1,-1,1,0,50,7,2,0,0,34,13,0,0,[0|0],1,1,1,1,1,0,1,0,0,0,0,1,1,0,0,0,0,0,0,0,0,0,0,0,0,-1,-1,-1,-1,-1,-1,-1,-1,1,0,0,1,0,0,0,0,0,0,0,1,0,2,0,1,0,600,20,1,0,0,0,0,1,1,0,-1,71,-1,253008,10007,2812,0,0,0,0,0,0,0,0,0,0,0,0,0,0,0,0,0,[0|0],710550,[0|0|0|0|0|0|0|0],寄宿着灵魂的骨灰。\n能召唤２名拉塔恩士兵的灵魂。\n\n擅长使用战技，挥舞火焰武器的两名士兵灵魂。\n骁勇善战，在召唤后会立刻投入战斗。\n\n跟随拉塔恩将军共赴战场的士兵，\n据说所有人皆是老练的战士。\n所以世人皆说，红狮子之中无懦夫。
253008,拉塔恩士兵的骨灰＋８,1,0,[0|0|0],253008,-1,0,0,-1,0,-1,56908,-1,20000610,0,-1,0,459,0,-1,-1,-1,1,0,50,7,2,0,0,34,13,0,0,[0|0],1,1,1,1,1,0,1,0,0,0,0,1,1,0,0,0,0,0,0,0,0,0,0,0,0,-1,-1,-1,-1,-1,-1,-1,-1,1,0,0,1,0,0,0,0,0,0,0,1,0,2,0,1,0,600,20,1,0,0,0,0,1,1,0,-1,71,-1,253009,10008,3108,0,0,0,0,0,0,0,0,0,0,0,0,0,0,0,0,0,[0|0],710550,[0|0|0|0|0|0|0|0],寄宿着灵魂的骨灰。\n能召唤２名拉塔恩士兵的灵魂。\n\n擅长使用战技，挥舞火焰武器的两名士兵灵魂。\n骁勇善战，在召唤后会立刻投入战斗。\n\n跟随拉塔恩将军共赴战场的士兵，\n据说所有人皆是老练的战士。\n所以世人皆说，红狮子之中无懦夫。
253009,拉塔恩士兵的骨灰＋９,1,0,[0|0|0],253009,-1,0,0,-1,0,-1,56909,-1,20000610,0,-1,0,459,0,-1,-1,-1,1,0,50,7,2,0,0,34,13,0,0,[0|0],1,1,1,1,1,0,1,0,0,0,0,1,1,0,0,0,0,0,0,0,0,0,0,0,0,-1,-1,-1,-1,-1,-1,-1,-1,1,0,0,1,0,0,0,0,0,0,0,1,0,2,0,1,0,600,20,1,0,0,0,0,1,1,0,-1,71,-1,253010,10009,3700,0,0,0,0,0,0,0,0,0,0,0,0,0,0,0,0,0,[0|0],710550,[0|0|0|0|0|0|0|0],寄宿着灵魂的骨灰。\n能召唤２名拉塔恩士兵的灵魂。\n\n擅长使用战技，挥舞火焰武器的两名士兵灵魂。\n骁勇善战，在召唤后会立刻投入战斗。\n\n跟随拉塔恩将军共赴战场的士兵，\n据说所有人皆是老练的战士。\n所以世人皆说，红狮子之中无懦夫。
253010,拉塔恩士兵的骨灰＋１０,1,0,[0|0|0],253010,-1,0,0,-1,0,-1,56910,-1,20000610,0,-1,0,459,0,-1,-1,-1,1,0,50,7,2,0,0,34,13,0,0,[0|0],1,1,1,1,1,0,1,0,0,0,0,1,1,0,0,0,0,0,0,0,0,0,0,0,0,-1,-1,-1,-1,-1,-1,-1,-1,1,0,0,1,0,0,0,0,0,0,0,1,0,2,0,1,0,600,20,1,0,0,0,0,1,1,0,-1,71,-1,-1,-1,0,0,0,0,0,0,0,0,0,0,0,0,0,0,0,0,0,0,[0|0],710550,[0|0|0|0|0|0|0|0],寄宿着灵魂的骨灰。\n能召唤２名拉塔恩士兵的灵魂。\n\n擅长使用战技，挥舞火焰武器的两名士兵灵魂。\n骁勇善战，在召唤后会立刻投入战斗。\n\n跟随拉塔恩将军共赴战场的士兵，\n据说所有人皆是老练的战士。\n所以世人皆说，红狮子之中无懦夫。
254000,灵庙士兵的骨灰,1,0,[0|0|0],254000,-1,0,0,-1,0,-1,57100,-1,20000610,0,-1,0,461,0,-1,-1,-1,1,0,50,7,2,0,0,34,13,0,0,[0|0],1,1,1,1,1,0,1,0,0,0,0,1,1,0,0,0,0,0,0,0,0,0,0,0,0,-1,-1,-1,-1,-1,-1,-1,-1,1,0,0,1,0,0,0,0,0,0,0,1,0,2,0,1,0,600,20,1,0,0,0,0,1,1,0,-1,75,-1,254001,10000,785,0,0,0,0,0,0,0,0,0,0,0,0,0,0,0,0,0,[0|0],710550,[0|0|0|0|0|0|0|0],寄宿着灵魂的骨灰。\n能召唤５名灵庙士兵的灵魂。\n\n没有头部的五名士兵的灵魂。\n能忽地消失身影，再出现，扰乱敌人。\n所谓的灵庙，是无魂半神的停尸地。\n士兵们是亲自斩断头颅，追随主君赴死。
254001,灵庙士兵的骨灰＋１,1,0,[0|0|0],254001,-1,0,0,-1,0,-1,57101,-1,20000610,0,-1,0,461,0,-1,-1,-1,1,0,50,7,2,0,0,34,13,0,0,[0|0],1,1,1,1,1,0,1,0,0,0,0,1,1,0,0,0,0,0,0,0,0,0,0,0,0,-1,-1,-1,-1,-1,-1,-1,-1,1,0,0,1,0,0,0,0,0,0,0,1,0,2,0,1,0,600,20,1,0,0,0,0,1,1,0,-1,75,-1,254002,10001,1099,0,0,0,0,0,0,0,0,0,0,0,0,0,0,0,0,0,[0|0],710550,[0|0|0|0|0|0|0|0],寄宿着灵魂的骨灰。\n能召唤５名灵庙士兵的灵魂。\n\n没有头部的五名士兵的灵魂。\n能忽地消失身影，再出现，扰乱敌人。\n所谓的灵庙，是无魂半神的停尸地。\n士兵们是亲自斩断头颅，追随主君赴死。
254002,灵庙士兵的骨灰＋２,1,0,[0|0|0],254002,-1,0,0,-1,0,-1,57102,-1,20000610,0,-1,0,461,0,-1,-1,-1,1,0,50,7,2,0,0,34,13,0,0,[0|0],1,1,1,1,1,0,1,0,0,0,0,1,1,0,0,0,0,0,0,0,0,0,0,0,0,-1,-1,-1,-1,-1,-1,-1,-1,1,0,0,1,0,0,0,0,0,0,0,1,0,2,0,1,0,600,20,1,0,0,0,0,1,1,0,-1,75,-1,254003,10002,1413,0,0,0,0,0,0,0,0,0,0,0,0,0,0,0,0,0,[0|0],710550,[0|0|0|0|0|0|0|0],寄宿着灵魂的骨灰。\n能召唤５名灵庙士兵的灵魂。\n\n没有头部的五名士兵的灵魂。\n能忽地消失身影，再出现，扰乱敌人。\n所谓的灵庙，是无魂半神的停尸地。\n士兵们是亲自斩断头颅，追随主君赴死。
254003,灵庙士兵的骨灰＋３,1,0,[0|0|0],254003,-1,0,0,-1,0,-1,57103,-1,20000610,0,-1,0,461,0,-1,-1,-1,1,0,50,7,2,0,0,34,13,0,0,[0|0],1,1,1,1,1,0,1,0,0,0,0,1,1,0,0,0,0,0,0,0,0,0,0,0,0,-1,-1,-1,-1,-1,-1,-1,-1,1,0,0,1,0,0,0,0,0,0,0,1,0,2,0,1,0,600,20,1,0,0,0,0,1,1,0,-1,75,-1,254004,10003,1727,0,0,0,0,0,0,0,0,0,0,0,0,0,0,0,0,0,[0|0],710550,[0|0|0|0|0|0|0|0],寄宿着灵魂的骨灰。\n能召唤５名灵庙士兵的灵魂。\n\n没有头部的五名士兵的灵魂。\n能忽地消失身影，再出现，扰乱敌人。\n所谓的灵庙，是无魂半神的停尸地。\n士兵们是亲自斩断头颅，追随主君赴死。
254004,灵庙士兵的骨灰＋４,1,0,[0|0|0],254004,-1,0,0,-1,0,-1,57104,-1,20000610,0,-1,0,461,0,-1,-1,-1,1,0,50,7,2,0,0,34,13,0,0,[0|0],1,1,1,1,1,0,1,0,0,0,0,1,1,0,0,0,0,0,0,0,0,0,0,0,0,-1,-1,-1,-1,-1,-1,-1,-1,1,0,0,1,0,0,0,0,0,0,0,1,0,2,0,1,0,600,20,1,0,0,0,0,1,1,0,-1,75,-1,254005,10004,2041,0,0,0,0,0,0,0,0,0,0,0,0,0,0,0,0,0,[0|0],710550,[0|0|0|0|0|0|0|0],寄宿着灵魂的骨灰。\n能召唤５名灵庙士兵的灵魂。\n\n没有头部的五名士兵的灵魂。\n能忽地消失身影，再出现，扰乱敌人。\n所谓的灵庙，是无魂半神的停尸地。\n士兵们是亲自斩断头颅，追随主君赴死。
254005,灵庙士兵的骨灰＋５,1,0,[0|0|0],254005,-1,0,0,-1,0,-1,57105,-1,20000610,0,-1,0,461,0,-1,-1,-1,1,0,50,7,2,0,0,34,13,0,0,[0|0],1,1,1,1,1,0,1,0,0,0,0,1,1,0,0,0,0,0,0,0,0,0,0,0,0,-1,-1,-1,-1,-1,-1,-1,-1,1,0,0,1,0,0,0,0,0,0,0,1,0,2,0,1,0,600,20,1,0,0,0,0,1,1,0,-1,75,-1,254006,10005,2355,0,0,0,0,0,0,0,0,0,0,0,0,0,0,0,0,0,[0|0],710550,[0|0|0|0|0|0|0|0],寄宿着灵魂的骨灰。\n能召唤５名灵庙士兵的灵魂。\n\n没有头部的五名士兵的灵魂。\n能忽地消失身影，再出现，扰乱敌人。\n所谓的灵庙，是无魂半神的停尸地。\n士兵们是亲自斩断头颅，追随主君赴死。
254006,灵庙士兵的骨灰＋６,1,0,[0|0|0],254006,-1,0,0,-1,0,-1,57106,-1,20000610,0,-1,0,461,0,-1,-1,-1,1,0,50,7,2,0,0,34,13,0,0,[0|0],1,1,1,1,1,0,1,0,0,0,0,1,1,0,0,0,0,0,0,0,0,0,0,0,0,-1,-1,-1,-1,-1,-1,-1,-1,1,0,0,1,0,0,0,0,0,0,0,1,0,2,0,1,0,600,20,1,0,0,0,0,1,1,0,-1,75,-1,254007,10006,2669,0,0,0,0,0,0,0,0,0,0,0,0,0,0,0,0,0,[0|0],710550,[0|0|0|0|0|0|0|0],寄宿着灵魂的骨灰。\n能召唤５名灵庙士兵的灵魂。\n\n没有头部的五名士兵的灵魂。\n能忽地消失身影，再出现，扰乱敌人。\n所谓的灵庙，是无魂半神的停尸地。\n士兵们是亲自斩断头颅，追随主君赴死。
254007,灵庙士兵的骨灰＋７,1,0,[0|0|0],254007,-1,0,0,-1,0,-1,57107,-1,20000610,0,-1,0,461,0,-1,-1,-1,1,0,50,7,2,0,0,34,13,0,0,[0|0],1,1,1,1,1,0,1,0,0,0,0,1,1,0,0,0,0,0,0,0,0,0,0,0,0,-1,-1,-1,-1,-1,-1,-1,-1,1,0,0,1,0,0,0,0,0,0,0,1,0,2,0,1,0,600,20,1,0,0,0,0,1,1,0,-1,75,-1,254008,10007,2983,0,0,0,0,0,0,0,0,0,0,0,0,0,0,0,0,0,[0|0],710550,[0|0|0|0|0|0|0|0],寄宿着灵魂的骨灰。\n能召唤５名灵庙士兵的灵魂。\n\n没有头部的五名士兵的灵魂。\n能忽地消失身影，再出现，扰乱敌人。\n所谓的灵庙，是无魂半神的停尸地。\n士兵们是亲自斩断头颅，追随主君赴死。
254008,灵庙士兵的骨灰＋８,1,0,[0|0|0],254008,-1,0,0,-1,0,-1,57108,-1,20000610,0,-1,0,461,0,-1,-1,-1,1,0,50,7,2,0,0,34,13,0,0,[0|0],1,1,1,1,1,0,1,0,0,0,0,1,1,0,0,0,0,0,0,0,0,0,0,0,0,-1,-1,-1,-1,-1,-1,-1,-1,1,0,0,1,0,0,0,0,0,0,0,1,0,2,0,1,0,600,20,1,0,0,0,0,1,1,0,-1,75,-1,254009,10008,3297,0,0,0,0,0,0,0,0,0,0,0,0,0,0,0,0,0,[0|0],710550,[0|0|0|0|0|0|0|0],寄宿着灵魂的骨灰。\n能召唤５名灵庙士兵的灵魂。\n\n没有头部的五名士兵的灵魂。\n能忽地消失身影，再出现，扰乱敌人。\n所谓的灵庙，是无魂半神的停尸地。\n士兵们是亲自斩断头颅，追随主君赴死。
254009,灵庙士兵的骨灰＋９,1,0,[0|0|0],254009,-1,0,0,-1,0,-1,57109,-1,20000610,0,-1,0,461,0,-1,-1,-1,1,0,50,7,2,0,0,34,13,0,0,[0|0],1,1,1,1,1,0,1,0,0,0,0,1,1,0,0,0,0,0,0,0,0,0,0,0,0,-1,-1,-1,-1,-1,-1,-1,-1,1,0,0,1,0,0,0,0,0,0,0,1,0,2,0,1,0,600,20,1,0,0,0,0,1,1,0,-1,75,-1,254010,10009,3925,0,0,0,0,0,0,0,0,0,0,0,0,0,0,0,0,0,[0|0],710550,[0|0|0|0|0|0|0|0],寄宿着灵魂的骨灰。\n能召唤５名灵庙士兵的灵魂。\n\n没有头部的五名士兵的灵魂。\n能忽地消失身影，再出现，扰乱敌人。\n所谓的灵庙，是无魂半神的停尸地。\n士兵们是亲自斩断头颅，追随主君赴死。
254010,灵庙士兵的骨灰＋１０,1,0,[0|0|0],254010,-1,0,0,-1,0,-1,57110,-1,20000610,0,-1,0,461,0,-1,-1,-1,1,0,50,7,2,0,0,34,13,0,0,[0|0],1,1,1,1,1,0,1,0,0,0,0,1,1,0,0,0,0,0,0,0,0,0,0,0,0,-1,-1,-1,-1,-1,-1,-1,-1,1,0,0,1,0,0,0,0,0,0,0,1,0,2,0,1,0,600,20,1,0,0,0,0,1,1,0,-1,75,-1,-1,-1,0,0,0,0,0,0,0,0,0,0,0,0,0,0,0,0,0,0,[0|0],710550,[0|0|0|0|0|0|0|0],寄宿着灵魂的骨灰。\n能召唤５名灵庙士兵的灵魂。\n\n没有头部的五名士兵的灵魂。\n能忽地消失身影，再出现，扰乱敌人。\n所谓的灵庙，是无魂半神的停尸地。\n士兵们是亲自斩断头颅，追随主君赴死。
255000,圣树士兵的骨灰,1,0,[0|0|0],255000,-1,0,0,-1,0,-1,57000,-1,20000610,0,-1,0,469,0,-1,-1,-1,1,0,50,7,2,0,0,34,13,0,0,[0|0],1,1,1,1,1,0,1,0,0,0,0,1,1,0,0,0,0,0,0,0,0,0,0,0,0,-1,-1,-1,-1,-1,-1,-1,-1,1,0,0,1,0,0,0,0,0,0,0,1,0,2,0,1,0,600,20,1,0,0,0,0,1,1,0,-1,66,-1,255001,10000,700,0,0,0,0,0,0,0,0,0,0,0,0,0,0,0,0,0,[0|0],710550,[0|0|0|0|0|0|0|0],寄宿着灵魂的骨灰。\n能召唤４名圣树士兵的灵魂。\n\n身上寄宿着神圣灯火的小兵灵魂。\n当居于劣势时，会以自爆作结。\n此为士兵们身在腐败的圣树，\n历时长久等待主人归来，最后领悟的残酷天启。\n\n　期盼我们的灯火，那阵阵爆炸，\n　能够引导米凯拉归来此处。
255001,圣树士兵的骨灰＋１,1,0,[0|0|0],255001,-1,0,0,-1,0,-1,57001,-1,20000610,0,-1,0,469,0,-1,-1,-1,1,0,50,7,2,0,0,34,13,0,0,[0|0],1,1,1,1,1,0,1,0,0,0,0,1,1,0,0,0,0,0,0,0,0,0,0,0,0,-1,-1,-1,-1,-1,-1,-1,-1,1,0,0,1,0,0,0,0,0,0,0,1,0,2,0,1,0,600,20,1,0,0,0,0,1,1,0,-1,66,-1,255002,10001,980,0,0,0,0,0,0,0,0,0,0,0,0,0,0,0,0,0,[0|0],710550,[0|0|0|0|0|0|0|0],寄宿着灵魂的骨灰。\n能召唤４名圣树士兵的灵魂。\n\n身上寄宿着神圣灯火的小兵灵魂。\n当居于劣势时，会以自爆作结。\n此为士兵们身在腐败的圣树，\n历时长久等待主人归来，最后领悟的残酷天启。\n\n　期盼我们的灯火，那阵阵爆炸，\n　能够引导米凯拉归来此处。
255002,圣树士兵的骨灰＋２,1,0,[0|0|0],255002,-1,0,0,-1,0,-1,57002,-1,20000610,0,-1,0,469,0,-1,-1,-1,1,0,50,7,2,0,0,34,13,0,0,[0|0],1,1,1,1,1,0,1,0,0,0,0,1,1,0,0,0,0,0,0,0,0,0,0,0,0,-1,-1,-1,-1,-1,-1,-1,-1,1,0,0,1,0,0,0,0,0,0,0,1,0,2,0,1,0,600,20,1,0,0,0,0,1,1,0,-1,66,-1,255003,10002,1260,0,0,0,0,0,0,0,0,0,0,0,0,0,0,0,0,0,[0|0],710550,[0|0|0|0|0|0|0|0],寄宿着灵魂的骨灰。\n能召唤４名圣树士兵的灵魂。\n\n身上寄宿着神圣灯火的小兵灵魂。\n当居于劣势时，会以自爆作结。\n此为士兵们身在腐败的圣树，\n历时长久等待主人归来，最后领悟的残酷天启。\n\n　期盼我们的灯火，那阵阵爆炸，\n　能够引导米凯拉归来此处。
255003,圣树士兵的骨灰＋３,1,0,[0|0|0],255003,-1,0,0,-1,0,-1,57003,-1,20000610,0,-1,0,469,0,-1,-1,-1,1,0,50,7,2,0,0,34,13,0,0,[0|0],1,1,1,1,1,0,1,0,0,0,0,1,1,0,0,0,0,0,0,0,0,0,0,0,0,-1,-1,-1,-1,-1,-1,-1,-1,1,0,0,1,0,0,0,0,0,0,0,1,0,2,0,1,0,600,20,1,0,0,0,0,1,1,0,-1,66,-1,255004,10003,1540,0,0,0,0,0,0,0,0,0,0,0,0,0,0,0,0,0,[0|0],710550,[0|0|0|0|0|0|0|0],寄宿着灵魂的骨灰。\n能召唤４名圣树士兵的灵魂。\n\n身上寄宿着神圣灯火的小兵灵魂。\n当居于劣势时，会以自爆作结。\n此为士兵们身在腐败的圣树，\n历时长久等待主人归来，最后领悟的残酷天启。\n\n　期盼我们的灯火，那阵阵爆炸，\n　能够引导米凯拉归来此处。
255004,圣树士兵的骨灰＋４,1,0,[0|0|0],255004,-1,0,0,-1,0,-1,57004,-1,20000610,0,-1,0,469,0,-1,-1,-1,1,0,50,7,2,0,0,34,13,0,0,[0|0],1,1,1,1,1,0,1,0,0,0,0,1,1,0,0,0,0,0,0,0,0,0,0,0,0,-1,-1,-1,-1,-1,-1,-1,-1,1,0,0,1,0,0,0,0,0,0,0,1,0,2,0,1,0,600,20,1,0,0,0,0,1,1,0,-1,66,-1,255005,10004,1820,0,0,0,0,0,0,0,0,0,0,0,0,0,0,0,0,0,[0|0],710550,[0|0|0|0|0|0|0|0],寄宿着灵魂的骨灰。\n能召唤４名圣树士兵的灵魂。\n\n身上寄宿着神圣灯火的小兵灵魂。\n当居于劣势时，会以自爆作结。\n此为士兵们身在腐败的圣树，\n历时长久等待主人归来，最后领悟的残酷天启。\n\n　期盼我们的灯火，那阵阵爆炸，\n　能够引导米凯拉归来此处。
255005,圣树士兵的骨灰＋５,1,0,[0|0|0],255005,-1,0,0,-1,0,-1,57005,-1,20000610,0,-1,0,469,0,-1,-1,-1,1,0,50,7,2,0,0,34,13,0,0,[0|0],1,1,1,1,1,0,1,0,0,0,0,1,1,0,0,0,0,0,0,0,0,0,0,0,0,-1,-1,-1,-1,-1,-1,-1,-1,1,0,0,1,0,0,0,0,0,0,0,1,0,2,0,1,0,600,20,1,0,0,0,0,1,1,0,-1,66,-1,255006,10005,2100,0,0,0,0,0,0,0,0,0,0,0,0,0,0,0,0,0,[0|0],710550,[0|0|0|0|0|0|0|0],寄宿着灵魂的骨灰。\n能召唤４名圣树士兵的灵魂。\n\n身上寄宿着神圣灯火的小兵灵魂。\n当居于劣势时，会以自爆作结。\n此为士兵们身在腐败的圣树，\n历时长久等待主人归来，最后领悟的残酷天启。\n\n　期盼我们的灯火，那阵阵爆炸，\n　能够引导米凯拉归来此处。
255006,圣树士兵的骨灰＋６,1,0,[0|0|0],255006,-1,0,0,-1,0,-1,57006,-1,20000610,0,-1,0,469,0,-1,-1,-1,1,0,50,7,2,0,0,34,13,0,0,[0|0],1,1,1,1,1,0,1,0,0,0,0,1,1,0,0,0,0,0,0,0,0,0,0,0,0,-1,-1,-1,-1,-1,-1,-1,-1,1,0,0,1,0,0,0,0,0,0,0,1,0,2,0,1,0,600,20,1,0,0,0,0,1,1,0,-1,66,-1,255007,10006,2380,0,0,0,0,0,0,0,0,0,0,0,0,0,0,0,0,0,[0|0],710550,[0|0|0|0|0|0|0|0],寄宿着灵魂的骨灰。\n能召唤４名圣树士兵的灵魂。\n\n身上寄宿着神圣灯火的小兵灵魂。\n当居于劣势时，会以自爆作结。\n此为士兵们身在腐败的圣树，\n历时长久等待主人归来，最后领悟的残酷天启。\n\n　期盼我们的灯火，那阵阵爆炸，\n　能够引导米凯拉归来此处。
255007,圣树士兵的骨灰＋７,1,0,[0|0|0],255007,-1,0,0,-1,0,-1,57007,-1,20000610,0,-1,0,469,0,-1,-1,-1,1,0,50,7,2,0,0,34,13,0,0,[0|0],1,1,1,1,1,0,1,0,0,0,0,1,1,0,0,0,0,0,0,0,0,0,0,0,0,-1,-1,-1,-1,-1,-1,-1,-1,1,0,0,1,0,0,0,0,0,0,0,1,0,2,0,1,0,600,20,1,0,0,0,0,1,1,0,-1,66,-1,255008,10007,2660,0,0,0,0,0,0,0,0,0,0,0,0,0,0,0,0,0,[0|0],710550,[0|0|0|0|0|0|0|0],寄宿着灵魂的骨灰。\n能召唤４名圣树士兵的灵魂。\n\n身上寄宿着神圣灯火的小兵灵魂。\n当居于劣势时，会以自爆作结。\n此为士兵们身在腐败的圣树，\n历时长久等待主人归来，最后领悟的残酷天启。\n\n　期盼我们的灯火，那阵阵爆炸，\n　能够引导米凯拉归来此处。
255008,圣树士兵的骨灰＋８,1,0,[0|0|0],255008,-1,0,0,-1,0,-1,57008,-1,20000610,0,-1,0,469,0,-1,-1,-1,1,0,50,7,2,0,0,34,13,0,0,[0|0],1,1,1,1,1,0,1,0,0,0,0,1,1,0,0,0,0,0,0,0,0,0,0,0,0,-1,-1,-1,-1,-1,-1,-1,-1,1,0,0,1,0,0,0,0,0,0,0,1,0,2,0,1,0,600,20,1,0,0,0,0,1,1,0,-1,66,-1,255009,10008,2940,0,0,0,0,0,0,0,0,0,0,0,0,0,0,0,0,0,[0|0],710550,[0|0|0|0|0|0|0|0],寄宿着灵魂的骨灰。\n能召唤４名圣树士兵的灵魂。\n\n身上寄宿着神圣灯火的小兵灵魂。\n当居于劣势时，会以自爆作结。\n此为士兵们身在腐败的圣树，\n历时长久等待主人归来，最后领悟的残酷天启。\n\n　期盼我们的灯火，那阵阵爆炸，\n　能够引导米凯拉归来此处。
255009,圣树士兵的骨灰＋９,1,0,[0|0|0],255009,-1,0,0,-1,0,-1,57009,-1,20000610,0,-1,0,469,0,-1,-1,-1,1,0,50,7,2,0,0,34,13,0,0,[0|0],1,1,1,1,1,0,1,0,0,0,0,1,1,0,0,0,0,0,0,0,0,0,0,0,0,-1,-1,-1,-1,-1,-1,-1,-1,1,0,0,1,0,0,0,0,0,0,0,1,0,2,0,1,0,600,20,1,0,0,0,0,1,1,0,-1,66,-1,255010,10009,3500,0,0,0,0,0,0,0,0,0,0,0,0,0,0,0,0,0,[0|0],710550,[0|0|0|0|0|0|0|0],寄宿着灵魂的骨灰。\n能召唤４名圣树士兵的灵魂。\n\n身上寄宿着神圣灯火的小兵灵魂。\n当居于劣势时，会以自爆作结。\n此为士兵们身在腐败的圣树，\n历时长久等待主人归来，最后领悟的残酷天启。\n\n　期盼我们的灯火，那阵阵爆炸，\n　能够引导米凯拉归来此处。
255010,圣树士兵的骨灰＋１０,1,0,[0|0|0],255010,-1,0,0,-1,0,-1,57010,-1,20000610,0,-1,0,469,0,-1,-1,-1,1,0,50,7,2,0,0,34,13,0,0,[0|0],1,1,1,1,1,0,1,0,0,0,0,1,1,0,0,0,0,0,0,0,0,0,0,0,0,-1,-1,-1,-1,-1,-1,-1,-1,1,0,0,1,0,0,0,0,0,0,0,1,0,2,0,1,0,600,20,1,0,0,0,0,1,1,0,-1,66,-1,-1,-1,0,0,0,0,0,0,0,0,0,0,0,0,0,0,0,0,0,0,[0|0],710550,[0|0|0|0|0|0|0|0],寄宿着灵魂的骨灰。\n能召唤４名圣树士兵的灵魂。\n\n身上寄宿着神圣灯火的小兵灵魂。\n当居于劣势时，会以自爆作结。\n此为士兵们身在腐败的圣树，\n历时长久等待主人归来，最后领悟的残酷天启。\n\n　期盼我们的灯火，那阵阵爆炸，\n　能够引导米凯拉归来此处。
256000,“古龙骑士”克里斯托福,1,0,[0|0|0],256000,-1,0,0,-1,0,-1,61000,-1,20000610,0,-1,0,474,0,-1,15,-1,1,0,50,8,2,0,0,34,13,0,0,[0|0],1,1,1,1,1,0,1,0,0,0,0,1,1,0,0,0,0,0,0,0,0,0,0,0,0,-1,-1,-1,-1,-1,-1,-1,-1,1,0,0,1,0,0,0,0,0,0,0,1,0,2,0,1,0,600,30,1,0,0,0,0,3,1,0,-1,108,-1,256001,10100,1770,0,0,0,0,0,0,0,0,0,0,0,0,0,0,0,0,0,[0|0],710550,[0|0|0|0|0|0|0|0],“传说中的骨灰”之一。\n能召唤“古龙骑士”克里斯托福的灵魂。\n\n王城罗德尔的知名骑士，\n以及虔诚的古龙信徒，克里斯托福的灵魂。\n能使用古龙的武器──落雷的战技。\n\n在第一次罗德尔保卫战，\n立下捉拿“接肢”葛孚亚的战功，\n因此受得赏赐，能以英雄的身分归树。
256001,“古龙骑士”克里斯托福＋１,1,0,[0|0|0],256001,-1,0,0,-1,0,-1,61001,-1,20000610,0,-1,0,474,0,-1,-1,-1,1,0,50,8,2,0,0,34,13,0,0,[0|0],1,1,1,1,1,0,1,0,0,0,0,1,1,0,0,0,0,0,0,0,0,0,0,0,0,-1,-1,-1,-1,-1,-1,-1,-1,1,0,0,1,0,0,0,0,0,0,0,1,0,2,0,1,0,600,30,1,0,0,0,0,3,1,0,-1,108,-1,256002,10101,2832,0,0,0,0,0,0,0,0,0,0,0,0,0,0,0,0,0,[0|0],710550,[0|0|0|0|0|0|0|0],“传说中的骨灰”之一。\n能召唤“古龙骑士”克里斯托福的灵魂。\n\n王城罗德尔的知名骑士，\n以及虔诚的古龙信徒，克里斯托福的灵魂。\n能使用古龙的武器──落雷的战技。\n\n在第一次罗德尔保卫战，\n立下捉拿“接肢”葛孚亚的战功，\n因此受得赏赐，能以英雄的身分归树。
256002,“古龙骑士”克里斯托福＋２,1,0,[0|0|0],256002,-1,0,0,-1,0,-1,61002,-1,20000610,0,-1,0,474,0,-1,-1,-1,1,0,50,8,2,0,0,34,13,0,0,[0|0],1,1,1,1,1,0,1,0,0,0,0,1,1,0,0,0,0,0,0,0,0,0,0,0,0,-1,-1,-1,-1,-1,-1,-1,-1,1,0,0,1,0,0,0,0,0,0,0,1,0,2,0,1,0,600,30,1,0,0,0,0,3,1,0,-1,108,-1,256003,10102,3894,0,0,0,0,0,0,0,0,0,0,0,0,0,0,0,0,0,[0|0],710550,[0|0|0|0|0|0|0|0],“传说中的骨灰”之一。\n能召唤“古龙骑士”克里斯托福的灵魂。\n\n王城罗德尔的知名骑士，\n以及虔诚的古龙信徒，克里斯托福的灵魂。\n能使用古龙的武器──落雷的战技。\n\n在第一次罗德尔保卫战，\n立下捉拿“接肢”葛孚亚的战功，\n因此受得赏赐，能以英雄的身分归树。
256003,“古龙骑士”克里斯托福＋３,1,0,[0|0|0],256003,-1,0,0,-1,0,-1,61003,-1,20000610,0,-1,0,474,0,-1,-1,-1,1,0,50,8,2,0,0,34,13,0,0,[0|0],1,1,1,1,1,0,1,0,0,0,0,1,1,0,0,0,0,0,0,0,0,0,0,0,0,-1,-1,-1,-1,-1,-1,-1,-1,1,0,0,1,0,0,0,0,0,0,0,1,0,2,0,1,0,600,30,1,0,0,0,0,3,1,0,-1,108,-1,256004,10103,4956,0,0,0,0,0,0,0,0,0,0,0,0,0,0,0,0,0,[0|0],710550,[0|0|0|0|0|0|0|0],“传说中的骨灰”之一。\n能召唤“古龙骑士”克里斯托福的灵魂。\n\n王城罗德尔的知名骑士，\n以及虔诚的古龙信徒，克里斯托福的灵魂。\n能使用古龙的武器──落雷的战技。\n\n在第一次罗德尔保卫战，\n立下捉拿“接肢”葛孚亚的战功，\n因此受得赏赐，能以英雄的身分归树。
256004,“古龙骑士”克里斯托福＋４,1,0,[0|0|0],256004,-1,0,0,-1,0,-1,61004,-1,20000610,0,-1,0,474,0,-1,-1,-1,1,0,50,8,2,0,0,34,13,0,0,[0|0],1,1,1,1,1,0,1,0,0,0,0,1,1,0,0,0,0,0,0,0,0,0,0,0,0,-1,-1,-1,-1,-1,-1,-1,-1,1,0,0,1,0,0,0,0,0,0,0,1,0,2,0,1,0,600,30,1,0,0,0,0,3,1,0,-1,108,-1,256005,10104,6018,0,0,0,0,0,0,0,0,0,0,0,0,0,0,0,0,0,[0|0],710550,[0|0|0|0|0|0|0|0],“传说中的骨灰”之一。\n能召唤“古龙骑士”克里斯托福的灵魂。\n\n王城罗德尔的知名骑士，\n以及虔诚的古龙信徒，克里斯托福的灵魂。\n能使用古龙的武器──落雷的战技。\n\n在第一次罗德尔保卫战，\n立下捉拿“接肢”葛孚亚的战功，\n因此受得赏赐，能以英雄的身分归树。
256005,“古龙骑士”克里斯托福＋５,1,0,[0|0|0],256005,-1,0,0,-1,0,-1,61005,-1,20000610,0,-1,0,474,0,-1,-1,-1,1,0,50,8,2,0,0,34,13,0,0,[0|0],1,1,1,1,1,0,1,0,0,0,0,1,1,0,0,0,0,0,0,0,0,0,0,0,0,-1,-1,-1,-1,-1,-1,-1,-1,1,0,0,1,0,0,0,0,0,0,0,1,0,2,0,1,0,600,30,1,0,0,0,0,3,1,0,-1,108,-1,256006,10105,7080,0,0,0,0,0,0,0,0,0,0,0,0,0,0,0,0,0,[0|0],710550,[0|0|0|0|0|0|0|0],“传说中的骨灰”之一。\n能召唤“古龙骑士”克里斯托福的灵魂。\n\n王城罗德尔的知名骑士，\n以及虔诚的古龙信徒，克里斯托福的灵魂。\n能使用古龙的武器──落雷的战技。\n\n在第一次罗德尔保卫战，\n立下捉拿“接肢”葛孚亚的战功，\n因此受得赏赐，能以英雄的身分归树。
256006,“古龙骑士”克里斯托福＋６,1,0,[0|0|0],256006,-1,0,0,-1,0,-1,61006,-1,20000610,0,-1,0,474,0,-1,-1,-1,1,0,50,8,2,0,0,34,13,0,0,[0|0],1,1,1,1,1,0,1,0,0,0,0,1,1,0,0,0,0,0,0,0,0,0,0,0,0,-1,-1,-1,-1,-1,-1,-1,-1,1,0,0,1,0,0,0,0,0,0,0,1,0,2,0,1,0,600,30,1,0,0,0,0,3,1,0,-1,108,-1,256007,10106,8142,0,0,0,0,0,0,0,0,0,0,0,0,0,0,0,0,0,[0|0],710550,[0|0|0|0|0|0|0|0],“传说中的骨灰”之一。\n能召唤“古龙骑士”克里斯托福的灵魂。\n\n王城罗德尔的知名骑士，\n以及虔诚的古龙信徒，克里斯托福的灵魂。\n能使用古龙的武器──落雷的战技。\n\n在第一次罗德尔保卫战，\n立下捉拿“接肢”葛孚亚的战功，\n因此受得赏赐，能以英雄的身分归树。
256007,“古龙骑士”克里斯托福＋７,1,0,[0|0|0],256007,-1,0,0,-1,0,-1,61007,-1,20000610,0,-1,0,474,0,-1,-1,-1,1,0,50,8,2,0,0,34,13,0,0,[0|0],1,1,1,1,1,0,1,0,0,0,0,1,1,0,0,0,0,0,0,0,0,0,0,0,0,-1,-1,-1,-1,-1,-1,-1,-1,1,0,0,1,0,0,0,0,0,0,0,1,0,2,0,1,0,600,30,1,0,0,0,0,3,1,0,-1,108,-1,256008,10107,9204,0,0,0,0,0,0,0,0,0,0,0,0,0,0,0,0,0,[0|0],710550,[0|0|0|0|0|0|0|0],“传说中的骨灰”之一。\n能召唤“古龙骑士”克里斯托福的灵魂。\n\n王城罗德尔的知名骑士，\n以及虔诚的古龙信徒，克里斯托福的灵魂。\n能使用古龙的武器──落雷的战技。\n\n在第一次罗德尔保卫战，\n立下捉拿“接肢”葛孚亚的战功，\n因此受得赏赐，能以英雄的身分归树。
256008,“古龙骑士”克里斯托福＋８,1,0,[0|0|0],256008,-1,0,0,-1,0,-1,61008,-1,20000610,0,-1,0,474,0,-1,-1,-1,1,0,50,8,2,0,0,34,13,0,0,[0|0],1,1,1,1,1,0,1,0,0,0,0,1,1,0,0,0,0,0,0,0,0,0,0,0,0,-1,-1,-1,-1,-1,-1,-1,-1,1,0,0,1,0,0,0,0,0,0,0,1,0,2,0,1,0,600,30,1,0,0,0,0,3,1,0,-1,108,-1,256009,10108,10266,0,0,0,0,0,0,0,0,0,0,0,0,0,0,0,0,0,[0|0],710550,[0|0|0|0|0|0|0|0],“传说中的骨灰”之一。\n能召唤“古龙骑士”克里斯托福的灵魂。\n\n王城罗德尔的知名骑士，\n以及虔诚的古龙信徒，克里斯托福的灵魂。\n能使用古龙的武器──落雷的战技。\n\n在第一次罗德尔保卫战，\n立下捉拿“接肢”葛孚亚的战功，\n因此受得赏赐，能以英雄的身分归树。
256009,“古龙骑士”克里斯托福＋９,1,0,[0|0|0],256009,-1,0,0,-1,0,-1,61009,-1,20000610,0,-1,0,474,0,-1,-1,-1,1,0,50,8,2,0,0,34,13,0,0,[0|0],1,1,1,1,1,0,1,0,0,0,0,1,1,0,0,0,0,0,0,0,0,0,0,0,0,-1,-1,-1,-1,-1,-1,-1,-1,1,0,0,1,0,0,0,0,0,0,0,1,0,2,0,1,0,600,30,1,0,0,0,0,3,1,0,-1,108,-1,256010,10109,12390,0,0,0,0,0,0,0,0,0,0,0,0,0,0,0,0,0,[0|0],710550,[0|0|0|0|0|0|0|0],“传说中的骨灰”之一。\n能召唤“古龙骑士”克里斯托福的灵魂。\n\n王城罗德尔的知名骑士，\n以及虔诚的古龙信徒，克里斯托福的灵魂。\n能使用古龙的武器──落雷的战技。\n\n在第一次罗德尔保卫战，\n立下捉拿“接肢”葛孚亚的战功，\n因此受得赏赐，能以英雄的身分归树。
256010,“古龙骑士”克里斯托福＋１０,1,0,[0|0|0],256010,-1,0,0,-1,0,-1,61010,-1,20000610,0,-1,0,474,0,-1,-1,-1,1,0,50,8,2,0,0,34,13,0,0,[0|0],1,1,1,1,1,0,1,0,0,0,0,1,1,0,0,0,0,0,0,0,0,0,0,0,0,-1,-1,-1,-1,-1,-1,-1,-1,1,0,0,1,0,0,0,0,0,0,0,1,0,2,0,1,0,600,30,1,0,0,0,0,3,1,0,-1,108,-1,-1,-1,0,0,0,0,0,0,0,0,0,0,0,0,0,0,0,0,0,0,[0|0],710550,[0|0|0|0|0|0|0|0],“传说中的骨灰”之一。\n能召唤“古龙骑士”克里斯托福的灵魂。\n\n王城罗德尔的知名骑士，\n以及虔诚的古龙信徒，克里斯托福的灵魂。\n能使用古龙的武器──落雷的战技。\n\n在第一次罗德尔保卫战，\n立下捉拿“接肢”葛孚亚的战功，\n因此受得赏赐，能以英雄的身分归树。
257000,“红狮子骑士”奥加,1,0,[0|0|0],257000,-1,0,0,-1,0,-1,61100,-1,20000610,0,-1,0,473,0,-1,15,-1,1,0,50,8,2,0,0,34,13,0,0,[0|0],1,1,1,1,1,0,1,0,0,0,0,1,1,0,0,0,0,0,0,0,0,0,0,0,0,-1,-1,-1,-1,-1,-1,-1,-1,1,0,0,1,0,0,0,0,0,0,0,1,0,2,0,1,0,600,30,1,0,0,0,0,3,1,0,-1,106,-1,257001,10100,1750,0,0,0,0,0,0,0,0,0,0,0,0,0,0,0,0,0,[0|0],710550,[0|0|0|0|0|0|0|0],“传说中的骨灰”之一。\n能召唤“红狮子骑士”奥加的灵魂。\n\n能活用大弓，孔武有力的骑士灵魂。\n骁勇善战，在召唤后会立刻投入战斗。\n\n“大弓”奥加是红狮子最资深的成员，\n曾与拉塔恩一同修习重力的招式。\n他能回应咆哮，\n仅限一次，从天降下重力箭雨。
257001,“红狮子骑士”奥加＋１,1,0,[0|0|0],257001,-1,0,0,-1,0,-1,61101,-1,20000610,0,-1,0,473,0,-1,-1,-1,1,0,50,8,2,0,0,34,13,0,0,[0|0],1,1,1,1,1,0,1,0,0,0,0,1,1,0,0,0,0,0,0,0,0,0,0,0,0,-1,-1,-1,-1,-1,-1,-1,-1,1,0,0,1,0,0,0,0,0,0,0,1,0,2,0,1,0,600,30,1,0,0,0,0,3,1,0,-1,106,-1,257002,10101,2800,0,0,0,0,0,0,0,0,0,0,0,0,0,0,0,0,0,[0|0],710550,[0|0|0|0|0|0|0|0],“传说中的骨灰”之一。\n能召唤“红狮子骑士”奥加的灵魂。\n\n能活用大弓，孔武有力的骑士灵魂。\n骁勇善战，在召唤后会立刻投入战斗。\n\n“大弓”奥加是红狮子最资深的成员，\n曾与拉塔恩一同修习重力的招式。\n他能回应咆哮，\n仅限一次，从天降下重力箭雨。
257002,“红狮子骑士”奥加＋２,1,0,[0|0|0],257002,-1,0,0,-1,0,-1,61102,-1,20000610,0,-1,0,473,0,-1,-1,-1,1,0,50,8,2,0,0,34,13,0,0,[0|0],1,1,1,1,1,0,1,0,0,0,0,1,1,0,0,0,0,0,0,0,0,0,0,0,0,-1,-1,-1,-1,-1,-1,-1,-1,1,0,0,1,0,0,0,0,0,0,0,1,0,2,0,1,0,600,30,1,0,0,0,0,3,1,0,-1,106,-1,257003,10102,3850,0,0,0,0,0,0,0,0,0,0,0,0,0,0,0,0,0,[0|0],710550,[0|0|0|0|0|0|0|0],“传说中的骨灰”之一。\n能召唤“红狮子骑士”奥加的灵魂。\n\n能活用大弓，孔武有力的骑士灵魂。\n骁勇善战，在召唤后会立刻投入战斗。\n\n“大弓”奥加是红狮子最资深的成员，\n曾与拉塔恩一同修习重力的招式。\n他能回应咆哮，\n仅限一次，从天降下重力箭雨。
257003,“红狮子骑士”奥加＋３,1,0,[0|0|0],257003,-1,0,0,-1,0,-1,61103,-1,20000610,0,-1,0,473,0,-1,-1,-1,1,0,50,8,2,0,0,34,13,0,0,[0|0],1,1,1,1,1,0,1,0,0,0,0,1,1,0,0,0,0,0,0,0,0,0,0,0,0,-1,-1,-1,-1,-1,-1,-1,-1,1,0,0,1,0,0,0,0,0,0,0,1,0,2,0,1,0,600,30,1,0,0,0,0,3,1,0,-1,106,-1,257004,10103,4900,0,0,0,0,0,0,0,0,0,0,0,0,0,0,0,0,0,[0|0],710550,[0|0|0|0|0|0|0|0],“传说中的骨灰”之一。\n能召唤“红狮子骑士”奥加的灵魂。\n\n能活用大弓，孔武有力的骑士灵魂。\n骁勇善战，在召唤后会立刻投入战斗。\n\n“大弓”奥加是红狮子最资深的成员，\n曾与拉塔恩一同修习重力的招式。\n他能回应咆哮，\n仅限一次，从天降下重力箭雨。
257004,“红狮子骑士”奥加＋４,1,0,[0|0|0],257004,-1,0,0,-1,0,-1,61104,-1,20000610,0,-1,0,473,0,-1,-1,-1,1,0,50,8,2,0,0,34,13,0,0,[0|0],1,1,1,1,1,0,1,0,0,0,0,1,1,0,0,0,0,0,0,0,0,0,0,0,0,-1,-1,-1,-1,-1,-1,-1,-1,1,0,0,1,0,0,0,0,0,0,0,1,0,2,0,1,0,600,30,1,0,0,0,0,3,1,0,-1,106,-1,257005,10104,5950,0,0,0,0,0,0,0,0,0,0,0,0,0,0,0,0,0,[0|0],710550,[0|0|0|0|0|0|0|0],“传说中的骨灰”之一。\n能召唤“红狮子骑士”奥加的灵魂。\n\n能活用大弓，孔武有力的骑士灵魂。\n骁勇善战，在召唤后会立刻投入战斗。\n\n“大弓”奥加是红狮子最资深的成员，\n曾与拉塔恩一同修习重力的招式。\n他能回应咆哮，\n仅限一次，从天降下重力箭雨。
257005,“红狮子骑士”奥加＋５,1,0,[0|0|0],257005,-1,0,0,-1,0,-1,61105,-1,20000610,0,-1,0,473,0,-1,-1,-1,1,0,50,8,2,0,0,34,13,0,0,[0|0],1,1,1,1,1,0,1,0,0,0,0,1,1,0,0,0,0,0,0,0,0,0,0,0,0,-1,-1,-1,-1,-1,-1,-1,-1,1,0,0,1,0,0,0,0,0,0,0,1,0,2,0,1,0,600,30,1,0,0,0,0,3,1,0,-1,106,-1,257006,10105,7000,0,0,0,0,0,0,0,0,0,0,0,0,0,0,0,0,0,[0|0],710550,[0|0|0|0|0|0|0|0],“传说中的骨灰”之一。\n能召唤“红狮子骑士”奥加的灵魂。\n\n能活用大弓，孔武有力的骑士灵魂。\n骁勇善战，在召唤后会立刻投入战斗。\n\n“大弓”奥加是红狮子最资深的成员，\n曾与拉塔恩一同修习重力的招式。\n他能回应咆哮，\n仅限一次，从天降下重力箭雨。
257006,“红狮子骑士”奥加＋６,1,0,[0|0|0],257006,-1,0,0,-1,0,-1,61106,-1,20000610,0,-1,0,473,0,-1,-1,-1,1,0,50,8,2,0,0,34,13,0,0,[0|0],1,1,1,1,1,0,1,0,0,0,0,1,1,0,0,0,0,0,0,0,0,0,0,0,0,-1,-1,-1,-1,-1,-1,-1,-1,1,0,0,1,0,0,0,0,0,0,0,1,0,2,0,1,0,600,30,1,0,0,0,0,3,1,0,-1,106,-1,257007,10106,8050,0,0,0,0,0,0,0,0,0,0,0,0,0,0,0,0,0,[0|0],710550,[0|0|0|0|0|0|0|0],“传说中的骨灰”之一。\n能召唤“红狮子骑士”奥加的灵魂。\n\n能活用大弓，孔武有力的骑士灵魂。\n骁勇善战，在召唤后会立刻投入战斗。\n\n“大弓”奥加是红狮子最资深的成员，\n曾与拉塔恩一同修习重力的招式。\n他能回应咆哮，\n仅限一次，从天降下重力箭雨。
257007,“红狮子骑士”奥加＋７,1,0,[0|0|0],257007,-1,0,0,-1,0,-1,61107,-1,20000610,0,-1,0,473,0,-1,-1,-1,1,0,50,8,2,0,0,34,13,0,0,[0|0],1,1,1,1,1,0,1,0,0,0,0,1,1,0,0,0,0,0,0,0,0,0,0,0,0,-1,-1,-1,-1,-1,-1,-1,-1,1,0,0,1,0,0,0,0,0,0,0,1,0,2,0,1,0,600,30,1,0,0,0,0,3,1,0,-1,106,-1,257008,10107,9100,0,0,0,0,0,0,0,0,0,0,0,0,0,0,0,0,0,[0|0],710550,[0|0|0|0|0|0|0|0],“传说中的骨灰”之一。\n能召唤“红狮子骑士”奥加的灵魂。\n\n能活用大弓，孔武有力的骑士灵魂。\n骁勇善战，在召唤后会立刻投入战斗。\n\n“大弓”奥加是红狮子最资深的成员，\n曾与拉塔恩一同修习重力的招式。\n他能回应咆哮，\n仅限一次，从天降下重力箭雨。
257008,“红狮子骑士”奥加＋８,1,0,[0|0|0],257008,-1,0,0,-1,0,-1,61108,-1,20000610,0,-1,0,473,0,-1,-1,-1,1,0,50,8,2,0,0,34,13,0,0,[0|0],1,1,1,1,1,0,1,0,0,0,0,1,1,0,0,0,0,0,0,0,0,0,0,0,0,-1,-1,-1,-1,-1,-1,-1,-1,1,0,0,1,0,0,0,0,0,0,0,1,0,2,0,1,0,600,30,1,0,0,0,0,3,1,0,-1,106,-1,257009,10108,10150,0,0,0,0,0,0,0,0,0,0,0,0,0,0,0,0,0,[0|0],710550,[0|0|0|0|0|0|0|0],“传说中的骨灰”之一。\n能召唤“红狮子骑士”奥加的灵魂。\n\n能活用大弓，孔武有力的骑士灵魂。\n骁勇善战，在召唤后会立刻投入战斗。\n\n“大弓”奥加是红狮子最资深的成员，\n曾与拉塔恩一同修习重力的招式。\n他能回应咆哮，\n仅限一次，从天降下重力箭雨。
257009,“红狮子骑士”奥加＋９,1,0,[0|0|0],257009,-1,0,0,-1,0,-1,61109,-1,20000610,0,-1,0,473,0,-1,-1,-1,1,0,50,8,2,0,0,34,13,0,0,[0|0],1,1,1,1,1,0,1,0,0,0,0,1,1,0,0,0,0,0,0,0,0,0,0,0,0,-1,-1,-1,-1,-1,-1,-1,-1,1,0,0,1,0,0,0,0,0,0,0,1,0,2,0,1,0,600,30,1,0,0,0,0,3,1,0,-1,106,-1,257010,10109,12250,0,0,0,0,0,0,0,0,0,0,0,0,0,0,0,0,0,[0|0],710550,[0|0|0|0|0|0|0|0],“传说中的骨灰”之一。\n能召唤“红狮子骑士”奥加的灵魂。\n\n能活用大弓，孔武有力的骑士灵魂。\n骁勇善战，在召唤后会立刻投入战斗。\n\n“大弓”奥加是红狮子最资深的成员，\n曾与拉塔恩一同修习重力的招式。\n他能回应咆哮，\n仅限一次，从天降下重力箭雨。
257010,“红狮子骑士”奥加＋１０,1,0,[0|0|0],257010,-1,0,0,-1,0,-1,61110,-1,20000610,0,-1,0,473,0,-1,-1,-1,1,0,50,8,2,0,0,34,13,0,0,[0|0],1,1,1,1,1,0,1,0,0,0,0,1,1,0,0,0,0,0,0,0,0,0,0,0,0,-1,-1,-1,-1,-1,-1,-1,-1,1,0,0,1,0,0,0,0,0,0,0,1,0,2,0,1,0,600,30,1,0,0,0,0,3,1,0,-1,106,-1,-1,-1,0,0,0,0,0,0,0,0,0,0,0,0,0,0,0,0,0,0,[0|0],710550,[0|0|0|0|0|0|0|0],“传说中的骨灰”之一。\n能召唤“红狮子骑士”奥加的灵魂。\n\n能活用大弓，孔武有力的骑士灵魂。\n骁勇善战，在召唤后会立刻投入战斗。\n\n“大弓”奥加是红狮子最资深的成员，\n曾与拉塔恩一同修习重力的招式。\n他能回应咆哮，\n仅限一次，从天降下重力箭雨。
258000,“无头骑士”露缇尔,1,0,[0|0|0],258000,-1,0,0,-1,0,-1,61200,-1,20000610,0,-1,0,475,0,-1,15,-1,1,0,50,8,2,0,0,34,13,0,0,[0|0],1,1,1,1,1,0,1,0,0,0,0,1,1,0,0,0,0,0,0,0,0,0,0,0,0,-1,-1,-1,-1,-1,-1,-1,-1,1,0,0,1,0,0,0,0,0,0,0,1,0,2,0,1,0,600,30,1,0,0,0,0,3,1,0,-1,104,-1,258001,10100,1720,0,0,0,0,0,0,0,0,0,0,0,0,0,0,0,0,0,[0|0],710550,[0|0|0|0|0|0|0|0],“传说中的骨灰”之一。\n能召唤“无头骑士”露缇尔的灵魂。\n\n灵庙士兵之首，没有头部的骑士灵魂。\n挥舞着带有死亡的矛，能投掷幻影枪。\n\n露缇尔追随主君赴死，守护在侧。\n在无魂半神再世之后，\n她受得赏赐，能以英雄的身分归树。
258001,“无头骑士”露缇尔＋１,1,0,[0|0|0],258001,-1,0,0,-1,0,-1,61201,-1,20000610,0,-1,0,475,0,-1,-1,-1,1,0,50,8,2,0,0,34,13,0,0,[0|0],1,1,1,1,1,0,1,0,0,0,0,1,1,0,0,0,0,0,0,0,0,0,0,0,0,-1,-1,-1,-1,-1,-1,-1,-1,1,0,0,1,0,0,0,0,0,0,0,1,0,2,0,1,0,600,30,1,0,0,0,0,3,1,0,-1,104,-1,258002,10101,2752,0,0,0,0,0,0,0,0,0,0,0,0,0,0,0,0,0,[0|0],710550,[0|0|0|0|0|0|0|0],“传说中的骨灰”之一。\n能召唤“无头骑士”露缇尔的灵魂。\n\n灵庙士兵之首，没有头部的骑士灵魂。\n挥舞着带有死亡的矛，能投掷幻影枪。\n\n露缇尔追随主君赴死，守护在侧。\n在无魂半神再世之后，\n她受得赏赐，能以英雄的身分归树。
258002,“无头骑士”露缇尔＋２,1,0,[0|0|0],258002,-1,0,0,-1,0,-1,61202,-1,20000610,0,-1,0,475,0,-1,-1,-1,1,0,50,8,2,0,0,34,13,0,0,[0|0],1,1,1,1,1,0,1,0,0,0,0,1,1,0,0,0,0,0,0,0,0,0,0,0,0,-1,-1,-1,-1,-1,-1,-1,-1,1,0,0,1,0,0,0,0,0,0,0,1,0,2,0,1,0,600,30,1,0,0,0,0,3,1,0,-1,104,-1,258003,10102,3784,0,0,0,0,0,0,0,0,0,0,0,0,0,0,0,0,0,[0|0],710550,[0|0|0|0|0|0|0|0],“传说中的骨灰”之一。\n能召唤“无头骑士”露缇尔的灵魂。\n\n灵庙士兵之首，没有头部的骑士灵魂。\n挥舞着带有死亡的矛，能投掷幻影枪。\n\n露缇尔追随主君赴死，守护在侧。\n在无魂半神再世之后，\n她受得赏赐，能以英雄的身分归树。
258003,“无头骑士”露缇尔＋３,1,0,[0|0|0],258003,-1,0,0,-1,0,-1,61203,-1,20000610,0,-1,0,475,0,-1,-1,-1,1,0,50,8,2,0,0,34,13,0,0,[0|0],1,1,1,1,1,0,1,0,0,0,0,1,1,0,0,0,0,0,0,0,0,0,0,0,0,-1,-1,-1,-1,-1,-1,-1,-1,1,0,0,1,0,0,0,0,0,0,0,1,0,2,0,1,0,600,30,1,0,0,0,0,3,1,0,-1,104,-1,258004,10103,4816,0,0,0,0,0,0,0,0,0,0,0,0,0,0,0,0,0,[0|0],710550,[0|0|0|0|0|0|0|0],“传说中的骨灰”之一。\n能召唤“无头骑士”露缇尔的灵魂。\n\n灵庙士兵之首，没有头部的骑士灵魂。\n挥舞着带有死亡的矛，能投掷幻影枪。\n\n露缇尔追随主君赴死，守护在侧。\n在无魂半神再世之后，\n她受得赏赐，能以英雄的身分归树。
258004,“无头骑士”露缇尔＋４,1,0,[0|0|0],258004,-1,0,0,-1,0,-1,61204,-1,20000610,0,-1,0,475,0,-1,-1,-1,1,0,50,8,2,0,0,34,13,0,0,[0|0],1,1,1,1,1,0,1,0,0,0,0,1,1,0,0,0,0,0,0,0,0,0,0,0,0,-1,-1,-1,-1,-1,-1,-1,-1,1,0,0,1,0,0,0,0,0,0,0,1,0,2,0,1,0,600,30,1,0,0,0,0,3,1,0,-1,104,-1,258005,10104,5848,0,0,0,0,0,0,0,0,0,0,0,0,0,0,0,0,0,[0|0],710550,[0|0|0|0|0|0|0|0],“传说中的骨灰”之一。\n能召唤“无头骑士”露缇尔的灵魂。\n\n灵庙士兵之首，没有头部的骑士灵魂。\n挥舞着带有死亡的矛，能投掷幻影枪。\n\n露缇尔追随主君赴死，守护在侧。\n在无魂半神再世之后，\n她受得赏赐，能以英雄的身分归树。
258005,“无头骑士”露缇尔＋５,1,0,[0|0|0],258005,-1,0,0,-1,0,-1,61205,-1,20000610,0,-1,0,475,0,-1,-1,-1,1,0,50,8,2,0,0,34,13,0,0,[0|0],1,1,1,1,1,0,1,0,0,0,0,1,1,0,0,0,0,0,0,0,0,0,0,0,0,-1,-1,-1,-1,-1,-1,-1,-1,1,0,0,1,0,0,0,0,0,0,0,1,0,2,0,1,0,600,30,1,0,0,0,0,3,1,0,-1,104,-1,258006,10105,6880,0,0,0,0,0,0,0,0,0,0,0,0,0,0,0,0,0,[0|0],710550,[0|0|0|0|0|0|0|0],“传说中的骨灰”之一。\n能召唤“无头骑士”露缇尔的灵魂。\n\n灵庙士兵之首，没有头部的骑士灵魂。\n挥舞着带有死亡的矛，能投掷幻影枪。\n\n露缇尔追随主君赴死，守护在侧。\n在无魂半神再世之后，\n她受得赏赐，能以英雄的身分归树。
258006,“无头骑士”露缇尔＋６,1,0,[0|0|0],258006,-1,0,0,-1,0,-1,61206,-1,20000610,0,-1,0,475,0,-1,-1,-1,1,0,50,8,2,0,0,34,13,0,0,[0|0],1,1,1,1,1,0,1,0,0,0,0,1,1,0,0,0,0,0,0,0,0,0,0,0,0,-1,-1,-1,-1,-1,-1,-1,-1,1,0,0,1,0,0,0,0,0,0,0,1,0,2,0,1,0,600,30,1,0,0,0,0,3,1,0,-1,104,-1,258007,10106,7912,0,0,0,0,0,0,0,0,0,0,0,0,0,0,0,0,0,[0|0],710550,[0|0|0|0|0|0|0|0],“传说中的骨灰”之一。\n能召唤“无头骑士”露缇尔的灵魂。\n\n灵庙士兵之首，没有头部的骑士灵魂。\n挥舞着带有死亡的矛，能投掷幻影枪。\n\n露缇尔追随主君赴死，守护在侧。\n在无魂半神再世之后，\n她受得赏赐，能以英雄的身分归树。
258007,“无头骑士”露缇尔＋７,1,0,[0|0|0],258007,-1,0,0,-1,0,-1,61207,-1,20000610,0,-1,0,475,0,-1,-1,-1,1,0,50,8,2,0,0,34,13,0,0,[0|0],1,1,1,1,1,0,1,0,0,0,0,1,1,0,0,0,0,0,0,0,0,0,0,0,0,-1,-1,-1,-1,-1,-1,-1,-1,1,0,0,1,0,0,0,0,0,0,0,1,0,2,0,1,0,600,30,1,0,0,0,0,3,1,0,-1,104,-1,258008,10107,8944,0,0,0,0,0,0,0,0,0,0,0,0,0,0,0,0,0,[0|0],710550,[0|0|0|0|0|0|0|0],“传说中的骨灰”之一。\n能召唤“无头骑士”露缇尔的灵魂。\n\n灵庙士兵之首，没有头部的骑士灵魂。\n挥舞着带有死亡的矛，能投掷幻影枪。\n\n露缇尔追随主君赴死，守护在侧。\n在无魂半神再世之后，\n她受得赏赐，能以英雄的身分归树。
258008,“无头骑士”露缇尔＋８,1,0,[0|0|0],258008,-1,0,0,-1,0,-1,61208,-1,20000610,0,-1,0,475,0,-1,-1,-1,1,0,50,8,2,0,0,34,13,0,0,[0|0],1,1,1,1,1,0,1,0,0,0,0,1,1,0,0,0,0,0,0,0,0,0,0,0,0,-1,-1,-1,-1,-1,-1,-1,-1,1,0,0,1,0,0,0,0,0,0,0,1,0,2,0,1,0,600,30,1,0,0,0,0,3,1,0,-1,104,-1,258009,10108,9976,0,0,0,0,0,0,0,0,0,0,0,0,0,0,0,0,0,[0|0],710550,[0|0|0|0|0|0|0|0],“传说中的骨灰”之一。\n能召唤“无头骑士”露缇尔的灵魂。\n\n灵庙士兵之首，没有头部的骑士灵魂。\n挥舞着带有死亡的矛，能投掷幻影枪。\n\n露缇尔追随主君赴死，守护在侧。\n在无魂半神再世之后，\n她受得赏赐，能以英雄的身分归树。
258009,“无头骑士”露缇尔＋９,1,0,[0|0|0],258009,-1,0,0,-1,0,-1,61209,-1,20000610,0,-1,0,475,0,-1,-1,-1,1,0,50,8,2,0,0,34,13,0,0,[0|0],1,1,1,1,1,0,1,0,0,0,0,1,1,0,0,0,0,0,0,0,0,0,0,0,0,-1,-1,-1,-1,-1,-1,-1,-1,1,0,0,1,0,0,0,0,0,0,0,1,0,2,0,1,0,600,30,1,0,0,0,0,3,1,0,-1,104,-1,258010,10109,12040,0,0,0,0,0,0,0,0,0,0,0,0,0,0,0,0,0,[0|0],710550,[0|0|0|0|0|0|0|0],“传说中的骨灰”之一。\n能召唤“无头骑士”露缇尔的灵魂。\n\n灵庙士兵之首，没有头部的骑士灵魂。\n挥舞着带有死亡的矛，能投掷幻影枪。\n\n露缇尔追随主君赴死，守护在侧。\n在无魂半神再世之后，\n她受得赏赐，能以英雄的身分归树。
258010,“无头骑士”露缇尔＋１０,1,0,[0|0|0],258010,-1,0,0,-1,0,-1,61210,-1,20000610,0,-1,0,475,0,-1,-1,-1,1,0,50,8,2,0,0,34,13,0,0,[0|0],1,1,1,1,1,0,1,0,0,0,0,1,1,0,0,0,0,0,0,0,0,0,0,0,0,-1,-1,-1,-1,-1,-1,-1,-1,1,0,0,1,0,0,0,0,0,0,0,1,0,2,0,1,0,600,30,1,0,0,0,0,3,1,0,-1,104,-1,-1,-1,0,0,0,0,0,0,0,0,0,0,0,0,0,0,0,0,0,0,[0|0],710550,[0|0|0|0|0|0|0|0],“传说中的骨灰”之一。\n能召唤“无头骑士”露缇尔的灵魂。\n\n灵庙士兵之首，没有头部的骑士灵魂。\n挥舞着带有死亡的矛，能投掷幻影枪。\n\n露缇尔追随主君赴死，守护在侧。\n在无魂半神再世之后，\n她受得赏赐，能以英雄的身分归树。
259000,涅斐丽·露的傀儡,1,0,[0|0|0],259000,-1,0,0,-1,0,-1,70300,-1,20000610,0,-1,0,481,0,-1,-1,-1,1,0,50,8,2,0,0,34,13,0,0,[0|0],1,1,1,1,1,0,1,0,0,0,0,1,1,0,0,0,0,0,0,0,0,0,0,0,0,-1,-1,-1,-1,-1,-1,-1,-1,1,0,0,1,0,0,0,0,0,0,0,1,0,2,0,1,0,600,40,1,0,0,0,0,2,1,0,-1,90,-1,259001,10100,1450,0,0,0,0,0,0,0,0,0,0,0,0,0,0,0,0,0,[0|0],710550,[0|0|0|0|0|0|0|0],赛尔维斯喜爱的傀儡。\n能召唤涅斐丽·露的灵魂。\n\n纯真却也因此受挫的战士傀儡。\n双手各持一把鹰斧，能施放雷电风暴的战技。\n\n是原石，才容易受到损伤──\n也因为如此，特别有品味的价值。\n涅斐丽·露是一名战士。
259001,涅斐丽·露的傀儡＋１,1,0,[0|0|0],259001,-1,0,0,-1,0,-1,70301,-1,20000610,0,-1,0,481,0,-1,-1,-1,1,0,50,8,2,0,0,34,13,0,0,[0|0],1,1,1,1,1,0,1,0,0,0,0,1,1,0,0,0,0,0,0,0,0,0,0,0,0,-1,-1,-1,-1,-1,-1,-1,-1,1,0,0,1,0,0,0,0,0,0,0,1,0,2,0,1,0,600,40,1,0,0,0,0,2,1,0,-1,90,-1,259002,10101,2320,0,0,0,0,0,0,0,0,0,0,0,0,0,0,0,0,0,[0|0],710550,[0|0|0|0|0|0|0|0],赛尔维斯喜爱的傀儡。\n能召唤涅斐丽·露的灵魂。\n\n纯真却也因此受挫的战士傀儡。\n双手各持一把鹰斧，能施放雷电风暴的战技。\n\n是原石，才容易受到损伤──\n也因为如此，特别有品味的价值。\n涅斐丽·露是一名战士。
259002,涅斐丽·露的傀儡＋２,1,0,[0|0|0],259002,-1,0,0,-1,0,-1,70302,-1,20000610,0,-1,0,481,0,-1,-1,-1,1,0,50,8,2,0,0,34,13,0,0,[0|0],1,1,1,1,1,0,1,0,0,0,0,1,1,0,0,0,0,0,0,0,0,0,0,0,0,-1,-1,-1,-1,-1,-1,-1,-1,1,0,0,1,0,0,0,0,0,0,0,1,0,2,0,1,0,600,40,1,0,0,0,0,2,1,0,-1,90,-1,259003,10102,3190,0,0,0,0,0,0,0,0,0,0,0,0,0,0,0,0,0,[0|0],710550,[0|0|0|0|0|0|0|0],赛尔维斯喜爱的傀儡。\n能召唤涅斐丽·露的灵魂。\n\n纯真却也因此受挫的战士傀儡。\n双手各持一把鹰斧，能施放雷电风暴的战技。\n\n是原石，才容易受到损伤──\n也因为如此，特别有品味的价值。\n涅斐丽·露是一名战士。
259003,涅斐丽·露的傀儡＋３,1,0,[0|0|0],259003,-1,0,0,-1,0,-1,70303,-1,20000610,0,-1,0,481,0,-1,-1,-1,1,0,50,8,2,0,0,34,13,0,0,[0|0],1,1,1,1,1,0,1,0,0,0,0,1,1,0,0,0,0,0,0,0,0,0,0,0,0,-1,-1,-1,-1,-1,-1,-1,-1,1,0,0,1,0,0,0,0,0,0,0,1,0,2,0,1,0,600,40,1,0,0,0,0,2,1,0,-1,90,-1,259004,10103,4060,0,0,0,0,0,0,0,0,0,0,0,0,0,0,0,0,0,[0|0],710550,[0|0|0|0|0|0|0|0],赛尔维斯喜爱的傀儡。\n能召唤涅斐丽·露的灵魂。\n\n纯真却也因此受挫的战士傀儡。\n双手各持一把鹰斧，能施放雷电风暴的战技。\n\n是原石，才容易受到损伤──\n也因为如此，特别有品味的价值。\n涅斐丽·露是一名战士。
259004,涅斐丽·露的傀儡＋４,1,0,[0|0|0],259004,-1,0,0,-1,0,-1,70304,-1,20000610,0,-1,0,481,0,-1,-1,-1,1,0,50,8,2,0,0,34,13,0,0,[0|0],1,1,1,1,1,0,1,0,0,0,0,1,1,0,0,0,0,0,0,0,0,0,0,0,0,-1,-1,-1,-1,-1,-1,-1,-1,1,0,0,1,0,0,0,0,0,0,0,1,0,2,0,1,0,600,40,1,0,0,0,0,2,1,0,-1,90,-1,259005,10104,4930,0,0,0,0,0,0,0,0,0,0,0,0,0,0,0,0,0,[0|0],710550,[0|0|0|0|0|0|0|0],赛尔维斯喜爱的傀儡。\n能召唤涅斐丽·露的灵魂。\n\n纯真却也因此受挫的战士傀儡。\n双手各持一把鹰斧，能施放雷电风暴的战技。\n\n是原石，才容易受到损伤──\n也因为如此，特别有品味的价值。\n涅斐丽·露是一名战士。
259005,涅斐丽·露的傀儡＋５,1,0,[0|0|0],259005,-1,0,0,-1,0,-1,70305,-1,20000610,0,-1,0,481,0,-1,-1,-1,1,0,50,8,2,0,0,34,13,0,0,[0|0],1,1,1,1,1,0,1,0,0,0,0,1,1,0,0,0,0,0,0,0,0,0,0,0,0,-1,-1,-1,-1,-1,-1,-1,-1,1,0,0,1,0,0,0,0,0,0,0,1,0,2,0,1,0,600,40,1,0,0,0,0,2,1,0,-1,90,-1,259006,10105,5800,0,0,0,0,0,0,0,0,0,0,0,0,0,0,0,0,0,[0|0],710550,[0|0|0|0|0|0|0|0],赛尔维斯喜爱的傀儡。\n能召唤涅斐丽·露的灵魂。\n\n纯真却也因此受挫的战士傀儡。\n双手各持一把鹰斧，能施放雷电风暴的战技。\n\n是原石，才容易受到损伤──\n也因为如此，特别有品味的价值。\n涅斐丽·露是一名战士。
259006,涅斐丽·露的傀儡＋６,1,0,[0|0|0],259006,-1,0,0,-1,0,-1,70306,-1,20000610,0,-1,0,481,0,-1,-1,-1,1,0,50,8,2,0,0,34,13,0,0,[0|0],1,1,1,1,1,0,1,0,0,0,0,1,1,0,0,0,0,0,0,0,0,0,0,0,0,-1,-1,-1,-1,-1,-1,-1,-1,1,0,0,1,0,0,0,0,0,0,0,1,0,2,0,1,0,600,40,1,0,0,0,0,2,1,0,-1,90,-1,259007,10106,6670,0,0,0,0,0,0,0,0,0,0,0,0,0,0,0,0,0,[0|0],710550,[0|0|0|0|0|0|0|0],赛尔维斯喜爱的傀儡。\n能召唤涅斐丽·露的灵魂。\n\n纯真却也因此受挫的战士傀儡。\n双手各持一把鹰斧，能施放雷电风暴的战技。\n\n是原石，才容易受到损伤──\n也因为如此，特别有品味的价值。\n涅斐丽·露是一名战士。
259007,涅斐丽·露的傀儡＋７,1,0,[0|0|0],259007,-1,0,0,-1,0,-1,70307,-1,20000610,0,-1,0,481,0,-1,-1,-1,1,0,50,8,2,0,0,34,13,0,0,[0|0],1,1,1,1,1,0,1,0,0,0,0,1,1,0,0,0,0,0,0,0,0,0,0,0,0,-1,-1,-1,-1,-1,-1,-1,-1,1,0,0,1,0,0,0,0,0,0,0,1,0,2,0,1,0,600,40,1,0,0,0,0,2,1,0,-1,90,-1,259008,10107,7540,0,0,0,0,0,0,0,0,0,0,0,0,0,0,0,0,0,[0|0],710550,[0|0|0|0|0|0|0|0],赛尔维斯喜爱的傀儡。\n能召唤涅斐丽·露的灵魂。\n\n纯真却也因此受挫的战士傀儡。\n双手各持一把鹰斧，能施放雷电风暴的战技。\n\n是原石，才容易受到损伤──\n也因为如此，特别有品味的价值。\n涅斐丽·露是一名战士。
259008,涅斐丽·露的傀儡＋８,1,0,[0|0|0],259008,-1,0,0,-1,0,-1,70308,-1,20000610,0,-1,0,481,0,-1,-1,-1,1,0,50,8,2,0,0,34,13,0,0,[0|0],1,1,1,1,1,0,1,0,0,0,0,1,1,0,0,0,0,0,0,0,0,0,0,0,0,-1,-1,-1,-1,-1,-1,-1,-1,1,0,0,1,0,0,0,0,0,0,0,1,0,2,0,1,0,600,40,1,0,0,0,0,2,1,0,-1,90,-1,259009,10108,8410,0,0,0,0,0,0,0,0,0,0,0,0,0,0,0,0,0,[0|0],710550,[0|0|0|0|0|0|0|0],赛尔维斯喜爱的傀儡。\n能召唤涅斐丽·露的灵魂。\n\n纯真却也因此受挫的战士傀儡。\n双手各持一把鹰斧，能施放雷电风暴的战技。\n\n是原石，才容易受到损伤──\n也因为如此，特别有品味的价值。\n涅斐丽·露是一名战士。
259009,涅斐丽·露的傀儡＋９,1,0,[0|0|0],259009,-1,0,0,-1,0,-1,70309,-1,20000610,0,-1,0,481,0,-1,-1,-1,1,0,50,8,2,0,0,34,13,0,0,[0|0],1,1,1,1,1,0,1,0,0,0,0,1,1,0,0,0,0,0,0,0,0,0,0,0,0,-1,-1,-1,-1,-1,-1,-1,-1,1,0,0,1,0,0,0,0,0,0,0,1,0,2,0,1,0,600,40,1,0,0,0,0,2,1,0,-1,90,-1,259010,10109,10150,0,0,0,0,0,0,0,0,0,0,0,0,0,0,0,0,0,[0|0],710550,[0|0|0|0|0|0|0|0],赛尔维斯喜爱的傀儡。\n能召唤涅斐丽·露的灵魂。\n\n纯真却也因此受挫的战士傀儡。\n双手各持一把鹰斧，能施放雷电风暴的战技。\n\n是原石，才容易受到损伤──\n也因为如此，特别有品味的价值。\n涅斐丽·露是一名战士。
259010,涅斐丽·露的傀儡＋１０,1,0,[0|0|0],259010,-1,0,0,-1,0,-1,70310,-1,20000610,0,-1,0,481,0,-1,-1,-1,1,0,50,8,2,0,0,34,13,0,0,[0|0],1,1,1,1,1,0,1,0,0,0,0,1,1,0,0,0,0,0,0,0,0,0,0,0,0,-1,-1,-1,-1,-1,-1,-1,-1,1,0,0,1,0,0,0,0,0,0,0,1,0,2,0,1,0,600,40,1,0,0,0,0,2,1,0,-1,90,-1,-1,-1,0,0,0,0,0,0,0,0,0,0,0,0,0,0,0,0,0,0,[0|0],710550,[0|0|0|0|0|0|0|0],赛尔维斯喜爱的傀儡。\n能召唤涅斐丽·露的灵魂。\n\n纯真却也因此受挫的战士傀儡。\n双手各持一把鹰斧，能施放雷电风暴的战技。\n\n是原石，才容易受到损伤──\n也因为如此，特别有品味的价值。\n涅斐丽·露是一名战士。
260000,食粪者的傀儡,1,0,[0|0|0],260000,-1,0,0,-1,0,-1,70400,-1,20000610,0,-1,0,482,0,-1,-1,-1,1,0,50,8,2,0,0,34,13,0,0,[0|0],1,1,1,1,1,0,1,0,0,0,0,1,1,0,0,0,0,0,0,0,0,0,0,0,0,-1,-1,-1,-1,-1,-1,-1,-1,1,0,0,1,0,0,0,0,0,0,0,1,0,2,0,1,0,600,40,1,0,0,0,0,2,1,0,-1,118,-1,260001,10100,1850,0,0,0,0,0,0,0,0,0,0,0,0,0,0,0,0,0,[0|0],710550,[0|0|0|0|0|0|0|0],赛尔维斯的其中一种傀儡。\n能召唤食粪者的灵魂。\n\n杀人、玷污人无数，\n用尸体培育温床的诅咒的男性灵魂。\n会挥舞脊椎骨大剑，喊出诅咒咆哮。\n\n食粪者对自己的末路感到绝望。\n这傀儡丑陋无比，充满忌讳──\n但因为那绝望，特别有品味的价值。
260001,食粪者的傀儡＋１,1,0,[0|0|0],260001,-1,0,0,-1,0,-1,70401,-1,20000610,0,-1,0,482,0,-1,-1,-1,1,0,50,8,2,0,0,34,13,0,0,[0|0],1,1,1,1,1,0,1,0,0,0,0,1,1,0,0,0,0,0,0,0,0,0,0,0,0,-1,-1,-1,-1,-1,-1,-1,-1,1,0,0,1,0,0,0,0,0,0,0,1,0,2,0,1,0,600,40,1,0,0,0,0,2,1,0,-1,118,-1,260002,10101,2960,0,0,0,0,0,0,0,0,0,0,0,0,0,0,0,0,0,[0|0],710550,[0|0|0|0|0|0|0|0],赛尔维斯的其中一种傀儡。\n能召唤食粪者的灵魂。\n\n杀人、玷污人无数，\n用尸体培育温床的诅咒的男性灵魂。\n会挥舞脊椎骨大剑，喊出诅咒咆哮。\n\n食粪者对自己的末路感到绝望。\n这傀儡丑陋无比，充满忌讳──\n但因为那绝望，特别有品味的价值。
260002,食粪者的傀儡＋２,1,0,[0|0|0],260002,-1,0,0,-1,0,-1,70402,-1,20000610,0,-1,0,482,0,-1,-1,-1,1,0,50,8,2,0,0,34,13,0,0,[0|0],1,1,1,1,1,0,1,0,0,0,0,1,1,0,0,0,0,0,0,0,0,0,0,0,0,-1,-1,-1,-1,-1,-1,-1,-1,1,0,0,1,0,0,0,0,0,0,0,1,0,2,0,1,0,600,40,1,0,0,0,0,2,1,0,-1,118,-1,260003,10102,4070,0,0,0,0,0,0,0,0,0,0,0,0,0,0,0,0,0,[0|0],710550,[0|0|0|0|0|0|0|0],赛尔维斯的其中一种傀儡。\n能召唤食粪者的灵魂。\n\n杀人、玷污人无数，\n用尸体培育温床的诅咒的男性灵魂。\n会挥舞脊椎骨大剑，喊出诅咒咆哮。\n\n食粪者对自己的末路感到绝望。\n这傀儡丑陋无比，充满忌讳──\n但因为那绝望，特别有品味的价值。
260003,食粪者的傀儡＋３,1,0,[0|0|0],260003,-1,0,0,-1,0,-1,70403,-1,20000610,0,-1,0,482,0,-1,-1,-1,1,0,50,8,2,0,0,34,13,0,0,[0|0],1,1,1,1,1,0,1,0,0,0,0,1,1,0,0,0,0,0,0,0,0,0,0,0,0,-1,-1,-1,-1,-1,-1,-1,-1,1,0,0,1,0,0,0,0,0,0,0,1,0,2,0,1,0,600,40,1,0,0,0,0,2,1,0,-1,118,-1,260004,10103,5180,0,0,0,0,0,0,0,0,0,0,0,0,0,0,0,0,0,[0|0],710550,[0|0|0|0|0|0|0|0],赛尔维斯的其中一种傀儡。\n能召唤食粪者的灵魂。\n\n杀人、玷污人无数，\n用尸体培育温床的诅咒的男性灵魂。\n会挥舞脊椎骨大剑，喊出诅咒咆哮。\n\n食粪者对自己的末路感到绝望。\n这傀儡丑陋无比，充满忌讳──\n但因为那绝望，特别有品味的价值。
260004,食粪者的傀儡＋４,1,0,[0|0|0],260004,-1,0,0,-1,0,-1,70404,-1,20000610,0,-1,0,482,0,-1,-1,-1,1,0,50,8,2,0,0,34,13,0,0,[0|0],1,1,1,1,1,0,1,0,0,0,0,1,1,0,0,0,0,0,0,0,0,0,0,0,0,-1,-1,-1,-1,-1,-1,-1,-1,1,0,0,1,0,0,0,0,0,0,0,1,0,2,0,1,0,600,40,1,0,0,0,0,2,1,0,-1,118,-1,260005,10104,6290,0,0,0,0,0,0,0,0,0,0,0,0,0,0,0,0,0,[0|0],710550,[0|0|0|0|0|0|0|0],赛尔维斯的其中一种傀儡。\n能召唤食粪者的灵魂。\n\n杀人、玷污人无数，\n用尸体培育温床的诅咒的男性灵魂。\n会挥舞脊椎骨大剑，喊出诅咒咆哮。\n\n食粪者对自己的末路感到绝望。\n这傀儡丑陋无比，充满忌讳──\n但因为那绝望，特别有品味的价值。
260005,食粪者的傀儡＋５,1,0,[0|0|0],260005,-1,0,0,-1,0,-1,70405,-1,20000610,0,-1,0,482,0,-1,-1,-1,1,0,50,8,2,0,0,34,13,0,0,[0|0],1,1,1,1,1,0,1,0,0,0,0,1,1,0,0,0,0,0,0,0,0,0,0,0,0,-1,-1,-1,-1,-1,-1,-1,-1,1,0,0,1,0,0,0,0,0,0,0,1,0,2,0,1,0,600,40,1,0,0,0,0,2,1,0,-1,118,-1,260006,10105,7400,0,0,0,0,0,0,0,0,0,0,0,0,0,0,0,0,0,[0|0],710550,[0|0|0|0|0|0|0|0],赛尔维斯的其中一种傀儡。\n能召唤食粪者的灵魂。\n\n杀人、玷污人无数，\n用尸体培育温床的诅咒的男性灵魂。\n会挥舞脊椎骨大剑，喊出诅咒咆哮。\n\n食粪者对自己的末路感到绝望。\n这傀儡丑陋无比，充满忌讳──\n但因为那绝望，特别有品味的价值。
260006,食粪者的傀儡＋６,1,0,[0|0|0],260006,-1,0,0,-1,0,-1,70406,-1,20000610,0,-1,0,482,0,-1,-1,-1,1,0,50,8,2,0,0,34,13,0,0,[0|0],1,1,1,1,1,0,1,0,0,0,0,1,1,0,0,0,0,0,0,0,0,0,0,0,0,-1,-1,-1,-1,-1,-1,-1,-1,1,0,0,1,0,0,0,0,0,0,0,1,0,2,0,1,0,600,40,1,0,0,0,0,2,1,0,-1,118,-1,260007,10106,8510,0,0,0,0,0,0,0,0,0,0,0,0,0,0,0,0,0,[0|0],710550,[0|0|0|0|0|0|0|0],赛尔维斯的其中一种傀儡。\n能召唤食粪者的灵魂。\n\n杀人、玷污人无数，\n用尸体培育温床的诅咒的男性灵魂。\n会挥舞脊椎骨大剑，喊出诅咒咆哮。\n\n食粪者对自己的末路感到绝望。\n这傀儡丑陋无比，充满忌讳──\n但因为那绝望，特别有品味的价值。
260007,食粪者的傀儡＋７,1,0,[0|0|0],260007,-1,0,0,-1,0,-1,70407,-1,20000610,0,-1,0,482,0,-1,-1,-1,1,0,50,8,2,0,0,34,13,0,0,[0|0],1,1,1,1,1,0,1,0,0,0,0,1,1,0,0,0,0,0,0,0,0,0,0,0,0,-1,-1,-1,-1,-1,-1,-1,-1,1,0,0,1,0,0,0,0,0,0,0,1,0,2,0,1,0,600,40,1,0,0,0,0,2,1,0,-1,118,-1,260008,10107,9620,0,0,0,0,0,0,0,0,0,0,0,0,0,0,0,0,0,[0|0],710550,[0|0|0|0|0|0|0|0],赛尔维斯的其中一种傀儡。\n能召唤食粪者的灵魂。\n\n杀人、玷污人无数，\n用尸体培育温床的诅咒的男性灵魂。\n会挥舞脊椎骨大剑，喊出诅咒咆哮。\n\n食粪者对自己的末路感到绝望。\n这傀儡丑陋无比，充满忌讳──\n但因为那绝望，特别有品味的价值。
260008,食粪者的傀儡＋８,1,0,[0|0|0],260008,-1,0,0,-1,0,-1,70408,-1,20000610,0,-1,0,482,0,-1,-1,-1,1,0,50,8,2,0,0,34,13,0,0,[0|0],1,1,1,1,1,0,1,0,0,0,0,1,1,0,0,0,0,0,0,0,0,0,0,0,0,-1,-1,-1,-1,-1,-1,-1,-1,1,0,0,1,0,0,0,0,0,0,0,1,0,2,0,1,0,600,40,1,0,0,0,0,2,1,0,-1,118,-1,260009,10108,10730,0,0,0,0,0,0,0,0,0,0,0,0,0,0,0,0,0,[0|0],710550,[0|0|0|0|0|0|0|0],赛尔维斯的其中一种傀儡。\n能召唤食粪者的灵魂。\n\n杀人、玷污人无数，\n用尸体培育温床的诅咒的男性灵魂。\n会挥舞脊椎骨大剑，喊出诅咒咆哮。\n\n食粪者对自己的末路感到绝望。\n这傀儡丑陋无比，充满忌讳──\n但因为那绝望，特别有品味的价值。
260009,食粪者的傀儡＋９,1,0,[0|0|0],260009,-1,0,0,-1,0,-1,70409,-1,20000610,0,-1,0,482,0,-1,-1,-1,1,0,50,8,2,0,0,34,13,0,0,[0|0],1,1,1,1,1,0,1,0,0,0,0,1,1,0,0,0,0,0,0,0,0,0,0,0,0,-1,-1,-1,-1,-1,-1,-1,-1,1,0,0,1,0,0,0,0,0,0,0,1,0,2,0,1,0,600,40,1,0,0,0,0,2,1,0,-1,118,-1,260010,10109,12950,0,0,0,0,0,0,0,0,0,0,0,0,0,0,0,0,0,[0|0],710550,[0|0|0|0|0|0|0|0],赛尔维斯的其中一种傀儡。\n能召唤食粪者的灵魂。\n\n杀人、玷污人无数，\n用尸体培育温床的诅咒的男性灵魂。\n会挥舞脊椎骨大剑，喊出诅咒咆哮。\n\n食粪者对自己的末路感到绝望。\n这傀儡丑陋无比，充满忌讳──\n但因为那绝望，特别有品味的价值。
260010,食粪者的傀儡＋１０,1,0,[0|0|0],260010,-1,0,0,-1,0,-1,70410,-1,20000610,0,-1,0,482,0,-1,-1,-1,1,0,50,8,2,0,0,34,13,0,0,[0|0],1,1,1,1,1,0,1,0,0,0,0,1,1,0,0,0,0,0,0,0,0,0,0,0,0,-1,-1,-1,-1,-1,-1,-1,-1,1,0,0,1,0,0,0,0,0,0,0,1,0,2,0,1,0,600,40,1,0,0,0,0,2,1,0,-1,118,-1,-1,-1,0,0,0,0,0,0,0,0,0,0,0,0,0,0,0,0,0,0,[0|0],710550,[0|0|0|0|0|0|0|0],赛尔维斯的其中一种傀儡。\n能召唤食粪者的灵魂。\n\n杀人、玷污人无数，\n用尸体培育温床的诅咒的男性灵魂。\n会挥舞脊椎骨大剑，喊出诅咒咆哮。\n\n食粪者对自己的末路感到绝望。\n这傀儡丑陋无比，充满忌讳──\n但因为那绝望，特别有品味的价值。
261000,指头女巫瑟萝莉娜的傀儡,1,0,[0|0|0],261000,-1,0,0,-1,0,-1,70000,-1,20000610,0,-1,0,483,0,-1,-1,-1,1,0,50,8,2,0,0,34,13,0,0,[0|0],1,1,1,1,1,0,1,0,0,0,0,1,1,0,0,0,0,0,0,0,0,0,0,0,0,-1,-1,-1,-1,-1,-1,-1,-1,1,0,0,1,0,0,0,0,0,0,0,1,0,2,0,1,0,600,40,1,0,0,0,0,2,1,0,-1,82,-1,261001,10100,1280,0,0,0,0,0,0,0,0,0,0,0,0,0,0,0,0,0,[0|0],710550,[0|0|0|0|0|0|0|0],赛尔维斯的其中一种傀儡。\n能召唤指头女巫瑟萝莉娜的灵魂。\n\n没有遇到必须引导的褪色者的指头女巫灵魂。\n能执行恢复类的祷告，也会丢掷圣水壶。\n可能是本身性格温和，不太适合战斗。\n\n没有褪色者的女巫，没有女巫陪伴的褪色者──\n引导没有将双方凑在一起。
261001,指头女巫瑟萝莉娜的傀儡＋１,1,0,[0|0|0],261001,-1,0,0,-1,0,-1,70001,-1,20000610,0,-1,0,483,0,-1,-1,-1,1,0,50,8,2,0,0,34,13,0,0,[0|0],1,1,1,1,1,0,1,0,0,0,0,1,1,0,0,0,0,0,0,0,0,0,0,0,0,-1,-1,-1,-1,-1,-1,-1,-1,1,0,0,1,0,0,0,0,0,0,0,1,0,2,0,1,0,600,40,1,0,0,0,0,2,1,0,-1,82,-1,261002,10101,2048,0,0,0,0,0,0,0,0,0,0,0,0,0,0,0,0,0,[0|0],710550,[0|0|0|0|0|0|0|0],赛尔维斯的其中一种傀儡。\n能召唤指头女巫瑟萝莉娜的灵魂。\n\n没有遇到必须引导的褪色者的指头女巫灵魂。\n能执行恢复类的祷告，也会丢掷圣水壶。\n可能是本身性格温和，不太适合战斗。\n\n没有褪色者的女巫，没有女巫陪伴的褪色者──\n引导没有将双方凑在一起。
261002,指头女巫瑟萝莉娜的傀儡＋２,1,0,[0|0|0],261002,-1,0,0,-1,0,-1,70002,-1,20000610,0,-1,0,483,0,-1,-1,-1,1,0,50,8,2,0,0,34,13,0,0,[0|0],1,1,1,1,1,0,1,0,0,0,0,1,1,0,0,0,0,0,0,0,0,0,0,0,0,-1,-1,-1,-1,-1,-1,-1,-1,1,0,0,1,0,0,0,0,0,0,0,1,0,2,0,1,0,600,40,1,0,0,0,0,2,1,0,-1,82,-1,261003,10102,2816,0,0,0,0,0,0,0,0,0,0,0,0,0,0,0,0,0,[0|0],710550,[0|0|0|0|0|0|0|0],赛尔维斯的其中一种傀儡。\n能召唤指头女巫瑟萝莉娜的灵魂。\n\n没有遇到必须引导的褪色者的指头女巫灵魂。\n能执行恢复类的祷告，也会丢掷圣水壶。\n可能是本身性格温和，不太适合战斗。\n\n没有褪色者的女巫，没有女巫陪伴的褪色者──\n引导没有将双方凑在一起。
261003,指头女巫瑟萝莉娜的傀儡＋３,1,0,[0|0|0],261003,-1,0,0,-1,0,-1,70003,-1,20000610,0,-1,0,483,0,-1,-1,-1,1,0,50,8,2,0,0,34,13,0,0,[0|0],1,1,1,1,1,0,1,0,0,0,0,1,1,0,0,0,0,0,0,0,0,0,0,0,0,-1,-1,-1,-1,-1,-1,-1,-1,1,0,0,1,0,0,0,0,0,0,0,1,0,2,0,1,0,600,40,1,0,0,0,0,2,1,0,-1,82,-1,261004,10103,3584,0,0,0,0,0,0,0,0,0,0,0,0,0,0,0,0,0,[0|0],710550,[0|0|0|0|0|0|0|0],赛尔维斯的其中一种傀儡。\n能召唤指头女巫瑟萝莉娜的灵魂。\n\n没有遇到必须引导的褪色者的指头女巫灵魂。\n能执行恢复类的祷告，也会丢掷圣水壶。\n可能是本身性格温和，不太适合战斗。\n\n没有褪色者的女巫，没有女巫陪伴的褪色者──\n引导没有将双方凑在一起。
261004,指头女巫瑟萝莉娜的傀儡＋４,1,0,[0|0|0],261004,-1,0,0,-1,0,-1,70004,-1,20000610,0,-1,0,483,0,-1,-1,-1,1,0,50,8,2,0,0,34,13,0,0,[0|0],1,1,1,1,1,0,1,0,0,0,0,1,1,0,0,0,0,0,0,0,0,0,0,0,0,-1,-1,-1,-1,-1,-1,-1,-1,1,0,0,1,0,0,0,0,0,0,0,1,0,2,0,1,0,600,40,1,0,0,0,0,2,1,0,-1,82,-1,261005,10104,4352,0,0,0,0,0,0,0,0,0,0,0,0,0,0,0,0,0,[0|0],710550,[0|0|0|0|0|0|0|0],赛尔维斯的其中一种傀儡。\n能召唤指头女巫瑟萝莉娜的灵魂。\n\n没有遇到必须引导的褪色者的指头女巫灵魂。\n能执行恢复类的祷告，也会丢掷圣水壶。\n可能是本身性格温和，不太适合战斗。\n\n没有褪色者的女巫，没有女巫陪伴的褪色者──\n引导没有将双方凑在一起。
261005,指头女巫瑟萝莉娜的傀儡＋５,1,0,[0|0|0],261005,-1,0,0,-1,0,-1,70005,-1,20000610,0,-1,0,483,0,-1,-1,-1,1,0,50,8,2,0,0,34,13,0,0,[0|0],1,1,1,1,1,0,1,0,0,0,0,1,1,0,0,0,0,0,0,0,0,0,0,0,0,-1,-1,-1,-1,-1,-1,-1,-1,1,0,0,1,0,0,0,0,0,0,0,1,0,2,0,1,0,600,40,1,0,0,0,0,2,1,0,-1,82,-1,261006,10105,5120,0,0,0,0,0,0,0,0,0,0,0,0,0,0,0,0,0,[0|0],710550,[0|0|0|0|0|0|0|0],赛尔维斯的其中一种傀儡。\n能召唤指头女巫瑟萝莉娜的灵魂。\n\n没有遇到必须引导的褪色者的指头女巫灵魂。\n能执行恢复类的祷告，也会丢掷圣水壶。\n可能是本身性格温和，不太适合战斗。\n\n没有褪色者的女巫，没有女巫陪伴的褪色者──\n引导没有将双方凑在一起。
261006,指头女巫瑟萝莉娜的傀儡＋６,1,0,[0|0|0],261006,-1,0,0,-1,0,-1,70006,-1,20000610,0,-1,0,483,0,-1,-1,-1,1,0,50,8,2,0,0,34,13,0,0,[0|0],1,1,1,1,1,0,1,0,0,0,0,1,1,0,0,0,0,0,0,0,0,0,0,0,0,-1,-1,-1,-1,-1,-1,-1,-1,1,0,0,1,0,0,0,0,0,0,0,1,0,2,0,1,0,600,40,1,0,0,0,0,2,1,0,-1,82,-1,261007,10106,5888,0,0,0,0,0,0,0,0,0,0,0,0,0,0,0,0,0,[0|0],710550,[0|0|0|0|0|0|0|0],赛尔维斯的其中一种傀儡。\n能召唤指头女巫瑟萝莉娜的灵魂。\n\n没有遇到必须引导的褪色者的指头女巫灵魂。\n能执行恢复类的祷告，也会丢掷圣水壶。\n可能是本身性格温和，不太适合战斗。\n\n没有褪色者的女巫，没有女巫陪伴的褪色者──\n引导没有将双方凑在一起。
261007,指头女巫瑟萝莉娜的傀儡＋７,1,0,[0|0|0],261007,-1,0,0,-1,0,-1,70007,-1,20000610,0,-1,0,483,0,-1,-1,-1,1,0,50,8,2,0,0,34,13,0,0,[0|0],1,1,1,1,1,0,1,0,0,0,0,1,1,0,0,0,0,0,0,0,0,0,0,0,0,-1,-1,-1,-1,-1,-1,-1,-1,1,0,0,1,0,0,0,0,0,0,0,1,0,2,0,1,0,600,40,1,0,0,0,0,2,1,0,-1,82,-1,261008,10107,6656,0,0,0,0,0,0,0,0,0,0,0,0,0,0,0,0,0,[0|0],710550,[0|0|0|0|0|0|0|0],赛尔维斯的其中一种傀儡。\n能召唤指头女巫瑟萝莉娜的灵魂。\n\n没有遇到必须引导的褪色者的指头女巫灵魂。\n能执行恢复类的祷告，也会丢掷圣水壶。\n可能是本身性格温和，不太适合战斗。\n\n没有褪色者的女巫，没有女巫陪伴的褪色者──\n引导没有将双方凑在一起。
261008,指头女巫瑟萝莉娜的傀儡＋８,1,0,[0|0|0],261008,-1,0,0,-1,0,-1,70008,-1,20000610,0,-1,0,483,0,-1,-1,-1,1,0,50,8,2,0,0,34,13,0,0,[0|0],1,1,1,1,1,0,1,0,0,0,0,1,1,0,0,0,0,0,0,0,0,0,0,0,0,-1,-1,-1,-1,-1,-1,-1,-1,1,0,0,1,0,0,0,0,0,0,0,1,0,2,0,1,0,600,40,1,0,0,0,0,2,1,0,-1,82,-1,261009,10108,7424,0,0,0,0,0,0,0,0,0,0,0,0,0,0,0,0,0,[0|0],710550,[0|0|0|0|0|0|0|0],赛尔维斯的其中一种傀儡。\n能召唤指头女巫瑟萝莉娜的灵魂。\n\n没有遇到必须引导的褪色者的指头女巫灵魂。\n能执行恢复类的祷告，也会丢掷圣水壶。\n可能是本身性格温和，不太适合战斗。\n\n没有褪色者的女巫，没有女巫陪伴的褪色者──\n引导没有将双方凑在一起。
261009,指头女巫瑟萝莉娜的傀儡＋９,1,0,[0|0|0],261009,-1,0,0,-1,0,-1,70009,-1,20000610,0,-1,0,483,0,-1,-1,-1,1,0,50,8,2,0,0,34,13,0,0,[0|0],1,1,1,1,1,0,1,0,0,0,0,1,1,0,0,0,0,0,0,0,0,0,0,0,0,-1,-1,-1,-1,-1,-1,-1,-1,1,0,0,1,0,0,0,0,0,0,0,1,0,2,0,1,0,600,40,1,0,0,0,0,2,1,0,-1,82,-1,261010,10109,8960,0,0,0,0,0,0,0,0,0,0,0,0,0,0,0,0,0,[0|0],710550,[0|0|0|0|0|0|0|0],赛尔维斯的其中一种傀儡。\n能召唤指头女巫瑟萝莉娜的灵魂。\n\n没有遇到必须引导的褪色者的指头女巫灵魂。\n能执行恢复类的祷告，也会丢掷圣水壶。\n可能是本身性格温和，不太适合战斗。\n\n没有褪色者的女巫，没有女巫陪伴的褪色者──\n引导没有将双方凑在一起。
261010,指头女巫瑟萝莉娜的傀儡＋１０,1,0,[0|0|0],261010,-1,0,0,-1,0,-1,70010,-1,20000610,0,-1,0,483,0,-1,-1,-1,1,0,50,8,2,0,0,34,13,0,0,[0|0],1,1,1,1,1,0,1,0,0,0,0,1,1,0,0,0,0,0,0,0,0,0,0,0,0,-1,-1,-1,-1,-1,-1,-1,-1,1,0,0,1,0,0,0,0,0,0,0,1,0,2,0,1,0,600,40,1,0,0,0,0,2,1,0,-1,82,-1,-1,-1,0,0,0,0,0,0,0,0,0,0,0,0,0,0,0,0,0,0,[0|0],710550,[0|0|0|0|0|0|0|0],赛尔维斯的其中一种傀儡。\n能召唤指头女巫瑟萝莉娜的灵魂。\n\n没有遇到必须引导的褪色者的指头女巫灵魂。\n能执行恢复类的祷告，也会丢掷圣水壶。\n可能是本身性格温和，不太适合战斗。\n\n没有褪色者的女巫，没有女巫陪伴的褪色者──\n引导没有将双方凑在一起。
262000,“深眠之箭”朵罗雷丝的傀儡,1,0,[0|0|0],262000,-1,0,0,-1,0,-1,70200,-1,20000610,0,-1,0,484,0,-1,-1,-1,1,0,50,8,2,0,0,34,13,0,0,[0|0],1,1,1,1,1,0,1,0,0,0,0,1,1,0,0,0,0,0,0,0,0,0,0,0,0,-1,-1,-1,-1,-1,-1,-1,-1,1,0,0,1,0,0,0,0,0,0,0,1,0,2,0,1,0,600,40,1,0,0,0,0,2,1,0,-1,87,-1,262001,10100,1430,0,0,0,0,0,0,0,0,0,0,0,0,0,0,0,0,0,[0|0],710550,[0|0|0|0|0|0|0|0],赛尔维斯喜爱的傀儡。\n能召唤“深眠之箭”朵罗雷丝的灵魂。\n\n被喻为无声猎人的男装丽人灵魂。\n会使用小弓、托莉娜箭。\n\n朵雷罗丝过去曾是圆桌厅堂的成员，\n会批判“百智爵士”的作法，却也是他的朋友。\n她是基甸与赛尔维斯之所以分道扬镳的主因。
262001,“深眠之箭”朵罗雷丝的傀儡＋１,1,0,[0|0|0],262001,-1,0,0,-1,0,-1,70201,-1,20000610,0,-1,0,484,0,-1,-1,-1,1,0,50,8,2,0,0,34,13,0,0,[0|0],1,1,1,1,1,0,1,0,0,0,0,1,1,0,0,0,0,0,0,0,0,0,0,0,0,-1,-1,-1,-1,-1,-1,-1,-1,1,0,0,1,0,0,0,0,0,0,0,1,0,2,0,1,0,600,40,1,0,0,0,0,2,1,0,-1,87,-1,262002,10101,2288,0,0,0,0,0,0,0,0,0,0,0,0,0,0,0,0,0,[0|0],710550,[0|0|0|0|0|0|0|0],赛尔维斯喜爱的傀儡。\n能召唤“深眠之箭”朵罗雷丝的灵魂。\n\n被喻为无声猎人的男装丽人灵魂。\n会使用小弓、托莉娜箭。\n\n朵雷罗丝过去曾是圆桌厅堂的成员，\n会批判“百智爵士”的作法，却也是他的朋友。\n她是基甸与赛尔维斯之所以分道扬镳的主因。
262002,“深眠之箭”朵罗雷丝的傀儡＋２,1,0,[0|0|0],262002,-1,0,0,-1,0,-1,70202,-1,20000610,0,-1,0,484,0,-1,-1,-1,1,0,50,8,2,0,0,34,13,0,0,[0|0],1,1,1,1,1,0,1,0,0,0,0,1,1,0,0,0,0,0,0,0,0,0,0,0,0,-1,-1,-1,-1,-1,-1,-1,-1,1,0,0,1,0,0,0,0,0,0,0,1,0,2,0,1,0,600,40,1,0,0,0,0,2,1,0,-1,87,-1,262003,10102,3146,0,0,0,0,0,0,0,0,0,0,0,0,0,0,0,0,0,[0|0],710550,[0|0|0|0|0|0|0|0],赛尔维斯喜爱的傀儡。\n能召唤“深眠之箭”朵罗雷丝的灵魂。\n\n被喻为无声猎人的男装丽人灵魂。\n会使用小弓、托莉娜箭。\n\n朵雷罗丝过去曾是圆桌厅堂的成员，\n会批判“百智爵士”的作法，却也是他的朋友。\n她是基甸与赛尔维斯之所以分道扬镳的主因。
262003,“深眠之箭”朵罗雷丝的傀儡＋３,1,0,[0|0|0],262003,-1,0,0,-1,0,-1,70203,-1,20000610,0,-1,0,484,0,-1,-1,-1,1,0,50,8,2,0,0,34,13,0,0,[0|0],1,1,1,1,1,0,1,0,0,0,0,1,1,0,0,0,0,0,0,0,0,0,0,0,0,-1,-1,-1,-1,-1,-1,-1,-1,1,0,0,1,0,0,0,0,0,0,0,1,0,2,0,1,0,600,40,1,0,0,0,0,2,1,0,-1,87,-1,262004,10103,4004,0,0,0,0,0,0,0,0,0,0,0,0,0,0,0,0,0,[0|0],710550,[0|0|0|0|0|0|0|0],赛尔维斯喜爱的傀儡。\n能召唤“深眠之箭”朵罗雷丝的灵魂。\n\n被喻为无声猎人的男装丽人灵魂。\n会使用小弓、托莉娜箭。\n\n朵雷罗丝过去曾是圆桌厅堂的成员，\n会批判“百智爵士”的作法，却也是他的朋友。\n她是基甸与赛尔维斯之所以分道扬镳的主因。
262004,“深眠之箭”朵罗雷丝的傀儡＋４,1,0,[0|0|0],262004,-1,0,0,-1,0,-1,70204,-1,20000610,0,-1,0,484,0,-1,-1,-1,1,0,50,8,2,0,0,34,13,0,0,[0|0],1,1,1,1,1,0,1,0,0,0,0,1,1,0,0,0,0,0,0,0,0,0,0,0,0,-1,-1,-1,-1,-1,-1,-1,-1,1,0,0,1,0,0,0,0,0,0,0,1,0,2,0,1,0,600,40,1,0,0,0,0,2,1,0,-1,87,-1,262005,10104,4862,0,0,0,0,0,0,0,0,0,0,0,0,0,0,0,0,0,[0|0],710550,[0|0|0|0|0|0|0|0],赛尔维斯喜爱的傀儡。\n能召唤“深眠之箭”朵罗雷丝的灵魂。\n\n被喻为无声猎人的男装丽人灵魂。\n会使用小弓、托莉娜箭。\n\n朵雷罗丝过去曾是圆桌厅堂的成员，\n会批判“百智爵士”的作法，却也是他的朋友。\n她是基甸与赛尔维斯之所以分道扬镳的主因。
262005,“深眠之箭”朵罗雷丝的傀儡＋５,1,0,[0|0|0],262005,-1,0,0,-1,0,-1,70205,-1,20000610,0,-1,0,484,0,-1,-1,-1,1,0,50,8,2,0,0,34,13,0,0,[0|0],1,1,1,1,1,0,1,0,0,0,0,1,1,0,0,0,0,0,0,0,0,0,0,0,0,-1,-1,-1,-1,-1,-1,-1,-1,1,0,0,1,0,0,0,0,0,0,0,1,0,2,0,1,0,600,40,1,0,0,0,0,2,1,0,-1,87,-1,262006,10105,5720,0,0,0,0,0,0,0,0,0,0,0,0,0,0,0,0,0,[0|0],710550,[0|0|0|0|0|0|0|0],赛尔维斯喜爱的傀儡。\n能召唤“深眠之箭”朵罗雷丝的灵魂。\n\n被喻为无声猎人的男装丽人灵魂。\n会使用小弓、托莉娜箭。\n\n朵雷罗丝过去曾是圆桌厅堂的成员，\n会批判“百智爵士”的作法，却也是他的朋友。\n她是基甸与赛尔维斯之所以分道扬镳的主因。
262006,“深眠之箭”朵罗雷丝的傀儡＋６,1,0,[0|0|0],262006,-1,0,0,-1,0,-1,70206,-1,20000610,0,-1,0,484,0,-1,-1,-1,1,0,50,8,2,0,0,34,13,0,0,[0|0],1,1,1,1,1,0,1,0,0,0,0,1,1,0,0,0,0,0,0,0,0,0,0,0,0,-1,-1,-1,-1,-1,-1,-1,-1,1,0,0,1,0,0,0,0,0,0,0,1,0,2,0,1,0,600,40,1,0,0,0,0,2,1,0,-1,87,-1,262007,10106,6578,0,0,0,0,0,0,0,0,0,0,0,0,0,0,0,0,0,[0|0],710550,[0|0|0|0|0|0|0|0],赛尔维斯喜爱的傀儡。\n能召唤“深眠之箭”朵罗雷丝的灵魂。\n\n被喻为无声猎人的男装丽人灵魂。\n会使用小弓、托莉娜箭。\n\n朵雷罗丝过去曾是圆桌厅堂的成员，\n会批判“百智爵士”的作法，却也是他的朋友。\n她是基甸与赛尔维斯之所以分道扬镳的主因。
262007,“深眠之箭”朵罗雷丝的傀儡＋７,1,0,[0|0|0],262007,-1,0,0,-1,0,-1,70207,-1,20000610,0,-1,0,484,0,-1,-1,-1,1,0,50,8,2,0,0,34,13,0,0,[0|0],1,1,1,1,1,0,1,0,0,0,0,1,1,0,0,0,0,0,0,0,0,0,0,0,0,-1,-1,-1,-1,-1,-1,-1,-1,1,0,0,1,0,0,0,0,0,0,0,1,0,2,0,1,0,600,40,1,0,0,0,0,2,1,0,-1,87,-1,262008,10107,7436,0,0,0,0,0,0,0,0,0,0,0,0,0,0,0,0,0,[0|0],710550,[0|0|0|0|0|0|0|0],赛尔维斯喜爱的傀儡。\n能召唤“深眠之箭”朵罗雷丝的灵魂。\n\n被喻为无声猎人的男装丽人灵魂。\n会使用小弓、托莉娜箭。\n\n朵雷罗丝过去曾是圆桌厅堂的成员，\n会批判“百智爵士”的作法，却也是他的朋友。\n她是基甸与赛尔维斯之所以分道扬镳的主因。
262008,“深眠之箭”朵罗雷丝的傀儡＋８,1,0,[0|0|0],262008,-1,0,0,-1,0,-1,70208,-1,20000610,0,-1,0,484,0,-1,-1,-1,1,0,50,8,2,0,0,34,13,0,0,[0|0],1,1,1,1,1,0,1,0,0,0,0,1,1,0,0,0,0,0,0,0,0,0,0,0,0,-1,-1,-1,-1,-1,-1,-1,-1,1,0,0,1,0,0,0,0,0,0,0,1,0,2,0,1,0,600,40,1,0,0,0,0,2,1,0,-1,87,-1,262009,10108,8294,0,0,0,0,0,0,0,0,0,0,0,0,0,0,0,0,0,[0|0],710550,[0|0|0|0|0|0|0|0],赛尔维斯喜爱的傀儡。\n能召唤“深眠之箭”朵罗雷丝的灵魂。\n\n被喻为无声猎人的男装丽人灵魂。\n会使用小弓、托莉娜箭。\n\n朵雷罗丝过去曾是圆桌厅堂的成员，\n会批判“百智爵士”的作法，却也是他的朋友。\n她是基甸与赛尔维斯之所以分道扬镳的主因。
262009,“深眠之箭”朵罗雷丝的傀儡＋９,1,0,[0|0|0],262009,-1,0,0,-1,0,-1,70209,-1,20000610,0,-1,0,484,0,-1,-1,-1,1,0,50,8,2,0,0,34,13,0,0,[0|0],1,1,1,1,1,0,1,0,0,0,0,1,1,0,0,0,0,0,0,0,0,0,0,0,0,-1,-1,-1,-1,-1,-1,-1,-1,1,0,0,1,0,0,0,0,0,0,0,1,0,2,0,1,0,600,40,1,0,0,0,0,2,1,0,-1,87,-1,262010,10109,10010,0,0,0,0,0,0,0,0,0,0,0,0,0,0,0,0,0,[0|0],710550,[0|0|0|0|0|0|0|0],赛尔维斯喜爱的傀儡。\n能召唤“深眠之箭”朵罗雷丝的灵魂。\n\n被喻为无声猎人的男装丽人灵魂。\n会使用小弓、托莉娜箭。\n\n朵雷罗丝过去曾是圆桌厅堂的成员，\n会批判“百智爵士”的作法，却也是他的朋友。\n她是基甸与赛尔维斯之所以分道扬镳的主因。
262010,“深眠之箭”朵罗雷丝的傀儡＋１０,1,0,[0|0|0],262010,-1,0,0,-1,0,-1,70210,-1,20000610,0,-1,0,484,0,-1,-1,-1,1,0,50,8,2,0,0,34,13,0,0,[0|0],1,1,1,1,1,0,1,0,0,0,0,1,1,0,0,0,0,0,0,0,0,0,0,0,0,-1,-1,-1,-1,-1,-1,-1,-1,1,0,0,1,0,0,0,0,0,0,0,1,0,2,0,1,0,600,40,1,0,0,0,0,2,1,0,-1,87,-1,-1,-1,0,0,0,0,0,0,0,0,0,0,0,0,0,0,0,0,0,0,[0|0],710550,[0|0|0|0|0|0|0|0],赛尔维斯喜爱的傀儡。\n能召唤“深眠之箭”朵罗雷丝的灵魂。\n\n被喻为无声猎人的男装丽人灵魂。\n会使用小弓、托莉娜箭。\n\n朵雷罗丝过去曾是圆桌厅堂的成员，\n会批判“百智爵士”的作法，却也是他的朋友。\n她是基甸与赛尔维斯之所以分道扬镳的主因。
263000,壶男的傀儡,1,0,[0|0|0],263000,-1,0,0,-1,0,-1,70100,-1,20000610,0,-1,0,485,0,-1,-1,-1,1,0,50,8,2,0,0,34,13,0,0,[0|0],1,1,1,1,1,0,1,0,0,0,0,1,1,0,0,0,0,0,0,0,0,0,0,0,0,-1,-1,-1,-1,-1,-1,-1,-1,1,0,0,1,0,0,0,0,0,0,0,1,0,2,0,1,0,600,40,1,0,0,0,0,2,1,0,-1,60,-1,263001,10100,1040,0,0,0,0,0,0,0,0,0,0,0,0,0,0,0,0,0,[0|0],710550,[0|0|0|0|0|0|0|0],赛尔维斯的其中一种傀儡。\n能召唤壶男的灵魂。\n\n想成为活壶内容物的男性灵魂。\n会丢掷各种类的壶，壶中专家。\n\n在过去，战士壶告诉了无名男性：\n　你要成为内容物还嫌太早，继续努力吧。\n　只要肯继续努力，我会去找你。
263001,壶男的傀儡＋１,1,0,[0|0|0],263001,-1,0,0,-1,0,-1,70101,-1,20000610,0,-1,0,485,0,-1,-1,-1,1,0,50,8,2,0,0,34,13,0,0,[0|0],1,1,1,1,1,0,1,0,0,0,0,1,1,0,0,0,0,0,0,0,0,0,0,0,0,-1,-1,-1,-1,-1,-1,-1,-1,1,0,0,1,0,0,0,0,0,0,0,1,0,2,0,1,0,600,40,1,0,0,0,0,2,1,0,-1,60,-1,263002,10101,1664,0,0,0,0,0,0,0,0,0,0,0,0,0,0,0,0,0,[0|0],710550,[0|0|0|0|0|0|0|0],赛尔维斯的其中一种傀儡。\n能召唤壶男的灵魂。\n\n想成为活壶内容物的男性灵魂。\n会丢掷各种类的壶，壶中专家。\n\n在过去，战士壶告诉了无名男性：\n　你要成为内容物还嫌太早，继续努力吧。\n　只要肯继续努力，我会去找你。
263002,壶男的傀儡＋２,1,0,[0|0|0],263002,-1,0,0,-1,0,-1,70102,-1,20000610,0,-1,0,485,0,-1,-1,-1,1,0,50,8,2,0,0,34,13,0,0,[0|0],1,1,1,1,1,0,1,0,0,0,0,1,1,0,0,0,0,0,0,0,0,0,0,0,0,-1,-1,-1,-1,-1,-1,-1,-1,1,0,0,1,0,0,0,0,0,0,0,1,0,2,0,1,0,600,40,1,0,0,0,0,2,1,0,-1,60,-1,263003,10102,2288,0,0,0,0,0,0,0,0,0,0,0,0,0,0,0,0,0,[0|0],710550,[0|0|0|0|0|0|0|0],赛尔维斯的其中一种傀儡。\n能召唤壶男的灵魂。\n\n想成为活壶内容物的男性灵魂。\n会丢掷各种类的壶，壶中专家。\n\n在过去，战士壶告诉了无名男性：\n　你要成为内容物还嫌太早，继续努力吧。\n　只要肯继续努力，我会去找你。
263003,壶男的傀儡＋３,1,0,[0|0|0],263003,-1,0,0,-1,0,-1,70103,-1,20000610,0,-1,0,485,0,-1,-1,-1,1,0,50,8,2,0,0,34,13,0,0,[0|0],1,1,1,1,1,0,1,0,0,0,0,1,1,0,0,0,0,0,0,0,0,0,0,0,0,-1,-1,-1,-1,-1,-1,-1,-1,1,0,0,1,0,0,0,0,0,0,0,1,0,2,0,1,0,600,40,1,0,0,0,0,2,1,0,-1,60,-1,263004,10103,2912,0,0,0,0,0,0,0,0,0,0,0,0,0,0,0,0,0,[0|0],710550,[0|0|0|0|0|0|0|0],赛尔维斯的其中一种傀儡。\n能召唤壶男的灵魂。\n\n想成为活壶内容物的男性灵魂。\n会丢掷各种类的壶，壶中专家。\n\n在过去，战士壶告诉了无名男性：\n　你要成为内容物还嫌太早，继续努力吧。\n　只要肯继续努力，我会去找你。
263004,壶男的傀儡＋４,1,0,[0|0|0],263004,-1,0,0,-1,0,-1,70104,-1,20000610,0,-1,0,485,0,-1,-1,-1,1,0,50,8,2,0,0,34,13,0,0,[0|0],1,1,1,1,1,0,1,0,0,0,0,1,1,0,0,0,0,0,0,0,0,0,0,0,0,-1,-1,-1,-1,-1,-1,-1,-1,1,0,0,1,0,0,0,0,0,0,0,1,0,2,0,1,0,600,40,1,0,0,0,0,2,1,0,-1,60,-1,263005,10104,3536,0,0,0,0,0,0,0,0,0,0,0,0,0,0,0,0,0,[0|0],710550,[0|0|0|0|0|0|0|0],赛尔维斯的其中一种傀儡。\n能召唤壶男的灵魂。\n\n想成为活壶内容物的男性灵魂。\n会丢掷各种类的壶，壶中专家。\n\n在过去，战士壶告诉了无名男性：\n　你要成为内容物还嫌太早，继续努力吧。\n　只要肯继续努力，我会去找你。
263005,壶男的傀儡＋５,1,0,[0|0|0],263005,-1,0,0,-1,0,-1,70105,-1,20000610,0,-1,0,485,0,-1,-1,-1,1,0,50,8,2,0,0,34,13,0,0,[0|0],1,1,1,1,1,0,1,0,0,0,0,1,1,0,0,0,0,0,0,0,0,0,0,0,0,-1,-1,-1,-1,-1,-1,-1,-1,1,0,0,1,0,0,0,0,0,0,0,1,0,2,0,1,0,600,40,1,0,0,0,0,2,1,0,-1,60,-1,263006,10105,4160,0,0,0,0,0,0,0,0,0,0,0,0,0,0,0,0,0,[0|0],710550,[0|0|0|0|0|0|0|0],赛尔维斯的其中一种傀儡。\n能召唤壶男的灵魂。\n\n想成为活壶内容物的男性灵魂。\n会丢掷各种类的壶，壶中专家。\n\n在过去，战士壶告诉了无名男性：\n　你要成为内容物还嫌太早，继续努力吧。\n　只要肯继续努力，我会去找你。
263006,壶男的傀儡＋６,1,0,[0|0|0],263006,-1,0,0,-1,0,-1,70106,-1,20000610,0,-1,0,485,0,-1,-1,-1,1,0,50,8,2,0,0,34,13,0,0,[0|0],1,1,1,1,1,0,1,0,0,0,0,1,1,0,0,0,0,0,0,0,0,0,0,0,0,-1,-1,-1,-1,-1,-1,-1,-1,1,0,0,1,0,0,0,0,0,0,0,1,0,2,0,1,0,600,40,1,0,0,0,0,2,1,0,-1,60,-1,263007,10106,4784,0,0,0,0,0,0,0,0,0,0,0,0,0,0,0,0,0,[0|0],710550,[0|0|0|0|0|0|0|0],赛尔维斯的其中一种傀儡。\n能召唤壶男的灵魂。\n\n想成为活壶内容物的男性灵魂。\n会丢掷各种类的壶，壶中专家。\n\n在过去，战士壶告诉了无名男性：\n　你要成为内容物还嫌太早，继续努力吧。\n　只要肯继续努力，我会去找你。
263007,壶男的傀儡＋７,1,0,[0|0|0],263007,-1,0,0,-1,0,-1,70107,-1,20000610,0,-1,0,485,0,-1,-1,-1,1,0,50,8,2,0,0,34,13,0,0,[0|0],1,1,1,1,1,0,1,0,0,0,0,1,1,0,0,0,0,0,0,0,0,0,0,0,0,-1,-1,-1,-1,-1,-1,-1,-1,1,0,0,1,0,0,0,0,0,0,0,1,0,2,0,1,0,600,40,1,0,0,0,0,2,1,0,-1,60,-1,263008,10107,5408,0,0,0,0,0,0,0,0,0,0,0,0,0,0,0,0,0,[0|0],710550,[0|0|0|0|0|0|0|0],赛尔维斯的其中一种傀儡。\n能召唤壶男的灵魂。\n\n想成为活壶内容物的男性灵魂。\n会丢掷各种类的壶，壶中专家。\n\n在过去，战士壶告诉了无名男性：\n　你要成为内容物还嫌太早，继续努力吧。\n　只要肯继续努力，我会去找你。
263008,壶男的傀儡＋８,1,0,[0|0|0],263008,-1,0,0,-1,0,-1,70108,-1,20000610,0,-1,0,485,0,-1,-1,-1,1,0,50,8,2,0,0,34,13,0,0,[0|0],1,1,1,1,1,0,1,0,0,0,0,1,1,0,0,0,0,0,0,0,0,0,0,0,0,-1,-1,-1,-1,-1,-1,-1,-1,1,0,0,1,0,0,0,0,0,0,0,1,0,2,0,1,0,600,40,1,0,0,0,0,2,1,0,-1,60,-1,263009,10108,6032,0,0,0,0,0,0,0,0,0,0,0,0,0,0,0,0,0,[0|0],710550,[0|0|0|0|0|0|0|0],赛尔维斯的其中一种傀儡。\n能召唤壶男的灵魂。\n\n想成为活壶内容物的男性灵魂。\n会丢掷各种类的壶，壶中专家。\n\n在过去，战士壶告诉了无名男性：\n　你要成为内容物还嫌太早，继续努力吧。\n　只要肯继续努力，我会去找你。
263009,壶男的傀儡＋９,1,0,[0|0|0],263009,-1,0,0,-1,0,-1,70109,-1,20000610,0,-1,0,485,0,-1,-1,-1,1,0,50,8,2,0,0,34,13,0,0,[0|0],1,1,1,1,1,0,1,0,0,0,0,1,1,0,0,0,0,0,0,0,0,0,0,0,0,-1,-1,-1,-1,-1,-1,-1,-1,1,0,0,1,0,0,0,0,0,0,0,1,0,2,0,1,0,600,40,1,0,0,0,0,2,1,0,-1,60,-1,263010,10109,7280,0,0,0,0,0,0,0,0,0,0,0,0,0,0,0,0,0,[0|0],710550,[0|0|0|0|0|0|0|0],赛尔维斯的其中一种傀儡。\n能召唤壶男的灵魂。\n\n想成为活壶内容物的男性灵魂。\n会丢掷各种类的壶，壶中专家。\n\n在过去，战士壶告诉了无名男性：\n　你要成为内容物还嫌太早，继续努力吧。\n　只要肯继续努力，我会去找你。
263010,壶男的傀儡＋１０,1,0,[0|0|0],263010,-1,0,0,-1,0,-1,70110,-1,20000610,0,-1,0,485,0,-1,-1,-1,1,0,50,8,2,0,0,34,13,0,0,[0|0],1,1,1,1,1,0,1,0,0,0,0,1,1,0,0,0,0,0,0,0,0,0,0,0,0,-1,-1,-1,-1,-1,-1,-1,-1,1,0,0,1,0,0,0,0,0,0,0,1,0,2,0,1,0,600,40,1,0,0,0,0,2,1,0,-1,60,-1,-1,-1,0,0,0,0,0,0,0,0,0,0,0,0,0,0,0,0,0,0,[0|0],710550,[0|0|0|0|0|0|0|0],赛尔维斯的其中一种傀儡。\n能召唤壶男的灵魂。\n\n想成为活壶内容物的男性灵魂。\n会丢掷各种类的壶，壶中专家。\n\n在过去，战士壶告诉了无名男性：\n　你要成为内容物还嫌太早，继续努力吧。\n　只要肯继续努力，我会去找你。
2000300,大火焰壶,0,0,[0|0|0],210030000,5,0,0,-1,0,-1,2031,-1,-1,0,4,0,710,0,-1,-1,-1,10,0,50,0,1,0,0,67,0,0,0,[0|0],1,1,1,1,1,0,1,1,0,0,0,1,1,0,0,0,0,0,0,1,0,0,0,1,0,-1,930000,-1,-1,-1,300810,-1,-1,1,0,0,1,0,0,0,0,0,2,0,1,0,2,0,1,0,600,30,0,0,1,0,0,0,0,0,10000000,0,-1,-1,-1,0,0,0,0,0,0,0,0,0,0,0,0,0,0,0,0,0,0,[0|0],710580,[0|0|0|0|0|0|0|0],使用大龟裂壶制作的其中一项道具。\n大壶内封着各种混和材料，能借此产生火焰。\n\n能丢向敌人，给予更大幅火属性伤害。
2000310,大岩石壶,0,0,[0|0|0],210031000,5,0,0,-1,0,-1,2158,-1,-1,0,4,0,711,0,-1,-1,-1,10,0,50,0,1,0,0,67,0,0,0,[0|0],1,1,1,1,1,0,1,1,0,0,0,1,1,0,0,0,0,0,0,1,0,0,0,1,0,-1,931000,-1,-1,-1,300820,-1,-1,1,0,0,1,0,0,0,0,0,2,0,1,0,2,0,1,0,600,30,0,0,1,0,0,0,0,0,10000000,0,-1,-1,-1,0,0,0,0,0,0,0,0,0,0,0,0,0,0,0,0,0,0,[0|0],710580,[0|0|0|0|0|0|0|0],使用大龟裂壶制作的其中一项道具。\n只塞满碎裂岩石的大壶。\n\n能丢向敌人，给予大幅伤害。
2000320,大雷电壶,0,0,[0|0|0],210032000,5,0,0,-1,0,-1,2071,-1,-1,0,4,0,712,0,-1,-1,-1,10,0,50,0,1,0,0,67,0,0,0,[0|0],1,1,1,1,1,0,1,1,0,0,0,1,1,0,0,0,0,0,0,1,0,0,0,1,0,-1,932000,-1,-1,-1,300830,-1,-1,1,0,0,1,0,0,0,0,0,2,0,1,0,2,0,1,0,600,30,0,0,1,0,0,0,0,0,10000000,0,-1,-1,-1,0,0,0,0,0,0,0,0,0,0,0,0,0,0,0,0,0,0,[0|0],710580,[0|0|0|0|0|0|0|0],使用大龟裂壶制作的其中一项道具。\n大壶内封着各种混和材料，能借此产生雷电。\n\n能丢向敌人，给予更大幅雷属性伤害。
2000330,大粪便壶,0,0,[0|0|0],210033000,5,0,0,-1,0,-1,2111,-1,-1,0,4,0,713,0,-1,-1,-1,10,0,50,0,1,0,0,67,0,0,0,[0|0],1,1,1,1,1,0,1,1,0,0,0,1,1,0,0,0,0,0,0,1,0,0,0,1,0,-1,933000,-1,-1,-1,300850,-1,-1,1,0,0,1,0,0,0,0,0,2,0,1,0,2,0,1,0,600,30,0,0,1,0,0,0,0,0,10000000,0,-1,-1,-1,0,0,0,0,0,0,0,0,0,0,0,0,0,0,0,0,0,0,[0|0],710580,[0|0|0|0|0|0|0|0],使用大龟裂壶制作的其中一项道具。\n大壶内封着混和排泄物等等的材料，\n经发酵后产生毒素与恶臭，从壶内大量飘出。\n\n能丢向敌人，大量累积剧毒。\n\n拿着此壶也会逐渐累积剧毒毒素──\n正所谓害人亦害己，\n利用粪便当武器将难以全身而退。
2000340,大苍蝇壶,0,0,[0|0|0],210034000,5,0,0,-1,0,-1,2131,-1,-1,0,4,0,714,0,-1,-1,-1,10,0,50,0,1,0,0,67,0,0,0,[0|0],1,1,1,1,1,0,1,1,0,0,0,1,1,0,0,0,0,0,0,1,0,0,0,1,0,-1,934000,-1,-1,-1,300860,-1,-1,1,0,0,1,0,0,0,0,0,2,0,1,0,2,0,1,0,600,30,0,0,1,0,0,0,0,0,10000000,0,-1,-1,-1,0,0,0,0,0,0,0,0,0,0,0,0,0,0,0,0,0,0,[0|0],710580,[0|0|0|0|0|0|0|0],使用大龟裂壶制作的其中一项道具。\n大壶内封着混和排泄物等等的材料。\n\n能丢向敌人，招来一大群血蝇攻击。\n蝇群给予伤害的同时，也能大幅累积出血量表。\n振翅的声音会使发狂士兵抓狂。\n\n排泄物内的蛆会以血为食，长成苍蝇。\n此种苍蝇相当凶猛，却也短命得令人生怜。
2000360,大结冰壶,0,0,[0|0|0],210036000,5,0,0,-1,0,-1,2141,-1,-1,0,4,0,716,0,-1,-1,-1,10,0,50,0,1,0,0,67,0,0,0,[0|0],1,1,1,1,1,0,1,1,0,0,0,1,1,0,0,0,0,0,0,1,0,0,0,1,0,-1,-1,-1,-1,-1,300870,-1,-1,1,0,0,1,0,0,0,0,0,2,0,1,0,2,0,1,0,600,30,0,0,1,0,0,0,0,0,10000000,0,-1,-1,-1,0,0,0,0,0,0,0,0,0,0,0,0,0,0,0,0,0,0,[0|0],710580,[0|0|0|0|0|0|0|0],使用大龟裂壶制作的其中一项道具。\n大壶内封着各种混和的结冰材料。\n\n能丢向敌人，大幅累积冻伤量表。
2000370,大毒壶,0,0,[0|0|0],210037000,5,0,0,-1,0,-1,2101,-1,-1,0,4,0,717,0,-1,-1,-1,10,0,50,0,1,0,0,67,0,0,0,[0|0],1,1,1,1,1,0,1,1,0,0,0,1,1,0,0,0,0,0,0,1,0,0,0,1,0,-1,937000,-1,-1,-1,300840,-1,-1,1,0,0,1,0,0,0,0,0,2,0,1,0,2,0,1,0,600,30,0,0,1,0,0,0,0,0,10000000,0,-1,-1,-1,0,0,0,0,0,0,0,0,0,0,0,0,0,0,0,0,0,0,[0|0],710580,[0|0|0|0|0|0|0|0],使用大龟裂壶制作的其中一项道具。\n大壶内封着各种混和的有毒材料。\n\n能丢向敌人，大幅累积中毒量表。
2000380,大油壶,0,0,[0|0|0],210038000,5,0,0,-1,0,-1,2034,-1,-1,0,4,0,718,0,-1,-1,-1,10,0,50,0,1,0,0,67,0,0,0,[0|0],1,1,1,1,1,0,1,1,0,0,0,1,1,0,0,0,0,0,0,1,0,0,0,1,0,-1,-1,-1,-1,-1,300880,-1,-1,1,0,0,1,0,0,0,0,0,2,0,1,0,2,0,1,0,600,30,0,0,1,0,0,0,0,0,10000000,0,-1,-1,-1,0,0,0,0,0,0,0,0,0,0,0,0,0,0,0,0,0,0,[0|0],710580,[0|0|0|0|0|0|0|0],使用大龟裂壶制作的其中一项道具。\n大壶内封着各种混和的含油材料。\n\n能丢向敌人，让对方更加浑身油污。\n\n当敌人更加浑身油污时，\n能更大幅提升给予对方的火属性伤害。
2000600,大火山壶,0,0,[0|0|0],210060000,5,0,0,-1,0,-1,2161,-1,-1,0,4,0,719,0,-1,-1,-1,10,0,50,0,1,0,0,67,0,0,0,[0|0],1,1,1,1,1,0,1,1,0,0,0,1,1,0,0,0,0,0,0,1,0,0,0,1,0,-1,960000,-1,-1,-1,300890,-1,-1,1,0,0,1,0,0,0,0,0,2,0,1,0,2,0,1,0,600,30,0,0,1,0,0,0,0,0,10000000,0,-1,-1,-1,0,0,0,0,0,0,0,0,0,0,0,0,0,0,0,0,0,0,[0|0],710580,[0|0|0|0|0|0|0|0],使用大龟裂壶制作的其中一项道具。\n大壶内封着敲碎的高温燃气石。\n\n能丢向敌人，产生强烈热气，\n给予接触到的人物大幅火属性伤害。\n热气会在原地短暂停留。
2000620,大癫火壶,0,0,[0|0|0],210062000,5,0,0,-1,0,-1,2157,-1,-1,0,4,0,721,0,-1,-1,-1,10,0,50,0,1,0,0,67,0,0,0,[0|0],1,1,1,1,1,0,1,1,0,0,0,1,1,0,0,0,0,0,0,1,0,0,0,1,0,-1,962000,-1,-1,-1,300920,-1,-1,1,0,0,1,0,0,0,0,0,2,0,1,0,2,0,1,0,600,30,0,0,1,0,0,1,0,0,10000000,0,-1,-1,-1,0,0,0,0,0,0,0,0,0,0,0,0,0,0,0,0,0,0,[0|0],710580,[0|0|0|0|0|0|0|0],使用大龟裂壶制作的其中一项道具。\n大壶内封着各种混和的癫火材料。\n\n能丢向敌人，大幅累积发狂量表。\n\n癫火烧熔双眼，带来心灵平静──\n此为给予救赎的壶。
2000650,大怨魂壶,0,0,[0|0|0],210065000,5,0,0,-1,0,-1,2171,-1,-1,0,4,0,724,0,-1,-1,-1,10,0,50,0,1,0,0,67,0,0,0,[0|0],1,1,1,1,1,0,1,1,0,0,0,1,1,0,0,0,0,0,0,1,0,0,0,1,0,-1,965000,-1,-1,-1,300950,-1,-1,1,0,0,1,0,0,0,0,0,2,0,1,0,2,0,1,0,600,30,0,0,1,0,0,0,0,0,10000000,11,-1,-1,-1,0,0,0,0,0,0,0,0,0,0,0,0,0,0,0,0,0,0,[0|0],710580,[0|0|0|0|0|0|0|0],使用大龟裂壶制作的其中一项道具。\n执行过古老死亡咒术的大壶。\n\n能消耗专注值丢向敌人，\n形成穷追不舍的大量怨魂群。\n\n在远古时代，死亡会受灵火洗礼，\n据说怨魂是灵火燃烧后的残渣。
2000660,大魔力壶,0,0,[0|0|0],210066000,5,0,0,-1,0,-1,2051,-1,-1,0,4,0,725,0,-1,-1,-1,10,0,50,0,1,0,0,67,0,0,0,[0|0],1,1,1,1,1,0,1,1,0,0,0,1,1,0,0,0,0,0,0,1,0,0,0,1,0,-1,966000,-1,-1,-1,300960,-1,-1,1,0,0,1,0,0,0,0,0,2,0,1,0,2,0,1,0,600,30,0,0,1,0,0,0,0,0,10000000,9,-1,-1,-1,0,0,0,0,0,0,0,0,0,0,0,0,0,0,0,0,0,0,[0|0],710580,[0|0|0|0|0|0|0|0],使用大龟裂壶制作的其中一项道具。\n大壶内封着各种混和材料，能借此产生魔力。\n\n能丢向敌人，给予更大幅魔力属性伤害。
2000670,大腐败壶,0,0,[0|0|0],210067000,5,0,0,-1,0,-1,2121,-1,-1,0,4,0,726,0,-1,-1,-1,10,0,50,0,1,0,0,67,0,0,0,[0|0],1,1,1,1,1,0,1,1,0,0,0,1,1,0,0,0,0,0,0,1,0,0,0,1,0,-1,-1,-1,-1,-1,300900,-1,-1,1,0,0,1,0,0,0,0,0,2,0,1,0,2,0,1,0,600,30,0,0,1,0,0,1,0,0,10000000,0,-1,-1,-1,0,0,0,0,0,0,0,0,0,0,0,0,0,0,0,0,0,0,[0|0],710580,[0|0|0|0|0|0|0|0],使用大龟裂壶制作的其中一项道具。\n大壶内封着各种混和的腐败材料。\n\n能丢向敌人，大幅累积猩红腐败量表。\n\n腐败是其中一种外在神祇的为神本质。\n犹如恐怖的瘟疫，侵蚀着生命。
2000680,大燃炉壶,0,0,[0|0|0],210068000,5,0,0,-1,0,-1,2032,-1,-1,0,4,0,3810,0,-1,-1,-1,10,0,50,0,1,0,0,67,0,0,0,[0|0],1,1,1,1,1,0,1,1,0,0,0,1,1,0,0,0,0,0,0,1,0,0,0,1,0,-1,968000,-1,-1,-1,300990,-1,-1,1,0,0,1,0,0,0,0,0,2,0,1,0,2,0,1,0,600,30,0,0,1,0,0,1,0,0,10000000,0,-1,-1,-1,0,0,0,0,0,0,0,0,0,0,0,0,0,0,0,0,0,0,[0|0],710580,[0|0|0|0|0|0|0|0],使用大龟裂壶制作的其中一项道具。\n执行过燃炉咒术的大壶。\n\n能丢向敌人，形成漩涡状火焰。\n\n燃炉火焰能连同灵魂，将人燃烧殆尽。\n因此在焚烧污秽时，会称作净化。
2000690,大红雷壶,0,0,[0|0|0],210069000,5,0,0,-1,0,-1,2076,-1,-1,0,4,0,807,0,-1,-1,-1,10,0,50,0,1,0,0,67,0,0,0,[0|0],1,1,1,1,1,0,1,1,0,0,0,1,1,0,0,0,0,0,0,1,0,0,0,1,0,-1,969000,-1,-1,-1,300970,-1,-1,1,0,0,1,0,0,0,0,0,2,0,1,0,2,0,1,0,600,30,0,0,1,0,0,1,0,0,10000000,0,-1,-1,-1,0,0,0,0,0,0,0,0,0,0,0,0,0,0,0,0,0,0,[0|0],710580,[0|0|0|0|0|0|0|0],使用大龟裂壶制作的其中一项道具。\n大壶内封着各种混和材料，能借此产生红雷。\n\n能丢向敌人，给予大幅雷属性伤害，\n范围遍及周围的敌人。\n\n据说背叛王、投入暴君麾下的古龙，\n它们的红雷招式具有蔓延特性。
2000700,红雷壶,0,0,[0|0|0],210070000,5,0,0,-1,0,-1,2075,-1,-1,0,3,0,745,0,-1,-1,-1,10,0,50,0,1,0,0,3,0,0,0,[0|0],1,1,1,1,1,0,1,1,0,0,0,1,1,0,0,0,0,0,0,1,0,0,0,1,0,-1,970000,-1,-1,-1,300450,-1,-1,1,0,0,1,0,0,0,0,0,2,0,1,0,2,0,1,0,600,30,0,0,1,0,0,1,0,0,10000000,0,-1,-1,-1,0,0,0,0,0,0,0,0,0,0,0,0,0,0,0,0,0,0,[0|0],710580,[0|0|0|0|0|0|0|0],使用仪式壶制作的其中一项道具。\n壶内封着各种混和材料，能借此产生红雷。\n\n能丢向敌人，给予雷属性伤害，\n范围遍及周围的敌人。\n\n据说背叛王、投入暴君麾下的古龙，\n它们的红雷招式具有蔓延特性。
2000710,癫火壶,0,0,[0|0|0],210071000,5,0,0,-1,0,-1,2156,-1,-1,0,1,0,751,0,-1,-1,-1,10,0,50,0,1,0,0,3,0,0,0,[0|0],1,1,1,1,1,0,1,1,0,0,0,1,1,0,0,0,0,0,0,1,0,0,0,1,0,-1,971000,-1,-1,-1,300460,-1,-1,1,0,0,1,0,0,0,0,0,2,0,1,0,2,0,1,0,600,30,0,0,1,0,0,1,0,0,10000000,0,-1,-1,-1,0,0,0,0,0,0,0,0,0,0,0,0,0,0,0,0,0,0,[0|0],710580,[0|0|0|0|0|0|0|0],使用龟裂壶制作的其中一项道具。\n壶内封着各种混和的癫火材料。\n\n能丢向敌人，累积发狂量表。\n\n癫火烧熔双眼，带来心灵平静──\n此为给予救赎的壶。
2000740,永眠壶,0,0,[0|0|0],210074000,-1,0,0,-1,0,-1,2155,-1,-1,0,3,0,809,0,-1,-1,-1,10,0,50,0,1,0,0,42,0,0,0,[0|0],1,1,1,1,1,0,1,1,0,0,0,1,1,0,0,0,0,0,0,1,0,0,0,1,0,-1,864000,-1,-1,-1,300390,-1,-1,1,0,0,1,0,0,0,0,0,2,0,1,0,2,0,1,0,600,30,0,0,1,0,0,1,0,0,10000000,20,-1,-1,-1,0,0,0,0,0,0,0,0,0,0,0,0,0,0,0,0,0,0,[0|0],0,[0|0|0|0|0|0|0|0],使用仪式壶制作的其中一项道具。\n执行过圣女托莉娜祷告的壶。\n\n能消耗专注值丢向敌人，累积永眠量表。\n\n当坠入那深沉酣眠，\n太过弱小的，将不复苏醒。
2000760,附绳癫火壶,0,0,[0|0|0],210076000,5,0,0,-1,0,-1,2295,-1,-1,0,1,0,808,0,-1,-1,-1,10,0,50,0,1,0,0,20,0,0,0,[0|0],1,1,1,1,1,0,1,1,0,0,0,1,1,0,0,0,0,0,0,1,0,0,0,1,0,-1,976000,-1,-1,-1,300325,-1,-1,1,0,0,1,0,0,0,0,0,2,0,1,0,2,0,1,0,600,30,0,0,1,0,0,1,0,0,10000000,0,-1,-1,-1,0,0,0,0,0,0,0,0,0,0,0,0,0,0,0,0,0,0,[0|0],0,[0|0|0|0|0|0|0|0],使用龟裂壶制作的其中一项道具。\n壶内封着各种混和的癫火材料。\n壶口绑着丢掷用的短绳。\n\n能丢向背后的敌人，累积发狂量表。\n\n癫火烧熔双眼，带来心灵平静──\n此为给予救赎的壶。
2000800,灵力果干,0,0,[0|0|0],210080000,1,0,0,10,0,-1,7025,-1,-1,0,-1,0,766,0,-1,-1,-1,30,0,50,0,1,0,0,56,0,0,0,[0|0],1,1,1,1,1,0,1,1,0,0,0,1,1,0,0,0,0,0,0,0,1,0,0,0,0,-1,-1,-1,-1,-1,-1,-1,-1,1,0,0,1,0,0,0,0,0,2,1,1,0,2,0,1,1,600,80,1,0,1,0,0,0,0,0,30000000,0,-1,-1,-1,0,0,0,0,0,0,0,0,0,0,0,0,0,0,0,0,0,0,[0|0],0,[0|0|0|0|0|0|0|0],曝晒拉答果实，干燥处理后的成品。\n能够制作的其中一项道具。\n\n在骑马时喂给灵马托雷特，\n奔驰时，将变得能推动敌人。\n一定时间后，效果会消失。\n\n原本是用于提升灵性力量的苦药。\n托雷特看起来很满意。
2000900,玛莉卡的赐福,0,0,[0|0|0],20500900,12,0,0,500,0,-1,540,-1,-1,0,-1,0,756,0,-1,-1,-1,1,0,50,0,2,0,7,45,0,0,0,[0|0],1,1,1,1,1,0,1,1,0,0,0,1,1,0,0,0,0,0,0,0,0,0,0,0,0,-1,-1,-1,-1,-1,340090,340091,-1,1,0,1,1,0,0,0,0,0,2,1,1,0,2,0,1,0,600,10,1,0,0,0,0,3,0,0,30000000,0,-1,-1,-1,0,0,0,0,0,0,0,0,0,0,0,0,0,0,0,0,0,0,[0|0],0,[0|0|0|0|0|0|0|0],据说是黄金树女王玛莉卡\n亲自施予赐福的特殊灵药。\n\n能完全恢复血量，治愈所有异常状态。\n\n玛莉卡为了梅瑟莫制作数瓶灵药，\n但在那之后，不曾再动手制作。
2000910,半梦树枝,0,0,[0|0|0],20500910,12,0,0,200,0,-1,535,-1,-1,0,-1,0,770,0,-1,-1,-1,10,0,50,0,2,0,0,15,0,0,0,[0|0],1,1,1,1,1,0,1,1,0,0,0,1,1,0,0,0,0,0,0,0,0,0,0,0,0,-1,-1,-1,-1,-1,340000,340001,-1,1,0,1,1,0,0,0,0,0,2,1,1,0,2,0,1,0,600,10,1,0,1,0,0,1,0,0,30000000,0,-1,-1,-1,0,0,0,0,0,0,0,0,0,0,0,0,0,0,0,0,0,0,[0|0],0,[0|0|0|0|0|0|0|0],执行过暗紫祷告的树枝。\n能够制作的其中一项道具。\n\n能刺向自己，缓慢累积催眠量表，\n同时间也缓慢恢复专注值。\n\n催眠量表的累积突破界限后，\n意识会瞬间模糊，但不会减少专注值。\n\n有些意识，需要在半梦半醒间才会觉察；\n有些记忆也会借此从心底浮现。
2001100,龙飨肉块,0,0,[0|0|0],20501100,65,0,0,300,0,-1,1201,-1,-1,0,-1,0,771,0,-1,-1,-1,10,0,50,0,2,0,0,26,0,0,0,[0|0],1,1,1,1,1,0,1,1,0,0,0,1,1,0,0,0,0,0,0,0,0,0,0,0,0,-1,-1,-1,-1,-1,340140,300561,-1,1,0,1,1,0,0,0,0,0,2,1,1,0,2,0,1,0,999,20,1,0,1,0,0,1,0,0,30000000,0,-1,-1,-1,0,0,0,0,0,0,0,0,0,0,0,0,0,0,0,0,0,0,[0|0],0,[0|0|0|0|0|0|0|0],持续带有热度的野兽肉块。\n能够制作的其中一项道具。\n\n能提升生命力、耐力、力气、灵巧，\n但会缓慢减少血量。\n\n透过人为力量重现的逆鳞肉块，\n能暂时满足龙战士的渴望。
2001105,逆鳞肉块,0,0,[0|0|0],20501105,65,0,0,300,0,-1,1202,-1,-1,0,-1,0,822,0,-1,-1,-1,10,0,50,0,2,0,0,26,0,0,0,[0|0],1,1,1,1,1,0,1,1,0,0,0,1,1,0,0,0,0,0,0,0,0,0,0,0,0,-1,-1,-1,-1,-1,340010,300561,-1,1,0,1,1,0,0,0,0,0,2,1,1,0,2,0,1,0,999,20,1,0,0,0,0,2,0,0,30000000,0,-1,-1,-1,0,0,0,0,0,0,0,0,0,0,0,0,0,0,0,0,0,0,[0|0],0,[0|0|0|0|0|0|0|0],生长在古龙身体上的逆鳞，\n取用其中位于根部，带有热度的肉块。\n\n直接食用能提升生命力、耐力、力气、灵巧，\n但会缓慢减少血量。\n\n对龙战士而言，龙热是最上乘的美酒。
2001110,指纹秘药,0,0,[0|0|0],20501110,65,0,0,300,0,-1,1203,-1,-1,0,-1,0,772,0,-1,-1,-1,10,0,50,0,2,0,0,0,0,0,0,[0|0],1,1,1,1,1,0,1,1,0,0,0,1,1,0,0,0,0,0,0,0,0,0,0,0,0,-1,-1,-1,-1,-1,-1,331910,-1,1,0,1,1,0,0,0,0,0,2,1,1,0,2,0,1,0,999,20,1,0,1,0,0,1,0,0,30000000,0,-1,-1,-1,0,0,0,0,0,0,0,0,0,0,0,0,0,0,0,0,0,0,[0|0],0,[0|0|0|0|0|0|0|0],表面有着漩涡状纹路的药丸。\n能够制作的其中一项道具。\n\n能提升集中力、智力、信仰、感应，\n但会缓慢减少血量。\n\n试图以人身成为指头的人们持有的秘药。\n吃下药丸后，会感觉到某物在体内窜动。
2001120,抗魔腌制肝,1,0,[0|0|0],20501120,65,0,0,200,0,-1,1071,-1,-1,0,-1,0,773,0,-1,-1,-1,5,0,50,0,2,0,0,0,0,0,0,[0|0],1,1,1,1,1,0,1,1,0,0,0,1,1,0,0,0,0,0,0,0,0,0,0,0,0,-1,-1,-1,-1,-1,-1,301281,-1,1,0,1,1,0,0,0,0,0,2,1,1,0,2,0,1,0,999,20,1,0,1,0,0,0,0,0,30000000,0,-1,-1,-1,0,0,0,0,0,0,0,0,0,0,0,0,0,0,0,0,0,0,[0|0],0,[0|0|0|0|0|0|0|0],浸泡蓝色药水，腌渍处理后的野兽肝脏。\n能够制作的其中一项道具。\n\n能暂时大幅提升魔力属性减伤率，\n大幅减轻魔力属性攻击所造成的损伤。\n\n集物虫们制作腌渍物时，\n会先将材料发酵处理，进而提高效用。\n这强烈的味道，最后也会为之上瘾。
2001130,抗火腌制肝,0,0,[0|0|0],20501130,65,0,0,200,0,-1,1081,-1,-1,0,-1,0,774,0,-1,-1,-1,5,0,50,0,2,0,0,0,0,0,0,[0|0],1,1,1,1,1,0,1,1,0,0,0,1,1,0,0,0,0,0,0,0,0,0,0,0,0,-1,-1,-1,-1,-1,-1,302301,-1,1,0,1,1,0,0,0,0,0,2,1,1,0,2,0,1,0,999,20,1,0,1,0,0,0,0,0,30000000,0,-1,-1,-1,0,0,0,0,0,0,0,0,0,0,0,0,0,0,0,0,0,0,[0|0],0,[0|0|0|0|0|0|0|0],浸泡红色药水，腌渍处理后的野兽肝脏。\n能够制作的其中一项道具。\n\n能暂时大幅提升火属性减伤率，\n大幅减轻火属性攻击所造成的损伤。\n\n集物虫们制作腌渍物时，\n会先将材料发酵处理，进而提高效用。\n这强烈的味道，最后也会为之上瘾。
2001140,抗雷腌制肝,1,0,[0|0|0],20501140,65,0,0,200,0,-1,1091,-1,-1,0,-1,0,775,0,-1,-1,-1,5,0,50,0,2,0,0,0,0,0,0,[0|0],1,1,1,1,1,0,1,1,0,0,0,1,1,0,0,0,0,0,0,0,0,0,0,0,0,-1,-1,-1,-1,-1,-1,301291,-1,1,0,1,1,0,0,0,0,0,2,1,1,0,2,0,1,0,999,20,1,0,1,0,0,0,0,0,30000000,0,-1,-1,-1,0,0,0,0,0,0,0,0,0,0,0,0,0,0,0,0,0,0,[0|0],0,[0|0|0|0|0|0|0|0],浸泡黄色药水，腌渍处理后的野兽肝脏。\n能够制作的其中一项道具。\n\n能暂时大幅提升雷属性减伤率，\n大幅减轻雷属性攻击所造成的损伤。\n\n集物虫们制作腌渍物时，\n会先将材料发酵处理，进而提高效用。\n这强烈的味道，最后也会为之上瘾。
2001150,抗圣腌制肝,1,0,[0|0|0],20501150,65,0,0,200,0,-1,1101,-1,-1,0,-1,0,776,0,-1,-1,-1,5,0,50,0,2,0,0,0,0,0,0,[0|0],1,1,1,1,1,0,1,1,0,0,0,1,1,0,0,0,0,0,0,0,0,0,0,0,0,-1,-1,-1,-1,-1,-1,301311,-1,1,0,1,1,0,0,0,0,0,2,1,1,0,2,0,1,0,999,20,1,0,1,0,0,0,0,0,30000000,0,-1,-1,-1,0,0,0,0,0,0,0,0,0,0,0,0,0,0,0,0,0,0,[0|0],0,[0|0|0|0|0|0|0|0],浸泡金色药水，腌渍处理后的野兽肝脏。\n能够制作的其中一项道具。\n\n能暂时大幅提升圣属性减伤率，\n大幅减轻圣属性攻击所造成的损伤。\n\n集物虫们制作腌渍物时，\n会先将材料发酵处理，进而提高效用。\n这强烈的味道，最后也会为之上瘾。
2001160,珍珠腌制肝,1,0,[0|0|0],20501160,65,0,0,200,0,-1,1105,-1,-1,0,-1,0,810,0,-1,-1,-1,5,0,50,0,2,0,0,0,0,0,0,[0|0],1,1,1,1,1,0,1,1,0,0,0,1,1,0,0,0,0,0,0,0,0,0,0,0,0,-1,-1,-1,-1,-1,-1,301311,-1,1,0,1,1,0,0,0,0,0,2,1,1,0,2,0,1,0,999,20,1,0,1,0,0,1,0,0,30000000,0,-1,-1,-1,0,0,0,0,0,0,0,0,0,0,0,0,0,0,0,0,0,0,[0|0],0,[0|0|0|0|0|0|0|0],浸泡珍珠色药水，腌渍处理后的野兽肝脏。\n能够制作的其中一项道具。\n\n能暂时大幅提升物理以外的减伤率，\n大幅减轻物理以外的属性攻击所造成的损伤。\n\n集物虫们制作腌渍物时，\n会先将材料发酵处理，进而提高效用。\n这强烈的味道，最后也会为之上瘾。
2001170,腌制老龟颈肉,1,0,[0|0|0],20501170,65,0,0,200,0,-1,1195,-1,-1,0,-1,0,811,0,-1,-1,-1,10,0,50,0,2,0,0,26,0,0,0,[0|0],1,1,1,1,1,0,1,1,0,0,0,1,1,0,0,0,0,0,0,0,0,0,0,0,0,-1,-1,-1,-1,-1,301200,301201,-1,1,0,1,1,0,0,0,0,0,2,1,1,0,2,0,1,0,999,20,1,0,1,0,0,0,0,0,30000000,0,-1,-1,-1,0,0,0,0,0,0,0,0,0,0,0,0,0,0,0,0,0,0,[0|0],0,[0|0|0|0|0|0|0|0],充分浸泡过苦味药水的乌龟脖子肉。\n能够制作的其中一项道具。\n\n能暂时大幅提升精力的恢复速度。\n\n集物虫们制作腌渍物时，\n会先将材料发酵处理，进而提高效用。\n这强烈的味道，最后也会为之上瘾。
2001200,炖煮蝎子,0,0,[0|0|0],20501200,65,0,0,200,0,-1,1241,-1,-1,0,-1,0,743,0,-1,-1,-1,1,0,50,0,2,0,7,26,0,0,0,[0|0],1,1,1,1,1,0,1,1,0,0,0,1,1,0,0,0,0,0,0,0,0,0,0,0,0,-1,-1,-1,-1,-1,340100,340101,-1,1,0,1,1,0,0,0,0,0,2,1,1,0,2,0,1,0,1,20,1,0,0,0,0,0,0,0,30000000,0,-1,-1,-1,0,0,0,0,0,0,0,0,0,0,0,0,0,0,0,0,0,0,[0|0],0,[0|0|0|0|0|0|0|0],用黑色汤汁炖煮的蝎子。\n角人的传统料理。\n\n能暂时提升物理减伤率，缓慢恢复血量。\n\n老妪亲手做的料理──\n过去家人团聚用餐时，会出现在餐桌上。\n料理已经完全冷掉，传出一阵酸味。
2001201,豪华炖煮蝎子,0,0,[0|0|0],20501205,65,0,0,200,0,-1,1242,-1,-1,0,-1,0,800,0,-1,-1,-1,1,0,50,0,2,0,7,26,0,0,0,[0|0],1,1,1,1,1,0,1,1,0,0,0,1,1,0,0,0,0,0,0,0,0,0,0,0,0,-1,-1,-1,-1,-1,340100,340101,-1,1,0,1,1,0,0,0,0,0,2,1,1,0,2,0,1,0,1,20,1,0,0,0,0,1,0,0,30000000,0,-1,-1,-1,0,0,0,0,0,0,0,0,0,0,0,0,0,0,0,0,0,0,[0|0],0,[0|0|0|0|0|0|0|0],用黑色汤汁炖煮的蝎子。\n加入大量美味蝎螯的豪华料理。\n\n能暂时提升物理减伤率，缓慢大幅恢复血量。\n\n烹调者的心意会融入炖煮料理之中，\n然而了解个中滋味的人，少之又少。\n\n　勇人啊，尽情享用吧。
2001202,炖煮蝎子,0,0,[0|0|0],20501200,65,0,0,200,0,-1,1243,-1,-1,0,-1,0,743,0,-1,-1,-1,1,0,50,0,2,0,7,26,0,0,0,[0|0],1,1,1,1,1,0,1,1,0,0,0,1,1,0,0,0,0,0,0,0,0,0,0,0,0,-1,-1,-1,-1,-1,340100,340101,-1,1,0,1,1,0,0,0,0,0,2,1,1,0,2,0,1,0,1,20,1,0,0,0,0,0,0,0,30000000,0,-1,-1,-1,0,0,0,0,0,0,0,0,0,0,0,0,0,0,0,0,0,0,[0|0],0,[0|0|0|0|0|0|0|0],用黑色汤汁炖煮的蝎子。\n角人的传统料理。\n\n能暂时提升物理减伤率，缓慢恢复血量。\n\n料理已经完全冷掉，传出一阵酸味。
2001203,豪华炖煮蝎子,0,0,[0|0|0],20501205,65,0,0,200,0,-1,1244,-1,-1,0,-1,0,800,0,-1,-1,-1,1,0,50,0,2,0,7,26,0,0,0,[0|0],1,1,1,1,1,0,1,1,0,0,0,1,1,0,0,0,0,0,0,0,0,0,0,0,0,-1,-1,-1,-1,-1,340100,340101,-1,1,0,1,1,0,0,0,0,0,2,1,1,0,2,0,1,0,1,20,1,0,0,0,0,1,0,0,30000000,0,-1,-1,-1,0,0,0,0,0,0,0,0,0,0,0,0,0,0,0,0,0,0,[0|0],0,[0|0|0|0|0|0|0|0],用黑色汤汁炖煮的蝎子。\n加入大量美味蝎螯的豪华料理。\n\n能暂时提升物理减伤率，缓慢大幅恢复血量。\n\n烹调者的心意会融入炖煮料理之中，\n然而了解个中滋味的人，少之又少。
2001210,神圣血肉,0,0,[0|0|0],20501210,65,0,0,200,0,-1,1300,-1,-1,0,-1,0,744,0,-1,-1,-1,10,0,50,0,2,0,0,0,0,0,0,[0|0],1,1,1,1,1,0,1,1,0,0,0,1,1,0,0,0,0,0,0,0,0,0,0,0,0,-1,-1,-1,-1,-1,-1,-1,-1,1,0,1,1,0,0,0,0,0,2,1,1,0,2,0,1,0,999,20,1,0,0,0,0,1,0,0,30000000,0,-1,-1,-1,0,0,0,0,0,0,0,0,0,0,0,0,0,0,0,0,0,0,[0|0],0,[0|0|0|0|0|0|0|0],富含血汁的生肉。\n血怪们的特殊食物。\n\n能暂时提升物理攻击力与感应，\n当周围人物陷入异常状态出血时，\n会更加提升攻击力。\n\n据说那鲜血来自无形之母的伤口，\n永保湿润，不会腐坏。
2001220,白银角币,0,0,[0|0|0],20501220,65,0,0,1000,0,-1,1221,-1,-1,0,-1,0,824,0,-1,-1,-1,10,0,50,0,2,0,0,9,0,0,0,[0|0],1,1,1,1,1,0,1,1,0,0,0,1,1,0,0,0,0,0,0,0,0,0,0,0,0,-1,-1,-1,-1,-1,340030,340031,-1,1,0,1,1,0,0,0,0,0,2,1,1,0,2,0,1,0,999,20,1,0,0,0,0,0,0,0,-1,0,-1,-1,-1,0,0,0,0,0,0,0,0,0,0,0,0,0,0,0,0,0,0,[0|0],0,[0|0|0|0|0|0|0|0],角人们使用的古老货币。\n选用卷曲的角加工，涂成银白色的物品。\n\n能暂时提升观察力。\n另外，此物品也被以高价进行买卖。\n\n在过去，拥有此货币的人们，\n被视为是得天独厚的代表。
2001230,黄金角币,0,0,[0|0|0],20501230,65,0,0,1000,0,-1,1222,-1,-1,0,-1,0,825,0,-1,-1,-1,10,0,50,0,2,0,0,9,0,0,0,[0|0],1,1,1,1,1,0,1,1,0,0,0,1,1,0,0,0,0,0,0,0,0,0,0,0,0,-1,-1,-1,-1,-1,340020,340021,-1,1,0,1,1,0,0,0,0,0,2,1,1,0,2,0,1,0,999,20,1,0,0,0,0,0,0,0,-1,0,-1,-1,-1,0,0,0,0,0,0,0,0,0,0,0,0,0,0,0,0,0,0,[0|0],0,[0|0|0|0|0|0|0|0],角人们使用的古老货币。\n选用卷曲的角加工，涂成金黄色的物品。\n\n一定时间内，增加打倒敌人后获得的卢恩。\n另外，此物品也被以高价进行买卖。\n\n在过去，执行拷问的人们\n会受赐此货币，作为荣誉的象征。
2001400,梅瑟莫火油脂,0,0,[0|0|0],20501400,23,0,0,200,0,-1,6001,-1,-1,0,-1,0,727,0,-1,-1,-1,10,0,50,0,2,0,0,1,0,0,0,[0|0],1,1,1,1,1,0,1,1,0,0,0,1,1,1,0,0,0,1,0,0,0,0,0,0,0,20501402,-1,-1,-1,-1,-1,303410,-1,1,0,0,1,0,0,0,0,0,2,1,1,0,2,0,1,0,600,70,1,0,1,0,0,0,0,0,30010000,0,-1,-1,-1,0,0,0,0,0,0,0,0,0,0,0,0,0,0,0,0,0,0,[0|0],0,[0|0|0|0|0|0|0|0],混和能产生火焰的材料制成的瘤脂。\n能够制作的其中一项道具。\n\n能涂在武器上，附加较强的火属性攻击力。\n一定时间后，效果会消失。\n\n火焰是圣战的象征──\n据说在梅瑟莫军，下至士兵都能以火焰攻击。
2001410,龙雷油脂,0,0,[0|0|0],20501410,23,0,0,200,0,-1,6021,-1,-1,0,-1,0,728,0,-1,-1,-1,10,0,50,0,2,0,0,1,0,0,0,[0|0],1,1,1,1,1,0,1,1,0,0,0,1,1,1,0,0,0,1,0,0,0,0,0,0,0,20501412,-1,-1,-1,-1,-1,303420,-1,1,0,0,1,0,0,0,0,0,2,1,1,0,2,0,1,0,600,70,1,0,1,0,0,0,0,0,30010000,0,-1,-1,-1,0,0,0,0,0,0,0,0,0,0,0,0,0,0,0,0,0,0,[0|0],0,[0|0|0|0|0|0|0|0],混和能产生雷电的材料制成的瘤脂。\n能够制作的其中一项道具。\n\n能涂在武器上，附加较强的雷属性攻击力。\n一定时间后，效果会消失。\n\n在过去，龙信仰骑士们侍奉黄金王子。\n据说此为他们使用的物品。
2001420,王室魔力油脂,0,0,[0|0|0],20501420,23,0,0,200,0,-1,6011,-1,-1,0,-1,0,729,0,-1,-1,-1,10,0,50,0,2,0,0,1,0,0,0,[0|0],1,1,1,1,1,0,1,1,0,0,0,1,1,1,0,0,0,1,0,0,0,0,0,0,0,20501422,-1,-1,-1,-1,-1,303430,-1,1,0,0,1,0,0,0,0,0,2,1,1,0,2,0,1,0,600,70,1,0,1,0,0,0,0,0,30010000,0,-1,-1,-1,0,0,0,0,0,0,0,0,0,0,0,0,0,0,0,0,0,0,[0|0],0,[0|0|0|0|0|0|0|0],混和能产生魔力的材料制成的瘤脂。\n能够制作的其中一项道具。\n\n能涂在武器上，附加较强的魔力属性攻击力。\n一定时间后，效果会消失。\n\n据说侍奉卡利亚王室的低阶骑士们\n不会受赐骑士剑，取而代之是获得此物。
2001430,黄金油脂,0,0,[0|0|0],20501430,23,0,0,200,0,-1,6031,-1,-1,0,-1,0,730,0,-1,-1,-1,10,0,50,0,2,0,0,1,0,0,0,[0|0],1,1,1,1,1,0,1,1,0,0,0,1,1,1,0,0,0,1,0,0,0,0,0,0,0,20501432,-1,-1,-1,-1,-1,303440,-1,1,0,0,1,0,0,0,0,0,2,1,1,0,2,0,1,0,600,70,1,0,1,0,0,0,0,0,30010000,0,-1,-1,-1,0,0,0,0,0,0,0,0,0,0,0,0,0,0,0,0,0,0,[0|0],0,[0|0|0|0|0|0|0|0],混和能产生神圣性的材料制成的瘤脂。\n能够制作的其中一项道具。\n\n能涂在武器上，附加较强的圣属性攻击力。\n一定时间后，效果会消失。\n\n执行过远古黄金树祷告的道具。\n在幽影之地，此类道具非常稀有。
2001450,永眠油脂,0,0,[0|0|0],102310,23,0,0,300,0,-1,6081,-1,-1,0,-1,0,803,0,-1,-1,-1,10,0,50,0,2,0,0,1,0,0,0,[0|0],1,1,1,1,1,0,1,1,0,0,0,1,1,1,0,0,0,1,0,0,0,0,0,0,0,102314,-1,-1,-1,-1,-1,303460,-1,1,0,0,1,0,0,0,0,0,2,1,1,0,2,0,1,0,600,70,1,0,1,0,0,1,0,0,30010000,0,-1,-1,-1,0,0,0,0,0,0,0,0,0,0,0,0,0,0,0,0,0,0,[0|0],0,[0|0|0|0|0|0|0|0],混和深紫色材料制成的瘤脂。\n能够制作的其中一项道具。\n\n能涂在武器上，附加异常状态永眠。\n一定时间后，效果会消失。\n\n当坠入那深沉酣眠，\n太过弱小的，将不复苏醒。
2001480,龙飨油脂,0,0,[0|0|0],20501480,23,0,0,300,0,-1,6091,-1,-1,0,-1,0,731,0,-1,-1,-1,10,0,50,0,2,0,0,1,0,0,0,[0|0],1,1,1,1,1,0,1,1,0,0,0,1,1,1,0,0,0,1,0,0,0,0,0,0,0,20501481,-1,-1,-1,-1,-1,303450,-1,1,0,0,1,0,0,0,0,0,2,1,1,0,2,0,1,0,600,70,1,0,1,0,0,1,0,0,30010000,0,-1,-1,-1,0,0,0,0,0,0,0,0,0,0,0,0,0,0,0,0,0,0,[0|0],0,[0|0|0|0|0|0|0|0],混和尖锐碎石制成的瘤脂。\n能够制作的其中一项道具。\n\n能涂在武器上，额外大幅增加对龙的伤害。\n一定时间后，效果会消失。\n\n远古龙飨战士们的道具──\n利用古龙的憎恨，撕裂那群龙。
2001500,附绳梅瑟莫火油脂,0,0,[0|0|0],20501401,23,0,0,200,0,-1,6111,-1,-1,0,-1,0,760,0,-1,-1,-1,30,0,50,0,2,0,0,16,0,0,0,[0|0],1,1,1,1,1,0,1,1,0,0,0,1,1,1,0,0,0,1,0,0,0,0,1,0,0,20501403,-1,-1,-1,-1,-1,303410,-1,1,0,0,1,0,0,0,0,0,2,1,1,0,2,0,1,0,600,70,1,0,1,0,0,0,0,0,30010000,0,-1,-1,-1,0,0,0,0,0,0,0,0,0,0,0,0,0,0,0,0,0,0,[0|0],0,[0|0|0|0|0|0|0|0],混和能产生火焰的材料制成的瘤脂。\n能够制作的其中一项道具。\n\n附有短小的绳索，能快速涂在武器上，\n附加较强的火属性攻击力。\n由于脂块较小，有效时间偏短。\n\n火焰是圣战的象征──\n据说在梅瑟莫军，下至士兵都能以火焰攻击。
2001510,附绳龙雷油脂,0,0,[0|0|0],20501411,23,0,0,200,0,-1,6131,-1,-1,0,-1,0,761,0,-1,-1,-1,30,0,50,0,2,0,0,16,0,0,0,[0|0],1,1,1,1,1,0,1,1,0,0,0,1,1,1,0,0,0,1,0,0,0,0,1,0,0,20501413,-1,-1,-1,-1,-1,303420,-1,1,0,0,1,0,0,0,0,0,2,1,1,0,2,0,1,0,600,70,1,0,1,0,0,0,0,0,30010000,0,-1,-1,-1,0,0,0,0,0,0,0,0,0,0,0,0,0,0,0,0,0,0,[0|0],0,[0|0|0|0|0|0|0|0],混和能产生雷电的材料制成的瘤脂。\n能够制作的其中一项道具。\n\n附有短小的绳索，能快速涂在武器上，\n附加较强的雷属性攻击力。\n由于脂块较小，有效时间偏短。\n\n在过去，龙信仰骑士们侍奉黄金王子。\n据说此为他们使用的物品。
2001520,附绳王室魔力油脂,0,0,[0|0|0],20501421,23,0,0,200,0,-1,6121,-1,-1,0,-1,0,762,0,-1,-1,-1,30,0,50,0,2,0,0,16,0,0,0,[0|0],1,1,1,1,1,0,1,1,0,0,0,1,1,1,0,0,0,1,0,0,0,0,1,0,0,20501423,-1,-1,-1,-1,-1,303430,-1,1,0,0,1,0,0,0,0,0,2,1,1,0,2,0,1,0,600,70,1,0,1,0,0,0,0,0,30010000,0,-1,-1,-1,0,0,0,0,0,0,0,0,0,0,0,0,0,0,0,0,0,0,[0|0],0,[0|0|0|0|0|0|0|0],混和能产生魔力的材料制成的瘤脂。\n能够制作的其中一项道具。\n\n附有短小的绳索，能快速涂在武器上，\n附加较强的魔力属性攻击力。\n由于脂块较小，有效时间偏短。\n\n据说侍奉卡利亚王室的低阶骑士们\n不会受赐骑士剑，取而代之是获得此物。
2001530,附绳黄金油脂,0,0,[0|0|0],20501431,23,0,0,200,0,-1,6141,-1,-1,0,-1,0,763,0,-1,-1,-1,30,0,50,0,2,0,0,16,0,0,0,[0|0],1,1,1,1,1,0,1,1,0,0,0,1,1,1,0,0,0,1,0,0,0,0,1,0,0,20501433,-1,-1,-1,-1,-1,303440,-1,1,0,0,1,0,0,0,0,0,2,1,1,0,2,0,1,0,600,70,1,0,1,0,0,0,0,0,30010000,0,-1,-1,-1,0,0,0,0,0,0,0,0,0,0,0,0,0,0,0,0,0,0,[0|0],0,[0|0|0|0|0|0|0|0],混和能产生神圣性的材料制成的瘤脂。\n能够制作的其中一项道具。\n\n附有短小的绳索，能快速涂在武器上，\n附加较强的圣属性攻击力。\n由于脂块较小，有效时间偏短。\n\n执行过远古黄金树祷告的道具。\n在幽影之地，此类道具非常稀有。
2001550,附绳永眠油脂,0,0,[0|0|0],102312,23,0,0,300,0,-1,6181,-1,-1,0,-1,0,804,0,-1,-1,-1,30,0,50,0,2,0,0,16,0,0,0,[0|0],1,1,1,1,1,0,1,1,0,0,0,1,1,1,0,0,0,1,0,0,0,0,1,0,0,102316,-1,-1,-1,-1,-1,303460,-1,1,0,0,1,0,0,0,0,0,2,1,1,0,2,0,1,0,600,70,1,0,1,0,0,1,0,0,30010000,0,-1,-1,-1,0,0,0,0,0,0,0,0,0,0,0,0,0,0,0,0,0,0,[0|0],0,[0|0|0|0|0|0|0|0],混和深紫色材料制成的瘤脂。\n能够制作的其中一项道具。\n\n附有短小的绳索，能快速涂在武器上，\n附加异常状态永眠。\n由于脂块较小，有效时间偏短。\n\n当坠入那深沉酣眠，\n太过弱小的，将不复苏醒。
2001600,庆典油脂,0,0,[0|0|0],20501620,23,0,0,200,0,-1,6032,-1,-1,0,-1,0,777,0,-1,-1,-1,10,0,50,0,2,0,0,1,0,0,0,[0|0],1,1,1,1,1,0,1,1,0,0,0,1,1,1,0,0,0,1,0,0,0,0,0,0,0,20501622,-1,-1,-1,-1,-1,303470,-1,1,0,0,1,0,0,0,0,0,2,1,1,0,2,0,1,0,600,70,1,0,1,0,0,1,0,0,30010000,0,-1,-1,-1,0,0,0,0,0,0,0,0,0,0,0,0,0,0,0,0,0,0,[0|0],0,[0|0|0|0|0|0|0|0],混和遗骨碎片等等材料制成的瘤脂。\n能够制作的其中一项道具。\n\n能涂在武器上，执行庆典祷告，\n攻击命中时，能获得微量的卢恩。\n一定时间后，效果会消失。\n\n惹人怜爱的庆典是历史悠久的习俗，\n黄金树默许它继续存在。
2001700,内容物肉块,0,0,[0|0|0],210170000,17,0,0,200,0,-1,4155,-1,-1,0,-1,0,778,0,-1,-1,-1,40,0,50,0,1,5,0,3,0,0,0,[0|0],1,1,1,1,1,0,1,1,0,0,0,1,1,0,0,0,0,0,0,0,0,0,1,0,0,-1,470000,-1,-1,-1,340110,-1,-1,1,0,0,1,0,0,0,0,0,2,1,1,0,2,0,1,0,600,50,0,0,0,0,0,0,0,0,10000000,0,-1,-1,-1,0,0,0,0,0,0,0,0,0,0,0,0,0,0,0,0,0,0,[0|0],0,[0|0|0|0|0|0|0|0],填入大壶的肉块中，被切除的多余部分。\n怨魂紧紧依附在不时颤动的浅红色肉块上。\n\n能丢向敌人，给予伤害。\n\n为了让罪人们重生为善良的好人，\n他们被细细切碎，塞进大壶内。
2001710,龙飨鱼叉,0,0,[0|0|0],210171000,17,0,0,200,0,-1,4055,-1,-1,0,-1,0,779,0,-1,-1,-1,5,0,50,0,1,0,0,13,0,0,0,[0|0],1,1,1,1,1,0,1,1,0,0,0,1,1,0,0,0,0,0,0,0,0,0,1,1,0,-1,471000,-1,-1,-1,340120,-1,-1,1,0,0,1,0,0,0,0,0,2,1,1,0,2,0,1,0,600,50,0,0,1,0,0,1,0,0,10000000,0,-1,-1,-1,0,0,0,0,0,0,0,0,0,0,0,0,0,0,0,0,0,0,[0|0],0,[0|0|0|0|0|0|0|0],排列大量尖锐碎石制成的鱼叉。\n能够制作的其中一项道具。\n\n能丢向敌人，给予大幅伤害。\n并额外增加对龙的伤害。\n\n远古龙飨战士们的道具──\n利用古龙的憎恨，撕裂那群龙。
2002000,人声石,0,0,[0|0|0],210200000,-1,0,0,10,0,-1,7045,-1,-1,0,-1,0,767,0,-1,-1,-1,99,0,50,0,1,5,0,7,0,0,0,[0|0],1,1,1,1,1,0,1,1,0,1,0,1,1,0,0,0,0,0,0,0,0,0,0,0,0,-1,-1,-1,-1,-1,336020,-1,-1,1,0,0,1,0,0,0,0,0,2,1,1,0,2,0,1,0,600,80,1,0,1,0,0,0,0,0,-1,0,-1,-1,-1,0,0,0,0,0,0,0,0,0,0,0,0,0,0,0,0,0,0,[0|0],0,[0|0|0|0|0|0|0|0],加工灵墓碑石制成，守墓者持有的道具。\n能够制作的其中一项道具。\n\n能朝前方丢掷，在掉落的地点\n发出人活动时会有的声响。\n\n据说是孤独的守墓者思念人群时，\n用来平抚心情的物品。
2002010,岩石心脏,0,0,[0|0|0],19980,-1,0,0,-1,0,-1,7300,-1,-1,0,-1,0,788,0,-1,-1,-1,1,0,50,0,2,5,0,12,0,0,0,[0|0],1,1,1,1,1,0,1,0,0,0,0,0,1,0,0,0,0,0,0,1,0,0,0,0,0,-1,-1,-1,-1,-1,-1,336001,-1,1,0,0,1,0,0,0,0,0,0,0,1,0,2,0,0,0,600,80,0,0,0,0,0,2,0,477,10000010,0,-1,-1,-1,0,0,0,0,0,0,0,0,0,0,0,0,0,0,0,0,0,0,[0|0],0,[0|0|0|0|0|0|0|0],据说是龙飨古老原型的心脏。\n在裸体状态使用后，能以人身化为古龙。\n\n除非死亡，否则无法恢复人身。\n在古龙型态再次使用，能暂时强化龙飨的祷告。\n\n以人身眺望的最后景象，是落日余晖──\n然而映入眼帘的一切却黯淡褪色；\n要将那景象称作永恒，实在是相去甚远。
2002020,女巫心脏,0,0,[0|0|0],19981,-1,0,0,-1,0,-1,7310,-1,-1,0,-1,0,789,0,-1,-1,-1,1,0,50,0,2,5,0,12,0,0,0,[0|0],1,1,1,1,1,0,1,0,0,0,0,0,1,0,0,0,0,0,0,1,0,0,0,0,0,-1,-1,-1,-1,-1,-1,336001,-1,1,0,0,1,0,0,0,0,0,0,0,1,0,2,0,0,0,600,80,0,0,0,0,0,2,0,478,10000010,0,-1,-1,-1,0,0,0,0,0,0,0,0,0,0,0,0,0,0,0,0,0,0,[0|0],0,[0|0|0|0|0|0|0|0],龙飨女巫的岩石心脏。\n在裸体状态使用后，能以人身化为古龙。\n\n除非死亡，否则无法恢复人身。\n在古龙型态再次使用，\n能暂时强化王城古龙信仰的祷告。\n\n在过去，女巫是古龙。\n为了讨伐凶恶龙贝勒，她奉献自己，\n幻化成弱小的型态。
2002030,喟叹者面具,0,0,[0|0|0],210203000,-1,0,0,-1,0,-1,7320,-1,-1,0,-1,0,790,0,-1,-1,-1,1,0,50,0,1,5,0,24,0,0,0,[0|0],1,1,1,1,1,0,1,0,0,0,0,0,1,0,0,0,0,0,0,1,0,0,0,0,0,-1,502000,-1,-1,-1,336010,336011,-1,1,0,0,1,0,0,0,0,0,0,0,1,0,2,0,0,0,600,80,0,0,0,0,0,2,0,479,10000003,0,-1,-1,-1,0,0,0,0,0,0,0,0,0,0,0,0,0,0,0,0,0,0,[0|0],0,[0|0|0|0|0|0|0|0],参考发出幸福喟叹的模样，制成的石面具。\n在裸体状态使用后，能变形为喟叹者。\n\n除非死亡，否则无法恢复人身。\n在喟叹者型态再次使用，能让头部变得巨大。\n\n此为身处乐园的人会有的模样，\n然而塔的人们却拒绝接受，并隐藏其存在──\n竟然会害怕幸福，实在愚昧。
2002100,古龙恩泽,0,0,[0|0|0],20502100,-1,0,0,-1,0,-1,5075,-1,-1,0,-1,0,792,0,-1,-1,-1,1,0,50,0,2,5,0,44,0,0,0,[0|0],1,1,1,1,1,0,1,1,0,0,0,0,0,0,1,0,0,0,0,1,0,0,0,0,0,-1,-1,-1,-1,-1,-1,336030,-1,1,0,0,1,0,0,0,0,0,0,0,1,0,2,0,1,0,0,60,1,0,0,0,0,2,0,0,-1,15,-1,-1,-1,0,0,0,0,0,0,0,0,0,0,0,0,0,0,0,0,0,0,[0|0],0,[0|0|0|0|0|0|0|0],龙飨女巫以“龙王”普拉顿桑克斯之名，\n带来的恩泽。\n\n能消耗专注值，提升包含物理的所有减伤率，\n也能提升防御时的减伤率。\n\n据说女巫献上自己每一晚的安眠，\n借此借取龙王的恩泽力量。
2002120,赐福覆眼膜,1,0,[0|0|0],3450,-1,0,0,-1,0,-1,8020,-1,-1,0,-1,0,753,0,-1,-1,-1,99,0,50,0,2,0,7,65,0,0,0,[0|0],1,0,0,0,1,0,1,1,0,0,0,1,1,0,0,0,0,0,0,1,1,0,0,0,0,-1,-1,-1,-1,-1,336040,336041,-1,0,0,0,1,0,0,0,0,0,0,1,1,0,2,0,1,0,600,90,1,0,0,0,0,2,0,0,-1,0,-1,-1,-1,0,0,0,0,0,0,0,0,0,0,0,0,0,0,0,0,0,0,[0|0],0,[0|0|0|0|0|0|0|0],执行过黄金树祷告的覆眼膜。\n\n戴在眼睛上，能给予片刻的赐福光芒。\n使用后，能让装备的大卢恩带来恩惠。\n\n在幽影之地的黄金树神父们，\n会用于平抚信徒的不安情绪──\n此为欺骗之举，因此效果十足。
2002130,黑暗覆眼膜,1,0,[0|0|0],20502130,-1,0,0,-1,0,-1,8030,-1,-1,0,-1,0,754,0,-1,-1,-1,99,0,50,0,2,0,7,65,0,0,0,[0|0],1,0,0,0,1,0,1,1,0,0,0,1,1,0,0,0,0,0,0,1,1,0,0,0,0,-1,-1,-1,-1,-1,336060,336061,-1,0,0,0,1,0,0,0,0,0,0,1,1,0,2,0,1,0,600,90,1,0,0,0,0,2,0,0,-1,0,-1,-1,-1,0,0,0,0,0,0,0,0,0,0,0,0,0,0,0,0,0,0,[0|0],0,[0|0|0|0|0|0|0|0],如黑暗般黯淡的覆眼膜。\n\n戴在眼睛上，能夺走所有光芒。\n使用后，能让装备的大卢恩带来恩惠，\n但会失去所有的卢恩。\n\n在幽影之地的黄金树神父们，\n会用于挑动信徒的恐惧情绪──\n此为欺骗之举，因此效果十足。
2002140,休里耶的秘药,0,0,[0|0|0],102350,-1,0,0,-1,0,-1,8040,-1,-1,0,-1,0,797,0,-1,-1,-1,99,0,50,0,2,5,0,40,0,0,0,[0|0],1,1,1,1,1,0,1,1,0,0,0,1,1,0,0,0,0,0,0,1,0,0,0,0,0,-1,-1,-1,-1,-1,336050,-1,-1,1,0,0,1,0,0,0,0,0,0,1,1,0,2,0,0,0,600,90,1,0,0,0,0,2,0,0,-1,0,-1,-1,-1,0,0,0,0,0,0,0,0,0,0,0,0,0,0,0,0,0,0,[0|0],0,[0|0|0|0|0|0|0|0],休里耶制作的黑色秘药。\n\n据说连古龙也会陷入沉睡的秘药。\n浓缩制成的催眠毒药，\n一般人喝下，会立刻死亡。\n\n他怀念托莉娜的酣眠，于是制作此物，\n然而在那黑色的睡眠中，毫无收获──\n没有感受到花蜜的甜美，\n也没有感受到半梦半醒间的温存。
2002150,唤声泥颅“喟叹”,1,0,[0|0|0],10220000,-1,0,0,-1,0,-1,7190,-1,-1,0,-1,0,823,0,-1,-1,-1,1,0,50,0,1,5,0,31,0,0,0,[0|0],1,1,1,1,1,0,1,0,0,0,0,0,1,0,0,0,0,0,0,1,0,0,0,0,0,-1,-1,-1,-1,-1,302580,302581,-1,1,0,0,1,0,0,0,0,0,0,0,1,0,2,0,1,0,600,80,1,0,0,0,0,1,0,0,-1,0,-1,-1,-1,0,0,0,0,0,0,0,0,0,0,0,0,0,0,0,0,0,0,[0|0],0,[0|0|0|0|0|0|0|0],仿造人头的歪扭泥土艺品。\n能发出幸福的喟叹声。\n\n那个声音在脑海中回荡──\n　呜呜、呜呜、呜呜、呜呜。
2002900,山猪骑士的追忆,1,0,[0|0|0],20502900,66,0,0,30000,0,-1,10230,-1,10010850,0,-1,0,732,0,-1,-1,-1,99,0,50,3,2,0,0,9,1,0,0,[0|0],1,1,1,1,1,0,1,1,0,0,0,0,1,0,0,0,0,0,0,1,0,0,0,0,0,-1,-1,-1,-1,-1,304070,304071,304072,1,0,1,1,0,0,0,0,0,0,0,1,0,2,0,1,0,600,110,1,0,0,0,0,3,0,0,-1,0,-1,-1,-1,0,0,0,0,0,0,0,0,0,0,0,0,0,0,0,0,0,0,[0|0],0,[0|0|0|0|0|0|0|0],受幽影树雕琢的\n老将盖乌斯的追忆。\n\n透过解指的帮助，能获得追忆之主的力量。\n如果直接使用，能获得巨量的卢恩。\n\n因为双方都身为狮子的兄长，\n也因为彼此的存在本身，都被视为诅咒──\n盖乌斯不只成为梅瑟莫的将领，也成为朋友。
2002901,穿刺者的追忆,1,0,[0|0|0],20502901,66,0,0,40000,0,-1,10280,-1,10010851,0,-1,0,733,0,-1,-1,-1,99,0,50,3,2,0,0,9,1,0,0,[0|0],1,1,1,1,1,0,1,1,0,0,0,0,1,0,0,0,0,0,0,1,0,0,0,0,0,-1,-1,-1,-1,-1,304070,304071,304072,1,0,1,1,0,0,0,0,0,0,0,1,0,2,0,1,0,600,110,1,0,0,0,0,3,0,0,-1,0,-1,-1,-1,0,0,0,0,0,0,0,0,0,0,0,0,0,0,0,0,0,0,[0|0],0,[0|0|0|0|0|0|0|0],受幽影树雕琢的\n“穿刺者”梅瑟莫的追忆。\n\n透过解指的帮助，能获得追忆之主的力量。\n如果直接使用，能获得巨量的卢恩。\n\n梅瑟莫的体内，有恶之蛇蠢蠢欲动──\n于是他的母亲将封印赐福取代眼眸，放入眼窝。\n然而即便如此，她依然将梅瑟莫藏在幽影之中。\n\n连同初始之罪，以及无法遗忘的憎恨一起隐藏。
2002902,影轮草的追忆,1,0,[0|0|0],20502902,66,0,0,40000,0,-1,10240,-1,10010852,0,-1,0,734,0,-1,-1,-1,99,0,50,3,2,0,0,9,1,0,0,[0|0],1,1,1,1,1,0,1,1,0,0,0,0,1,0,0,0,0,0,0,1,0,0,0,0,0,-1,-1,-1,-1,-1,304070,304071,304072,1,0,1,1,0,0,0,0,0,0,0,1,0,2,0,1,0,600,110,1,0,0,0,0,3,0,0,-1,0,-1,-1,-1,0,0,0,0,0,0,0,0,0,0,0,0,0,0,0,0,0,0,[0|0],0,[0|0|0|0|0|0|0|0],受幽影树雕琢的\n幽影树的化身的追忆。\n\n透过解指的帮助，能获得追忆之主的力量。\n如果直接使用，能获得巨量的卢恩。\n\n幽影树是黄金树的影子，\n诞生自无法称作律法的灰暗意念──\n也因此它的外型歪扭，十分脆弱。
2002903,双月骑士的追忆,1,0,[0|0|0],20502903,66,0,0,30000,0,-1,10210,-1,10010853,0,-1,0,735,0,-1,-1,-1,99,0,50,3,2,0,0,9,1,0,0,[0|0],1,1,1,1,1,0,1,1,0,0,0,0,1,0,0,0,0,0,0,1,0,0,0,0,0,-1,-1,-1,-1,-1,304070,304071,304072,1,0,1,1,0,0,0,0,0,0,0,1,0,2,0,1,0,600,110,1,0,0,0,0,3,0,0,-1,0,-1,-1,-1,0,0,0,0,0,0,0,0,0,0,0,0,0,0,0,0,0,0,[0|0],0,[0|0|0|0|0|0|0|0],受幽影树雕琢的\n“双月骑士”蕾菈娜的追忆。\n\n透过解指的帮助，能获得追忆之主的力量。\n如果直接使用，能获得巨量的卢恩。\n\n在过去，她贵为卡利亚公主，\n却舍弃原生家庭，选择待在梅瑟莫身旁──\n即使心里明了，月的光辉无法治愈身边的那个人。\n\n不知从何时起，“梅瑟莫的利剑”成为她的别称。
2002904,花蕾圣女的追忆,1,0,[0|0|0],20502904,66,0,0,30000,0,-1,10250,-1,10010854,0,-1,0,736,0,-1,-1,-1,99,0,50,3,2,0,0,9,1,0,0,[0|0],1,1,1,1,1,0,1,1,0,0,0,0,1,0,0,0,0,0,0,1,0,0,0,0,0,-1,-1,-1,-1,-1,304070,304071,304072,1,0,1,1,0,0,0,0,0,0,0,1,0,2,0,1,0,600,110,1,0,0,0,0,3,0,0,-1,0,-1,-1,-1,0,0,0,0,0,0,0,0,0,0,0,0,0,0,0,0,0,0,[0|0],0,[0|0|0|0|0|0|0|0],受幽影树雕琢的\n“花蕾圣女”萝蜜娜的追忆。\n\n透过解指的帮助，能获得追忆之主的力量。\n如果直接使用，能获得巨量的卢恩。\n\n在受火焚烧的教堂中，\n萝蜜娜发现了异样的为神本质──\n她向那不祥的猩红腐败求助：\n　希望在烧毁的地方，花蕾能再一次萌发。
2002905,舞狮的追忆,1,0,[0|0|0],20502905,66,0,0,30000,0,-1,10200,-1,10010855,0,-1,0,737,0,-1,-1,-1,99,0,50,3,2,0,0,9,1,0,0,[0|0],1,1,1,1,1,0,1,1,0,0,0,0,1,0,0,0,0,0,0,1,0,0,0,0,0,-1,-1,-1,-1,-1,304070,304071,304072,1,0,1,1,0,0,0,0,0,0,0,1,0,2,0,1,0,600,110,1,0,0,0,0,3,0,0,-1,0,-1,-1,-1,0,0,0,0,0,0,0,0,0,0,0,0,0,0,0,0,0,0,[0|0],0,[0|0|0|0|0|0|0|0],受幽影树雕琢的神兽舞狮的追忆。\n\n透过解指的帮助，能获得追忆之主的力量。\n如果直接使用，能获得巨量的卢恩。\n\n在穿刺者的军队侵袭塔的时候，\n舞狮的愤怒，还有那绚丽华美的舞蹈──\n所有的一切从敬神的仪式，转变为抗战的手段。
2002907,神祇与王的追忆,1,0,[0|0|0],20502907,66,0,0,50000,0,-1,10290,-1,10010857,0,-1,0,739,0,-1,-1,-1,99,0,50,3,2,0,0,9,1,0,0,[0|0],1,1,1,1,1,0,1,1,0,0,0,0,1,0,0,0,0,0,0,1,0,0,0,0,0,-1,-1,-1,-1,-1,304070,304071,304072,1,0,1,1,0,0,0,0,0,0,0,1,0,2,0,1,0,600,110,1,0,0,0,0,3,0,0,-1,0,-1,-1,-1,0,0,0,0,0,0,0,0,0,0,0,0,0,0,0,0,0,0,[0|0],0,[0|0|0|0|0|0|0|0],受幽影树雕琢的\n“米凯拉的王”拉塔恩的追忆。\n\n透过解指的帮助，能获得追忆之主的力量。\n如果直接使用，能获得巨量的卢恩。\n\n在年幼时期，米凯拉发现了拉塔恩的为王资质──\n拉塔恩既强大，又有一颗温柔的心；\n这是脆弱的他们所没有的特质。\n\n所以米凯拉衷心地期盼：\n　请你成为我的王。
2002908,癫火之王的追忆,1,0,[0|0|0],20502908,66,0,0,40000,0,-1,10260,-1,10010858,0,-1,0,740,0,-1,-1,-1,99,0,50,3,2,0,0,9,1,0,0,[0|0],1,1,1,1,1,0,1,1,0,0,0,0,1,0,0,0,0,0,0,1,0,0,0,0,0,-1,-1,-1,-1,-1,304070,304071,304072,1,0,1,1,0,0,0,0,0,0,0,1,0,2,0,1,0,600,110,1,0,0,0,0,3,0,0,-1,0,-1,-1,-1,0,0,0,0,0,0,0,0,0,0,0,0,0,0,0,0,0,0,[0|0],0,[0|0|0|0|0|0|0|0],受幽影树雕琢的\n“癫火之王”米德拉的追忆。\n\n透过解指的帮助，能获得追忆之主的力量。\n如果直接使用，能获得巨量的卢恩。\n\n在黄金倒刺带来的永恒痛苦之中，\n娜娜亚的话是米德拉的支柱──\n\n　请您忍耐。\n\n那句话，就是诅咒。
2002909,指头之母的追忆,1,0,[0|0|0],20502909,66,0,0,40000,0,-1,10270,-1,10010859,0,-1,0,741,0,-1,-1,-1,99,0,50,3,2,0,0,9,1,0,0,[0|0],1,1,1,1,1,0,1,1,0,0,0,0,1,0,0,0,0,0,0,1,0,0,0,0,0,-1,-1,-1,-1,-1,304070,304071,304072,1,0,1,1,0,0,0,0,0,0,0,1,0,2,0,1,0,600,110,1,0,0,0,0,3,0,0,-1,0,-1,-1,-1,0,0,0,0,0,0,0,0,0,0,0,0,0,0,0,0,0,0,[0|0],0,[0|0|0|0|0|0|0|0],受幽影树雕琢的\n“指头之母”梅蒂尔的追忆。\n\n透过解指的帮助，能获得追忆之主的力量。\n如果直接使用，能获得巨量的卢恩。\n\n无上意志的耀眼女儿，\n是所有的双指以及指虫的母亲，\n也是坠落到交界地的初始流星。
2002910,融泥的追忆,1,0,[0|0|0],20502910,66,0,0,30000,0,-1,10220,-1,10010860,0,-1,0,742,0,-1,-1,-1,99,0,50,3,2,0,0,9,1,0,0,[0|0],1,1,1,1,1,0,1,1,0,0,0,0,1,0,0,0,0,0,0,1,0,0,0,0,0,-1,-1,-1,-1,-1,304070,304071,304072,1,0,1,1,0,0,0,0,0,0,0,1,0,2,0,1,0,600,110,1,0,0,0,0,3,0,0,-1,0,-1,-1,-1,0,0,0,0,0,0,0,0,0,0,0,0,0,0,0,0,0,0,[0|0],0,[0|0|0|0|0|0|0|0],受幽影树雕琢的融泥骑士的追忆。\n\n透过解指的帮助，能获得追忆之主的力量。\n如果直接使用，能获得巨量的卢恩。\n\n融泥是污秽尸肉最后化成的模样。\n托莉娜的花蜜让他们得到永恒的安眠，\n也因此，融泥成为了她的骑士。
2002950,蕾妲的卢恩,1,0,[0|0|0],20502950,66,0,0,40000,0,-1,9380,-1,-1,0,-1,0,805,0,-1,-1,-1,99,0,50,0,2,0,0,9,0,0,0,[0|0],1,1,1,1,1,0,1,1,0,0,0,1,1,0,0,0,0,0,0,0,0,0,0,0,0,-1,-1,-1,-1,-1,304050,304051,304052,1,0,1,1,1,0,0,0,0,1,1,1,0,2,0,1,0,600,100,1,0,0,0,0,2,0,0,-1,0,-1,-1,-1,0,0,0,0,0,0,0,0,0,0,0,0,0,0,0,0,0,0,[0|0],0,[0|0|0|0|0|0|0|0],“金针骑士”蕾妲的赐福。\n其中蕴藏的纯净光芒，尚未在其他人眼中见过。\n\n使用后能获得４００００卢恩。\n\n此为米凯拉赠予的温柔黄金，\n为的是让她褪色的眼睛添上色彩。
2002951,毁坏卢恩,1,0,[0|0|0],20502951,66,0,0,500,0,-1,9300,-1,-1,0,-1,0,812,0,-1,-1,-1,99,0,50,0,2,0,0,9,0,0,0,[0|0],1,1,1,1,1,0,1,1,0,0,0,1,1,0,0,0,0,0,0,0,0,0,0,0,0,-1,-1,-1,-1,-1,304010,304011,304012,1,0,1,1,1,0,0,0,0,1,1,1,0,2,0,1,0,600,100,1,0,0,0,0,0,0,0,-1,0,-1,-1,-1,0,0,0,0,0,0,0,0,0,0,0,0,0,0,0,0,0,0,[0|0],0,[0|0|0|0|0|0|0|0],在幽影之地倒下的人们身上的赐福，\n所残存下来的黄金余韵。\n\n使用后能获得５００卢恩。\n\n赐福已经毁坏，就快消失。
2002952,幽影之地卢恩【１】,1,0,[0|0|0],20502952,66,0,0,7500,0,-1,9310,-1,-1,0,-1,0,813,0,-1,-1,-1,99,0,50,0,2,0,0,9,0,0,0,[0|0],1,1,1,1,1,0,1,1,0,0,0,1,1,0,0,0,0,0,0,0,0,0,0,0,0,-1,-1,-1,-1,-1,304030,304031,304032,1,0,1,1,1,0,0,0,0,1,1,1,0,2,0,1,0,600,100,1,0,0,0,0,1,0,0,-1,0,-1,-1,-1,0,0,0,0,0,0,0,0,0,0,0,0,0,0,0,0,0,0,[0|0],0,[0|0|0|0|0|0|0|0],在幽影之地倒下的人们身上的赐福，\n所残存下来的黄金碎屑。\n\n使用后能获得７５００卢恩。\n\n幽影树是黄金树的影子，\n也因此，赐福的光芒更加强烈。
2002953,幽影之地卢恩【２】,1,0,[0|0|0],20502953,66,0,0,10000,0,-1,9320,-1,-1,0,-1,0,814,0,-1,-1,-1,99,0,50,0,2,0,0,9,0,0,0,[0|0],1,1,1,1,1,0,1,1,0,0,0,1,1,0,0,0,0,0,0,0,0,0,0,0,0,-1,-1,-1,-1,-1,304030,304031,304032,1,0,1,1,1,0,0,0,0,1,1,1,0,2,0,1,0,600,100,1,0,0,0,0,1,0,0,-1,0,-1,-1,-1,0,0,0,0,0,0,0,0,0,0,0,0,0,0,0,0,0,0,[0|0],0,[0|0|0|0|0|0|0|0],在幽影之地倒下的人们身上的赐福，\n所残存下来的黄金碎屑。\n\n使用后能获得１００００卢恩。\n\n幽影树是黄金树的影子，\n也因此，赐福的光芒更加强烈。
2002954,幽影之地卢恩【３】,1,0,[0|0|0],20502954,66,0,0,12500,0,-1,9330,-1,-1,0,-1,0,815,0,-1,-1,-1,99,0,50,0,2,0,0,9,0,0,0,[0|0],1,1,1,1,1,0,1,1,0,0,0,1,1,0,0,0,0,0,0,0,0,0,0,0,0,-1,-1,-1,-1,-1,304040,304041,304042,1,0,1,1,1,0,0,0,0,1,1,1,0,2,0,1,0,600,100,1,0,0,0,0,2,0,0,-1,0,-1,-1,-1,0,0,0,0,0,0,0,0,0,0,0,0,0,0,0,0,0,0,[0|0],0,[0|0|0|0|0|0|0|0],在幽影之地倒下的人们身上的赐福，\n所残存下来的黄金碎屑。\n\n使用后能获得１２５００卢恩。\n\n据说参与圣战的士兵们，\n受赐了更多的赐福。
2002955,幽影之地卢恩【４】,1,0,[0|0|0],20502955,66,0,0,15000,0,-1,9340,-1,-1,0,-1,0,816,0,-1,-1,-1,99,0,50,0,2,0,0,9,0,0,0,[0|0],1,1,1,1,1,0,1,1,0,0,0,1,1,0,0,0,0,0,0,0,0,0,0,0,0,-1,-1,-1,-1,-1,304040,304041,304042,1,0,1,1,1,0,0,0,0,1,1,1,0,2,0,1,0,600,100,1,0,0,0,0,2,0,0,-1,0,-1,-1,-1,0,0,0,0,0,0,0,0,0,0,0,0,0,0,0,0,0,0,[0|0],0,[0|0|0|0|0|0|0|0],在幽影之地倒下的人们身上的赐福，\n所残存下来的黄金碎屑。\n\n使用后能获得１５０００卢恩。\n\n据说参与圣战的士兵们，\n受赐了更多的赐福。
2002956,幽影之地卢恩【５】,1,0,[0|0|0],20502956,66,0,0,17500,0,-1,9350,-1,-1,0,-1,0,817,0,-1,-1,-1,99,0,50,0,2,0,0,9,0,0,0,[0|0],1,1,1,1,1,0,1,1,0,0,0,1,1,0,0,0,0,0,0,0,0,0,0,0,0,-1,-1,-1,-1,-1,304040,304041,304042,1,0,1,1,1,0,0,0,0,1,1,1,0,2,0,1,0,600,100,1,0,0,0,0,2,0,0,-1,0,-1,-1,-1,0,0,0,0,0,0,0,0,0,0,0,0,0,0,0,0,0,0,[0|0],0,[0|0|0|0|0|0|0|0],在幽影之地倒下的人们身上的赐福，\n所残存下来的黄金碎屑。\n\n使用后能获得１７５００卢恩。\n\n在无人造访，被人遗忘的地方，\n赐福默默地增强自身的光芒。
2002957,幽影之地卢恩【６】,1,0,[0|0|0],20502957,66,0,0,22500,0,-1,9360,-1,-1,0,-1,0,818,0,-1,-1,-1,99,0,50,0,2,0,0,9,0,0,0,[0|0],1,1,1,1,1,0,1,1,0,0,0,1,1,0,0,0,0,0,0,0,0,0,0,0,0,-1,-1,-1,-1,-1,304040,304041,304042,1,0,1,1,1,0,0,0,0,1,1,1,0,2,0,1,0,600,100,1,0,0,0,0,2,0,0,-1,0,-1,-1,-1,0,0,0,0,0,0,0,0,0,0,0,0,0,0,0,0,0,0,[0|0],0,[0|0|0|0|0|0|0|0],在幽影之地倒下的人们身上的赐福，\n所残存下来的黄金碎屑。\n\n使用后能获得２２５００卢恩。\n\n在无人造访，被人遗忘的地方，\n赐福默默地增强自身的光芒。
2002958,幽影之地卢恩【７】,1,0,[0|0|0],20502958,66,0,0,30000,0,-1,9370,-1,-1,0,-1,0,819,0,-1,-1,-1,99,0,50,0,2,0,0,9,0,0,0,[0|0],1,1,1,1,1,0,1,1,0,0,0,1,1,0,0,0,0,0,0,0,0,0,0,0,0,-1,-1,-1,-1,-1,304050,304051,304052,1,0,1,1,1,0,0,0,0,1,1,1,0,2,0,1,0,600,100,1,0,0,0,0,2,0,0,-1,0,-1,-1,-1,0,0,0,0,0,0,0,0,0,0,0,0,0,0,0,0,0,0,[0|0],0,[0|0|0|0|0|0|0|0],在幽影之地倒下的人们身上的赐福，\n所残存下来的黄金碎屑。\n\n使用后能获得３００００卢恩。\n\n在无人造访，被人遗忘的地方，\n赐福默默地增强自身的光芒。
2002959,不受赞扬的英雄卢恩,1,0,[0|0|0],20502959,66,0,0,50000,0,-1,9390,-1,-1,0,-1,0,820,0,-1,-1,-1,99,0,50,0,2,0,0,9,0,0,0,[0|0],1,1,1,1,1,0,1,1,0,0,0,1,1,0,0,0,0,0,0,0,0,0,0,0,0,-1,-1,-1,-1,-1,304050,304051,304052,1,0,1,1,1,0,0,0,0,1,1,1,0,2,0,1,0,600,100,1,0,0,0,0,2,0,0,-1,0,-1,-1,-1,0,0,0,0,0,0,0,0,0,0,0,0,0,0,0,0,0,0,[0|0],0,[0|0|0|0|0|0|0|0],在幽影之地倒下的英雄们身上的赐福，\n所残存下来的黄金碎屑。\n\n使用后能获得５００００卢恩。\n\n过去在战场上，存在着英雄──\n他们蒙受黄金树的强大赐福，\n但毫无名誉地迎向死亡。
2002960,玛莉卡的卢恩,1,0,[0|0|0],20502960,66,0,0,80000,0,-1,9400,-1,-1,0,-1,0,821,0,-1,-1,-1,99,0,50,0,2,0,0,9,0,0,0,[0|0],1,1,1,1,1,0,1,1,0,0,0,1,1,0,0,0,0,0,0,0,0,0,0,0,0,-1,-1,-1,-1,-1,304080,304081,304082,1,0,1,1,1,0,0,0,0,1,1,1,0,2,0,1,0,600,100,1,0,0,0,0,3,0,0,-1,0,-1,-1,-1,0,0,0,0,0,0,0,0,0,0,0,0,0,0,0,0,0,0,[0|0],0,[0|0|0|0|0|0|0|0],玛莉卡女王亲自赐予\n参与圣战的英雄的赐福，\n所残存下来的黄金碎屑。\n\n使用后能获得８００００卢恩。\n\n那赐福的光芒，连英雄都会为之恍惚。
2003000,情谊石,1,0,[0|0|0],210300000,-1,0,0,-1,0,-1,5045,-1,20000610,0,-1,0,764,0,-1,-1,-1,1,0,50,0,1,0,0,18,0,0,0,[0|0],1,1,1,1,1,0,1,0,0,0,0,0,1,0,0,0,0,0,0,1,0,0,0,0,0,-1,-1,-1,-1,-1,340050,340051,-1,1,0,0,1,0,0,0,0,0,0,0,1,0,2,0,1,0,600,60,0,0,0,0,0,2,0,0,-1,0,-1,-1,-1,0,0,0,0,0,0,0,0,0,0,0,0,0,0,0,0,0,0,[0|0],710550,[0|0|0|0|0|0|0|0],嵌入纯白色宝石的大颗巢穴石。\n据说是用特殊的结石磨制而成。\n\n用于控制灵力爆炸的诅咒器具。\n使用后，精灵石内的精灵会消失，\n消失的当下能引发灵力爆炸。\n\n与精灵之间建立情谊，\n为的是在日后断绝情谊。
2003001,精灵石,1,0,[0|0|0],210300100,-1,0,0,200,0,-1,4152,-1,20000610,0,-1,0,765,0,-1,-1,-1,10,0,50,0,1,0,0,48,0,0,0,[0|0],1,1,1,1,1,0,1,1,0,0,0,1,1,0,0,0,0,0,0,0,0,0,0,0,0,-1,600000,-1,-1,-1,340043,-1,-1,1,0,0,1,0,0,0,0,0,2,1,1,0,2,0,1,0,600,50,0,0,1,0,0,0,0,0,-1,28,-1,-1,-1,0,0,0,0,0,0,0,0,0,0,0,0,0,0,0,0,0,0,[0|0],710550,[0|0|0|0|0|0|0|0],精灵栖宿在劳弗巢穴内的物品。\n能够制作的其中一项道具。\n\n能消耗专注值，释放缓慢追踪敌人的精灵。\n一定时间后，发光的精灵会渐渐消失，\n在消失的那一刻，引发灵力爆炸。\n\n根据角人学者留下的记录，\n据说“情谊石”能控制精灵消失的时机。
2003130,带角幼子像,1,0,[0|0|0],210313000,17,0,0,-1,0,-1,5041,-1,-1,0,-1,0,758,0,-1,-1,-1,1,0,50,0,1,0,0,63,0,0,0,[0|0],1,1,1,1,1,0,1,0,0,0,0,0,1,0,0,0,0,0,0,1,0,0,0,1,0,-1,613000,-1,-1,-1,-1,302330,-1,1,0,0,1,0,0,0,0,0,0,0,1,0,2,0,1,0,600,60,0,0,0,0,0,2,0,0,10000000,21,-1,-1,-1,0,0,0,0,0,0,0,0,0,0,0,0,0,0,0,0,0,0,[0|0],0,[0|0|0|0|0|0|0|0],长满混生角的幼子像。\n\n能消耗专注值，在使用者周围召唤怨魂。\n怨魂会对敌人穷追不舍。\n\n混生角是充满灵性力量的象征。\n但如果诞生时，身上的角过于巨大，\n绝大部分的婴儿都会难逃一死。\n此为供养用的雕像。
2003140,拉纳香油瓶,1,0,[0|0|0],210314000,17,0,0,-1,0,-1,5044,-1,-1,0,-1,0,755,0,-1,-1,-1,1,0,50,0,1,0,0,47,0,0,0,[0|0],1,1,1,1,1,0,1,0,0,0,0,0,1,0,0,0,0,0,0,1,0,0,0,1,0,-1,614000,-1,-1,-1,-1,-1,-1,1,0,0,1,0,0,0,0,0,0,0,1,0,2,0,1,0,600,60,0,0,0,0,0,2,0,0,10000001,13,-1,-1,-1,0,0,0,0,0,0,0,0,0,0,0,0,0,0,0,0,0,0,[0|0],0,[0|0|0|0|0|0|0|0],缠绕火红布料的小瓶子。\n里面装满具可燃性的香油。\n\n能消耗专注值，朝前方释放火焰。\n\n据说拉纳舞娘会偷偷携带此物跳舞，\n当热情的舞蹈表演到达高潮时，\n会释放炙热火焰与甜美香气，替表演锦上添花。
2003150,提比亚的唤声,1,0,[0|0|0],210315000,17,0,0,100,0,-1,4156,-1,-1,0,-1,0,780,0,-1,-1,-1,10,0,50,0,1,0,0,3,0,0,0,[0|0],1,1,1,1,1,0,1,1,0,0,0,1,1,0,0,0,0,0,0,0,0,0,0,1,0,-1,615000,-1,-1,-1,300480,-1,-1,1,0,0,1,0,0,0,0,0,2,1,1,0,2,0,1,0,600,50,0,0,1,0,0,0,0,0,10000000,14,-1,-1,-1,0,0,0,0,0,0,0,0,0,0,0,0,0,0,0,0,0,0,[0|0],0,[0|0|0|0|0|0|0|0],以守墓者头盖骨作为触媒的古老诅咒器具。\n能够制作的其中一项道具。\n\n能消耗专注值，在命中的地方召唤因死迷途的人。\n迷途者会一边回旋，一边横扫周围，\n攻击三次后会消失。\n\n自古以来，死者皆是迷途羔羊，\n因此需要有人挺身引导。
2003160,迸发癫火,1,0,[0|0|0],210316000,17,0,0,200,0,-1,4154,-1,-1,0,-1,0,781,0,-1,-1,-1,10,0,50,0,1,0,0,7,0,0,0,[0|0],1,1,1,1,1,0,1,1,0,0,0,1,1,0,0,0,0,0,0,0,0,0,0,1,0,-1,616000,-1,-1,-1,302350,-1,-1,1,0,0,1,0,0,0,0,0,2,1,1,0,2,0,1,0,600,50,0,0,1,0,0,0,0,0,10000004,13,-1,-1,-1,0,0,0,0,0,0,0,0,0,0,0,0,0,0,0,0,0,0,[0|0],0,[0|0|0|0|0|0|0|0],用癫火燃烧灵墓碑石后的产物。\n能够制作的其中一项道具。\n\n能消耗专注值放置地面，在原地散布癫火。\n\n据说连本该永恒不灭的灵魂\n都不敌癫火，烧熔消失──\n这就是角人们嫌恶癫火的原因。
2003170,黄金树立誓,1,0,[0|0|0],210317000,17,0,0,100,0,-1,4210,-1,-1,0,-1,0,782,0,-1,-1,-1,10,0,50,0,1,0,0,49,0,0,0,[0|0],1,1,1,1,1,0,1,1,0,0,0,1,1,0,0,0,0,0,0,0,0,0,0,1,0,-1,-1,-1,-1,-1,302360,-1,-1,1,0,0,1,0,0,0,0,0,2,1,1,0,2,0,1,0,600,50,1,0,1,0,0,1,0,0,30000000,30,-1,-1,-1,0,0,0,0,0,0,0,0,0,0,0,0,0,0,0,0,0,0,[0|0],0,[0|0|0|0|0|0|0|0],执行过黄金树祷告，化为光的遗骨。\n能够制作的其中一项道具。\n\n能消耗专注值高举，包含周围我方人物，\n提升攻击力与防御力。\n\n同袍们信仰远方的黄金树，为圣战捐躯──\n此为继承先人遗志的仪式。
2003180,蜷曲火焰,1,0,[0|0|0],210318000,17,0,0,100,0,-1,4153,-1,-1,0,-1,0,783,0,-1,-1,-1,10,0,50,0,1,0,0,3,0,0,0,[0|0],1,1,1,1,1,0,1,1,0,0,0,1,1,0,0,0,0,0,0,0,0,0,0,1,0,-1,618000,-1,-1,-1,302370,-1,-1,1,0,0,1,0,0,0,0,0,2,1,1,0,2,0,1,0,600,50,0,0,1,0,0,0,0,0,10000000,9,-1,-1,-1,0,0,0,0,0,0,0,0,0,0,0,0,0,0,0,0,0,0,[0|0],0,[0|0|0|0|0|0|0|0],梅瑟莫军的士兵使用的火焰技术。\n蜷曲交缠的余火。\n能够制作的其中一项道具。\n\n能消耗专注值丢出，在命中的地方\n形成娇小的火焰蛇蜿蜒前进、追踪敌人。\n\n火焰是圣战的象征──\n据说在梅瑟莫军，下至士兵都能以火焰攻击。
2003190,火精灵石,1,0,[0|0|0],210319000,17,0,0,100,0,-1,4151,-1,-1,0,-1,0,784,0,-1,-1,-1,10,0,50,0,1,0,0,48,0,0,0,[0|0],1,1,1,1,1,0,1,1,0,0,0,1,1,0,0,0,0,0,0,0,0,0,0,1,0,-1,619000,-1,-1,-1,302380,-1,-1,1,0,0,1,0,0,0,0,0,2,1,1,0,2,0,1,0,600,50,0,0,1,0,0,0,0,0,10000000,7,-1,-1,-1,0,0,0,0,0,0,0,0,0,0,0,0,0,0,0,0,0,0,[0|0],0,[0|0|0|0|0|0|0|0],火精灵栖宿在劳弗巢穴的物品。\n能够制作的其中一项道具。\n\n能消耗专注值，释放在地面跳动前进的火精灵。\n能贯穿敌人，给予火属性伤害。\n\n火精灵是其中一种精灵。\n据说在精灵之中，它们的特性较为火爆。
2003200,光辉指爪,1,0,[0|0|0],210320002,17,0,0,100,0,-1,4131,-1,-1,0,-1,0,785,0,-1,-1,-1,10,0,50,0,1,0,0,2,0,0,0,[0|0],1,1,1,1,1,0,1,1,0,0,0,1,1,0,0,0,0,0,0,0,0,0,0,1,0,-1,620000,-1,-1,-1,302390,-1,-1,1,0,0,1,0,0,0,0,0,2,1,1,0,2,0,1,0,600,50,0,0,1,0,0,0,0,0,10000000,4,-1,-1,-1,0,0,0,0,0,0,0,0,0,0,0,0,0,0,0,0,0,0,[0|0],0,[0|0|0|0|0|0|0|0],浮现发光指纹纹路的指甲石。\n能够制作的其中一项道具。\n\n能消耗专注值，释放迸裂飞去的魔力指爪。\n\n八目鳗是指头遗迹的守卫，\n与人类相比，它们更接近指头。\n因此，指头追寻者们会模仿它们的魔法。
2003310,暖阳石,1,0,[0|0|0],210331000,17,0,0,200,0,-1,4175,-1,-1,0,-1,0,786,0,-1,-1,-1,10,0,50,0,1,0,7,7,0,0,0,[0|0],1,1,1,1,1,0,1,1,0,0,0,1,1,0,0,0,0,0,0,0,0,0,0,1,0,-1,-1,-1,-1,-1,340060,-1,-1,1,0,0,1,0,0,0,0,0,2,1,1,0,2,0,1,0,600,50,1,0,1,0,0,1,0,0,-1,24,-1,-1,-1,0,0,0,0,0,0,0,0,0,0,0,0,0,0,0,0,0,0,[0|0],0,[0|0|0|0|0|0|0|0],执行过黄金树祷告的灵墓碑石。\n能够制作的其中一项道具。\n\n能消耗专注值发出温暖阳光，\n让附近的人物持续恢复血量。\n比温热石的效果更强。\n\n在幽暗的地方，阳光更加温暖。
2003350,惑众树枝,1,0,[0|0|0],210335000,17,0,0,200,0,-1,4200,-1,-1,0,-1,0,759,0,-1,-1,-1,10,0,50,0,1,0,0,61,0,0,0,[0|0],1,1,1,1,1,0,1,1,0,0,0,1,1,0,0,0,0,0,0,0,0,0,0,1,0,-1,-1,-1,-1,-1,340070,340071,-1,1,0,0,1,0,0,0,0,0,2,1,1,0,2,0,1,0,600,50,0,0,1,0,0,1,0,0,10000004,32,-1,-1,-1,0,0,0,0,0,0,0,0,0,0,0,0,0,0,0,0,0,0,[0|0],0,[0|0|0|0|0|0|0|0],执行过纯净金祷告的树枝。\n能够制作的其中一项道具。\n\n能消耗专注值，让刺中的对象\n与周围的敌人受到魅惑。\n受到魅惑的敌人会暂时成为同伴。\n\n即使是立场上会爆发冲突的人，\n米凯拉都有办法让他们携手合作──\n前提是魅惑依然有效。
2004300,米丽安的消失,0,0,[0|0|0],-1,-1,0,0,-1,0,-1,252145,-1,-1,0,-1,0,6800,0,-1,-1,-1,99,0,0,17,0,0,0,0,0,0,0,[0|0],0,0,0,0,0,0,0,0,0,0,0,1,1,0,0,0,0,0,0,0,0,0,0,0,0,-1,-1,-1,-1,-1,-1,-1,-1,1,0,0,0,0,0,0,0,0,0,0,1,0,2,0,0,0,600,20,1,0,0,0,0,2,0,0,-1,0,-1,-1,-1,0,0,0,0,0,0,0,0,0,0,0,0,0,0,0,0,0,0,[0|0],0,[0|0|0|0|0|0|0|0],侍奉卡利亚王室的魔法教授的招式。\n\n能溶入辉石烟雾，隐藏自己的身影，\n片刻之后会再次现身。\n能以前后、左右控制现身的位置。\n\n据说书斋管理员精通此魔法，\n因此以她的名字命名。
2004310,魔法三辉剑,0,0,[0|0|0],-1,-1,0,0,-1,0,-1,252005,-1,-1,0,-1,0,6878,0,-1,-1,-1,99,0,0,5,0,0,0,0,0,0,0,[0|0],0,0,0,0,0,0,0,0,0,0,0,1,1,0,0,0,0,0,0,0,0,0,0,0,0,-1,-1,-1,-1,-1,-1,-1,-1,1,0,0,0,0,0,0,0,0,0,0,1,0,2,0,0,0,600,20,1,0,0,0,0,1,0,0,-1,0,-1,-1,-1,0,0,0,0,0,0,0,0,0,0,0,0,0,0,0,0,0,0,[0|0],0,[0|0|0|0|0|0|0|0],卡利亚王室的古老魔法。\n\n能在自身头上画出魔法阵，\n形成延后现形、飞向敌人的三只辉剑。\n可以走动施展，借由蓄力能延后辉剑形成的时间。\n\n辉剑圆阵类魔法的原型，在幽影之地独立发展。
2004320,蕾菈娜的双月,0,0,[0|0|0],-1,-1,0,0,-1,0,-1,252085,-1,-1,0,-1,0,6801,0,-1,-1,-1,99,0,0,5,0,0,0,0,0,0,0,[0|0],0,0,0,0,0,0,0,0,0,0,0,1,1,0,0,0,0,0,0,0,0,0,0,0,0,-1,-1,-1,-1,-1,-1,-1,-1,1,0,0,0,0,0,0,0,0,0,0,1,0,2,0,0,0,600,20,1,0,0,0,0,3,0,0,-1,0,-1,-1,-1,0,0,0,0,0,0,0,0,0,0,0,0,0,0,0,0,0,0,[0|0],0,[0|0|0|0|0|0|0|0],“双月骑士”蕾菈娜的魔法。\n卡利亚公主的象征魔法。\n\n能呼唤重迭双月降临自身，\n月亮将朝地面先后坠落。\n那对月亮将以月光剧烈撼动大地。\n\n蕾菈娜在年幼时期，\n与姊姊蕾娜菈一起遇见了月亮──\n那是一对互相重迭，彼此依偎的月亮。
2004330,,0,0,[0|0|0],-1,-1,0,0,-1,0,-1,999999,-1,-1,0,-1,0,6802,0,-1,-1,-1,99,0,0,5,0,0,0,0,0,0,0,[0|0],0,0,0,0,0,0,0,0,0,0,0,1,1,0,0,0,0,0,0,0,0,0,0,0,0,-1,-1,-1,-1,-1,-1,-1,-1,1,0,0,0,0,0,0,0,0,0,0,1,0,2,0,0,0,600,255,1,0,0,0,0,1,0,0,-1,0,-1,-1,-1,0,0,0,0,0,0,0,0,0,0,0,0,0,0,0,0,0,0,[0|0],0,[0|0|0|0|0|0|0|0],
2004500,辉石指爪,0,0,[0|0|0],-1,-1,0,0,-1,0,-1,257050,-1,-1,0,-1,0,6803,0,-1,-1,-1,99,0,0,5,0,0,0,0,0,0,0,[0|0],0,0,0,0,0,0,0,0,0,0,0,1,1,0,0,0,0,0,0,0,0,0,0,0,0,-1,-1,-1,-1,-1,-1,-1,-1,1,0,0,0,0,0,0,0,0,0,0,1,0,2,0,0,0,600,50,1,0,0,0,0,1,0,0,-1,0,-1,-1,-1,0,0,0,0,0,0,0,0,0,0,0,0,0,0,0,0,0,0,[0|0],0,[0|0|0|0|0|0|0|0],“大祭司”尤弥尔的辉石魔法。\n据说是在神秘遗迹发现的其中一种指头魔法。\n\n能释放迸裂飞去的魔力指爪。\n借由蓄力能提升威力。\n\n尤弥尔不以为意地表示：\n　这不过是让人思索真相用的小把戏。
2004510,辉石繁指爪,0,0,[0|0|0],-1,-1,0,0,-1,0,-1,257060,-1,-1,0,-1,0,6804,0,-1,-1,-1,99,0,0,5,0,0,0,0,0,0,0,[0|0],0,0,0,0,0,0,0,0,0,0,0,1,1,0,0,0,0,0,0,0,0,0,0,0,0,-1,-1,-1,-1,-1,-1,-1,-1,1,0,0,0,0,0,0,0,0,0,0,1,0,2,0,0,0,600,50,1,0,0,0,0,1,0,0,-1,0,-1,-1,-1,0,0,0,0,0,0,0,0,0,0,0,0,0,0,0,0,0,0,[0|0],0,[0|0|0|0|0|0|0|0],“大祭司”尤弥尔的辉石魔法。\n据说是在神秘遗迹发现的其中一种指头魔法。\n\n能释放迸裂飞去的多个魔力指爪。\n借由蓄力能提升威力。\n\n尤弥尔不以为意地表示：\n　这不过是让人思索真相用的小把戏。
2004700,岩块刀刃,0,0,[0|0|0],-1,-1,0,0,-1,0,-1,257025,-1,-1,0,-1,0,6805,0,-1,-1,-1,99,0,0,5,0,0,0,0,0,0,0,[0|0],0,0,0,0,0,0,0,0,0,0,0,1,1,0,0,0,0,0,0,0,0,0,0,0,0,-1,-1,-1,-1,-1,-1,-1,-1,1,0,0,0,0,0,0,0,0,0,0,1,0,2,0,0,0,600,50,1,0,0,0,0,3,0,0,-1,0,-1,-1,-1,0,0,0,0,0,0,0,0,0,0,0,0,0,0,0,0,0,0,[0|0],0,[0|0|0|0|0|0|0|0],老将盖乌斯的魔法，能控制重力。\n\n能从大地形成岩块刀刃。\n借由蓄力能形成刀刃三次。\n\n据说年轻时期的盖乌斯与拉塔恩\n共同钻研、习得此招式。
2004710,引力球,0,0,[0|0|0],-1,-1,0,0,-1,0,-1,257015,-1,-1,0,-1,0,6806,0,-1,-1,-1,99,0,0,5,0,0,0,0,0,0,0,[0|0],0,0,0,0,0,0,0,0,0,0,0,1,1,0,0,0,0,0,0,0,0,0,0,0,0,-1,-1,-1,-1,-1,-1,-1,-1,1,0,0,0,0,0,0,0,0,0,0,1,0,2,0,0,0,600,50,1,0,0,0,0,2,0,0,-1,0,-1,-1,-1,0,0,0,0,0,0,0,0,0,0,0,0,0,0,0,0,0,0,[0|0],0,[0|0|0|0|0|0|0|0],其中一种控制重力的辉石魔法。\n\n能释放重力球，接连拉近敌人，\n最后再引发爆炸。\n借由蓄力能增加前进距离，与拉近敌人的次数。\n\n据说源自坠星兽物的故乡──\n那存在于遥远彼端的无光黑暗。
2004900,棘刺上身,0,0,[0|0|0],-1,-1,0,0,-1,0,-1,259020,-1,-1,0,-1,0,6807,0,-1,-1,-1,99,0,0,17,0,0,0,0,0,0,0,[0|0],0,0,0,0,0,0,0,0,0,0,0,1,1,0,0,0,0,0,0,0,0,0,0,0,0,-1,-1,-1,-1,-1,-1,-1,-1,1,0,0,0,0,0,0,0,0,0,0,1,0,2,0,0,0,600,50,1,0,0,0,0,2,0,0,-1,0,-1,-1,-1,0,0,0,0,0,0,0,0,0,0,0,0,0,0,0,0,0,0,[0|0],0,[0|0|0|0|0|0|0|0],因为虔诚反而陷入绝望，\n最后放弃祷告的人们施展的魔法。\n\n能用生自幽影树的拒绝的刺\n伤害自己，并缠绕全身。\n以翻滚接触敌人时，能给予伤害。\n\n歪扭的幽影树传达出讯息：\n　拒绝一切、伤害一切吧──\n　我们被抛弃了。
2004910,拒绝的刺,0,0,[0|0|0],-1,-1,0,0,-1,0,-1,259030,-1,-1,0,-1,0,6808,0,-1,-1,-1,99,0,0,5,0,0,0,0,0,0,0,[0|0],0,0,0,0,0,0,0,0,0,0,0,1,1,0,0,0,0,0,0,0,0,0,0,0,0,-1,-1,-1,-1,-1,-1,-1,-1,1,0,0,0,0,0,0,0,0,0,0,1,0,2,0,0,0,600,50,1,0,0,0,0,2,0,0,-1,0,-1,-1,-1,0,0,0,0,0,0,0,0,0,0,0,0,0,0,0,0,0,0,[0|0],0,[0|0|0|0|0|0|0|0],因为虔诚反而陷入绝望，\n最后放弃祷告的人们施展的魔法。\n\n能用生自幽影树的拒绝的刺\n伤害自己，并从地面形成拒绝的刺。\n可以连续施展。\n\n歪扭的幽影树传达出讯息：\n　拒绝一切、伤害一切吧──\n　我们被抛弃了。
2005000,灵魂光环,0,0,[0|0|0],-1,-1,0,0,-1,0,-1,260015,-1,-1,0,-1,0,6809,0,-1,-1,-1,99,0,0,5,0,0,0,0,0,0,0,[0|0],0,0,0,0,0,0,0,0,0,0,0,1,1,0,0,0,0,0,0,0,0,0,0,0,0,-1,-1,-1,-1,-1,-1,-1,-1,1,0,0,0,0,0,0,0,0,0,0,1,0,2,0,0,0,600,60,1,0,0,0,0,1,0,0,-1,0,-1,-1,-1,0,0,0,0,0,0,0,0,0,0,0,0,0,0,0,0,0,0,[0|0],0,[0|0|0|0|0|0|0|0],所有死亡的汇集之处──灵墓，\n其守卫施展的魔法。\n\n能形成多个灵魂光环，再一口气释放。\n借由蓄力能提升威力。\n\n光环带有和灵火相同的特性，\n给予魔力属性伤害的同时，也能累积冻伤量表。
2006200,融泥漩,0,0,[0|0|0],-1,-1,0,0,-1,0,-1,260060,-1,-1,0,-1,0,6810,0,-1,-1,-1,99,0,0,5,0,0,0,0,0,0,0,[0|0],0,0,0,0,0,0,0,0,0,0,0,1,1,0,0,0,0,0,0,0,0,0,0,0,0,-1,-1,-1,-1,-1,-1,-1,-1,1,0,0,0,0,0,0,0,0,0,0,1,0,2,0,0,0,600,60,1,0,0,0,0,3,0,0,-1,0,-1,-1,-1,0,0,0,0,0,0,0,0,0,0,0,0,0,0,0,0,0,0,[0|0],0,[0|0|0|0|0|0|0|0],融泥骑士使用的魔法。\n\n能释放多个漩涡状融泥，\n在命中后朝周围产生灵火。\n\n在远古时代，死亡会受灵火洗礼。\n即使是污秽尸肉最后化成的融泥，也不例外。\n在过去，死亡是件平等的事。
2006210,融泥块,0,0,[0|0|0],-1,-1,0,0,-1,0,-1,260050,-1,-1,0,-1,0,6811,0,-1,-1,-1,99,0,0,5,0,0,0,0,0,0,0,[0|0],0,0,0,0,0,0,0,0,0,0,0,1,1,0,0,0,0,0,0,0,0,0,0,0,0,-1,-1,-1,-1,-1,-1,-1,-1,1,0,0,0,0,0,0,0,0,0,0,1,0,2,0,0,0,600,60,1,0,0,0,0,1,0,0,-1,0,-1,-1,-1,0,0,0,0,0,0,0,0,0,0,0,0,0,0,0,0,0,0,[0|0],0,[0|0|0|0|0|0|0|0],源自石棺融泥的魔法。\n\n能释放大块融泥，\n在命中后朝周围产生灵火。\n借由蓄力能提升威力。\n\n在远古时代，死亡会受灵火洗礼。\n即使是污秽尸肉最后化成的融泥，也不例外。\n在过去，死亡是件平等的事。
2006300,安帕赫的狂刃,0,0,[0|0|0],-1,-1,0,0,-1,0,-1,309015,-1,-1,0,-1,0,6850,0,-1,-1,-1,99,0,0,16,0,0,0,0,0,0,0,[0|0],0,0,0,0,0,0,0,0,0,0,0,1,1,0,0,0,0,0,0,0,0,0,0,0,0,-1,-1,-1,-1,-1,-1,-1,-1,1,0,0,0,0,0,0,0,0,0,0,1,0,2,0,0,0,600,60,1,0,0,0,0,2,0,0,-1,0,-1,-1,-1,0,0,0,0,0,0,0,0,0,0,0,0,0,0,0,0,0,0,[0|0],0,[0|0|0|0|0|0|0|0],“纯血骑士”安帕赫的祷告。\n\n能在小指根部形成血焰刀刃，\n再一口气拉近距离，撕裂敌人。\n借由蓄力能增加斩击的次数。\n\n与优雅的王朝剑技相比，有着天壤之别，\n可说是置生死于度外的激烈招式。\n为过去的他之所以赫赫有名的缘由。
2006400,远方之恢复,0,0,[0|0|0],-1,-1,0,0,-1,0,-1,302046,-1,-1,0,-1,0,6851,0,-1,-1,-1,99,0,0,18,0,0,0,0,0,0,0,[0|0],0,0,0,0,0,0,0,0,0,0,0,1,1,0,0,0,0,0,0,0,0,0,0,0,0,-1,-1,-1,-1,-1,-1,-1,-1,1,0,0,0,0,0,0,0,0,0,0,1,0,2,0,0,0,600,20,1,0,0,0,0,1,0,0,-1,0,-1,-1,-1,0,0,0,0,0,0,0,0,0,0,0,0,0,0,0,0,0,0,[0|0],0,[0|0|0|0|0|0|0|0],在幽影之地发现的黄金树祷告。\n\n朝远方的我方人物释放，\n命中的目标能大幅恢复血量。\n\n　即使远在他方，甚至无法看见形影，\n　相信黄金树仍会赐福我等。
2006650,熔炉百相之针,0,0,[0|0|0],-1,-1,0,0,-1,0,-1,303055,-1,-1,0,-1,0,6852,0,-1,-1,-1,99,0,0,16,0,0,0,0,0,0,0,[0|0],0,0,0,0,0,0,0,0,0,0,0,1,1,0,0,0,0,0,0,0,0,0,0,0,0,-1,-1,-1,-1,-1,-1,-1,-1,1,0,0,0,0,0,0,0,0,0,0,1,0,2,0,0,0,600,20,1,0,0,0,0,1,0,0,-1,0,-1,-1,-1,0,0,0,0,0,0,0,0,0,0,0,0,0,0,0,0,0,0,[0|0],0,[0|0|0|0|0|0|0|0],在黄金河马身上显现的熔炉百相。\n\n能在背部形成尖针状的大量体毛，\n在地面滚动的同时，横扫周围。\n借由蓄力能增加滚动次数，并扩大攻击范围。\n\n在远古时代，此地尚未被幽影隐匿，\n熔炉生命确实有着脉动。\n据说在古遗迹能找到相关的迹象。
2006660,熔炉百相之花,0,0,[0|0|0],-1,-1,0,0,-1,0,-1,303056,-1,-1,0,-1,0,6853,0,-1,-1,-1,99,0,0,16,0,0,0,0,0,0,0,[0|0],0,0,0,0,0,0,0,0,0,0,0,1,1,0,0,0,0,0,0,0,0,0,0,0,0,-1,-1,-1,-1,-1,-1,-1,-1,1,0,0,0,0,0,0,0,0,0,0,1,0,2,0,0,0,600,20,1,0,0,0,0,1,0,0,-1,0,-1,-1,-1,0,0,0,0,0,0,0,0,0,0,0,0,0,0,0,0,0,0,[0|0],0,[0|0|0|0|0|0|0|0],在古遗迹发现的熔炉百相。\n\n能在胸口形成米兰达之花，召唤光芒雨。\n借由蓄力能提升威力。\n\n在远古时代，此地尚未被幽影隐匿，\n熔炉生命确实有着脉动。
2006670,小黄金树,0,0,[0|0|0],-1,-1,0,0,-1,0,-1,303025,-1,-1,0,-1,0,6854,0,-1,-1,-1,99,0,0,18,0,0,0,0,0,0,0,[0|0],0,0,0,0,0,0,0,0,0,0,0,1,1,0,0,0,0,0,0,0,0,0,0,0,0,-1,-1,-1,-1,-1,-1,-1,-1,1,0,0,0,0,0,0,0,0,0,0,1,0,2,0,0,0,600,20,1,0,0,0,0,3,0,0,-1,0,-1,-1,-1,0,0,0,0,0,0,0,0,0,0,0,0,0,0,0,0,0,0,[0|0],0,[0|0|0|0|0|0|0|0],玛莉卡女王藏匿的祷告。\n仅有温柔，没有律法的黄金。\n\n能形成小型黄金树的幻影，\n持续恢复周围我方人物的血量。\n\n玛莉卡用黄金包围了故乡的村落──\n即使祂明白，该疗愈的人们早已不在。
2006680,幽影之地,0,0,[0|0|0],-1,-1,0,0,-1,0,-1,303057,-1,-1,0,-1,0,6855,0,-1,-1,-1,99,0,0,16,0,0,0,0,0,0,0,[0|0],0,0,0,0,0,0,0,0,0,0,0,1,1,0,0,0,0,0,0,0,0,0,0,0,0,-1,-1,-1,-1,-1,-1,-1,-1,1,0,0,0,0,0,0,0,0,0,0,1,0,2,0,0,0,600,20,1,0,0,0,0,3,0,0,-1,0,-1,-1,-1,0,0,0,0,0,0,0,0,0,0,0,0,0,0,0,0,0,0,[0|0],0,[0|0|0|0|0|0|0|0],源自幽影树的化身的祷告。\n\n能形成多个黄金石砾，\n短暂时间后，石砾会朝目标飞去。\n\n能展现幽影树迸发力量的招式。\n也因此，那黄金总有幽影相随。
2006690,远方之怒,0,0,[0|0|0],-1,-1,0,0,-1,0,-1,302045,-1,-1,0,-1,0,6856,0,-1,-1,-1,99,0,0,16,0,0,0,0,0,0,0,[0|0],0,0,0,0,0,0,0,0,0,0,0,1,1,0,0,0,0,0,0,0,0,0,0,0,0,-1,-1,-1,-1,-1,-1,-1,-1,1,0,0,0,0,0,0,0,0,0,0,1,0,2,0,0,0,600,20,1,0,0,0,0,2,0,0,-1,0,-1,-1,-1,0,0,0,0,0,0,0,0,0,0,0,0,0,0,0,0,0,0,[0|0],0,[0|0|0|0|0|0|0|0],在幽影之地发现的黄金树祷告。\n\n能释放弹飞周围人物的黄金冲击波。\n借由蓄力能增加冲击波的幅度。\n\n在艾尔登法环被击碎的当下，\n身在幽影之地的人们也有所感受──\n他们相信那就是黄金树的愤怒。
2006700,米凯拉的光,0,0,[0|0|0],-1,-1,0,0,-1,0,-1,304200,-1,-1,0,-1,0,6857,0,-1,-1,-1,99,0,0,16,0,0,0,0,0,0,0,[0|0],0,0,0,0,0,0,0,0,0,0,0,1,1,0,0,0,0,0,0,0,0,0,0,0,0,-1,-1,-1,-1,-1,-1,-1,-1,1,0,0,0,0,0,0,0,0,0,0,1,0,2,0,0,0,600,25,1,0,0,0,0,3,0,0,-1,0,-1,-1,-1,0,0,0,0,0,0,0,0,0,0,0,0,0,0,0,0,0,0,[0|0],0,[0|0|0|0|0|0|0|0],作为神祇归来的米凯拉拥有的力量。\n能作为祷告执行。\n\n能用光柱消灭目标。\n\n米凯拉包容众生，也期望怀抱万物。\n然而他明白，只有一个存在会是例外。\n\n不论是拥有绝对力量的神祇，或是祂的王，\n两者都只能存在一位。
2006710,相迭光环,0,0,[0|0|0],-1,-1,0,0,-1,0,-1,304021,-1,-1,0,-1,0,6858,0,-1,-1,-1,99,0,0,16,0,0,0,0,0,0,0,[0|0],0,0,0,0,0,0,0,0,0,0,0,1,1,0,0,0,0,0,0,0,0,0,0,0,0,-1,-1,-1,-1,-1,-1,-1,-1,1,0,0,0,0,0,0,0,0,0,0,1,0,2,0,0,0,600,20,1,0,0,0,0,2,0,0,-1,0,-1,-1,-1,0,0,0,0,0,0,0,0,0,0,0,0,0,0,0,0,0,0,[0|0],0,[0|0|0|0|0|0|0|0],侍奉米凯拉的人们的祷告。\n\n能形成相迭的黄金光环，朝前方释放。\n命中目标时，能给予连续伤害。\n借由蓄力能延长有效时间，并提升威力。\n\n不以黄金律法基本主义为本，\n改以不同体系钻研而成的光环招式。
2006800,鲁格利亚的咆哮,0,0,[0|0|0],-1,-1,0,0,-1,0,-1,308060,-1,-1,0,-1,0,6859,0,-1,-1,-1,99,0,0,16,0,0,0,0,0,0,0,[0|0],0,0,0,0,0,0,0,0,0,0,0,1,1,0,0,0,0,0,0,0,0,0,0,0,0,-1,-1,-1,-1,-1,-1,-1,-1,1,0,0,0,0,0,0,0,0,0,0,1,0,2,0,0,0,600,50,1,0,0,0,0,2,0,0,-1,0,-1,-1,-1,0,0,0,0,0,0,0,0,0,0,0,0,0,0,0,0,0,0,[0|0],0,[0|0|0|0|0|0|0|0],人称“熊飨”的祷告。\n能展现大红熊鲁格利亚的力量。\n\n将自身化为大红熊，发出轰然咆哮。\n借由蓄力能提升威力。\n\n比起龙飨，概念更接近角人降神的招式──\n与强大的野生生物赌命缠斗，\n最后才能找到属于自己的神祇。
2006900,骑士雷电枪,0,0,[0|0|0],-1,-1,0,0,-1,0,-1,305005,-1,-1,0,-1,0,6860,0,-1,-1,-1,99,0,0,16,0,0,0,0,0,0,0,[0|0],0,0,0,0,0,0,0,0,0,0,0,1,1,0,0,0,0,0,0,0,0,0,0,0,0,-1,-1,-1,-1,-1,-1,-1,-1,1,0,0,0,0,0,0,0,0,0,0,1,0,2,0,0,0,600,30,1,0,0,0,0,2,0,0,-1,0,-1,-1,-1,0,0,0,0,0,0,0,0,0,0,0,0,0,0,0,0,0,0,[0|0],0,[0|0|0|0|0|0|0|0],王城古龙信仰的其中一种祷告。\n\n能召唤雷电枪，同时形成古龙徽章，\n丢掷雷电枪后，徽章也会释放雷电枪。\n借由蓄力能增加徽章的数量，命中后会附加落雷。\n\n在过去，只有杰出的骑士才能习得的招式。\n在交界地失传的其中一个失落祷告。
2006910,芙柔桑克斯的龙雷,0,0,[0|0|0],-1,-1,0,0,-1,0,-1,305130,-1,-1,0,-1,0,6861,0,-1,-1,-1,99,0,0,18,0,0,0,0,0,0,0,[0|0],0,0,0,0,0,0,0,0,0,0,0,1,1,0,0,0,0,0,0,0,0,0,0,0,0,-1,-1,-1,-1,-1,-1,-1,-1,1,0,0,0,0,0,0,0,0,0,0,1,0,2,0,0,0,600,30,1,0,0,0,0,2,0,0,-1,0,-1,-1,-1,0,0,0,0,0,0,0,0,0,0,0,0,0,0,0,0,0,0,[0|0],0,[0|0|0|0|0|0|0|0],“古龙”芙柔桑克斯的特殊祷告。\n\n能召唤红色雷电，缠绕执行者与周围我方人物。\n缠绕雷电者能提升包含物理的所有减伤率，\n也能提升防御时的减伤率。\n\n然而在过去，女巫不懂得爱，\n因此她不曾执行过此祷告。
2006920,带电,0,0,[0|0|0],-1,-1,0,0,-1,0,-1,305091,-1,-1,0,-1,0,6862,0,-1,-1,-1,99,0,0,16,0,0,0,0,0,0,0,[0|0],0,0,0,0,0,0,0,0,0,0,0,1,1,0,0,0,0,0,0,0,0,0,0,0,0,-1,-1,-1,-1,-1,-1,-1,-1,1,0,0,0,0,0,0,0,0,0,0,1,0,2,0,0,0,600,30,1,0,0,0,0,1,0,0,-1,0,-1,-1,-1,0,0,0,0,0,0,0,0,0,0,0,0,0,0,0,0,0,0,[0|0],0,[0|0|0|0|0|0|0|0],王城古龙信仰的其中一种祷告。\n\n能召唤雷电，让执行者的身体带有雷电。\n在此状态下，朝周围释放数次雷击。\n借由蓄力能提升威力。\n\n为身体缠绕雷电类祷告的起源。\n在交界地失传的其中一个失落祷告。
2007000,贝勒的残虐,0,0,[0|0|0],-1,-1,0,0,-1,0,-1,312131,-1,-1,0,-1,0,6863,0,-1,-1,-1,99,0,0,16,0,0,0,0,0,0,0,[0|0],0,0,0,0,0,0,0,0,0,0,0,1,1,0,0,0,0,0,0,0,0,0,0,0,0,-1,-1,-1,-1,-1,-1,-1,-1,1,0,0,0,0,0,0,0,0,0,0,1,0,2,0,0,0,600,80,1,0,0,0,0,3,0,0,-1,0,-1,-1,-1,0,0,0,0,0,0,0,0,0,0,0,0,0,0,0,0,0,0,[0|0],0,[0|0|0|0|0|0|0|0],龙飨祷告之中，最具代表性的一个。\n能展现“狂龙”贝勒的巨大力量。\n\n能将自身化为狂龙，发出咆哮的同时引爆热风，\n并朝周围喷发剧烈火焰。\n\n狂龙的烫热心脏即使被吞下，也不见衰弱与服从。\n可能是等待时机到来，准备由内而外，\n烧尽执行龙飨者的身体与灵魂。
2007010,贝勒的焰雷,0,0,[0|0|0],-1,-1,0,0,-1,0,-1,312132,-1,-1,0,-1,0,6864,0,-1,-1,-1,99,0,0,16,0,0,0,0,0,0,0,[0|0],0,0,0,0,0,0,0,0,0,0,0,1,1,0,0,0,0,0,0,0,0,0,0,0,0,-1,-1,-1,-1,-1,-1,-1,-1,1,0,0,0,0,0,0,0,0,0,0,1,0,2,0,0,0,600,80,1,0,0,0,0,3,0,0,-1,0,-1,-1,-1,0,0,0,0,0,0,0,0,0,0,0,0,0,0,0,0,0,0,[0|0],0,[0|0|0|0|0|0|0|0],龙飨祷告之中，最具代表性的一个。\n能展现“狂龙”贝勒的巨大力量。\n\n能将自身化为狂龙，显现其右手臂的尖骨，\n缠绕焰雷，再直接敲击。\n\n狂龙的烫热心脏即使被吞下，也不见衰弱与服从。\n可能是等待时机到来，准备由内而外，\n烧尽执行龙飨者的身体与灵魂。
2007020,灵火吐息,0,0,[0|0|0],-1,-1,0,0,-1,0,-1,312095,-1,-1,0,-1,0,6865,0,-1,-1,-1,99,0,0,16,0,0,0,0,0,0,0,[0|0],0,0,0,0,0,0,0,0,0,0,0,1,1,0,0,0,0,0,0,0,0,0,0,0,0,-1,-1,-1,-1,-1,-1,-1,-1,1,0,0,0,0,0,0,0,0,0,0,1,0,2,0,0,0,600,80,1,0,0,0,0,1,0,0,-1,0,-1,-1,-1,0,0,0,0,0,0,0,0,0,0,0,0,0,0,0,0,0,0,[0|0],0,[0|0|0|0|0|0|0|0],其中一种龙飨祷告。\n\n能将自身化为龙，从空中喷出灵火吐息。\n借由蓄力能延长喷出吐息的时间。\n在跳跃期间也能使用。\n\n灵墓为所有死亡的汇集之处，\n而龙在死亡后，也不例外。\n但其中几只龙因生来的强大之故，\n不会完全地死亡。
2007200,腐败蝶,0,0,[0|0|0],-1,-1,0,0,-1,0,-1,310040,-1,-1,0,-1,0,6866,0,-1,-1,-1,99,0,0,16,0,0,0,0,0,0,0,[0|0],0,0,0,0,0,0,0,0,0,0,0,1,1,0,0,0,0,0,0,0,0,0,0,0,0,-1,-1,-1,-1,-1,-1,-1,-1,1,0,0,0,0,0,0,0,0,0,0,1,0,2,0,0,0,600,60,1,0,0,0,0,3,0,0,-1,0,-1,-1,-1,0,0,0,0,0,0,0,0,0,0,0,0,0,0,0,0,0,0,[0|0],0,[0|0|0|0|0|0|0|0],“花蕾圣女”萝蜜娜使用的祷告。\n\n能缓慢旋身，唤来无数蝴蝶。\n蝴蝶触碰后会粉碎，散布腐败，\n随后其他蝴蝶也会接连粉碎。\n\n猩红色蝴蝶作为腐败女神双翼，却没有主人──\n萝蜜娜与那群蝴蝶心意相通，加以安慰。
2007210,虫丝枪,0,0,[0|0|0],-1,-1,0,0,-1,0,-1,310025,-1,-1,0,-1,0,6867,0,-1,-1,-1,99,0,0,16,0,0,0,0,0,0,0,[0|0],0,0,0,0,0,0,0,0,0,0,0,1,1,0,0,0,0,0,0,0,0,0,0,0,0,-1,-1,-1,-1,-1,-1,-1,-1,1,0,0,0,0,0,0,0,0,0,0,1,0,2,0,0,0,600,60,1,0,0,0,0,2,0,0,-1,0,-1,-1,-1,0,0,0,0,0,0,0,0,0,0,0,0,0,0,0,0,0,0,[0|0],0,[0|0|0|0|0|0|0|0],腐败眷属──虫群使用的招式。\n能作为祷告执行。\n\n能分泌大量具粘性的丝线，\n分成两束之后，朝前方释放。\n借由蓄力能提升威力。\n\n虫群是被遗弃的眷属──\n因此，它们将花蕾圣女视为母亲。
2007300,米德拉的癫火,0,0,[0|0|0],-1,-1,0,0,-1,0,-1,311015,-1,-1,0,-1,0,6868,0,-1,-1,-1,99,0,0,16,0,0,0,0,0,0,0,[0|0],0,0,0,0,0,0,0,0,0,0,0,1,1,0,0,0,0,0,0,0,0,0,0,0,0,-1,-1,-1,-1,-1,-1,-1,-1,1,0,0,0,0,0,0,0,0,0,0,1,0,2,0,0,0,600,70,1,0,0,0,0,3,0,0,-1,0,-1,-1,-1,0,0,0,0,0,0,0,0,0,0,0,0,0,0,0,0,0,0,[0|0],0,[0|0|0|0|0|0|0|0],赞颂“癫火之王”米德拉而有的祷告。\n\n能召唤形似癫火之王的头部，散布癫火。\n可以走动执行，持续执行会让头部维持现形。\n\n癫火之王能烧熔一切──\n痛苦、绝望、诅咒，所有的罪恶与苦痛。\n然而米德拉也不出前人的范畴；\n作为王，力量太过弱小。
2007410,虚幻小宇宙,0,0,[0|0|0],-1,-1,0,0,-1,0,-1,257070,-1,-1,0,-1,0,6812,0,-1,-1,-1,99,0,0,5,0,0,0,0,0,0,0,[0|0],0,0,0,0,0,0,0,0,0,0,0,1,1,0,0,0,0,0,0,0,0,0,0,0,0,-1,-1,-1,-1,-1,-1,-1,-1,1,0,0,0,0,0,0,0,0,0,0,1,0,2,0,0,0,600,50,1,0,0,0,0,2,0,0,-1,0,-1,-1,-1,0,0,0,0,0,0,0,0,0,0,0,0,0,0,0,0,0,0,[0|0],0,[0|0|0|0|0|0|0|0],“大祭司”尤弥尔的指头魔法。\n其中一个受隐匿的奥秘。\n\n能在目标脚边形成神似小宇宙的物体。\n那物体在发出一次震波后，会爆炸消失。\n借由蓄力能提升威力。\n\n那因为毁坏而被抛弃的，即使明白处境，\n却还是继续追求神似小宇宙的虚幻物体──\n这种事情，多么令人感伤。
2007420,守护指头,0,0,[0|0|0],-1,-1,0,0,-1,0,-1,257080,-1,-1,0,-1,0,6813,0,-1,-1,-1,99,0,0,5,0,0,0,0,0,0,0,[0|0],0,0,0,0,0,0,0,0,0,0,0,1,1,0,0,0,0,0,0,0,0,0,0,0,0,-1,-1,-1,-1,-1,-1,-1,-1,1,0,0,0,0,0,0,0,0,0,0,1,0,2,0,0,0,600,50,1,0,0,0,0,2,0,0,-1,0,-1,-1,-1,0,0,0,0,0,0,0,0,0,0,0,0,0,0,0,0,0,0,[0|0],0,[0|0|0|0|0|0|0|0],自愿成为指头之母的“大祭司”尤弥尔\n所施展的指头魔法。\n\n能形成包围施展者的数根粗厚指头，\n拨开魔法、祷告，或是箭等等的远攻道具。\n借由蓄力能提升效用。\n\n那些指头是意图保护母亲的孩子──\n也或者，是母亲心里如此期盼。
2007600,守护灵,0,0,[0|0|0],-1,-1,0,0,-1,0,-1,313040,-1,-1,0,-1,0,6869,0,-1,-1,-1,99,0,0,16,0,0,0,0,0,0,0,[0|0],0,0,0,0,0,0,0,0,0,0,0,1,1,0,0,0,0,0,0,0,0,0,0,0,0,-1,-1,-1,-1,-1,-1,-1,-1,1,0,0,0,0,0,0,0,0,0,0,1,0,2,0,0,0,600,35,1,0,0,0,0,1,0,0,-1,0,-1,-1,-1,0,0,0,0,0,0,0,0,0,0,0,0,0,0,0,0,0,0,[0|0],0,[0|0|0|0|0|0|0|0],角人老妪托付的意念。\n\n能在自身头上召唤守护灵。\n守护灵会紧紧跟随执行者，\n释放多次怨魂之后会消失。\n\n　那群背叛我等，放火的玛莉卡之子──\n　梅瑟莫还有他的那群爪牙……\n　求求您，对他们降下报应。
2007700,黄金弯弧,0,0,[0|0|0],-1,-1,0,0,-1,0,-1,313010,-1,-1,0,-1,0,6870,0,-1,-1,-1,99,0,0,16,0,0,0,0,0,0,0,[0|0],0,0,0,0,0,0,0,0,0,0,0,1,1,0,0,0,0,0,0,0,0,0,0,0,0,-1,-1,-1,-1,-1,-1,-1,-1,1,0,0,0,0,0,0,0,0,0,0,1,0,2,0,0,0,600,35,1,0,0,0,0,1,0,0,-1,0,-1,-1,-1,0,0,0,0,0,0,0,0,0,0,0,0,0,0,0,0,0,0,[0|0],0,[0|0|0|0|0|0|0|0],塔的拷问官们施展的魔法。\n能作为螺旋祷告执行。\n\n能挥动手臂，连续释放黄金弯弧。\n借由蓄力能提升威力。\n\n弯弧是模仿拷问的象征──倒刺而来。
2007710,黄金大弯弧,0,0,[0|0|0],-1,-1,0,0,-1,0,-1,313020,-1,-1,0,-1,0,6871,0,-1,-1,-1,99,0,0,16,0,0,0,0,0,0,0,[0|0],0,0,0,0,0,0,0,0,0,0,0,1,1,0,0,0,0,0,0,0,0,0,0,0,0,-1,-1,-1,-1,-1,-1,-1,-1,1,0,0,0,0,0,0,0,0,0,0,1,0,2,0,0,0,600,35,1,0,0,0,0,2,0,0,-1,0,-1,-1,-1,0,0,0,0,0,0,0,0,0,0,0,0,0,0,0,0,0,0,[0|0],0,[0|0|0|0|0|0|0|0],塔的拷问官们施展的魔法。\n能作为螺旋祷告执行。\n\n能挥动手臂，释放黄金大弯弧。\n借由蓄力能提升威力。\n\n弯弧是模仿拷问的象征──倒刺而来。
2007720,旋流,0,0,[0|0|0],-1,-1,0,0,-1,0,-1,313030,-1,-1,0,-1,0,6872,0,-1,-1,-1,99,0,0,16,0,0,0,0,0,0,0,[0|0],0,0,0,0,0,0,0,0,0,0,0,1,1,0,0,0,0,0,0,0,0,0,0,0,0,-1,-1,-1,-1,-1,-1,-1,-1,1,0,0,0,0,0,0,0,0,0,0,1,0,2,0,0,0,600,35,1,0,0,0,0,2,0,0,-1,0,-1,-1,-1,0,0,0,0,0,0,0,0,0,0,0,0,0,0,0,0,0,0,[0|0],0,[0|0|0|0|0|0|0|0],塔的祭司们施展的高阶魔法。\n能作为螺旋祷告执行。\n\n双手交叉紧握后，高举指向天空，\n能在目标脚边形成螺旋状光柱。\n持续执行会接连形成光柱。\n\n所谓的螺旋，指的是疏导后的熔炉，\n也是终有一天，能连通神祇的支柱。
2007730,神兽龙卷风,0,0,[0|0|0],-1,-1,0,0,-1,0,-1,313060,-1,-1,0,-1,0,6873,0,-1,-1,-1,99,0,0,16,0,0,0,0,0,0,0,[0|0],0,0,0,0,0,0,0,0,0,0,0,1,1,0,0,0,0,0,0,0,0,0,0,0,0,-1,-1,-1,-1,-1,-1,-1,-1,1,0,0,0,0,0,0,0,0,0,0,1,0,2,0,0,0,600,35,1,0,0,0,0,3,0,0,-1,0,-1,-1,-1,0,0,0,0,0,0,0,0,0,0,0,0,0,0,0,0,0,0,[0|0],0,[0|0|0|0|0|0|0|0],神兽舞狮的愤怒风暴。\n能作为祷告执行。\n\n能大幅度旋转自己的身体，\n再唤起风暴，朝前方释放龙卷风。\n借由蓄力能提升威力。\n\n据说大多数的神兽都被刺在矛上示众，\n再受梅瑟莫之火洗礼──\n那副景象，仿佛是为了悼念塔而有的送灵火。
2007740,神鸟羽毛,0,0,[0|0|0],-1,-1,0,0,-1,0,-1,313050,-1,-1,0,-1,0,6874,0,-1,-1,-1,99,0,0,16,0,0,0,0,0,0,0,[0|0],0,0,0,0,0,0,0,0,0,0,0,1,1,0,0,0,0,0,0,0,0,0,0,0,0,-1,-1,-1,-1,-1,-1,-1,-1,1,0,0,0,0,0,0,0,0,0,0,1,0,2,0,0,0,600,35,1,0,0,0,0,2,0,0,-1,0,-1,-1,-1,0,0,0,0,0,0,0,0,0,0,0,0,0,0,0,0,0,0,[0|0],0,[0|0|0|0|0|0|0|0],角战士的始祖──神鸟战士的招式。\n能作为祷告执行。\n\n能将双手如展翼般打开，释放无数羽毛。\n可以走动执行，持续执行会继续释放羽毛。\n\n据说神鸟战士本身，以及此招式的模样，\n两者都与黄金熔炉十分相似。
2007800,火焰蛇,0,0,[0|0|0],-1,-1,0,0,-1,0,-1,306130,-1,-1,0,-1,0,6875,0,-1,-1,-1,99,0,0,16,0,0,0,0,0,0,0,[0|0],0,0,0,0,0,0,0,0,0,0,0,1,1,0,0,0,0,0,0,0,0,0,0,0,0,-1,-1,-1,-1,-1,-1,-1,-1,1,0,0,0,0,0,0,0,0,0,0,1,0,2,0,0,0,600,45,1,0,0,0,0,1,0,0,-1,0,-1,-1,-1,0,0,0,0,0,0,0,0,0,0,0,0,0,0,0,0,0,0,[0|0],0,[0|0|0|0|0|0|0|0],直属“穿刺者”梅瑟莫的\n火焰骑士们的祷告。\n\n能释放形如蛇的蜿蜒火焰。\n借由蓄力能提升威力。\n\n骑士们受赐梅瑟莫之火，\n然而却无法驾驭火焰，化为自身的力量，\n只能以火焰祷告的型态留在身边。
2007810,火焰雨,0,0,[0|0|0],-1,-1,0,0,-1,0,-1,306140,-1,-1,0,-1,0,6876,0,-1,-1,-1,99,0,0,16,0,0,0,0,0,0,0,[0|0],0,0,0,0,0,0,0,0,0,0,0,1,1,0,0,0,0,0,0,0,0,0,0,0,0,-1,-1,-1,-1,-1,-1,-1,-1,1,0,0,0,0,0,0,0,0,0,0,1,0,2,0,0,0,600,45,1,0,0,0,0,2,0,0,-1,0,-1,-1,-1,0,0,0,0,0,0,0,0,0,0,0,0,0,0,0,0,0,0,[0|0],0,[0|0|0|0|0|0|0|0],火焰骑士之中的贤者，萨赞的祷告。\n\n能召唤浮空的燃烧云朵，\n在目标头上降下火焰雨。\n借由蓄力能提升威力。\n\n萨赞厌恶野蛮之举，但论及放火的次数，\n他烧毁的村落与土地，数量最多。
2007820,梅瑟莫的火球,0,0,[0|0|0],-1,-1,0,0,-1,0,-1,306150,-1,-1,0,-1,0,6877,0,-1,-1,-1,99,0,0,16,0,0,0,0,0,0,0,[0|0],0,0,0,0,0,0,0,0,0,0,0,1,1,0,0,0,0,0,0,0,0,0,0,0,0,-1,-1,-1,-1,-1,-1,-1,-1,1,0,0,0,0,0,0,0,0,0,0,1,0,2,0,0,0,600,45,1,0,0,0,0,3,0,0,-1,0,-1,-1,-1,0,0,0,0,0,0,0,0,0,0,0,0,0,0,0,0,0,0,[0|0],0,[0|0|0|0|0|0|0|0],“穿刺者”梅瑟莫的祷告。\n\n在空中形成梅瑟莫之火聚集成的巨大火球，\n朝目标快速飞去，将对方压制地面，\n再瞬间引爆火球。\n借由蓄力能提升威力。\n\n梅瑟莫痛恨自身的火焰──\n他曾多次尝试捻熄、扑灭火焰。
2008000,米凯拉的大卢恩,1,0,[0|0|0],19683,-1,0,0,-1,0,-1,5110,-1,-1,0,-1,0,3801,0,-1,-1,-1,1,0,50,0,2,0,0,40,0,0,0,[0|0],1,1,1,1,1,0,1,0,0,0,1,0,1,0,1,0,0,0,0,1,0,0,0,0,0,-1,-1,-1,-1,-1,304680,-1,-1,1,0,0,1,0,0,0,0,0,0,0,1,0,2,0,1,0,1,60,1,0,0,0,0,3,0,0,-1,0,-1,-1,-1,0,0,0,0,0,0,0,0,0,0,0,0,0,0,0,0,0,0,[0|0],0,[0|0|0|0|0|0|0|0],米凯拉舍弃的大卢恩。\n\n完全毁坏，无法让恩惠的力量回归，\n只剩下能抵抗魅惑的力量。\n\n米凯拉朝着受幽影藏匿的塔前进。\n他舍弃了与黄金相连的身体、力量，\n还有命运──舍弃了一切。\n\n他跨越了开端至今的因果，\n为的是成为怀抱万物的全新神祇。
2008003,埃贡的勾指,1,0,[0|0|0],-1,-1,0,0,-1,0,-1,204365,-1,-1,0,-1,0,3802,0,-1,-1,-1,1,0,50,1,0,0,0,0,0,0,0,[0|0],0,0,0,0,0,0,0,0,0,0,0,0,0,0,1,0,0,0,0,0,0,0,0,0,0,-1,-1,-1,-1,-1,-1,-1,-1,1,0,0,0,0,0,0,0,0,0,0,1,0,2,0,1,0,1,50,1,0,0,0,0,2,0,0,-1,0,-1,-1,-1,0,0,0,0,0,0,0,0,0,0,0,0,0,0,0,0,0,0,[0|0],0,[0|0|0|0|0|0|0|0],蒙受毁坏的龙战士，埃贡的勾指。\n关节隆起，指头内侧硬化变色。\n\n对上“狂龙”贝勒的时候，\n能从召唤记号召唤“龙战士”埃贡。\n\n　我的灵魂还在那座尖刺山上。
2008004,井底钥匙,1,0,[0|0|0],-1,-1,0,0,-1,0,-1,203300,-1,-1,0,-1,0,3803,0,-1,-1,-1,1,0,50,1,0,0,0,0,0,0,0,[0|0],0,0,0,0,0,0,0,0,0,0,0,0,0,0,1,0,0,0,0,0,0,0,0,0,0,-1,-1,-1,-1,-1,-1,-1,-1,1,0,0,0,0,0,0,0,0,0,0,1,0,2,0,1,0,1,45,1,0,0,0,0,2,0,0,-1,0,-1,-1,-1,0,0,0,0,0,0,0,0,0,0,0,0,0,0,0,0,0,0,[0|0],0,[0|0|0|0|0|0|0|0],受侵蚀的粗制钥匙。\n\n能打开“塔之镇”贝瑞特井底的铁栅栏。
2008005,监牢上层钥匙,1,0,[0|0|0],-1,-1,0,0,-1,0,-1,203310,-1,-1,0,-1,0,3804,0,-1,-1,-1,1,0,50,1,0,0,0,0,0,0,0,[0|0],0,0,0,0,0,0,0,0,0,0,0,0,0,0,1,0,0,0,0,0,0,0,0,0,0,-1,-1,-1,-1,-1,-1,-1,-1,1,0,0,0,0,0,0,0,0,0,0,1,0,2,0,1,0,1,45,1,0,0,0,0,2,0,0,-1,0,-1,-1,-1,0,0,0,0,0,0,0,0,0,0,0,0,0,0,0,0,0,0,[0|0],0,[0|0|0|0|0|0|0|0],结冻的铁制钥匙。\n\n能打开喟叹监牢上层的铁栅栏。
2008006,监牢下层钥匙,1,0,[0|0|0],-1,-1,0,0,-1,0,-1,203320,-1,-1,0,-1,0,3805,0,-1,-1,-1,1,0,50,1,0,0,0,0,0,0,0,[0|0],0,0,0,0,0,0,0,0,0,0,0,0,0,0,1,0,0,0,0,0,0,0,0,0,0,-1,-1,-1,-1,-1,-1,-1,-1,1,0,0,0,0,0,0,0,0,0,0,1,0,2,0,1,0,1,45,1,0,0,0,0,2,0,0,-1,0,-1,-1,-1,0,0,0,0,0,0,0,0,0,0,0,0,0,0,0,0,0,0,[0|0],0,[0|0|0|0|0|0|0|0],结冻的铁制钥匙。\n\n能打开喟叹监牢下层的铁栅栏。
2008007,十字记号地图,1,0,[0|0|0],-1,-1,0,0,-1,0,-1,453000,-1,-1,0,-1,0,3822,0,-1,-1,-1,1,0,50,12,0,0,0,0,0,0,0,[0|0],0,0,0,0,0,0,0,0,0,0,0,0,0,0,1,0,0,0,0,0,0,0,0,0,0,-1,-1,-1,-1,-1,-1,-1,-1,1,0,0,0,0,0,0,0,0,0,0,1,0,2,0,1,0,1,15,1,0,0,0,0,2,0,0,-1,0,-1,-1,-1,0,0,0,0,0,0,0,0,0,0,0,0,0,0,0,0,0,0,[0|0],0,[0|0|0|0|0|0|0|0],角人制作的简易地图。\n标示着黄金十字记号的所在地。\n\n十字记号是米凯拉留下的足迹。
2008008,孔洞项链,1,0,[0|0|0],-1,-1,0,0,-1,0,-1,204364,-1,-1,0,-1,0,3806,0,-1,-1,-1,1,0,50,1,0,0,0,0,0,0,0,[0|0],0,0,0,0,0,0,0,0,0,0,0,0,0,0,1,0,0,0,0,0,0,0,0,0,0,-1,-1,-1,-1,-1,-1,-1,-1,1,0,0,0,0,0,0,0,0,0,0,1,0,2,0,1,0,1,50,1,0,0,0,0,2,0,0,-1,0,-1,-1,-1,0,0,0,0,0,0,0,0,0,0,0,0,0,0,0,0,0,0,[0|0],0,[0|0|0|0|0|0|0|0],表面有数个孔洞，\n外型细长的淡蓝色石质项链。\n\n能够吹响位在神秘遗迹内的吊钟。\n\n尤弥尔声称：\n　吹响那口吊钟之后，\n　那人的命运就会受璀璨星星的牵引。
2008011,贝勒的心脏,0,0,[0|0|0],-1,-1,0,0,-1,0,-1,204325,-1,-1,0,-1,0,3807,0,-1,-1,-1,99,0,50,1,0,0,0,0,0,0,0,[0|0],0,0,0,0,0,0,0,1,0,0,0,0,1,0,0,0,0,0,0,0,0,0,0,0,0,-1,-1,-1,-1,-1,-1,-1,-1,1,0,0,0,0,0,0,0,0,0,0,1,0,2,0,1,0,600,50,1,0,0,0,0,3,0,0,-1,0,-1,-1,-1,0,0,0,0,0,0,0,0,0,0,0,0,0,0,0,0,0,0,[0|0],0,[0|0|0|0|0|0|0|0],拥有两个心房的“狂龙”贝勒的心脏。\n表面布满数个如角一般的碎石，仍鲜红地鼓动。\n\n在龙飨大祭坛上吞下此物，\n能将贝勒的力量化为己有。\n\n龙飨女巫声称：\n　那堪称至高无上的龙飨。
2008012,新的十字记号地图,1,0,[0|0|0],-1,-1,0,0,-1,0,-1,453010,-1,-1,0,-1,0,3823,0,-1,-1,-1,1,0,50,12,0,0,0,0,0,0,0,[0|0],0,0,0,0,0,0,0,0,0,0,0,0,0,0,1,0,0,0,0,0,0,0,0,0,0,-1,-1,-1,-1,-1,-1,-1,-1,1,0,0,0,0,0,0,0,0,0,0,1,0,2,0,1,0,1,15,1,0,0,0,0,2,0,0,-1,0,-1,-1,-1,0,0,0,0,0,0,0,0,0,0,0,0,0,0,0,0,0,0,[0|0],0,[0|0|0|0|0|0|0|0],角人制作的简易地图，其中的更新版本。\n标示着新找到的黄金十字记号的所在地。\n\n十字记号是米凯拉留下的足迹，\n也是他舍弃的事物所形成的墓碑。
2008013,仓库钥匙,1,0,[0|0|0],-1,-1,0,0,-1,0,-1,203301,-1,-1,0,-1,0,3815,0,-1,-1,-1,1,0,50,1,0,0,0,0,0,0,0,[0|0],0,0,0,0,0,0,0,0,0,0,0,0,0,0,1,0,0,0,0,0,0,0,0,0,0,-1,-1,-1,-1,-1,-1,-1,-1,1,0,0,0,0,0,0,0,0,0,0,1,0,2,0,1,0,1,45,1,0,0,0,0,2,0,0,-1,0,-1,-1,-1,0,0,0,0,0,0,0,0,0,0,0,0,0,0,0,0,0,0,[0|0],0,[0|0|0|0|0|0|0|0],缀以螺旋图案雕刻的钥匙。\n\n能打开在“塔之镇”贝瑞特，\n位于二楼的仓库的门。
2008014,秘密仪式卷轴,1,0,[0|0|0],-1,-1,0,0,-1,0,-1,204362,-1,-1,0,-1,0,3808,0,-1,-1,-1,1,0,50,1,0,0,0,0,0,0,0,[0|0],0,0,0,0,0,0,0,0,0,0,0,0,0,0,1,0,0,0,0,0,0,0,0,0,0,-1,-1,-1,-1,-1,-1,-1,-1,1,0,0,0,0,0,0,0,0,0,0,1,0,2,0,1,0,1,50,1,0,0,0,0,2,0,0,-1,0,-1,-1,-1,0,0,0,0,0,0,0,0,0,0,0,0,0,0,0,0,0,0,[0|0],0,[0|0|0|0|0|0|0|0],白色树皮制成的卷轴。\n\n据说在受幽影藏匿的塔中，有一道神之门──\n内容记载着关于神之门的秘密仪式，\n但只能解读极少部分的内容：\n\n　神祇归来，需要王的牵引；\n　王的灵魂，需要依附的容器。
2008015,给弗蕾亚的信,1,0,[0|0|0],-1,-1,0,0,-1,0,-1,204361,-1,-1,0,-1,0,3809,0,-1,-1,-1,1,0,50,1,0,0,0,0,0,0,0,[0|0],0,0,0,0,0,0,0,0,0,0,0,0,0,0,1,0,0,0,0,0,0,0,0,0,0,-1,-1,-1,-1,-1,-1,-1,-1,1,0,0,0,0,0,0,0,0,0,0,1,0,2,0,1,0,1,50,1,0,0,0,0,2,0,0,-1,0,-1,-1,-1,0,0,0,0,0,0,0,0,0,0,0,0,0,0,0,0,0,0,[0|0],0,[0|0|0|0|0|0|0|0],老兵安帕赫写给“红狮子”弗蕾亚的信。\n\n里头似乎写着答案，能解开她的问题。\n信纸已经折好，无法阅读其中的内容。
2008016,遗迹地图,1,0,[0|0|0],-1,-1,0,0,-1,0,-1,453020,-1,-1,0,-1,0,3812,0,-1,-1,-1,1,0,50,12,0,0,0,0,0,0,0,[0|0],0,0,0,0,0,0,0,0,0,0,0,0,0,0,1,0,0,0,0,0,0,0,0,0,0,-1,-1,-1,-1,-1,-1,-1,-1,1,0,0,0,0,0,0,0,0,0,0,1,0,2,0,1,0,1,15,1,0,0,0,0,2,0,0,-1,0,-1,-1,-1,0,0,0,0,0,0,0,0,0,0,0,0,0,0,0,0,0,0,[0|0],0,[0|0|0|0|0|0|0|0],老旧的简易古地图。\n“大祭司”尤弥尔给予的物品。\n\n上头标示着神秘遗迹的所在地。\n\n　……我只是想成为他人的助力。
2008017,遗迹地图（第二张）,1,0,[0|0|0],-1,-1,0,0,-1,0,-1,453030,-1,-1,0,-1,0,3813,0,-1,-1,-1,1,0,50,12,0,0,0,0,0,0,0,[0|0],0,0,0,0,0,0,0,0,0,0,0,0,0,0,1,0,0,0,0,0,0,0,0,0,0,-1,-1,-1,-1,-1,-1,-1,-1,1,0,0,0,0,0,0,0,0,0,0,1,0,2,0,1,0,1,15,1,0,0,0,0,2,0,0,-1,0,-1,-1,-1,0,0,0,0,0,0,0,0,0,0,0,0,0,0,0,0,0,0,[0|0],0,[0|0|0|0|0|0|0|0],老旧的简易古地图。\n“大祭司”尤弥尔给予的物品。\n\n上头标示着不同于前一张，\n另一座神秘遗迹的所在地。\n\n　愿璀璨星星牵引你前行。
2008018,遗迹地图（第三张）,1,0,[0|0|0],-1,-1,0,0,-1,0,-1,453040,-1,-1,0,-1,0,3814,0,-1,-1,-1,1,0,50,12,0,0,0,0,0,0,0,[0|0],0,0,0,0,0,0,0,0,0,0,0,0,0,0,1,0,0,0,0,0,0,0,0,0,0,-1,-1,-1,-1,-1,-1,-1,-1,1,0,0,0,0,0,0,0,0,0,0,1,0,2,0,1,0,1,15,1,0,0,0,0,2,0,0,-1,0,-1,-1,-1,0,0,0,0,0,0,0,0,0,0,0,0,0,0,0,0,0,0,[0|0],0,[0|0|0|0|0|0|0|0],老旧的简易古地图。\n“大祭司”尤弥尔最后给予的物品。\n\n上头标示着不同于前两张，\n再另一座神秘遗迹的所在地。\n\n　愿你成为璀璨星星。
2008019,黑色浓浆,1,0,[0|0|0],-1,-1,0,0,-1,0,-1,204363,-1,-1,0,-1,0,801,0,-1,-1,-1,1,0,50,1,0,0,0,0,0,0,0,[0|0],0,0,0,0,0,0,0,0,0,0,0,0,0,0,1,0,0,0,0,0,0,0,0,0,0,-1,-1,-1,-1,-1,-1,-1,-1,1,0,0,0,0,0,0,0,0,0,0,1,0,2,0,1,0,1,50,1,0,0,0,0,2,0,0,-1,0,-1,-1,-1,0,0,0,0,0,0,0,0,0,0,0,0,0,0,0,0,0,0,[0|0],0,[0|0|0|0|0|0|0|0],装在素烧陶壶内的黑色浓浆。\n\n受穆尔委托，希望交给休里耶的物品。\n\n不知来历的液体。\n好像是透过集物虫们收集、熟成制作而来。
2008021,梅瑟莫的火种,1,0,[0|0|0],-1,-1,0,0,-1,0,-1,204420,-1,-1,0,-1,0,3821,0,-1,-1,-1,1,0,50,1,0,0,0,0,0,0,0,[0|0],0,0,0,0,0,0,0,0,0,0,0,0,0,0,1,0,0,0,0,0,0,0,0,0,0,-1,-1,-1,-1,-1,-1,-1,-1,1,0,0,0,0,0,0,0,0,0,0,1,0,2,0,1,0,1,50,1,0,0,0,0,3,0,0,-1,0,-1,-1,-1,0,0,0,0,0,0,0,0,0,0,0,0,0,0,0,0,0,0,[0|0],0,[0|0|0|0|0|0|0|0],于“穿刺者”梅瑟莫体内燃烧的火种。\n模样黯然，受恶之蛇侵蚀。\n\n能燃烧位于劳弗古遗迹的封印之树。\n\n梅瑟莫与他的妹妹，都能看见火焰虚像。
2008023,城墙门钥匙,1,0,[0|0|0],-1,-1,0,0,-1,0,-1,203340,-1,-1,0,-1,0,3829,0,-1,-1,-1,1,0,50,1,0,0,0,0,0,0,0,[0|0],0,0,0,0,0,0,0,0,0,0,0,0,0,0,1,0,0,0,0,0,0,0,0,0,0,-1,-1,-1,-1,-1,-1,-1,-1,1,0,0,0,0,0,0,0,0,0,0,1,0,2,0,1,0,1,45,1,0,0,0,0,2,0,0,-1,0,-1,-1,-1,0,0,0,0,0,0,0,0,0,0,0,0,0,0,0,0,0,0,[0|0],0,[0|0|0|0|0|0|0|0],钥匙柄雕制徽章图案的铁制钥匙。\n\n能打开幽影城的西边城墙，\n大门旁的那道木门。
2008025,燃炉工匠的笔记,1,0,[0|0|0],-1,-1,0,0,-1,0,-1,453110,-1,-1,0,-1,0,3846,0,-1,-1,-1,1,0,50,12,0,0,0,0,0,0,0,[0|0],0,0,0,0,0,0,0,0,0,0,0,0,0,0,0,0,0,0,0,0,0,0,0,0,0,-1,-1,-1,-1,-1,-1,-1,-1,1,0,0,0,0,0,0,0,0,0,0,1,0,2,0,1,0,1,15,1,0,0,0,0,2,0,0,-1,0,-1,-1,-1,0,0,0,0,0,0,0,0,0,0,0,0,0,0,0,0,0,0,[0|0],0,[0|0|0|0|0|0|0|0],燃炉工匠留下的笔记。\n内容写着操作时须注意的事项。\n\n　当魔像的燃炉有火的时候，\n　切记，不要混入壶的火焰。\n\n　尤其严禁混入漩涡状的火焰。
2008027,恩希斯城十字记号旁的信,1,0,[0|0|0],-1,-1,0,0,-1,0,-1,453050,-1,-1,0,-1,0,3848,0,-1,-1,-1,1,0,50,12,0,0,0,0,0,0,0,[0|0],0,0,0,0,0,0,0,0,0,0,0,0,0,0,1,0,0,0,0,0,0,0,0,0,0,-1,-1,-1,-1,-1,-1,-1,-1,1,0,0,0,0,0,0,0,0,0,0,1,0,2,0,1,0,1,15,1,0,0,0,0,2,0,0,-1,0,-1,-1,-1,0,0,0,0,0,0,0,0,0,0,0,0,0,0,0,0,0,0,[0|0],0,[0|0|0|0|0|0|0|0],“金针骑士”蕾妲留下的信。\n写给追寻米凯拉的同伴们。\n\n　米凯拉大人的目的地，\n　肯定是受幽影封印的塔之中，\n　那一道神之门。\n\n　我们要燃烧封印之树，\n　才有办法抵达那个地方。\n\n　而燃烧树，必须要有火。
2008028,古遗迹十字记号旁的信,1,0,[0|0|0],-1,-1,0,0,-1,0,-1,453070,-1,-1,0,-1,0,3863,0,-1,-1,-1,1,0,50,12,0,0,0,0,0,0,0,[0|0],0,0,0,0,0,0,0,0,0,0,0,0,0,0,1,0,0,0,0,0,0,0,0,0,0,-1,-1,-1,-1,-1,-1,-1,-1,1,0,0,0,0,0,0,0,0,0,0,1,0,2,0,1,0,1,15,1,0,0,0,0,2,0,0,-1,0,-1,-1,-1,0,0,0,0,0,0,0,0,0,0,0,0,0,0,0,0,0,0,[0|0],0,[0|0|0|0|0|0|0|0],“落叶”丹恩留下的信。\n写给追寻米凯拉的同伴们。\n\n　找到封印之树了，就在前头。\n\n　但只有梅瑟莫先生的火种，\n　才能烧了它。
2008029,修士的信,1,0,[0|0|0],-1,-1,0,0,-1,0,-1,453090,-1,-1,0,-1,0,3850,0,-1,-1,-1,1,0,50,12,0,0,0,0,0,0,0,[0|0],0,0,0,0,0,0,0,0,0,0,0,0,0,0,1,0,0,0,0,0,0,0,0,0,0,-1,-1,-1,-1,-1,-1,-1,-1,1,0,0,0,0,0,0,0,0,0,0,1,0,2,0,1,0,1,15,1,0,0,0,0,2,0,0,-1,0,-1,-1,-1,0,0,0,0,0,0,0,0,0,0,0,0,0,0,0,0,0,0,[0|0],0,[0|0|0|0|0|0|0|0],写着扼要的内容，\n并附有双手击拳修士插画的信。\n\n　如果你在寻找格斗的对手，\n　到东方找我。\n\n　彼此期望的是互相切磋，毋须多言。
2008030,保藏库十字记号旁的信,1,0,[0|0|0],-1,-1,0,0,-1,0,-1,453060,-1,-1,0,-1,0,3849,0,-1,-1,-1,1,0,50,12,0,0,0,0,0,0,0,[0|0],0,0,0,0,0,0,0,0,0,0,0,0,0,0,1,0,0,0,0,0,0,0,0,0,0,-1,-1,-1,-1,-1,-1,-1,-1,1,0,0,0,0,0,0,0,0,0,0,1,0,2,0,1,0,1,15,1,0,0,0,0,2,0,0,-1,0,-1,-1,-1,0,0,0,0,0,0,0,0,0,0,0,0,0,0,0,0,0,0,[0|0],0,[0|0|0|0|0|0|0|0],老兵安帕赫留下的信。\n写给追寻米凯拉的同伴们。\n\n　能通往幽影树的教区，\n　好像被城里的人放水淹没了。\n\n　不过，从这座保藏库没有办法走到教区。\n　可能在这座城的某处，还有其他入口？
2008031,文件：关于受封印的灵魂气流,1,0,[0|0|0],-1,-1,0,0,-1,0,-1,453100,-1,-1,0,-1,0,3861,0,-1,-1,-1,1,0,50,12,0,0,0,0,0,0,0,[0|0],0,0,0,0,0,0,0,0,0,0,0,0,0,0,0,0,0,0,0,0,0,0,0,0,0,-1,-1,-1,-1,-1,-1,-1,-1,1,0,0,0,0,0,0,0,0,0,0,1,0,2,0,1,0,1,15,1,0,0,0,0,2,0,0,-1,0,-1,-1,-1,0,0,0,0,0,0,0,0,0,0,0,0,0,0,0,0,0,0,[0|0],0,[0|0|0|0|0|0|0|0],集物虫们捡到的文件。\n内容写着扼要的情报：\n\n　当你发现受封印的灵魂气流，\n　去附近找一找堆迭的石堆。\n　只要弄倒它，就能解开封印。
2008032,被丢弃的日记,1,0,[0|0|0],-1,-1,0,0,-1,0,-1,453120,-1,-1,0,-1,0,3862,0,-1,-1,-1,1,0,50,12,0,0,0,0,0,0,0,[0|0],0,0,0,0,0,0,0,0,0,0,0,0,0,0,0,0,0,0,0,0,0,0,0,0,0,-1,-1,-1,-1,-1,-1,-1,-1,1,0,0,0,0,0,0,0,0,0,0,1,0,2,0,1,0,1,15,1,0,0,0,0,2,0,0,-1,0,-1,-1,-1,0,0,0,0,0,0,0,0,0,0,0,0,0,0,0,0,0,0,[0|0],0,[0|0|0|0|0|0|0|0],被撕下、丢弃的日记书页，\n上头有着颤抖的笔迹。\n\n　我有触碰到他，就一次。\n　他的手杖刺到我面前，那时候我挥开它。\n\n　就这样，我触碰到禁触老翁了。
2008033,泪滴幼体,1,0,[0|0|0],-1,-1,0,0,-1,0,-1,204360,-1,-1,0,-1,0,3864,0,-1,-1,-1,99,0,50,1,0,0,0,0,0,0,0,[0|0],0,0,0,0,0,0,0,1,0,0,0,0,0,0,0,0,0,0,0,0,0,0,0,0,0,-1,-1,-1,-1,-1,-1,-1,-1,1,0,0,0,0,0,0,0,0,0,0,1,0,2,0,1,0,600,50,1,0,0,0,0,2,0,0,-1,0,-1,-1,-1,0,0,0,0,0,0,0,0,0,0,0,0,0,0,0,0,0,0,[0|0],0,[0|0|0|0|0|0|0|0],从灵墓生成，非常罕见的虚幻生命。\n介于生物与灵魂之间的物品。\n\n能用在“满月女王”蕾娜菈拥抱的琥珀卵，\n驱使其中蕴藏的“重新诞生”力量的材料。\n\n重新诞生之后，能重置升级时所提升的能力值。
2008034,蕾妲留下的信,1,0,[0|0|0],-1,-1,0,0,-1,0,-1,453080,-1,-1,0,-1,0,3848,0,-1,-1,-1,1,0,50,12,0,0,0,0,0,0,0,[0|0],0,0,0,0,0,0,0,0,0,0,0,0,0,0,1,0,0,0,0,0,0,0,0,0,0,-1,-1,-1,-1,-1,-1,-1,-1,1,0,0,0,0,0,0,0,0,0,0,1,0,2,0,1,0,1,15,1,0,0,0,0,2,0,0,-1,0,-1,-1,-1,0,0,0,0,0,0,0,0,0,0,0,0,0,0,0,0,0,0,[0|0],0,[0|0|0|0|0|0|0|0],“金针骑士”蕾妲留下的信。\n写给追寻米凯拉的同伴们。\n\n　丹恩要我转达：\n　封印之树在劳弗古遗迹。\n　从保藏库的一楼出去，走高架桥就能抵达。\n\n　我完成该做的事情后，也会出发。
2008036,祈祷厅钥匙,1,0,[0|0|0],-1,-1,0,0,-1,0,-1,203302,-1,-1,0,-1,0,3867,0,-1,-1,-1,1,0,50,1,0,0,0,0,0,0,0,[0|0],0,0,0,0,0,0,0,0,0,0,0,0,0,0,1,0,0,0,0,0,0,0,0,0,0,-1,-1,-1,-1,-1,-1,-1,-1,1,0,0,0,0,0,0,0,0,0,0,1,0,2,0,1,0,1,45,1,0,0,0,0,2,0,0,-1,0,-1,-1,-1,0,0,0,0,0,0,0,0,0,0,0,0,0,0,0,0,0,0,[0|0],0,[0|0|0|0|0|0|0|0],钥匙柄雕制徽章图案的铁制钥匙。\n\n能打开幽影城教区内的教堂，\n其中祈祷厅的门。
2008037,幽影塔旁的信,1,0,[0|0|0],-1,-1,0,0,-1,0,-1,453045,-1,-1,0,-1,0,3848,0,-1,-1,-1,1,0,50,12,0,0,0,0,0,0,0,[0|0],0,0,0,0,0,0,0,0,0,0,0,0,0,0,1,0,0,0,0,0,0,0,0,0,0,-1,-1,-1,-1,-1,-1,-1,-1,1,0,0,0,0,0,0,0,0,0,0,1,0,2,0,1,0,1,15,1,0,0,0,0,2,0,0,-1,0,-1,-1,-1,0,0,0,0,0,0,0,0,0,0,0,0,0,0,0,0,0,0,[0|0],0,[0|0|0|0|0|0|0|0],“金针骑士”蕾妲留下的信。\n写给追寻米凯拉的同伴们。\n\n　前面那座受幽影封印的塔里，\n　有一道神之门──\n　米凯拉大人的目的地，肯定是那里。\n\n　我们并非神人，所以要另寻他法前往。\n\n　我预定沿着十字记号，朝东方前进。
2008131,文件：关于受封印的灵魂气流,1,0,[0|0|0],-1,-1,0,0,-1,0,-1,999999,-1,-1,0,-1,0,0,0,-1,-1,-1,1,0,50,0,0,0,0,0,0,0,0,[0|0],0,0,0,0,0,0,0,0,0,0,0,0,0,0,0,0,0,0,0,0,0,0,0,0,0,-1,-1,-1,-1,-1,-1,-1,-1,1,0,0,0,0,0,0,0,0,0,0,1,0,2,0,1,0,1,255,1,0,0,0,0,2,0,0,-1,0,-1,-1,-1,0,0,0,0,0,0,0,0,0,0,0,0,0,0,0,0,0,0,[0|0],0,[0|0|0|0|0|0|0|0],集物虫们捡到的文件。\n内容写着关于受封印的灵魂气流的情报。\n\n购买之后，才能确认情报内容。
2008200,绘画《侵略》,1,0,[0|0|0],-1,-1,0,0,-1,0,-1,453130,-1,-1,0,-1,0,3831,0,-1,-1,-1,1,0,50,12,0,0,0,0,0,0,0,[0|0],0,0,0,0,0,0,0,0,0,0,0,0,0,0,1,0,0,0,0,0,0,0,0,0,0,-1,-1,-1,-1,-1,-1,-1,-1,1,0,0,0,0,0,0,0,0,0,0,1,0,2,0,1,0,1,15,1,0,0,0,0,2,0,0,-1,0,-1,-1,-1,0,0,0,0,0,0,0,0,0,0,0,0,0,0,0,0,0,0,[0|0],0,[0|0|0|0|0|0|0|0],流浪画家的其中一幅作品。\n以《侵略》为题的绘画记忆。\n\n据说该名画家会画下那些消逝的人物，\n以及最后一刻的景象。\n\n到画中的地点应该能找到画家的灵魂，\n还有那最后一刻所留下的遗物。
2008201,绘画《神之塔》,1,0,[0|0|0],-1,-1,0,0,-1,0,-1,453140,-1,-1,0,-1,0,3834,0,-1,-1,-1,1,0,50,12,0,0,0,0,0,0,0,[0|0],0,0,0,0,0,0,0,0,0,0,0,0,0,0,1,0,0,0,0,0,0,0,0,0,0,-1,-1,-1,-1,-1,-1,-1,-1,1,0,0,0,0,0,0,0,0,0,0,1,0,2,0,1,0,1,15,1,0,0,0,0,2,0,0,-1,0,-1,-1,-1,0,0,0,0,0,0,0,0,0,0,0,0,0,0,0,0,0,0,[0|0],0,[0|0|0|0|0|0|0|0],流浪画家的其中一幅作品。\n以《神之塔》为题的绘画记忆。\n\n据说该名画家会画下那些消逝的人物，\n以及最后一刻的景象。\n\n到画中的地点应该能找到画家的灵魂，\n还有那最后一刻所留下的遗物。
2008202,绘画《龙之境界》,1,0,[0|0|0],-1,-1,0,0,-1,0,-1,453150,-1,-1,0,-1,0,3835,0,-1,-1,-1,1,0,50,12,0,0,0,0,0,0,0,[0|0],0,0,0,0,0,0,0,0,0,0,0,0,0,0,1,0,0,0,0,0,0,0,0,0,0,-1,-1,-1,-1,-1,-1,-1,-1,1,0,0,0,0,0,0,0,0,0,0,1,0,2,0,1,0,1,15,1,0,0,0,0,2,0,0,-1,0,-1,-1,-1,0,0,0,0,0,0,0,0,0,0,0,0,0,0,0,0,0,0,[0|0],0,[0|0|0|0|0|0|0|0],流浪画家的其中一幅作品。\n以《龙之境界》为题的绘画记忆。\n\n据说该名画家会画下那些消逝的人物，\n以及最后一刻的景象。\n\n到画中的地点应该能找到画家的灵魂，\n还有那最后一刻所留下的遗物。
2008600,地图碎片：墓地平原,0,0,[0|0|0],-1,-1,0,0,-1,0,-1,207200,-1,-1,0,-1,0,3824,0,-1,-1,-1,1,0,50,1,0,0,0,0,0,0,0,[0|0],0,0,0,0,0,0,0,0,0,0,0,0,0,0,0,0,0,0,0,0,0,0,0,0,0,-1,-1,-1,-1,-1,-1,-1,-1,1,0,0,0,0,0,0,0,0,0,0,1,0,2,0,1,0,1,75,1,0,0,0,0,2,0,0,-1,0,-1,-1,-1,0,0,0,0,0,0,0,0,0,0,0,0,0,0,0,0,0,0,[0|0],0,[0|0|0|0|0|0|0|0],墓地平原的地图碎片。\n\n灵墓散布，气氛抑郁的平原。\n角人的螺旋塔矗立于西北方。\n悲惨战祸的痕迹，遍布全区。
2008601,地图碎片：幽影亚坛,1,0,[0|0|0],-1,-1,0,0,-1,0,-1,207210,-1,-1,0,-1,0,3825,0,-1,-1,-1,1,0,50,1,0,0,0,0,0,0,0,[0|0],0,0,0,0,0,0,0,0,0,0,0,0,0,0,0,0,0,0,0,0,0,0,0,0,0,-1,-1,-1,-1,-1,-1,-1,-1,1,0,0,0,0,0,0,0,0,0,0,1,0,2,0,1,0,1,75,1,0,0,0,0,2,0,0,-1,0,-1,-1,-1,0,0,0,0,0,0,0,0,0,0,0,0,0,0,0,0,0,0,[0|0],0,[0|0|0|0|0|0|0|0],幽影亚坛的地图碎片。\n\n位于东北方，仰望幽影树的高地。\n梅瑟莫军以幽影城为中心，驻军于此。\n名称为效仿黄金树大地之名而来。
2008602,地图碎片：南方海岸,1,0,[0|0|0],-1,-1,0,0,-1,0,-1,207220,-1,-1,0,-1,0,3826,0,-1,-1,-1,1,0,50,1,0,0,0,0,0,0,0,[0|0],0,0,0,0,0,0,0,0,0,0,0,0,0,0,0,0,0,0,0,0,0,0,0,0,0,-1,-1,-1,-1,-1,-1,-1,-1,1,0,0,0,0,0,0,0,0,0,0,1,0,2,0,1,0,1,75,1,0,0,0,0,2,0,0,-1,0,-1,-1,-1,0,0,0,0,0,0,0,0,0,0,0,0,0,0,0,0,0,0,[0|0],0,[0|0|0|0|0|0|0|0],位于墓地平原以南，海岸的地图碎片。\n\n散发蓝色微光的花朵，满地盛开的梦幻海岸。\n巨大石棺层层堆迭于此，不知从何处漂流而来。\n尖刺山位于东边，高耸入云。
2008603,地图碎片：劳弗古遗迹,1,0,[0|0|0],-1,-1,0,0,-1,0,-1,207230,-1,-1,0,-1,0,3827,0,-1,-1,-1,1,0,50,1,0,0,0,0,0,0,0,[0|0],0,0,0,0,0,0,0,0,0,0,0,0,0,0,0,0,0,0,0,0,0,0,0,0,0,-1,-1,-1,-1,-1,-1,-1,-1,1,0,0,0,0,0,0,0,0,0,0,1,0,2,0,1,0,1,75,1,0,0,0,0,2,0,0,-1,0,-1,-1,-1,0,0,0,0,0,0,0,0,0,0,0,0,0,0,0,0,0,0,[0|0],0,[0|0|0|0|0|0|0|0],劳弗古遗迹的地图碎片。\n\n受清水与绿意入侵的巨大古遗迹。\n由于地面崩裂，将此地一分为二。\n花蕾教堂位于西南方，遥望幽影塔。
2008604,地图碎片：谷底,1,0,[0|0|0],-1,-1,0,0,-1,0,-1,207240,-1,-1,0,-1,0,3828,0,-1,-1,-1,1,0,50,1,0,0,0,0,0,0,0,[0|0],0,0,0,0,0,0,0,0,0,0,0,0,0,0,0,0,0,0,0,0,0,0,0,0,0,-1,-1,-1,-1,-1,-1,-1,-1,1,0,0,0,0,0,0,0,0,0,0,1,0,2,0,1,0,1,75,1,0,0,0,0,2,0,0,-1,0,-1,-1,-1,0,0,0,0,0,0,0,0,0,0,0,0,0,0,0,0,0,0,[0|0],0,[0|0|0|0|0|0|0|0],位于墓地平原以东，谷底的地图碎片。\n\n在阳光无法穿透的溪谷底层，有一座茂密的森林。\n该地以贤者米德拉的隐居地闻名，\n但在角人之间，却是个禁忌地区。
2008900,穆尔的铃珠,1,0,[0|0|0],-1,-1,0,0,-1,0,-1,209270,-1,-1,0,-1,0,3818,0,-1,-1,-1,1,0,50,1,0,0,0,0,0,0,0,[0|0],0,0,0,0,0,0,0,0,0,0,0,0,0,0,1,0,0,0,0,0,0,0,0,0,0,-1,-1,-1,-1,-1,-1,-1,-1,1,0,0,0,0,0,0,0,0,0,0,1,0,2,0,1,0,1,90,1,0,0,0,0,2,0,0,-1,0,-1,-1,-1,0,0,0,0,0,0,0,0,0,0,0,0,0,0,0,0,0,0,[0|0],0,[0|0|0|0|0|0|0|0],残留在穆尔尸体上的铃珠。\n\n献给圆桌厅堂的孪生老妪，\n能够增加交易项目。
2008901,尤弥尔的铃珠,1,0,[0|0|0],-1,-1,0,0,-1,0,-1,209280,-1,-1,0,-1,0,3819,0,-1,-1,-1,1,0,50,1,0,0,0,0,0,0,0,[0|0],0,0,0,0,0,0,0,0,0,0,0,0,0,0,1,0,0,0,0,0,0,0,0,0,0,-1,-1,-1,-1,-1,-1,-1,-1,1,0,0,0,0,0,0,0,0,0,0,1,0,2,0,1,0,1,90,1,0,0,0,0,2,0,0,-1,0,-1,-1,-1,0,0,0,0,0,0,0,0,0,0,0,0,0,0,0,0,0,0,[0|0],0,[0|0|0|0|0|0|0|0],残留在“指头之母”尤弥尔\n尸体上的铃珠。\n\n献给圆桌厅堂的孪生老妪，\n能够增加交易项目。
2008902,药草贩子的铃珠,1,0,[0|0|0],-1,-1,0,0,-1,0,-1,209031,-1,-1,0,-1,0,3866,0,-1,-1,-1,1,0,50,1,0,0,0,0,0,0,0,[0|0],0,0,0,0,0,0,0,0,0,0,0,0,0,0,1,0,0,0,0,0,0,0,0,0,0,-1,-1,-1,-1,-1,-1,-1,-1,1,0,0,0,0,0,0,0,0,0,0,1,0,2,0,1,0,1,90,1,0,0,0,0,2,0,0,-1,0,-1,-1,-1,0,0,0,0,0,0,0,0,0,0,0,0,0,0,0,0,0,0,[0|0],0,[0|0|0|0|0|0|0|0],惨遭战祸牵连的\n角人药草贩子的遗物。\n\n献给圆桌厅堂的孪生老妪，\n能增加下列交易项目：\n\n·拉答果实
2008903,蘑菇贩子的铃珠【１】,1,0,[0|0|0],-1,-1,0,0,-1,0,-1,209032,-1,-1,0,-1,0,3866,0,-1,-1,-1,1,0,50,1,0,0,0,0,0,0,0,[0|0],0,0,0,0,0,0,0,0,0,0,0,0,0,0,1,0,0,0,0,0,0,0,0,0,0,-1,-1,-1,-1,-1,-1,-1,-1,1,0,0,0,0,0,0,0,0,0,0,1,0,2,0,1,0,1,90,1,0,0,0,0,2,0,0,-1,0,-1,-1,-1,0,0,0,0,0,0,0,0,0,0,0,0,0,0,0,0,0,0,[0|0],0,[0|0|0|0|0|0|0|0],惨遭战祸牵连的\n角人蘑菇贩子的遗物。\n\n献给圆桌厅堂的孪生老妪，\n能增加下列交易项目：\n\n·蘑菇\n·红肉蘑菇
2008904,蘑菇贩子的铃珠【２】,1,0,[0|0|0],-1,-1,0,0,-1,0,-1,209033,-1,-1,0,-1,0,3866,0,-1,-1,-1,1,0,50,1,0,0,0,0,0,0,0,[0|0],0,0,0,0,0,0,0,0,0,0,0,0,0,0,1,0,0,0,0,0,0,0,0,0,0,-1,-1,-1,-1,-1,-1,-1,-1,1,0,0,0,0,0,0,0,0,0,0,1,0,2,0,1,0,1,90,1,0,0,0,0,2,0,0,-1,0,-1,-1,-1,0,0,0,0,0,0,0,0,0,0,0,0,0,0,0,0,0,0,[0|0],0,[0|0|0|0|0|0|0|0],惨遭战祸牵连的\n角人蘑菇贩子的遗物。\n\n献给圆桌厅堂的孪生老妪，\n能增加下列交易项目：\n\n·毒霉蘑菇\n·白肉蘑菇
2008905,树脂贩子的铃珠,1,0,[0|0|0],-1,-1,0,0,-1,0,-1,209035,-1,-1,0,-1,0,3866,0,-1,-1,-1,1,0,50,1,0,0,0,0,0,0,0,[0|0],0,0,0,0,0,0,0,0,0,0,0,0,0,0,1,0,0,0,0,0,0,0,0,0,0,-1,-1,-1,-1,-1,-1,-1,-1,1,0,0,0,0,0,0,0,0,0,0,1,0,2,0,1,0,1,90,1,0,0,0,0,2,0,0,-1,0,-1,-1,-1,0,0,0,0,0,0,0,0,0,0,0,0,0,0,0,0,0,0,[0|0],0,[0|0|0|0|0|0|0|0],惨遭战祸牵连的\n角人树脂贩子的遗物。\n\n献给圆桌厅堂的孪生老妪，\n能增加下列交易项目：\n\n·根脂\n·瘤脂
2008906,霉菌贩子的铃珠,1,0,[0|0|0],-1,-1,0,0,-1,0,-1,209034,-1,-1,0,-1,0,3868,0,-1,-1,-1,1,0,50,1,0,0,0,0,0,0,0,[0|0],0,0,0,0,0,0,0,0,0,0,0,0,0,0,1,0,0,0,0,0,0,0,0,0,0,-1,-1,-1,-1,-1,-1,-1,-1,1,0,0,0,0,0,0,0,0,0,0,1,0,2,0,1,0,1,90,1,0,0,0,0,2,0,0,-1,0,-1,-1,-1,0,0,0,0,0,0,0,0,0,0,0,0,0,0,0,0,0,0,[0|0],0,[0|0|0|0|0|0|0|0],惨遭战祸牵连的\n角人霉菌贩子的遗物。\n\n献给圆桌厅堂的孪生老妪，\n能增加下列交易项目：\n\n·苍蝇霉
2008907,埃贡的铃珠,1,0,[0|0|0],-1,-1,0,0,-1,0,-1,209290,-1,-1,0,-1,0,3869,0,-1,-1,-1,1,0,50,1,0,0,0,0,0,0,0,[0|0],0,0,0,0,0,0,0,0,0,0,0,0,0,0,1,0,0,0,0,0,0,0,0,0,0,-1,-1,-1,-1,-1,-1,-1,-1,1,0,0,0,0,0,0,0,0,0,0,1,0,2,0,1,0,1,90,1,0,0,0,0,2,0,0,-1,0,-1,-1,-1,0,0,0,0,0,0,0,0,0,0,0,0,0,0,0,0,0,0,[0|0],0,[0|0|0|0|0|0|0|0],“龙战士”埃贡留下的铃珠。\n\n献给圆桌厅堂的孪生老妪，\n能增加下列交易项目：\n\n·埃贡的鱼叉
2008908,魔法技师的铃珠,1,0,[0|0|0],-1,-1,0,0,-1,0,-1,209037,-1,-1,0,-1,0,3143,0,-1,-1,-1,1,0,50,1,0,0,0,0,0,0,0,[0|0],0,0,0,0,0,0,0,0,0,0,0,0,0,0,1,0,0,0,0,0,0,0,0,0,0,-1,-1,-1,-1,-1,-1,-1,-1,1,0,0,0,0,0,0,0,0,0,0,1,0,2,0,1,0,1,90,1,0,0,0,0,2,0,0,-1,0,-1,-1,-1,0,0,0,0,0,0,0,0,0,0,0,0,0,0,0,0,0,0,[0|0],0,[0|0|0|0|0|0|0|0],魔法技师拉巴斯留下的铃珠。\n\n献给圆桌厅堂的孪生老妪，\n能增加下列交易项目：\n\n·拉巴斯大弩箭
2008909,绳索贩子的铃珠,1,0,[0|0|0],-1,-1,0,0,-1,0,-1,209036,-1,-1,0,-1,0,3866,0,-1,-1,-1,1,0,50,1,0,0,0,0,0,0,0,[0|0],0,0,0,0,0,0,0,0,0,0,0,0,0,0,1,0,0,0,0,0,0,0,0,0,0,-1,-1,-1,-1,-1,-1,-1,-1,1,0,0,0,0,0,0,0,0,0,0,1,0,2,0,1,0,1,90,1,0,0,0,0,2,0,0,-1,0,-1,-1,-1,0,0,0,0,0,0,0,0,0,0,0,0,0,0,0,0,0,0,[0|0],0,[0|0|0|0|0|0|0|0],惨遭战祸牵连的\n角人绳索贩子的遗物。\n\n献给圆桌厅堂的孪生老妪，\n能增加下列交易项目：\n\n·绳索
2009000,米凯拉法环,0,0,[0|0|0],-1,-1,0,0,-1,0,-1,990301,-1,-1,0,-1,0,7100,0,-1,-1,-1,1,0,50,0,0,0,0,0,0,0,0,[0|0],0,0,0,0,0,0,0,0,0,0,0,0,0,0,0,0,0,0,0,0,0,0,0,0,0,-1,-1,-1,-1,-1,-1,-1,-1,1,0,0,0,0,0,0,0,0,0,0,1,0,2,0,1,0,1,250,1,0,0,0,0,0,0,0,-1,0,-1,-1,-1,0,0,0,0,0,0,0,0,0,0,0,0,0,0,0,0,0,0,[0|0],0,[0|0|0|0|0|0|0|0],
2009001,期待切磋,0,0,[0|0|0],-1,-1,0,0,-1,0,-1,990171,-1,-1,0,-1,0,7101,0,-1,-1,-1,1,0,50,0,0,0,0,0,0,0,0,[0|0],0,0,0,0,0,0,0,0,0,0,0,0,0,0,0,0,0,0,0,0,0,0,0,0,0,-1,-1,-1,-1,-1,-1,-1,-1,1,0,0,0,0,0,0,0,0,0,0,1,0,2,0,1,0,1,250,1,0,0,0,0,0,0,0,-1,0,-1,-1,-1,0,0,0,0,0,0,0,0,0,0,0,0,0,0,0,0,0,0,[0|0],0,[0|0|0|0|0|0|0|0],
2009002,双指,1,0,[0|0|0],-1,-1,0,0,-1,0,-1,990371,-1,-1,0,-1,0,7102,0,-1,-1,-1,1,0,50,0,0,0,0,0,0,0,0,[0|0],0,0,0,0,0,0,0,0,0,0,0,0,0,0,0,0,0,0,0,0,0,0,0,0,0,-1,-1,-1,-1,-1,-1,-1,-1,1,0,0,0,0,0,0,0,0,0,0,1,0,2,0,1,0,1,250,1,0,0,0,0,0,0,0,-1,0,-1,-1,-1,0,0,0,0,0,0,0,0,0,0,0,0,0,0,0,0,0,0,[0|0],0,[0|0|0|0|0|0|0|0],
2009003,伴你同行,0,0,[0|0|0],-1,-1,0,0,-1,0,-1,990241,-1,-1,0,-1,0,7103,0,-1,-1,-1,1,0,50,0,0,0,0,0,0,0,0,[0|0],0,0,0,0,0,0,0,0,0,0,0,0,0,0,0,0,0,0,0,0,0,0,0,0,0,-1,-1,-1,-1,-1,-1,-1,-1,1,0,0,0,0,0,0,0,0,0,0,1,0,2,0,1,0,1,250,1,0,0,0,0,0,0,0,-1,0,-1,-1,-1,0,0,0,0,0,0,0,0,0,0,0,0,0,0,0,0,0,0,[0|0],0,[0|0|0|0|0|0|0|0],
2009004,母亲啊,1,0,[0|0|0],-1,-1,0,0,-1,0,-1,990242,-1,-1,0,-1,0,7104,0,-1,-1,-1,1,0,50,0,0,0,0,0,0,0,0,[0|0],0,0,0,0,0,0,0,0,0,0,0,0,0,0,0,0,0,0,0,0,0,0,0,0,0,-1,-1,-1,-1,-1,-1,-1,-1,1,0,0,0,0,0,0,0,0,0,0,1,0,2,0,1,0,1,250,1,0,0,0,0,0,0,0,-1,0,-1,-1,-1,0,0,0,0,0,0,0,0,0,0,0,0,0,0,0,0,0,0,[0|0],0,[0|0|0|0|0|0|0|0],
2009160,说明：幽影树庇佑,0,0,[0|0|0],-1,-1,0,0,-1,0,-1,460420,-1,-1,0,-1,0,140,0,-1,-1,-1,1,0,50,12,0,0,0,0,0,0,0,[0|0],0,0,0,0,0,0,0,0,0,0,0,0,0,0,0,0,0,0,0,0,0,0,0,0,0,-1,-1,-1,-1,-1,-1,-1,-1,1,0,0,0,0,0,0,0,0,0,0,1,0,2,0,1,0,1,20,1,0,0,0,0,0,0,0,-1,0,-1,-1,-1,0,0,0,0,0,0,0,0,0,0,0,0,0,0,0,0,0,0,[0|0],0,[0|0|0|0|0|0|0|0],在幽影之地各处，能获得幽影树碎片。\n于赐福消耗后，能加强“幽影树庇佑”。\n\n接受“幽影树庇佑”\n能强化自身的攻击力与减伤率，\n但有效范围仅限于幽影之地。
2009161,说明：灵灰庇佑,0,0,[0|0|0],-1,-1,0,0,-1,0,-1,460430,-1,-1,0,-1,0,141,0,-1,-1,-1,1,0,50,12,0,0,0,0,0,0,0,[0|0],0,0,0,0,0,0,0,0,0,0,0,0,0,0,0,0,0,0,0,0,0,0,0,0,0,-1,-1,-1,-1,-1,-1,-1,-1,1,0,0,0,0,0,0,0,0,0,0,1,0,2,0,1,0,1,20,1,0,0,0,0,0,0,0,-1,0,-1,-1,-1,0,0,0,0,0,0,0,0,0,0,0,0,0,0,0,0,0,0,[0|0],0,[0|0|0|0|0|0|0|0],在幽影之地各处，能获得灵灰。\n于赐福消耗后，能加强“灵灰庇佑”。\n\n接受“灵灰庇佑”\n能强化受召唤灵魂与灵马的攻击力与减伤率，\n但有效范围仅限于幽影之地。
2009162,说明：置物包的新功能,0,0,[0|0|0],-1,-1,0,0,-1,0,-1,460440,-1,-1,0,-1,0,142,0,-1,-1,-1,1,0,50,12,0,0,0,0,0,0,0,[0|0],0,0,0,0,0,0,0,0,0,0,0,0,0,0,0,0,0,0,0,0,0,0,0,0,0,-1,-1,-1,-1,-1,-1,-1,-1,1,0,0,0,0,0,0,0,0,0,0,1,0,2,0,1,0,1,20,1,0,0,0,0,0,0,0,-1,0,-1,-1,-1,0,0,0,0,0,0,0,0,0,0,0,0,0,0,0,0,0,0,[0|0],0,[0|0|0|0|0|0|0|0],从系统选单的显示配置，\n能够详细配置下列新功能：\n\n·初次获得的道具，能以<?newItemIcon?>标示。\n·最近获得的道具，能从专用的标签进行确认。
2009301,集物虫的制作笔记【６】,1,0,[0|0|0],-1,-1,0,0,-1,0,-1,206010,-1,-1,0,-1,0,3854,0,-1,-1,-1,1,0,50,1,0,0,0,0,0,0,0,[0|0],0,0,0,0,0,0,0,0,0,0,0,0,0,0,0,0,0,0,0,0,0,0,0,0,0,-1,-1,-1,-1,-1,-1,-1,-1,1,0,0,0,0,0,0,0,0,0,0,1,0,2,0,1,0,1,60,1,0,0,0,0,2,0,0,-1,0,-1,-1,-1,0,0,0,0,0,0,0,0,0,0,0,0,0,0,0,0,0,0,[0|0],710570,[0|0|0|0|0|0|0|0],非人的集物虫们写下的制作笔记。\n为了帮助穆尔与他的同伴，出于善意而有的物品。\n\n能制作下列道具：\n\n·腌制老龟颈肉
2009302,集物虫的制作笔记【１】,1,0,[0|0|0],-1,-1,0,0,-1,0,-1,205960,-1,-1,0,-1,0,3855,0,-1,-1,-1,1,0,50,1,0,0,0,0,0,0,0,[0|0],0,0,0,0,0,0,0,0,0,0,0,0,0,0,0,0,0,0,0,0,0,0,0,0,0,-1,-1,-1,-1,-1,-1,-1,-1,1,0,0,0,0,0,0,0,0,0,0,1,0,2,0,1,0,1,60,1,0,0,0,0,2,0,0,-1,0,-1,-1,-1,0,0,0,0,0,0,0,0,0,0,0,0,0,0,0,0,0,0,[0|0],710570,[0|0|0|0|0|0|0|0],非人的集物虫们写下的制作笔记。\n为了帮助穆尔与他的同伴，出于善意而有的物品。\n\n能制作下列道具：\n\n·抗魔腌制肝
2009303,集物虫的制作笔记【２】,1,0,[0|0|0],-1,-1,0,0,-1,0,-1,205970,-1,-1,0,-1,0,3856,0,-1,-1,-1,1,0,50,1,0,0,0,0,0,0,0,[0|0],0,0,0,0,0,0,0,0,0,0,0,0,0,0,0,0,0,0,0,0,0,0,0,0,0,-1,-1,-1,-1,-1,-1,-1,-1,1,0,0,0,0,0,0,0,0,0,0,1,0,2,0,1,0,1,60,1,0,0,0,0,2,0,0,-1,0,-1,-1,-1,0,0,0,0,0,0,0,0,0,0,0,0,0,0,0,0,0,0,[0|0],710570,[0|0|0|0|0|0|0|0],非人的集物虫们写下的制作笔记。\n为了帮助穆尔与他的同伴，出于善意而有的物品。\n\n能制作下列道具：\n\n·抗火腌制肝
2009304,集物虫的制作笔记【３】,1,0,[0|0|0],-1,-1,0,0,-1,0,-1,205980,-1,-1,0,-1,0,3857,0,-1,-1,-1,1,0,50,1,0,0,0,0,0,0,0,[0|0],0,0,0,0,0,0,0,0,0,0,0,0,0,0,0,0,0,0,0,0,0,0,0,0,0,-1,-1,-1,-1,-1,-1,-1,-1,1,0,0,0,0,0,0,0,0,0,0,1,0,2,0,1,0,1,60,1,0,0,0,0,2,0,0,-1,0,-1,-1,-1,0,0,0,0,0,0,0,0,0,0,0,0,0,0,0,0,0,0,[0|0],710570,[0|0|0|0|0|0|0|0],非人的集物虫们写下的制作笔记。\n为了帮助穆尔与他的同伴，出于善意而有的物品。\n\n能制作下列道具：\n\n·抗雷腌制肝
2009305,集物虫的制作笔记【４】,1,0,[0|0|0],-1,-1,0,0,-1,0,-1,205990,-1,-1,0,-1,0,3858,0,-1,-1,-1,1,0,50,1,0,0,0,0,0,0,0,[0|0],0,0,0,0,0,0,0,0,0,0,0,0,0,0,0,0,0,0,0,0,0,0,0,0,0,-1,-1,-1,-1,-1,-1,-1,-1,1,0,0,0,0,0,0,0,0,0,0,1,0,2,0,1,0,1,60,1,0,0,0,0,2,0,0,-1,0,-1,-1,-1,0,0,0,0,0,0,0,0,0,0,0,0,0,0,0,0,0,0,[0|0],710570,[0|0|0|0|0|0|0|0],非人的集物虫们写下的制作笔记。\n为了帮助穆尔与他的同伴，出于善意而有的物品。\n\n能制作下列道具：\n\n·抗圣腌制肝
2009306,集物虫的制作笔记【５】,1,0,[0|0|0],-1,-1,0,0,-1,0,-1,206000,-1,-1,0,-1,0,3859,0,-1,-1,-1,1,0,50,1,0,0,0,0,0,0,0,[0|0],0,0,0,0,0,0,0,0,0,0,0,0,0,0,0,0,0,0,0,0,0,0,0,0,0,-1,-1,-1,-1,-1,-1,-1,-1,1,0,0,0,0,0,0,0,0,0,0,1,0,2,0,1,0,1,60,1,0,0,0,0,2,0,0,-1,0,-1,-1,-1,0,0,0,0,0,0,0,0,0,0,0,0,0,0,0,0,0,0,[0|0],710570,[0|0|0|0|0|0|0|0],非人的集物虫们写下的制作笔记。\n为了帮助穆尔与他的同伴，出于善意而有的物品。\n\n能制作下列道具：\n\n·珍珠腌制肝
2009307,埃贡的制作笔记【２】,1,0,[0|0|0],-1,-1,0,0,-1,0,-1,206040,-1,-1,0,-1,0,3840,0,-1,-1,-1,1,0,50,1,0,0,0,0,0,0,0,[0|0],0,0,0,0,0,0,0,0,0,0,0,0,0,0,0,0,0,0,0,0,0,0,0,0,0,-1,-1,-1,-1,-1,-1,-1,-1,1,0,0,0,0,0,0,0,0,0,0,1,0,2,0,1,0,1,60,1,0,0,0,0,2,0,0,-1,0,-1,-1,-1,0,0,0,0,0,0,0,0,0,0,0,0,0,0,0,0,0,0,[0|0],710570,[0|0|0|0|0|0|0|0],挑战凶恶龙贝勒，却因此蒙受毁坏，\n心也被恐惧侵蚀的战士所写下的制作笔记。\n内容记载着以人身屠龙的技术。\n\n能制作下列道具：\n\n·龙飨肉块
2009308,指头追寻者的制作笔记【２】,1,0,[0|0|0],-1,-1,0,0,-1,0,-1,205930,-1,-1,0,-1,0,1384,0,-1,-1,-1,1,0,50,1,0,0,0,0,0,0,0,[0|0],0,0,0,0,0,0,0,0,0,0,0,0,0,0,0,0,0,0,0,0,0,0,0,0,0,-1,-1,-1,-1,-1,-1,-1,-1,1,0,0,0,0,0,0,0,0,0,0,1,0,2,0,1,0,1,60,1,0,0,0,0,2,0,0,-1,0,-1,-1,-1,0,0,0,0,0,0,0,0,0,0,0,0,0,0,0,0,0,0,[0|0],710570,[0|0|0|0|0|0|0|0],研究指头遗迹的人所写下的制作笔记。\n在过度接近奥秘，精神陷入半失常的状态下，\n勉强写下的内容。\n\n能制作下列道具：\n\n·指纹秘药
2009309,大维壶师的制作笔记【１】,1,0,[0|0|0],-1,-1,0,0,-1,0,-1,205600,-1,-1,0,-1,0,3842,0,-1,-1,-1,1,0,50,1,0,0,0,0,0,0,0,[0|0],0,0,0,0,0,0,0,0,0,0,0,0,0,0,0,0,0,0,0,0,0,0,0,0,0,-1,-1,-1,-1,-1,-1,-1,-1,1,0,0,0,0,0,0,0,0,0,0,1,0,2,0,1,0,1,60,1,0,0,0,0,2,0,0,-1,0,-1,-1,-1,0,0,0,0,0,0,0,0,0,0,0,0,0,0,0,0,0,0,[0|0],710570,[0|0|0|0|0|0|0|0],流浪各处的大维壶师所写下的制作笔记。\n他对故乡波尼村的残忍生计感到厌恶，\n转而将各种材料放进大壶内。\n\n能制作下列道具：\n\n·大火焰壶
2009310,大维壶师的制作笔记【４】,1,0,[0|0|0],-1,-1,0,0,-1,0,-1,205630,-1,-1,0,-1,0,3842,0,-1,-1,-1,1,0,50,1,0,0,0,0,0,0,0,[0|0],0,0,0,0,0,0,0,0,0,0,0,0,0,0,0,0,0,0,0,0,0,0,0,0,0,-1,-1,-1,-1,-1,-1,-1,-1,1,0,0,0,0,0,0,0,0,0,0,1,0,2,0,1,0,1,60,1,0,0,0,0,2,0,0,-1,0,-1,-1,-1,0,0,0,0,0,0,0,0,0,0,0,0,0,0,0,0,0,0,[0|0],710570,[0|0|0|0|0|0|0|0],流浪各处的大维壶师所写下的制作笔记。\n他对故乡波尼村的残忍生计感到厌恶，\n转而将各种材料放进大壶内。\n\n能制作下列道具：\n\n·大魔力壶
2009311,大维壶师的制作笔记【５】,1,0,[0|0|0],-1,-1,0,0,-1,0,-1,205640,-1,-1,0,-1,0,3842,0,-1,-1,-1,1,0,50,1,0,0,0,0,0,0,0,[0|0],0,0,0,0,0,0,0,0,0,0,0,0,0,0,0,0,0,0,0,0,0,0,0,0,0,-1,-1,-1,-1,-1,-1,-1,-1,1,0,0,0,0,0,0,0,0,0,0,1,0,2,0,1,0,1,60,1,0,0,0,0,2,0,0,-1,0,-1,-1,-1,0,0,0,0,0,0,0,0,0,0,0,0,0,0,0,0,0,0,[0|0],710570,[0|0|0|0|0|0|0|0],流浪各处的大维壶师所写下的制作笔记。\n他对故乡波尼村的残忍生计感到厌恶，\n转而将各种材料放进大壶内。\n\n能制作下列道具：\n\n·大雷电壶
2009312,大维壶师的制作笔记【１２】,1,0,[0|0|0],-1,-1,0,0,-1,0,-1,205710,-1,-1,0,-1,0,3842,0,-1,-1,-1,1,0,50,1,0,0,0,0,0,0,0,[0|0],0,0,0,0,0,0,0,0,0,0,0,0,0,0,0,0,0,0,0,0,0,0,0,0,0,-1,-1,-1,-1,-1,-1,-1,-1,1,0,0,0,0,0,0,0,0,0,0,1,0,2,0,1,0,1,60,1,0,0,0,0,2,0,0,-1,0,-1,-1,-1,0,0,0,0,0,0,0,0,0,0,0,0,0,0,0,0,0,0,[0|0],710570,[0|0|0|0|0|0|0|0],流浪各处的大维壶师所写下的制作笔记。\n他对故乡波尼村的残忍生计感到厌恶，\n转而将各种材料放进大壶内。\n\n能制作下列道具：\n\n·大岩石壶
2009313,大维壶师的制作笔记【７】,1,0,[0|0|0],-1,-1,0,0,-1,0,-1,205660,-1,-1,0,-1,0,3842,0,-1,-1,-1,1,0,50,1,0,0,0,0,0,0,0,[0|0],0,0,0,0,0,0,0,0,0,0,0,0,0,0,0,0,0,0,0,0,0,0,0,0,0,-1,-1,-1,-1,-1,-1,-1,-1,1,0,0,0,0,0,0,0,0,0,0,1,0,2,0,1,0,1,60,1,0,0,0,0,2,0,0,-1,0,-1,-1,-1,0,0,0,0,0,0,0,0,0,0,0,0,0,0,0,0,0,0,[0|0],710570,[0|0|0|0|0|0|0|0],流浪各处的大维壶师所写下的制作笔记。\n他对故乡波尼村的残忍生计感到厌恶，\n转而将各种材料放进大壶内。\n\n能制作下列道具：\n\n·大毒壶
2009314,大维壶师的制作笔记【９】,1,0,[0|0|0],-1,-1,0,0,-1,0,-1,205680,-1,-1,0,-1,0,3842,0,-1,-1,-1,1,0,50,1,0,0,0,0,0,0,0,[0|0],0,0,0,0,0,0,0,0,0,0,0,0,0,0,0,0,0,0,0,0,0,0,0,0,0,-1,-1,-1,-1,-1,-1,-1,-1,1,0,0,0,0,0,0,0,0,0,0,1,0,2,0,1,0,1,60,1,0,0,0,0,2,0,0,-1,0,-1,-1,-1,0,0,0,0,0,0,0,0,0,0,0,0,0,0,0,0,0,0,[0|0],710570,[0|0|0|0|0|0|0|0],流浪各处的大维壶师所写下的制作笔记。\n他对故乡波尼村的残忍生计感到厌恶，\n转而将各种材料放进大壶内。\n\n能制作下列道具：\n\n·大腐败壶
2009315,大维壶师的制作笔记【１０】,1,0,[0|0|0],-1,-1,0,0,-1,0,-1,205690,-1,-1,0,-1,0,3842,0,-1,-1,-1,1,0,50,1,0,0,0,0,0,0,0,[0|0],0,0,0,0,0,0,0,0,0,0,0,0,0,0,0,0,0,0,0,0,0,0,0,0,0,-1,-1,-1,-1,-1,-1,-1,-1,1,0,0,0,0,0,0,0,0,0,0,1,0,2,0,1,0,1,60,1,0,0,0,0,2,0,0,-1,0,-1,-1,-1,0,0,0,0,0,0,0,0,0,0,0,0,0,0,0,0,0,0,[0|0],710570,[0|0|0|0|0|0|0|0],流浪各处的大维壶师所写下的制作笔记。\n他对故乡波尼村的残忍生计感到厌恶，\n转而将各种材料放进大壶内。\n\n能制作下列道具：\n\n·大苍蝇壶
2009316,大维壶师的制作笔记【１１】,1,0,[0|0|0],-1,-1,0,0,-1,0,-1,205700,-1,-1,0,-1,0,3842,0,-1,-1,-1,1,0,50,1,0,0,0,0,0,0,0,[0|0],0,0,0,0,0,0,0,0,0,0,0,0,0,0,0,0,0,0,0,0,0,0,0,0,0,-1,-1,-1,-1,-1,-1,-1,-1,1,0,0,0,0,0,0,0,0,0,0,1,0,2,0,1,0,1,60,1,0,0,0,0,2,0,0,-1,0,-1,-1,-1,0,0,0,0,0,0,0,0,0,0,0,0,0,0,0,0,0,0,[0|0],710570,[0|0|0|0|0|0|0|0],流浪各处的大维壶师所写下的制作笔记。\n他对故乡波尼村的残忍生计感到厌恶，\n转而将各种材料放进大壶内。\n\n能制作下列道具：\n\n·大结冰壶
2009317,发狂工匠的制作笔记【２】,1,0,[0|0|0],-1,-1,0,0,-1,0,-1,205870,-1,-1,0,-1,0,3843,0,-1,-1,-1,1,0,50,1,0,0,0,0,0,0,0,[0|0],0,0,0,0,0,0,0,0,0,0,0,0,0,0,0,0,0,0,0,0,0,0,0,0,0,-1,-1,-1,-1,-1,-1,-1,-1,1,0,0,0,0,0,0,0,0,0,0,1,0,2,0,1,0,1,60,1,0,0,0,0,2,0,0,-1,0,-1,-1,-1,0,0,0,0,0,0,0,0,0,0,0,0,0,0,0,0,0,0,[0|0],710570,[0|0|0|0|0|0|0|0],侍奉府邸之主米德拉与其妻子娜娜亚，\n双眼受癫火烧熔的工匠所写下的制作笔记。\n\n能制作下列道具：\n\n·大癫火壶
2009318,大维壶师的制作笔记【８】,1,0,[0|0|0],-1,-1,0,0,-1,0,-1,205670,-1,-1,0,-1,0,3842,0,-1,-1,-1,1,0,50,1,0,0,0,0,0,0,0,[0|0],0,0,0,0,0,0,0,0,0,0,0,0,0,0,0,0,0,0,0,0,0,0,0,0,0,-1,-1,-1,-1,-1,-1,-1,-1,1,0,0,0,0,0,0,0,0,0,0,1,0,2,0,1,0,1,60,1,0,0,0,0,2,0,0,-1,0,-1,-1,-1,0,0,0,0,0,0,0,0,0,0,0,0,0,0,0,0,0,0,[0|0],710570,[0|0|0|0|0|0|0|0],流浪各处的大维壶师所写下的制作笔记。\n他对故乡波尼村的残忍生计感到厌恶，\n转而将各种材料放进大壶内。\n\n能制作下列道具：\n\n·大粪便壶
2009319,大维壶师的制作笔记【３】,1,0,[0|0|0],-1,-1,0,0,-1,0,-1,205620,-1,-1,0,-1,0,3842,0,-1,-1,-1,1,0,50,1,0,0,0,0,0,0,0,[0|0],0,0,0,0,0,0,0,0,0,0,0,0,0,0,0,0,0,0,0,0,0,0,0,0,0,-1,-1,-1,-1,-1,-1,-1,-1,1,0,0,0,0,0,0,0,0,0,0,1,0,2,0,1,0,1,60,1,0,0,0,0,2,0,0,-1,0,-1,-1,-1,0,0,0,0,0,0,0,0,0,0,0,0,0,0,0,0,0,0,[0|0],710570,[0|0|0|0|0|0|0|0],流浪各处的大维壶师所写下的制作笔记。\n他对故乡波尼村的残忍生计感到厌恶，\n转而将各种材料放进大壶内。\n\n能制作下列道具：\n\n·大油壶
2009320,大维壶师的制作笔记【１３】,1,0,[0|0|0],-1,-1,0,0,-1,0,-1,205720,-1,-1,0,-1,0,3842,0,-1,-1,-1,1,0,50,1,0,0,0,0,0,0,0,[0|0],0,0,0,0,0,0,0,0,0,0,0,0,0,0,0,0,0,0,0,0,0,0,0,0,0,-1,-1,-1,-1,-1,-1,-1,-1,1,0,0,0,0,0,0,0,0,0,0,1,0,2,0,1,0,1,60,1,0,0,0,0,2,0,0,-1,0,-1,-1,-1,0,0,0,0,0,0,0,0,0,0,0,0,0,0,0,0,0,0,[0|0],710570,[0|0|0|0|0|0|0|0],流浪各处的大维壶师所写下的制作笔记。\n他对故乡波尼村的残忍生计感到厌恶，\n转而将各种材料放进大壶内。\n\n能制作下列道具：\n\n·大火山壶
2009321,大维壶师的制作笔记【１４】,1,0,[0|0|0],-1,-1,0,0,-1,0,-1,205730,-1,-1,0,-1,0,3842,0,-1,-1,-1,1,0,50,1,0,0,0,0,0,0,0,[0|0],0,0,0,0,0,0,0,0,0,0,0,0,0,0,0,0,0,0,0,0,0,0,0,0,0,-1,-1,-1,-1,-1,-1,-1,-1,1,0,0,0,0,0,0,0,0,0,0,1,0,2,0,1,0,1,60,1,0,0,0,0,2,0,0,-1,0,-1,-1,-1,0,0,0,0,0,0,0,0,0,0,0,0,0,0,0,0,0,0,[0|0],710570,[0|0|0|0|0|0|0|0],流浪各处的大维壶师所写下的制作笔记。\n他对故乡波尼村的残忍生计感到厌恶，\n转而将各种材料放进大壶内。\n\n能制作下列道具：\n\n·大怨魂壶
2009322,大维壶师的制作笔记【６】,1,0,[0|0|0],-1,-1,0,0,-1,0,-1,205650,-1,-1,0,-1,0,3842,0,-1,-1,-1,1,0,50,1,0,0,0,0,0,0,0,[0|0],0,0,0,0,0,0,0,0,0,0,0,0,0,0,0,0,0,0,0,0,0,0,0,0,0,-1,-1,-1,-1,-1,-1,-1,-1,1,0,0,0,0,0,0,0,0,0,0,1,0,2,0,1,0,1,60,1,0,0,0,0,2,0,0,-1,0,-1,-1,-1,0,0,0,0,0,0,0,0,0,0,0,0,0,0,0,0,0,0,[0|0],710570,[0|0|0|0|0|0|0|0],流浪各处的大维壶师所写下的制作笔记。\n他对故乡波尼村的残忍生计感到厌恶，\n转而将各种材料放进大壶内。\n\n能制作下列道具：\n\n·大红雷壶
2009323,大维壶师的制作笔记【２】,1,0,[0|0|0],-1,-1,0,0,-1,0,-1,205610,-1,-1,0,-1,0,3842,0,-1,-1,-1,1,0,50,1,0,0,0,0,0,0,0,[0|0],0,0,0,0,0,0,0,0,0,0,0,0,0,0,0,0,0,0,0,0,0,0,0,0,0,-1,-1,-1,-1,-1,-1,-1,-1,1,0,0,0,0,0,0,0,0,0,0,1,0,2,0,1,0,1,60,1,0,0,0,0,2,0,0,-1,0,-1,-1,-1,0,0,0,0,0,0,0,0,0,0,0,0,0,0,0,0,0,0,[0|0],710570,[0|0|0|0|0|0|0|0],流浪各处的大维壶师所写下的制作笔记。\n他对故乡波尼村的残忍生计感到厌恶，\n转而将各种材料放进大壶内。\n\n能制作下列道具：\n\n·大燃炉壶
2009324,古龙骑士的制作笔记【１】,1,0,[0|0|0],-1,-1,0,0,-1,0,-1,205810,-1,-1,0,-1,0,3837,0,-1,-1,-1,1,0,50,1,0,0,0,0,0,0,0,[0|0],0,0,0,0,0,0,0,0,0,0,0,0,0,0,0,0,0,0,0,0,0,0,0,0,0,-1,-1,-1,-1,-1,-1,-1,-1,1,0,0,0,0,0,0,0,0,0,0,1,0,2,0,1,0,1,60,1,0,0,0,0,2,0,0,-1,0,-1,-1,-1,0,0,0,0,0,0,0,0,0,0,0,0,0,0,0,0,0,0,[0|0],710570,[0|0|0|0|0|0|0|0],追在葛德文的黄金骑士之后，\n抵达幽影之地的古龙骑士写下的制作笔记。\n\n能制作下列道具：\n\n·红雷壶
2009325,发狂工匠的制作笔记【１】,1,0,[0|0|0],-1,-1,0,0,-1,0,-1,205860,-1,-1,0,-1,0,3843,0,-1,-1,-1,1,0,50,1,0,0,0,0,0,0,0,[0|0],0,0,0,0,0,0,0,0,0,0,0,0,0,0,0,0,0,0,0,0,0,0,0,0,0,-1,-1,-1,-1,-1,-1,-1,-1,1,0,0,0,0,0,0,0,0,0,0,1,0,2,0,1,0,1,60,1,0,0,0,0,2,0,0,-1,0,-1,-1,-1,0,0,0,0,0,0,0,0,0,0,0,0,0,0,0,0,0,0,[0|0],710570,[0|0|0|0|0|0|0|0],侍奉府邸之主米德拉与其妻子娜娜亚，\n双眼受癫火烧熔的工匠所写下的制作笔记。\n\n能制作下列道具：\n\n·癫火壶\n·附绳癫火壶
2009326,托莉娜信徒的制作笔记【１】,1,0,[0|0|0],-1,-1,0,0,-1,0,-1,205830,-1,-1,0,-1,0,3841,0,-1,-1,-1,1,0,50,1,0,0,0,0,0,0,0,[0|0],0,0,0,0,0,0,0,0,0,0,0,0,0,0,0,0,0,0,0,0,0,0,0,0,0,-1,-1,-1,-1,-1,-1,-1,-1,1,0,0,0,0,0,0,0,0,0,0,1,0,2,0,1,0,1,60,1,0,0,0,0,2,0,0,-1,0,-1,-1,-1,0,0,0,0,0,0,0,0,0,0,0,0,0,0,0,0,0,0,[0|0],710570,[0|0|0|0|0|0|0|0],追寻酣眠圣女的信徒写下的制作笔记。\n然而那温柔的酣眠已经熟成转暗。\n\n能制作下列道具：\n\n·永眠壶
2009327,火焰骑士的制作笔记【１】,1,0,[0|0|0],-1,-1,0,0,-1,0,-1,205750,-1,-1,0,-1,0,3836,0,-1,-1,-1,1,0,50,1,0,0,0,0,0,0,0,[0|0],0,0,0,0,0,0,0,0,0,0,0,0,0,0,0,0,0,0,0,0,0,0,0,0,0,-1,-1,-1,-1,-1,-1,-1,-1,1,0,0,0,0,0,0,0,0,0,0,1,0,2,0,1,0,1,60,1,0,0,0,0,2,0,0,-1,0,-1,-1,-1,0,0,0,0,0,0,0,0,0,0,0,0,0,0,0,0,0,0,[0|0],710570,[0|0|0|0|0|0|0|0],侍奉“穿刺者”梅瑟莫的火焰骑士\n所写下的制作笔记。为了参与圣战的士兵而写，\n内容记载着与火相关的技术。\n\n能制作下列道具：\n\n·梅瑟莫火油脂\n·附绳梅瑟莫火油脂
2009328,古龙骑士的制作笔记【２】,1,0,[0|0|0],-1,-1,0,0,-1,0,-1,205820,-1,-1,0,-1,0,3837,0,-1,-1,-1,1,0,50,1,0,0,0,0,0,0,0,[0|0],0,0,0,0,0,0,0,0,0,0,0,0,0,0,0,0,0,0,0,0,0,0,0,0,0,-1,-1,-1,-1,-1,-1,-1,-1,1,0,0,0,0,0,0,0,0,0,0,1,0,2,0,1,0,1,60,1,0,0,0,0,2,0,0,-1,0,-1,-1,-1,0,0,0,0,0,0,0,0,0,0,0,0,0,0,0,0,0,0,[0|0],710570,[0|0|0|0|0|0|0|0],追在葛德文的黄金骑士之后，\n抵达幽影之地的古龙骑士写下的制作笔记。\n\n能制作下列道具：\n\n·龙雷油脂\n·附绳龙雷油脂
2009329,骑士实习生的制作笔记,1,0,[0|0|0],-1,-1,0,0,-1,0,-1,205740,-1,-1,0,-1,0,3838,0,-1,-1,-1,1,0,50,1,0,0,0,0,0,0,0,[0|0],0,0,0,0,0,0,0,0,0,0,0,0,0,0,0,0,0,0,0,0,0,0,0,0,0,-1,-1,-1,-1,-1,-1,-1,-1,1,0,0,0,0,0,0,0,0,0,0,1,0,2,0,1,0,1,60,1,0,0,0,0,2,0,0,-1,0,-1,-1,-1,0,0,0,0,0,0,0,0,0,0,0,0,0,0,0,0,0,0,[0|0],710570,[0|0|0|0|0|0|0|0],卡利亚王室的骑士实习生写下的制作笔记。\n内容记载着古老魔法骑士的技术。\n\n能制作下列道具：\n\n·王室魔力油脂\n·附绳王室魔力油脂
2009330,战场神父的制作笔记【１】,1,0,[0|0|0],-1,-1,0,0,-1,0,-1,205770,-1,-1,0,-1,0,3839,0,-1,-1,-1,1,0,50,1,0,0,0,0,0,0,0,[0|0],0,0,0,0,0,0,0,0,0,0,0,0,0,0,0,0,0,0,0,0,0,0,0,0,0,-1,-1,-1,-1,-1,-1,-1,-1,1,0,0,0,0,0,0,0,0,0,0,1,0,2,0,1,0,1,60,1,0,0,0,0,2,0,0,-1,0,-1,-1,-1,0,0,0,0,0,0,0,0,0,0,0,0,0,0,0,0,0,0,[0|0],710570,[0|0|0|0|0|0|0|0],身处不见黄金树的幽影之地，\n依旧坚守信仰，持续传教──\n虔诚的战场神父写下的制作笔记。\n\n能制作下列道具：\n\n·黄金油脂\n·附绳黄金油脂
2009331,埃贡的制作笔记【１】,1,0,[0|0|0],-1,-1,0,0,-1,0,-1,206030,-1,-1,0,-1,0,3840,0,-1,-1,-1,1,0,50,1,0,0,0,0,0,0,0,[0|0],0,0,0,0,0,0,0,0,0,0,0,0,0,0,0,0,0,0,0,0,0,0,0,0,0,-1,-1,-1,-1,-1,-1,-1,-1,1,0,0,0,0,0,0,0,0,0,0,1,0,2,0,1,0,1,60,1,0,0,0,0,2,0,0,-1,0,-1,-1,-1,0,0,0,0,0,0,0,0,0,0,0,0,0,0,0,0,0,0,[0|0],710570,[0|0|0|0|0|0|0|0],挑战凶恶龙贝勒，却因此蒙受毁坏，\n心也被恐惧侵蚀的战士所写下的制作笔记。\n内容记载着以人身屠龙的技术。\n\n能制作下列道具：\n\n·龙飨油脂\n·龙飨鱼叉
2009332,战场神父的制作笔记【２】,1,0,[0|0|0],-1,-1,0,0,-1,0,-1,205780,-1,-1,0,-1,0,3839,0,-1,-1,-1,1,0,50,1,0,0,0,0,0,0,0,[0|0],0,0,0,0,0,0,0,0,0,0,0,0,0,0,0,0,0,0,0,0,0,0,0,0,0,-1,-1,-1,-1,-1,-1,-1,-1,1,0,0,0,0,0,0,0,0,0,0,1,0,2,0,1,0,1,60,1,0,0,0,0,2,0,0,-1,0,-1,-1,-1,0,0,0,0,0,0,0,0,0,0,0,0,0,0,0,0,0,0,[0|0],710570,[0|0|0|0|0|0|0|0],身处不见黄金树的幽影之地，\n依旧坚守信仰，持续传教──\n虔诚的战场神父写下的制作笔记。\n\n能制作下列道具：\n\n·庆典油脂
2009333,集物虫的制作笔记【７】,1,0,[0|0|0],-1,-1,0,0,-1,0,-1,206020,-1,-1,0,-1,0,3860,0,-1,-1,-1,1,0,50,1,0,0,0,0,0,0,0,[0|0],0,0,0,0,0,0,0,0,0,0,0,0,0,0,0,0,0,0,0,0,0,0,0,0,0,-1,-1,-1,-1,-1,-1,-1,-1,1,0,0,0,0,0,0,0,0,0,0,1,0,2,0,1,0,1,60,1,0,0,0,0,2,0,0,-1,0,-1,-1,-1,0,0,0,0,0,0,0,0,0,0,0,0,0,0,0,0,0,0,[0|0],710570,[0|0|0|0|0|0|0|0],非人的集物虫写下的制作笔记。\n特别送给不知名的恩人，表示善意的物品。\n\n能制作下列道具：\n\n·灵力果干\n·惑众树枝
2009334,托莉娜信徒的制作笔记【３】,1,0,[0|0|0],-1,-1,0,0,-1,0,-1,205850,-1,-1,0,-1,0,3841,0,-1,-1,-1,1,0,50,1,0,0,0,0,0,0,0,[0|0],0,0,0,0,0,0,0,0,0,0,0,0,0,0,0,0,0,0,0,0,0,0,0,0,0,-1,-1,-1,-1,-1,-1,-1,-1,1,0,0,0,0,0,0,0,0,0,0,1,0,2,0,1,0,1,60,1,0,0,0,0,2,0,0,-1,0,-1,-1,-1,0,0,0,0,0,0,0,0,0,0,0,0,0,0,0,0,0,0,[0|0],710570,[0|0|0|0|0|0|0|0],追寻酣眠圣女的信徒写下的制作笔记。\n然而那温柔的酣眠已经熟成转暗。\n\n能制作下列道具：\n\n·半梦树枝
2009335,守墓者的制作笔记【２】,1,0,[0|0|0],-1,-1,0,0,-1,0,-1,205900,-1,-1,0,-1,0,3844,0,-1,-1,-1,1,0,50,1,0,0,0,0,0,0,0,[0|0],0,0,0,0,0,0,0,0,0,0,0,0,0,0,0,0,0,0,0,0,0,0,0,0,0,-1,-1,-1,-1,-1,-1,-1,-1,1,0,0,0,0,0,0,0,0,0,0,1,0,2,0,1,0,1,60,1,0,0,0,0,2,0,0,-1,0,-1,-1,-1,0,0,0,0,0,0,0,0,0,0,0,0,0,0,0,0,0,0,[0|0],710570,[0|0|0|0|0|0|0|0],位于幽影之地的墓地，\n其中的守墓者们写下的制作笔记。\n\n能制作下列道具：\n\n·人声石
2009336,考古学者的制作笔记【２】,1,0,[0|0|0],-1,-1,0,0,-1,0,-1,205950,-1,-1,0,-1,0,3845,0,-1,-1,-1,1,0,50,1,0,0,0,0,0,0,0,[0|0],0,0,0,0,0,0,0,0,0,0,0,0,0,0,0,0,0,0,0,0,0,0,0,0,0,-1,-1,-1,-1,-1,-1,-1,-1,1,0,0,0,0,0,0,0,0,0,0,1,0,2,0,1,0,1,60,1,0,0,0,0,2,0,0,-1,0,-1,-1,-1,0,0,0,0,0,0,0,0,0,0,0,0,0,0,0,0,0,0,[0|0],710570,[0|0|0|0|0|0|0|0],调查劳弗古遗迹的角人学者们写下的制作笔记。\n内容记载着失落的精灵技术。\n\n能制作下列道具：\n\n·精灵石
2009337,提比亚的制作笔记,1,0,[0|0|0],-1,-1,0,0,-1,0,-1,205910,-1,-1,0,-1,0,3852,0,-1,-1,-1,1,0,50,1,0,0,0,0,0,0,0,[0|0],0,0,0,0,0,0,0,0,0,0,0,0,0,0,0,0,0,0,0,0,0,0,0,0,0,-1,-1,-1,-1,-1,-1,-1,-1,1,0,0,0,0,0,0,0,0,0,0,1,0,2,0,1,0,1,60,1,0,0,0,0,2,0,0,-1,0,-1,-1,-1,0,0,0,0,0,0,0,0,0,0,0,0,0,0,0,0,0,0,[0|0],710570,[0|0|0|0|0|0|0|0],最古老的守墓者──\n唤声船们写下的制作笔记。\n内容记载着呼唤死亡的古老作法。\n\n能制作下列道具：\n\n·提比亚的唤声
2009338,发狂工匠的制作笔记【３】,1,0,[0|0|0],-1,-1,0,0,-1,0,-1,205880,-1,-1,0,-1,0,3843,0,-1,-1,-1,1,0,50,1,0,0,0,0,0,0,0,[0|0],0,0,0,0,0,0,0,0,0,0,0,0,0,0,0,0,0,0,0,0,0,0,0,0,0,-1,-1,-1,-1,-1,-1,-1,-1,1,0,0,0,0,0,0,0,0,0,0,1,0,2,0,1,0,1,60,1,0,0,0,0,2,0,0,-1,0,-1,-1,-1,0,0,0,0,0,0,0,0,0,0,0,0,0,0,0,0,0,0,[0|0],710570,[0|0|0|0|0|0|0|0],侍奉府邸之主米德拉与其妻子娜娜亚，\n双眼受癫火烧熔的工匠所写下的制作笔记。\n\n能制作下列道具：\n\n·迸发癫火
2009339,战场神父的制作笔记【３】,1,0,[0|0|0],-1,-1,0,0,-1,0,-1,205790,-1,-1,0,-1,0,3839,0,-1,-1,-1,1,0,50,1,0,0,0,0,0,0,0,[0|0],0,0,0,0,0,0,0,0,0,0,0,0,0,0,0,0,0,0,0,0,0,0,0,0,0,-1,-1,-1,-1,-1,-1,-1,-1,1,0,0,0,0,0,0,0,0,0,0,1,0,2,0,1,0,1,60,1,0,0,0,0,2,0,0,-1,0,-1,-1,-1,0,0,0,0,0,0,0,0,0,0,0,0,0,0,0,0,0,0,[0|0],710570,[0|0|0|0|0|0|0|0],身处不见黄金树的幽影之地，\n依旧坚守信仰，持续传教──\n虔诚的战场神父写下的制作笔记。\n\n能制作下列道具：\n\n·黄金树立誓
2009340,火焰骑士的制作笔记【２】,1,0,[0|0|0],-1,-1,0,0,-1,0,-1,205760,-1,-1,0,-1,0,3836,0,-1,-1,-1,1,0,50,1,0,0,0,0,0,0,0,[0|0],0,0,0,0,0,0,0,0,0,0,0,0,0,0,0,0,0,0,0,0,0,0,0,0,0,-1,-1,-1,-1,-1,-1,-1,-1,1,0,0,0,0,0,0,0,0,0,0,1,0,2,0,1,0,1,60,1,0,0,0,0,2,0,0,-1,0,-1,-1,-1,0,0,0,0,0,0,0,0,0,0,0,0,0,0,0,0,0,0,[0|0],710570,[0|0|0|0|0|0|0|0],侍奉“穿刺者”梅瑟莫的火焰骑士\n所写下的制作笔记。为了参与圣战的士兵而写，\n内容记载着与火相关的技术。\n\n能制作下列道具：\n\n·蜷曲火焰
2009341,考古学者的制作笔记【１】,1,0,[0|0|0],-1,-1,0,0,-1,0,-1,205940,-1,-1,0,-1,0,3845,0,-1,-1,-1,1,0,50,1,0,0,0,0,0,0,0,[0|0],0,0,0,0,0,0,0,0,0,0,0,0,0,0,0,0,0,0,0,0,0,0,0,0,0,-1,-1,-1,-1,-1,-1,-1,-1,1,0,0,0,0,0,0,0,0,0,0,1,0,2,0,1,0,1,60,1,0,0,0,0,2,0,0,-1,0,-1,-1,-1,0,0,0,0,0,0,0,0,0,0,0,0,0,0,0,0,0,0,[0|0],710570,[0|0|0|0|0|0|0|0],调查劳弗古遗迹的角人学者们写下的制作笔记。\n内容记载着失落的精灵技术。\n\n能制作下列道具：\n\n·火精灵石
2009342,指头追寻者的制作笔记【１】,1,0,[0|0|0],-1,-1,0,0,-1,0,-1,205920,-1,-1,0,-1,0,1384,0,-1,-1,-1,1,0,50,1,0,0,0,0,0,0,0,[0|0],0,0,0,0,0,0,0,0,0,0,0,0,0,0,0,0,0,0,0,0,0,0,0,0,0,-1,-1,-1,-1,-1,-1,-1,-1,1,0,0,0,0,0,0,0,0,0,0,1,0,2,0,1,0,1,60,1,0,0,0,0,2,0,0,-1,0,-1,-1,-1,0,0,0,0,0,0,0,0,0,0,0,0,0,0,0,0,0,0,[0|0],710570,[0|0|0|0|0|0|0|0],研究指头遗迹的人所写下的制作笔记。\n在过度接近奥秘，精神陷入半失常的状态下，\n勉强写下的内容。\n\n能制作下列道具：\n\n·光辉指爪
2009343,战场神父的制作笔记【４】,1,0,[0|0|0],-1,-1,0,0,-1,0,-1,205800,-1,-1,0,-1,0,3839,0,-1,-1,-1,1,0,50,1,0,0,0,0,0,0,0,[0|0],0,0,0,0,0,0,0,0,0,0,0,0,0,0,0,0,0,0,0,0,0,0,0,0,0,-1,-1,-1,-1,-1,-1,-1,-1,1,0,0,0,0,0,0,0,0,0,0,1,0,2,0,1,0,1,60,1,0,0,0,0,2,0,0,-1,0,-1,-1,-1,0,0,0,0,0,0,0,0,0,0,0,0,0,0,0,0,0,0,[0|0],710570,[0|0|0|0|0|0|0|0],身处不见黄金树的幽影之地，\n依旧坚守信仰，持续传教──\n虔诚的战场神父写下的制作笔记。\n\n能制作下列道具：\n\n·暖阳石
2009344,守墓者的制作笔记【１】,1,0,[0|0|0],-1,-1,0,0,-1,0,-1,205890,-1,-1,0,-1,0,3844,0,-1,-1,-1,1,0,50,1,0,0,0,0,0,0,0,[0|0],0,0,0,0,0,0,0,0,0,0,0,0,0,0,0,0,0,0,0,0,0,0,0,0,0,-1,-1,-1,-1,-1,-1,-1,-1,1,0,0,0,0,0,0,0,0,0,0,1,0,2,0,1,0,1,60,1,0,0,0,0,2,0,0,-1,0,-1,-1,-1,0,0,0,0,0,0,0,0,0,0,0,0,0,0,0,0,0,0,[0|0],710570,[0|0|0|0|0|0|0|0],位于幽影之地的墓地，\n其中的守墓者们写下的制作笔记。\n\n能制作下列道具：\n\n·兽骨诱惑箭\n·兽骨诱惑箭（附箭羽）\n·兽骨诱惑弩箭
2009345,托莉娜信徒的制作笔记【２】,1,0,[0|0|0],-1,-1,0,0,-1,0,-1,205840,-1,-1,0,-1,0,3841,0,-1,-1,-1,1,0,50,1,0,0,0,0,0,0,0,[0|0],0,0,0,0,0,0,0,0,0,0,0,0,0,0,0,0,0,0,0,0,0,0,0,0,0,-1,-1,-1,-1,-1,-1,-1,-1,1,0,0,0,0,0,0,0,0,0,0,1,0,2,0,1,0,1,60,1,0,0,0,0,2,0,0,-1,0,-1,-1,-1,0,0,0,0,0,0,0,0,0,0,0,0,0,0,0,0,0,0,[0|0],710570,[0|0|0|0|0|0|0|0],追寻酣眠圣女的信徒写下的制作笔记。\n然而那温柔的酣眠已经熟成转暗。\n\n能制作下列道具：\n\n·永眠油脂\n·附绳永眠油脂
2009500,大龟裂壶,0,0,[0|0|0],-1,-1,0,0,-1,0,-1,202015,-1,-1,0,4,0,3800,0,-1,-1,-1,10,0,50,11,0,0,0,0,0,0,0,[0|0],0,0,0,0,0,0,0,1,0,0,0,0,0,0,0,0,0,0,0,0,0,0,0,0,0,-1,-1,-1,-1,-1,-1,-1,-1,1,0,0,0,0,0,0,0,0,0,0,1,0,2,0,1,0,0,30,1,0,0,0,0,2,0,0,-1,0,-1,-1,-1,0,0,0,0,0,0,0,0,0,0,0,0,0,0,0,0,0,0,[0|0],0,[0|0|0|0|0|0|0|0],即使坏掉也会复原的大空壶。\n制作大龟裂壶类道具所需的容器。\n\n大壶内可以封入各种材料与法术，\n投出后能发挥效用。\n\n据说波尼村的大维壶师们会制作此物，\n放置在冰冷的监牢内。
2010000,幽影树碎片,1,0,[0|0|0],-1,-1,0,0,-1,0,-1,150100,-1,-1,0,-1,0,3816,0,-1,-1,-1,99,0,50,14,0,0,0,0,0,0,0,[0|0],0,0,0,0,0,0,0,1,0,0,0,0,1,0,0,0,0,0,0,1,0,0,0,0,0,-1,-1,-1,-1,-1,-1,-1,-1,1,0,0,0,0,0,0,0,0,0,0,1,0,2,0,1,0,600,15,1,0,0,0,0,2,0,0,-1,0,-1,-1,-1,0,0,0,0,0,0,0,0,0,0,0,0,0,0,0,0,0,0,[0|0],710900,[0|0|0|0|0|0|0|0],含有黄金光辉的幽影树碎片。\n能在幽影之地的玛莉卡教堂等地取得。\n\n于赐福消耗后，能加强“幽影树庇佑”。\n接受“幽影树庇佑”\n能强化自身的攻击力与减伤率，\n但有效范围仅限于幽影之地。\n\n据说是幽影树从内部崩毁的时候，\n飞散至幽影之地全境的物品。\n黄金树之民会收集此物，用于祈祷。
2010100,灵灰,1,0,[0|0|0],-1,-1,0,0,-1,0,-1,150110,-1,-1,0,-1,0,3817,0,-1,-1,-1,99,0,50,14,0,0,0,0,0,0,0,[0|0],0,0,0,0,0,0,0,1,0,0,0,0,1,0,0,0,0,0,0,1,0,0,0,0,0,-1,-1,-1,-1,-1,-1,-1,-1,1,0,0,0,0,0,0,0,0,0,0,1,0,2,0,1,0,600,15,1,0,0,0,0,2,0,0,-1,0,-1,-1,-1,0,0,0,0,0,0,0,0,0,0,0,0,0,0,0,0,0,0,[0|0],710910,[0|0|0|0|0|0|0|0],附有强大灵性力量的先人骨灰。\n能在幽影之地各处的城镇或村落，\n受祭祀的角人尸体等处取得。\n\n于赐福消耗后，能加强“灵灰庇佑”。\n接受“灵灰庇佑”能强化受召唤灵魂\n与灵马的攻击力与减伤率，\n但有效范围仅限于幽影之地。\n\n那些枯槁的尸体被称作土地神，\n据说祂们的掌心会悄悄生成灵灰。
2011000,绿秘密露滴,0,0,[0|0|0],102360,-1,0,0,-1,0,-1,201281,-1,-1,0,-1,0,5000,0,-1,-1,-1,1,0,0,10,2,0,0,0,0,0,0,[0|0],0,0,0,0,0,0,0,0,0,0,0,0,0,0,0,0,0,0,0,0,0,0,0,0,0,-1,-1,-1,-1,-1,-1,330120,-1,0,0,0,0,0,0,0,0,0,0,0,1,0,2,0,0,0,1,20,0,0,0,0,0,2,0,0,-1,0,-1,-1,-1,0,0,0,0,0,0,0,0,0,0,0,0,0,0,0,0,0,0,[0|0],0,[0|0|0|0|0|0|0|0],幽影树的树液飞散后，\n在燃炉魔像的底部汇流聚集，\n历时悠久形成的结晶露滴。\n\n加入“灵药圣杯瓶”调配后，\n一定时间内，所有精力的消耗都归零。\n\n短暂时间后，效果会消失。
2011010,涌红枯露滴,0,0,[0|0|0],20511010,-1,0,0,-1,0,-1,201031,-1,-1,0,-1,0,5001,0,-1,-1,-1,1,0,0,10,2,0,0,0,0,0,0,[0|0],0,0,0,0,0,0,0,0,0,0,0,0,0,0,0,0,0,0,0,0,0,0,0,0,0,-1,-1,-1,-1,-1,-1,330410,-1,0,0,0,0,0,0,0,0,0,0,0,1,0,2,0,0,0,1,20,0,0,0,0,0,2,0,0,-1,0,-1,-1,-1,0,0,0,0,0,0,0,0,0,0,0,0,0,0,0,0,0,0,[0|0],0,[0|0|0|0|0|0|0|0],幽影树的树液飞散后，\n在燃炉魔像的底部汇流聚集，\n历时悠久形成的结晶露滴。\n\n加入“灵药圣杯瓶”调配后，\n一定时间内，能缓慢恢复周围我方人物的血量。\n\n对自身没有恢复效果。
2011020,夺红破露滴,0,0,[0|0|0],20511020,-1,0,0,-1,0,-1,201211,-1,-1,0,-1,0,5002,0,-1,-1,-1,1,0,0,10,2,0,0,0,0,0,0,[0|0],0,0,0,0,0,0,0,0,0,0,0,0,0,0,0,0,0,0,0,0,0,0,0,0,0,-1,-1,-1,-1,-1,-1,331000,-1,0,0,0,0,0,0,0,0,0,0,0,1,0,2,0,0,0,1,20,0,0,0,0,0,2,0,0,-1,0,-1,-1,-1,0,0,0,0,0,0,0,0,0,0,0,0,0,0,0,0,0,0,[0|0],0,[0|0|0|0|0|0|0|0],幽影树的树液飞散后，\n在燃炉魔像的底部汇流聚集，\n历时悠久形成的结晶露滴。\n\n加入“灵药圣杯瓶”调配后，\n一定时间内，能透过攻击恢复血量。
2011030,夺蓝破露滴,0,0,[0|0|0],20511030,-1,0,0,-1,0,-1,201212,-1,-1,0,-1,0,5003,0,-1,-1,-1,1,0,0,10,2,0,0,0,0,0,0,[0|0],0,0,0,0,0,0,0,0,0,0,0,0,0,0,0,0,0,0,0,0,0,0,0,0,0,-1,-1,-1,-1,-1,-1,330100,-1,0,0,0,0,0,0,0,0,0,0,0,1,0,2,0,0,0,1,20,0,0,0,0,0,2,0,0,-1,0,-1,-1,-1,0,0,0,0,0,0,0,0,0,0,0,0,0,0,0,0,0,0,[0|0],0,[0|0|0|0|0|0|0|0],幽影树的树液飞散后，\n在燃炉魔像的底部汇流聚集，\n历时悠久形成的结晶露滴。\n\n加入“灵药圣杯瓶”调配后，\n一定时间内，能透过攻击恢复专注值。
2011040,油光露滴,0,0,[0|0|0],20511040,-1,0,0,-1,0,-1,201311,-1,-1,0,-1,0,5004,0,-1,-1,-1,1,0,0,10,2,0,0,0,0,0,0,[0|0],0,0,0,0,0,0,0,0,0,0,0,0,0,0,0,0,0,0,0,0,0,0,0,0,0,-1,-1,-1,-1,-1,-1,332000,-1,0,0,0,0,0,0,0,0,0,0,0,1,0,2,0,0,0,1,20,0,0,0,0,0,2,0,0,-1,0,-1,-1,-1,0,0,0,0,0,0,0,0,0,0,0,0,0,0,0,0,0,0,[0|0],0,[0|0|0|0|0|0|0|0],幽影树的树液飞散后，\n在燃炉魔像的底部汇流聚集，\n历时悠久形成的结晶露滴。\n\n加入“灵药圣杯瓶”调配后，\n一定时间内，能喷散油汗，\n让周围敌人浑身油污。\n\n当敌人浑身油污时，\n能提升给予对方的火属性伤害。
2011050,吸血破露滴,0,0,[0|0|0],20511050,-1,0,0,-1,0,-1,201213,-1,-1,0,-1,0,5005,0,-1,-1,-1,1,0,0,10,2,0,0,0,0,0,0,[0|0],0,0,0,0,0,0,0,0,0,0,0,0,0,0,0,0,0,0,0,0,0,0,0,0,0,-1,-1,-1,-1,-1,-1,331700,-1,0,0,0,0,0,0,0,0,0,0,0,1,0,2,0,0,0,1,20,0,0,0,0,0,2,0,0,-1,0,-1,-1,-1,0,0,0,0,0,0,0,0,0,0,0,0,0,0,0,0,0,0,[0|0],0,[0|0|0|0|0|0|0|0],幽影树的树液飞散后，\n在燃炉魔像的底部汇流聚集，\n历时悠久形成的结晶露滴。\n\n加入“灵药圣杯瓶”调配后，\n一定时间内，能提升攻击力，\n但持续减少血量。
2011060,铃兰结晶露滴,0,0,[0|0|0],20511060,-1,0,0,-1,0,-1,201241,-1,-1,0,-1,0,5006,0,-1,-1,-1,1,0,0,10,2,0,0,0,0,0,0,[0|0],0,0,0,0,0,0,0,0,0,0,0,0,0,0,0,0,0,0,0,0,0,0,0,0,0,-1,-1,-1,-1,-1,-1,332000,-1,0,0,0,0,0,0,0,0,0,0,0,1,0,2,0,0,0,1,20,0,0,0,0,0,2,0,0,-1,0,-1,-1,-1,0,0,0,0,0,0,0,0,0,0,0,0,0,0,0,0,0,0,[0|0],0,[0|0|0|0|0|0|0|0],幽影树的树液飞散后，\n在燃炉魔像的底部汇流聚集，\n历时悠久形成的结晶露滴。\n\n加入“灵药圣杯瓶”调配后，\n一定时间内，能提升灵魂的攻击力。
2011070,反弹硬露滴,0,0,[0|0|0],102000,-1,0,0,-1,0,-1,201141,-1,-1,0,-1,0,5007,0,-1,-1,-1,1,0,0,10,2,0,0,0,0,0,0,[0|0],0,0,0,0,0,0,0,0,0,0,0,0,0,0,0,0,0,0,0,0,0,0,0,0,0,-1,-1,-1,-1,-1,-1,331920,-1,0,0,0,0,0,0,0,0,0,0,0,1,0,2,0,0,0,1,20,0,0,0,0,0,2,0,0,-1,0,-1,-1,-1,0,0,0,0,0,0,0,0,0,0,0,0,0,0,0,0,0,0,[0|0],0,[0|0|0|0|0|0|0|0],幽影树的树液飞散后，\n在燃炉魔像的底部汇流聚集，\n历时悠久形成的结晶露滴。\n\n加入“灵药圣杯瓶”调配后，\n一定时间内，能强化瞬间防御的能力。\n\n仅限摆出防御架式的瞬间，\n能提升减伤率与防御强度。\n在上述情况成功防御时，能强化防御反击。
2015000,野兽角,0,0,[0|0|0],-1,-1,0,0,100,0,-1,100310,-1,-1,0,-1,0,1150,0,-1,-1,-1,999,0,50,2,0,0,0,0,0,0,0,[0|0],0,0,0,0,0,0,0,1,0,0,0,1,1,0,0,0,0,0,0,0,0,0,0,0,0,-1,-1,-1,-1,-1,-1,-1,-1,1,0,0,0,0,0,0,0,0,2,1,1,0,2,0,1,0,999,15,1,0,0,0,0,1,0,0,-1,0,-1,-1,-1,0,0,0,0,0,0,0,0,0,0,0,0,0,0,0,0,0,0,[0|0],710560,[0|0|0|0|0|0|0|0],带有灵性力量的角。\n用于制作道具的其中一项材料。\n\n于幽影之地，有机会在有角的野兽身上获得。\n\n栖息幽影之地的野兽深受熔炉的影响。\n不论哪一种，都能看见带有角的个体。
2015010,灵性结石,0,0,[0|0|0],-1,-1,0,0,200,0,-1,100311,-1,-1,0,-1,0,1151,0,-1,-1,-1,999,0,50,2,0,0,0,0,0,0,0,[0|0],0,0,0,0,0,0,0,1,0,0,0,1,1,0,0,0,0,0,0,0,0,0,0,0,0,-1,-1,-1,-1,-1,-1,-1,-1,1,0,0,0,0,0,0,0,0,2,1,1,0,2,0,1,0,999,15,1,0,0,0,0,2,0,0,-1,0,-1,-1,-1,0,0,0,0,0,0,0,0,0,0,0,0,0,0,0,0,0,0,[0|0],710560,[0|0|0|0|0|0|0|0],非常罕见，带有灵性力量的结石。\n用于制作道具的其中一项材料。\n\n于劳弗古遗迹，有机会在有角的野兽身上获得。\n\n带有独特、强烈的刺激性气味，\n据说灵性的层级较高。
2015020,珍珠色鳞片,0,0,[0|0|0],-1,-1,0,0,10,0,-1,100341,-1,-1,0,-1,0,1152,0,-1,-1,-1,999,0,50,2,0,0,0,0,0,0,0,[0|0],0,0,0,0,0,0,0,1,0,0,0,1,1,0,0,0,0,0,0,0,0,0,0,0,0,-1,-1,-1,-1,-1,-1,-1,-1,1,0,0,0,0,0,0,0,0,2,1,1,0,2,0,1,0,999,15,1,0,0,0,0,1,0,0,-1,0,-1,-1,-1,0,0,0,0,0,0,0,0,0,0,0,0,0,0,0,0,0,0,[0|0],710560,[0|0|0|0|0|0|0|0],闪耀珍珠色光芒的透亮硬薄片。\n用于制作道具的其中一项材料。\n\n打倒八目鳗之后，有机会获得。\n\n此为退化后的鳞片，\n位于八目鳗的皮肤底下。
2015030,蝎子肝,0,0,[0|0|0],-1,-1,0,0,10,0,-1,100330,-1,-1,0,-1,0,1154,0,-1,-1,-1,999,0,50,2,0,0,0,0,0,0,0,[0|0],0,0,0,0,0,0,0,1,0,0,0,1,1,0,0,0,0,0,0,0,0,0,0,0,0,-1,-1,-1,-1,-1,-1,-1,-1,1,0,0,0,0,0,0,0,0,2,1,1,0,2,0,1,0,999,15,1,0,0,0,0,0,0,0,-1,0,-1,-1,-1,0,0,0,0,0,0,0,0,0,0,0,0,0,0,0,0,0,0,[0|0],710560,[0|0|0|0|0|0|0|0],蜘蛛蝎的新鲜内脏。\n虽然称作肝，实际上是哪一种器官，不得而知。\n用于制作道具的其中一项材料。\n\n打倒蜘蛛蝎之后，有机会获得。\n\n具有麻痹毒性的稀有美食。
2015040,苍蝇霉,0,0,[0|0|0],-1,-1,0,0,10,0,-1,100340,-1,-1,0,-1,0,1153,0,-1,-1,-1,999,0,50,2,0,0,0,0,0,0,0,[0|0],0,0,0,0,0,0,0,1,0,0,0,1,1,0,0,0,0,0,0,0,0,0,0,0,0,-1,-1,-1,-1,-1,-1,-1,-1,1,0,0,0,0,0,0,0,0,2,1,1,0,2,0,1,0,999,15,1,0,0,0,0,0,0,0,-1,0,-1,-1,-1,0,0,0,0,0,0,0,0,0,0,0,0,0,0,0,0,0,0,[0|0],710560,[0|0|0|0|0|0|0|0],飘散出甜腻、难闻尸臭的一种真菌。\n用于制作道具的其中一项材料。\n\n打倒人形苍蝇之后，有机会获得。\n\n利用人形苍蝇的身体作为温床，繁殖而成。\n会放进壶内，作为内容物使用。
2020001,拉答果实,0,0,[0|0|0],-1,-1,0,0,10,0,-1,101300,-1,-1,0,-1,0,1110,0,-1,-1,-1,999,0,50,2,0,0,0,0,0,0,0,[0|0],0,0,0,0,0,0,0,1,0,0,0,1,1,0,0,0,0,0,0,0,0,0,0,0,0,-1,-1,-1,-1,-1,-1,-1,-1,1,0,0,0,0,0,0,0,0,2,1,1,0,2,0,1,0,999,25,1,0,0,0,0,0,0,0,-1,0,-1,-1,-1,0,0,0,0,0,0,0,0,0,0,0,0,0,0,0,0,0,0,[0|0],710560,[0|0|0|0|0|0|0|0],生长在灵墓草上的小果实。\n用于制作道具的其中一项材料。\n\n能在幽影之地各处轻易取得。\n味道极苦，不适合人类食用。
2020002,红肉蘑菇,0,0,[0|0|0],-1,-1,0,0,10,0,-1,101320,-1,-1,0,-1,0,1105,0,-1,-1,-1,999,0,50,2,0,0,0,0,0,0,0,[0|0],0,0,0,0,0,0,0,1,0,0,0,1,1,0,0,0,0,0,0,0,0,0,0,0,0,-1,-1,-1,-1,-1,-1,-1,-1,1,0,0,0,0,0,0,0,0,2,1,1,0,2,0,1,0,999,25,1,0,0,0,0,0,0,0,-1,0,-1,-1,-1,0,0,0,0,0,0,0,0,0,0,0,0,0,0,0,0,0,0,[0|0],710560,[0|0|0|0|0|0|0|0],生长在抑郁土地的红色蘑菇。\n用于制作道具的其中一项材料。\n\n能在幽影之地各处轻易取得。\n\n触感类似生肉，会放进壶内，\n作为内容物使用。
2020003,白肉蘑菇,0,0,[0|0|0],-1,-1,0,0,10,0,-1,101330,-1,-1,0,-1,0,1106,0,-1,-1,-1,999,0,50,2,0,0,0,0,0,0,0,[0|0],0,0,0,0,0,0,0,1,0,0,0,1,1,0,0,0,0,0,0,0,0,0,0,0,0,-1,-1,-1,-1,-1,-1,-1,-1,1,0,0,0,0,0,0,0,0,2,1,1,0,2,0,1,0,999,25,1,0,0,0,0,0,0,0,-1,0,-1,-1,-1,0,0,0,0,0,0,0,0,0,0,0,0,0,0,0,0,0,0,[0|0],710560,[0|0|0|0|0|0|0|0],生长在抑郁土地的乳白色蘑菇。\n用于制作道具的其中一项材料。\n\n能在幽影之地各处轻易取得。\n\n触感类似生肉，会放进壶内，\n作为内容物使用。
2020004,瘤脂,0,0,[0|0|0],-1,-1,0,0,10,0,-1,101450,-1,-1,0,-1,0,1107,0,-1,-1,-1,999,0,50,2,0,0,0,0,0,0,0,[0|0],0,0,0,0,0,0,0,1,0,0,0,1,1,0,0,0,0,0,0,0,0,0,0,0,0,-1,-1,-1,-1,-1,-1,-1,-1,1,0,0,0,0,0,0,0,0,2,1,1,0,2,0,1,0,999,25,1,0,0,0,0,0,0,0,-1,0,-1,-1,-1,0,0,0,0,0,0,0,0,0,0,0,0,0,0,0,0,0,0,[0|0],710560,[0|0|0|0|0|0|0|0],生长在树根的瘤状天然树脂，\n用于制作道具的其中一项材料。\n\n能在幽影之地各处的树根旁取得。\n\n具有原始的触媒性质，\n适合用在与魔法、祷告等等相关的加工。
2020005,玉露,0,0,[0|0|0],-1,-1,0,0,10,0,-1,101310,-1,-1,0,-1,0,1111,0,-1,-1,-1,999,0,50,2,0,0,0,0,0,0,0,[0|0],0,0,0,0,0,0,0,1,0,0,0,1,1,0,0,0,0,0,0,0,0,0,0,0,0,-1,-1,-1,-1,-1,-1,-1,-1,1,0,0,0,0,0,0,0,0,2,1,1,0,2,0,1,0,999,25,1,0,0,0,0,0,0,0,-1,0,-1,-1,-1,0,0,0,0,0,0,0,0,0,0,0,0,0,0,0,0,0,0,[0|0],710560,[0|0|0|0|0|0|0|0],饱含黑夜露水的多肉植物。\n用于制作道具的其中一项材料。\n\n在晚上会发光，主要生长在水边。\n\n据说是很久以前，精灵疗法使用的物品。
2020006,黑火蝶,0,0,[0|0|0],-1,-1,0,0,10,0,-1,100370,-1,-1,0,-1,0,1108,0,-1,-1,-1,999,0,50,2,0,0,0,0,0,0,0,[0|0],0,0,0,0,0,0,0,1,0,0,0,1,1,0,0,0,0,0,0,0,0,0,0,0,0,-1,-1,-1,-1,-1,-1,-1,-1,1,0,0,0,0,0,0,0,0,2,1,1,0,2,0,1,0,999,15,1,0,0,0,0,0,0,0,-1,0,-1,-1,-1,0,0,0,0,0,0,0,0,0,0,0,0,0,0,0,0,0,0,[0|0],710560,[0|0|0|0|0|0|0|0],有着一双碳化黑翅膀的火焰蝴蝶。\n用于制作道具的其中一项材料。\n\n会在被梅瑟莫之火焚烧过、\n历经战祸的土地飞舞。\n\n此种蝴蝶身上\n带有细微又黯然的绳状火焰。
2020007,辉石块萤火虫,0,0,[0|0|0],-1,-1,0,0,10,0,-1,100380,-1,-1,0,-1,0,1109,0,-1,-1,-1,999,0,50,2,0,0,0,0,0,0,0,[0|0],0,0,0,0,0,0,0,1,0,0,0,1,1,0,0,0,0,0,0,0,0,0,0,0,0,-1,-1,-1,-1,-1,-1,-1,-1,1,0,0,0,0,0,0,0,0,2,1,1,0,2,0,1,0,999,15,1,0,0,0,0,0,0,0,-1,0,-1,-1,-1,0,0,0,0,0,0,0,0,0,0,0,0,0,0,0,0,0,0,[0|0],710560,[0|0|0|0|0|0|0|0],品种改良过的辉石萤火虫。\n用于制作道具的其中一项材料。\n\n主要能在玛努斯·美特周围取得。\n\n发光部位的辉石变得巨大不规则，\n此种萤火虫的寿命非常短暂。
2020008,黄雷电花,0,0,[0|0|0],-1,-1,0,0,10,0,-1,101340,-1,-1,0,-1,0,1112,0,-1,-1,-1,999,0,50,2,0,0,0,0,0,0,0,[0|0],0,0,0,0,0,0,0,1,0,0,0,1,1,0,0,0,0,0,0,0,0,0,0,0,0,-1,-1,-1,-1,-1,-1,-1,-1,1,0,0,0,0,0,0,0,0,2,1,1,0,2,0,1,0,999,25,1,0,0,0,0,0,0,0,-1,0,-1,-1,-1,0,0,0,0,0,0,0,0,0,0,0,0,0,0,0,0,0,0,[0|0],710560,[0|0|0|0|0|0|0|0],缠绕雷电的黄色花朵。\n用于制作道具的其中一项材料。\n\n会生长在幽影之地的地下墓地，\n或有落雷的土地。\n\n花上缠绕着黄色的雷电。
2020009,影轮草,0,0,[0|0|0],-1,-1,0,0,10,0,-1,101370,-1,-1,0,-1,0,1104,0,-1,-1,-1,999,0,50,2,0,0,0,0,0,0,0,[0|0],0,0,0,0,0,0,0,1,0,0,0,1,1,0,0,0,0,0,0,0,0,0,0,0,0,-1,-1,-1,-1,-1,-1,-1,-1,1,0,0,0,0,0,0,0,0,2,1,1,0,2,0,1,0,999,25,1,0,0,0,0,0,0,0,-1,0,-1,-1,-1,0,0,0,0,0,0,0,0,0,0,0,0,0,0,0,0,0,0,[0|0],710560,[0|0|0|0|0|0|0|0],面向幽影树绽放的大株花朵。\n用于制作道具的其中一项材料。\n\n能在幽影树附近取得。\n\n带有黑暗幽影，缠绕拒绝的刺，\n并蕴藏着强烈的神圣性──\n那模样，犹如幽影树的缩影。
2020010,毒苔藓虫,0,0,[0|0|0],-1,-1,0,0,10,0,-1,100390,-1,-1,0,-1,0,1113,0,-1,-1,-1,999,0,50,2,0,0,0,0,0,0,0,[0|0],0,0,0,0,0,0,0,1,0,0,0,1,1,0,0,0,0,0,0,0,0,0,0,0,0,-1,-1,-1,-1,-1,-1,-1,-1,1,0,0,0,0,0,0,0,0,2,1,1,0,2,0,1,0,999,15,1,0,0,0,0,0,0,0,-1,0,-1,-1,-1,0,0,0,0,0,0,0,0,0,0,0,0,0,0,0,0,0,0,[0|0],710560,[0|0|0|0|0|0|0|0],富含毒液的大型苔藓虫。\n用于制作道具的其中一项材料。\n\n能在毒沼泽发现。\n\n全身浑圆，犹如可爱的婴儿。
2020011,猩红花蕾,0,0,[0|0|0],-1,-1,0,0,10,0,-1,101380,-1,-1,0,-1,0,1114,0,-1,-1,-1,999,0,50,2,0,0,0,0,0,0,0,[0|0],0,0,0,0,0,0,0,1,0,0,0,1,1,0,0,0,0,0,0,0,0,0,0,0,0,-1,-1,-1,-1,-1,-1,-1,-1,1,0,0,0,0,0,0,0,0,2,1,1,0,2,0,1,0,999,25,1,0,0,0,0,1,0,0,-1,0,-1,-1,-1,0,0,0,0,0,0,0,0,0,0,0,0,0,0,0,0,0,0,[0|0],710560,[0|0|0|0|0|0|0|0],陷入腐败，不会绽放的大株花蕾。\n用于制作道具的其中一项材料。\n\n会生长在猩红腐败的土地。\n\n以前在劳弗古遗迹的边缘地带，\n据说有一座小教堂。\n当时花蕾尚未腐败，是该教堂的象征。
2020012,鲜血孤挺花,0,0,[0|0|0],-1,-1,0,0,10,0,-1,101390,-1,-1,0,-1,0,1115,0,-1,-1,-1,999,0,50,2,0,0,0,0,0,0,0,[0|0],0,0,0,0,0,0,0,1,0,0,0,1,1,0,0,0,0,0,0,0,0,0,0,0,0,-1,-1,-1,-1,-1,-1,-1,-1,1,0,0,0,0,0,0,0,0,2,1,1,0,2,0,1,0,999,25,1,0,0,0,0,1,0,0,-1,0,-1,-1,-1,0,0,0,0,0,0,0,0,0,0,0,0,0,0,0,0,0,0,[0|0],710560,[0|0|0|0|0|0|0|0],具有厚实花瓣的鲜血花朵。\n用于制作道具的其中一项材料。\n\n血怪们会种植在血水滩。\n\n即使是血怪，也拥有品味鲜血之美的心。
2020013,结冻蛆虫,0,0,[0|0|0],-1,-1,0,0,10,0,-1,100400,-1,-1,0,-1,0,1116,0,-1,-1,-1,999,0,50,2,0,0,0,0,0,0,0,[0|0],0,0,0,0,0,0,0,1,0,0,0,1,1,0,0,0,0,0,0,0,0,0,0,0,0,-1,-1,-1,-1,-1,-1,-1,-1,1,0,0,0,0,0,0,0,0,2,1,1,0,2,0,1,0,999,15,1,0,0,0,0,0,0,0,-1,0,-1,-1,-1,0,0,0,0,0,0,0,0,0,0,0,0,0,0,0,0,0,0,[0|0],710560,[0|0|0|0|0|0|0|0],结冻之后，依然蠕动的蛆虫。\n用于制作道具的其中一项材料。\n\n主要能在监牢取得。\n\n蛆虫从大壶内涌出，\n成为囚犯们的珍贵食材。
2020014,深紫睡莲,0,0,[0|0|0],-1,-1,0,0,10,0,-1,101420,-1,-1,0,-1,0,1101,0,-1,-1,-1,999,0,50,2,0,0,0,0,0,0,0,[0|0],0,0,0,0,0,0,0,1,0,0,0,1,1,0,0,0,0,0,0,0,0,0,0,0,0,-1,-1,-1,-1,-1,-1,-1,-1,1,0,0,0,0,0,0,0,0,2,1,1,0,2,0,1,0,999,25,1,0,0,0,0,1,0,0,-1,0,-1,-1,-1,0,0,0,0,0,0,0,0,0,0,0,0,0,0,0,0,0,0,[0|0],710560,[0|0|0|0|0|0|0|0],姿态曼妙，即将枯萎的深紫色睡莲。\n用于制作道具的其中一项材料。\n\n会生长在海岸的蓝色花田里。\n\n那花蜜犹如浓烈的毒，\n带来甜美的深沉酣眠。
2020015,蜜血木芽,0,0,[0|0|0],-1,-1,0,0,100,0,-1,101430,-1,-1,0,-1,0,1117,0,-1,-1,-1,999,0,50,2,0,0,0,0,0,0,0,[0|0],0,0,0,0,0,0,0,1,0,0,0,1,1,0,0,0,0,0,0,0,0,0,0,0,0,-1,-1,-1,-1,-1,-1,-1,-1,1,0,0,0,0,0,0,0,0,2,1,1,0,2,0,1,0,999,25,1,0,0,0,0,2,0,0,-1,0,-1,-1,-1,0,0,0,0,0,0,0,0,0,0,0,0,0,0,0,0,0,0,[0|0],710560,[0|0|0|0|0|0|0|0],盈满暗紫蜜血的嫩芽。\n用于制作道具的其中一项材料。\n\n非常罕见的物品。\n\n托莉娜被舍弃之后，形成了蜜血血水滩。\n据说此物从血水滩冒芽而出。
2020016,灯笼虫,0,0,[0|0|0],-1,-1,0,0,10,0,-1,100410,-1,-1,0,-1,0,1118,0,-1,-1,-1,999,0,50,2,0,0,0,0,0,0,0,[0|0],0,0,0,0,0,0,0,1,0,0,0,1,1,0,0,0,0,0,0,0,0,0,0,0,0,-1,-1,-1,-1,-1,-1,-1,-1,1,0,0,0,0,0,0,0,0,2,1,1,0,2,0,1,0,999,15,1,0,0,0,0,1,0,0,-1,0,-1,-1,-1,0,0,0,0,0,0,0,0,0,0,0,0,0,0,0,0,0,0,[0|0],710560,[0|0|0|0|0|0|0|0],抓着癫火葡萄的有翅虫。\n用于制作道具的其中一项材料。\n\n会在谷底森林里缓慢飞舞。\n\n被视为禁触老翁出现的预兆。\n智者看见此物，就不会深入该地。
2020017,膨胀葡萄,0,0,[0|0|0],-1,-1,0,0,100,0,-1,100470,-1,-1,0,-1,0,1119,0,-1,-1,-1,999,0,50,2,0,0,0,0,0,0,0,[0|0],0,0,0,0,0,0,0,1,0,0,0,1,1,0,0,0,0,0,0,0,0,0,0,0,0,-1,-1,-1,-1,-1,-1,-1,-1,1,0,0,0,0,0,0,0,0,2,1,1,0,2,0,1,0,999,15,1,0,0,0,0,2,0,0,-1,0,-1,-1,-1,0,0,0,0,0,0,0,0,0,0,0,0,0,0,0,0,0,0,[0|0],710560,[0|0|0|0|0|0|0|0],由内膨胀变大的癫火眼球。\n用于制作道具的其中一项材料。\n\n非常罕见的物品。\n\n上头有着指痕的烫伤痕迹，\n为直接承受叁指拥抱的证明。
2020018,守墓者头盖骨,0,0,[0|0|0],-1,-1,0,0,10,0,-1,100430,-1,-1,0,-1,0,1120,0,-1,-1,-1,999,0,50,2,0,0,0,0,0,0,0,[0|0],0,0,0,0,0,0,0,1,0,0,0,1,1,0,0,0,0,0,0,0,0,0,0,0,0,-1,-1,-1,-1,-1,-1,-1,-1,1,0,0,0,0,0,0,0,0,2,1,1,0,2,0,1,0,999,15,1,0,0,0,0,0,0,0,-1,0,-1,-1,-1,0,0,0,0,0,0,0,0,0,0,0,0,0,0,0,0,0,0,[0|0],710560,[0|0|0|0|0|0|0|0],古老守墓者的头盖骨。\n用于制作道具的其中一项材料。\n\n主要能在卡罗隐藏墓地取得。\n\n古老守墓者是掌舵手，\n即使早已凋零，也会呼唤死者。
2020019,和角排泄物,0,0,[0|0|0],-1,-1,0,0,10,0,-1,100460,-1,-1,0,-1,0,1121,0,-1,-1,-1,999,0,50,2,0,0,0,0,0,0,0,[0|0],0,0,0,0,0,0,0,1,0,0,0,1,1,0,0,0,0,0,0,0,0,0,0,0,0,-1,-1,-1,-1,-1,-1,-1,-1,1,0,0,0,0,0,0,0,0,2,1,1,0,2,0,1,0,999,15,1,0,0,0,0,0,0,0,-1,0,-1,-1,-1,0,0,0,0,0,0,0,0,0,0,0,0,0,0,0,0,0,0,[0|0],710560,[0|0|0|0|0|0|0|0],大型肉食野兽的排泄物，和着硬角残骸的粪便。\n用于制作道具的其中一项材料。\n\n能在野兽栖息的森林等等的地上发现。\n\n最具威胁性、带有角的肉食野兽，\n据说因为偏好，只会捕食同样有角的个体。
2020020,燃气石,0,0,[0|0|0],-1,-1,0,0,10,0,-1,102110,-1,-1,0,-1,0,1122,0,-1,-1,-1,999,0,50,2,0,0,0,0,0,0,0,[0|0],0,0,0,0,0,0,0,1,0,0,0,1,1,0,0,0,0,0,0,0,0,0,0,0,0,-1,-1,-1,-1,-1,-1,-1,-1,1,0,0,0,0,0,0,0,0,2,1,1,0,2,0,1,0,999,35,1,0,0,0,0,0,0,0,-1,0,-1,-1,-1,0,0,0,0,0,0,0,0,0,0,0,0,0,0,0,0,0,0,[0|0],710560,[0|0|0|0|0|0|0|0],含有高温气体的方形石。\n用于制作道具的其中一项材料。\n\n能在锻造遗迹取得。\n\n可能是过去为了锻造而制作的燃料。
2020021,灵火花,0,0,[0|0|0],-1,-1,0,0,10,0,-1,101360,-1,-1,0,-1,0,1123,0,-1,-1,-1,999,0,50,2,0,0,0,0,0,0,0,[0|0],0,0,0,0,0,0,0,1,0,0,0,1,1,0,0,0,0,0,0,0,0,0,0,0,0,-1,-1,-1,-1,-1,-1,-1,-1,1,0,0,0,0,0,0,0,0,2,1,1,0,2,0,1,0,999,25,1,0,0,0,0,0,0,0,-1,0,-1,-1,-1,0,0,0,0,0,0,0,0,0,0,0,0,0,0,0,0,0,0,[0|0],710560,[0|0|0|0|0|0|0|0],生长在墓地的灵火花。\n用于制作道具的其中一项材料。\n\n会生长在卡罗隐藏墓地。\n\n与墓地紫花同为墓地之花。\n会无声燃烧的半无形花朵。
2020022,墓地铃虫,0,0,[0|0|0],-1,-1,0,0,10,0,-1,100420,-1,-1,0,-1,0,1124,0,-1,-1,-1,999,0,50,2,0,0,0,0,0,0,0,[0|0],0,0,0,0,0,0,0,1,0,0,0,1,1,0,0,0,0,0,0,0,0,0,0,0,0,-1,-1,-1,-1,-1,-1,-1,-1,1,0,0,0,0,0,0,0,0,2,1,1,0,2,0,1,0,999,15,1,0,0,0,0,0,0,0,-1,0,-1,-1,-1,0,0,0,0,0,0,0,0,0,0,0,0,0,0,0,0,0,0,[0|0],710560,[0|0|0|0|0|0|0|0],有着细微鸣叫声的铃虫。\n用于制作道具的其中一项材料。\n\n主要会在石棺附近发现。\n\n据说那阵阵虫鸣是无法安息的死者\n所发出的声响，以及呼唤声。
2020023,龙热花,0,0,[0|0|0],-1,-1,0,0,100,0,-1,101400,-1,-1,0,-1,0,1103,0,-1,-1,-1,999,0,50,2,0,0,0,0,0,0,0,[0|0],0,0,0,0,0,0,0,1,0,0,0,1,1,0,0,0,0,0,0,0,0,0,0,0,0,-1,-1,-1,-1,-1,-1,-1,-1,1,0,0,0,0,0,0,0,0,2,1,1,0,2,0,1,0,999,25,1,0,0,0,0,2,0,0,-1,0,-1,-1,-1,0,0,0,0,0,0,0,0,0,0,0,0,0,0,0,0,0,0,[0|0],710560,[0|0|0|0|0|0|0|0],流着烫热血液的异形花。\n用于制作道具的其中一项材料。\n\n非常罕见的物品。\n\n据说执行过无数次龙飨的战士，\n那尸体的心脏会绽放此花，但仅有一朵。
2020024,拟态指头,0,0,[0|0|0],-1,-1,0,0,100,0,-1,101331,-1,-1,0,-1,0,1135,0,-1,-1,-1,999,0,50,2,0,0,0,0,0,0,0,[0|0],0,0,0,0,0,0,0,1,0,0,0,1,1,0,0,0,0,0,0,0,0,0,0,0,0,-1,-1,-1,-1,-1,-1,-1,-1,1,0,0,0,0,0,0,0,0,2,1,1,0,2,0,1,0,999,25,1,0,0,0,0,2,0,0,-1,0,-1,-1,-1,0,0,0,0,0,0,0,0,0,0,0,0,0,0,0,0,0,0,[0|0],710560,[0|0|0|0|0|0|0|0],形似老者指头的淡粉色蘑菇。\n用于制作道具的其中一项材料。\n\n非常罕见的物品。\n\n意图成为指头的人们使用的迷幻药。\n据说是无法诞生成双指的失败品。
2020025,神血木芽,0,0,[0|0|0],-1,-1,0,0,100,0,-1,101440,-1,-1,0,-1,0,1125,0,-1,-1,-1,999,0,50,2,0,0,0,0,0,0,0,[0|0],0,0,0,0,0,0,0,1,0,0,0,1,1,0,0,0,0,0,0,0,0,0,0,0,0,-1,-1,-1,-1,-1,-1,-1,-1,1,0,0,0,0,0,0,0,0,2,1,1,0,2,0,1,0,999,25,1,0,0,0,0,2,0,0,-1,0,-1,-1,-1,0,0,0,0,0,0,0,0,0,0,0,0,0,0,0,0,0,0,[0|0],710560,[0|0|0|0|0|0|0|0],盈满神人血液的嫩芽。\n用于制作道具的其中一项材料。\n\n非常罕见的物品。\n\n神人米凯拉的伤口淌血，形成了黄金血水滩。\n据说此物从血水滩冒芽而出。
2020026,凝固融泥,0,0,[0|0|0],-1,-1,0,0,10,0,-1,100450,-1,-1,0,-1,0,1100,0,-1,-1,-1,999,0,50,2,0,0,0,0,0,0,0,[0|0],0,0,0,0,0,0,0,1,0,0,0,1,1,0,0,0,0,0,0,0,0,0,0,0,0,-1,-1,-1,-1,-1,-1,-1,-1,1,0,0,0,0,0,0,0,0,2,1,1,0,2,0,1,0,999,15,1,0,0,0,0,0,0,0,-1,0,-1,-1,-1,0,0,0,0,0,0,0,0,0,0,0,0,0,0,0,0,0,0,[0|0],710560,[0|0|0|0|0|0|0|0],从石棺渗漏而出的蓝黑色融泥，\n其中浓稠凝固的物品。\n用于制作道具的其中一项材料。\n\n能在石棺漂往的终点，那里的地底取得。\n\n据说安放在石棺内的污秽生命，\n最后化成的模样，就是融泥。
2020027,浑圆岩石,0,0,[0|0|0],210172000,5,0,0,10,0,-1,4065,-1,-1,0,-1,0,1126,0,-1,-1,-1,999,0,50,0,1,0,0,67,0,0,0,[0|0],1,1,1,1,1,0,1,1,0,0,0,1,1,0,0,0,0,0,0,0,0,0,0,0,0,-1,472000,-1,-1,-1,340130,-1,-1,1,0,0,1,0,0,0,0,0,2,1,1,0,2,0,1,0,999,50,0,0,0,0,0,0,0,0,-1,0,-1,-1,-1,0,0,0,0,0,0,0,0,0,0,0,0,0,0,0,0,0,0,[0|0],710580,[0|0|0|0|0|0|0|0],透过水流磨成圆形的岩石。\n用于制作道具的其中一项材料，\n也能直接丢出。\n\n能在河边等等的地方发现。\n\n岩石布满裂痕，相当易碎。
2020028,灵墓碑石,0,0,[0|0|0],-1,-1,0,0,10,0,-1,102100,-1,-1,0,-1,0,1127,0,-1,-1,-1,999,0,50,2,0,0,0,0,0,0,0,[0|0],0,0,0,0,0,0,0,1,0,0,0,1,1,0,0,0,0,0,0,0,0,0,0,0,0,-1,-1,-1,-1,-1,-1,-1,-1,1,0,0,0,0,0,0,0,0,2,1,1,0,2,0,1,0,999,35,1,0,0,0,0,0,0,0,-1,0,-1,-1,-1,0,0,0,0,0,0,0,0,0,0,0,0,0,0,0,0,0,0,[0|0],710560,[0|0|0|0|0|0|0|0],即将化为灵魂的墓碑碎片。\n用于制作道具的其中一项材料。\n\n主要能在墓地平原取得。\n\n自古以来，在死亡汇集的地方，\n灵魂会从古老墓碑形成，随后消失。
2020029,劳弗巢穴,0,0,[0|0|0],-1,-1,0,0,10,0,-1,102151,-1,-1,0,-1,0,1128,0,-1,-1,-1,999,0,50,2,0,0,0,0,0,0,0,[0|0],0,0,0,0,0,0,0,1,0,0,0,1,1,0,0,0,0,0,0,0,0,0,0,0,0,-1,-1,-1,-1,-1,-1,-1,-1,1,0,0,0,0,0,0,0,0,2,1,1,0,2,0,1,0,999,35,1,0,0,0,0,0,0,0,-1,0,-1,-1,-1,0,0,0,0,0,0,0,0,0,0,0,0,0,0,0,0,0,0,[0|0],710560,[0|0|0|0|0|0|0|0],缀以雕刻的椭圆形石头。\n用于制作道具的其中一项材料。\n\n在劳弗古遗迹发现的遗物。\n\n石头的中心有小型巢穴，\n能让精灵栖宿其中，化为诅咒器具。
2020030,梅瑟莫的余火,0,0,[0|0|0],-1,-1,0,0,10,0,-1,100360,-1,-1,0,-1,0,1129,0,-1,-1,-1,999,0,50,2,0,0,0,0,0,0,0,[0|0],0,0,0,0,0,0,0,1,0,0,0,1,1,0,0,0,0,0,0,0,0,0,0,0,0,-1,-1,-1,-1,-1,-1,-1,-1,1,0,0,0,0,0,0,0,0,2,1,1,0,2,0,1,0,999,15,1,0,0,0,0,0,0,0,-1,0,-1,-1,-1,0,0,0,0,0,0,0,0,0,0,0,0,0,0,0,0,0,0,[0|0],710560,[0|0|0|0|0|0|0|0],形如蛇的绳状余火。\n用于制作道具的其中一项材料。\n\n主要能在幽影亚坛取得。\n\n为圣战的象征──\n梅瑟莫之火所留下的残渣。\n会以爬行地面般的模样，持续熏烧。
2020031,赐福骨片,0,0,[0|0|0],-1,-1,0,0,100,0,-1,100451,-1,-1,0,-1,0,1130,0,-1,-1,-1,999,0,50,2,0,0,0,0,0,0,0,[0|0],0,0,0,0,0,0,0,1,0,0,0,1,1,0,0,0,0,0,0,0,0,0,0,0,0,-1,-1,-1,-1,-1,-1,-1,-1,1,0,0,0,0,0,0,0,0,2,1,1,0,2,0,1,0,999,15,1,0,0,0,0,2,0,0,-1,0,-1,-1,-1,0,0,0,0,0,0,0,0,0,0,0,0,0,0,0,0,0,0,[0|0],710560,[0|0|0|0|0|0|0|0],闪耀着黄金光辉的遗骨碎片。\n用于制作道具的其中一项材料。\n\n非常罕见的物品。\n\n在幽影之地倒下的战士们化作骨堆，\n接着幽影树的黄金覆盖在遗骨的碎片上，\n随之形成的物品。\n据说是其中一种最为荣誉的死亡。
2020032,红雷花,0,0,[0|0|0],-1,-1,0,0,10,0,-1,101350,-1,-1,0,-1,0,1131,0,-1,-1,-1,999,0,50,2,0,0,0,0,0,0,0,[0|0],0,0,0,0,0,0,0,1,0,0,0,1,1,0,0,0,0,0,0,0,0,0,0,0,0,-1,-1,-1,-1,-1,-1,-1,-1,1,0,0,0,0,0,0,0,0,2,1,1,0,2,0,1,0,999,25,1,0,0,0,0,1,0,0,-1,0,-1,-1,-1,0,0,0,0,0,0,0,0,0,0,0,0,0,0,0,0,0,0,[0|0],710560,[0|0|0|0|0|0|0|0],缠绕红色雷电的花朵。\n用于制作道具的其中一项材料。\n\n能在位于南方海岸的尖刺山取得。\n\n据说会生长在古龙的红雷落雷地点。
2020033,指甲石,0,0,[0|0|0],-1,-1,0,0,10,0,-1,102130,-1,-1,0,-1,0,1132,0,-1,-1,-1,999,0,50,2,0,0,0,0,0,0,0,[0|0],0,0,0,0,0,0,0,1,0,0,0,1,1,0,0,0,0,0,0,0,0,0,0,0,0,-1,-1,-1,-1,-1,-1,-1,-1,1,0,0,0,0,0,0,0,0,2,1,1,0,2,0,1,0,999,35,1,0,0,0,0,0,0,0,-1,0,-1,-1,-1,0,0,0,0,0,0,0,0,0,0,0,0,0,0,0,0,0,0,[0|0],710560,[0|0|0|0|0|0|0|0],依稀带有指纹纹路的石质薄片。\n用于制作道具的其中一项材料。\n\n能在指头遗迹取得。\n\n在指头遗迹，柱状的石指头遍布，\n此为石指头前端剥落的物品。
2020034,尖锐碎石,0,0,[0|0|0],-1,-1,0,0,100,0,-1,102150,-1,-1,0,-1,0,1133,0,-1,-1,-1,999,0,50,2,0,0,0,0,0,0,0,[0|0],0,0,0,0,0,0,0,1,0,0,0,1,1,0,0,0,0,0,0,0,0,0,0,0,0,-1,-1,-1,-1,-1,-1,-1,-1,1,0,0,0,0,0,0,0,0,2,1,1,0,2,0,1,0,999,35,1,0,0,0,0,2,0,0,-1,0,-1,-1,-1,0,0,0,0,0,0,0,0,0,0,0,0,0,0,0,0,0,0,[0|0],710560,[0|0|0|0|0|0|0|0],特别尖锐的碎石。\n用于制作道具的其中一项材料。\n\n能在位于南方海岸的尖刺山取得。\n\n此为吸饱龙血的古龙龙鳞。
2020035,燃炉面具,0,0,[0|0|0],-1,-1,0,0,100,0,-1,102152,-1,-1,0,-1,0,787,0,-1,-1,-1,999,0,50,2,0,0,0,0,0,0,0,[0|0],0,0,0,0,0,0,0,1,0,0,0,1,1,0,0,0,0,0,0,0,0,0,0,0,0,-1,-1,-1,-1,-1,-1,-1,-1,1,0,0,0,0,0,0,0,0,2,1,1,0,2,0,1,0,999,35,1,0,0,0,0,2,0,0,-1,0,-1,-1,-1,0,0,0,0,0,0,0,0,0,0,0,0,0,0,0,0,0,0,[0|0],710560,[0|0|0|0|0|0|0|0],燃炉魔像脸部的缩小版本。\n用于制作道具的其中一项材料。\n\n非常罕见的物品。\n\n弯曲角围绕的那副石面具，\n据说是来自角人们的传说故事中，\n所提及的火焰恶神。
2050301,,1,0,[0|0|0],201000050,59,0,0,-1,0,-1,999999,-1,-1,0,3,0,26,0,-1,-1,-1,10,0,50,0,1,0,0,3,0,0,0,[0|0],1,1,1,1,1,0,1,1,0,0,0,1,1,0,0,0,0,0,0,1,0,0,0,1,0,-1,830100,-1,-1,-1,300110,-1,-1,1,0,0,1,0,0,0,0,0,2,0,1,0,2,0,1,0,600,255,0,0,1,0,0,0,0,0,10000000,0,-1,-1,-1,0,0,0,0,0,0,0,0,0,0,0,0,0,0,0,0,0,0,[0|0],0,[0|0|0|0|0|0|0|0],
2051004,,1,0,[0|0|0],-1,1,0,0,-1,0,2051005,999999,-1,-1,0,-1,0,15,0,-1,-1,-1,1,0,50,0,0,0,0,254,0,0,0,[0|0],1,1,1,1,1,0,1,0,1,0,0,0,0,0,0,1,0,0,0,1,1,0,0,0,0,-1,-1,-1,-1,-1,301001,-1,-1,1,0,1,1,0,0,0,0,1,0,0,1,0,2,0,1,0,1,255,1,0,0,0,-1,2,0,0,20080000,0,-1,-1,-1,0,0,0,0,0,0,0,0,0,0,0,0,0,0,0,0,0,0,[0|0],0,[0|0|0|0|0|0|0|0],
2051005,,1,0,[0|0|0],20018028,1,0,0,-1,0,2051004,999999,-1,-1,0,-1,0,16,0,-1,-1,-1,20,0,50,0,2,0,0,10,0,0,0,[0|0],1,1,1,1,1,0,1,1,1,0,0,0,0,0,0,0,1,0,0,1,1,0,0,0,1,-1,-1,-1,-1,-1,301000,-1,301002,1,0,1,1,0,0,0,0,1,0,0,1,0,2,0,1,0,20,255,1,0,0,0,-1,2,0,0,20070000,0,-1,-1,-1,0,0,0,0,0,0,0,0,0,0,0,0,0,0,0,0,0,0,[0|0],0,[0|0|0|0|0|0|0|0],
2052030,,0,0,[0|0|0],201000105,-1,0,0,-1,0,-1,999999,-1,-1,0,-1,0,790,0,-1,-1,-1,99,0,50,0,1,5,0,68,0,0,0,[0|0],1,1,1,1,1,0,1,0,0,0,0,0,0,0,0,0,0,0,0,1,0,0,0,0,0,-1,-1,-1,-1,-1,336010,336011,-1,1,0,0,1,0,0,0,0,0,2,0,1,0,2,0,0,0,600,255,0,0,1,0,0,2,0,0,50000002,0,-1,-1,-1,0,0,0,0,0,0,0,0,0,0,0,0,0,0,0,0,0,0,[0|0],0,[0|0|0|0|0|0|0|0],
2053140,,1,0,[0|0|0],201000150,17,0,0,-1,0,-1,999999,-1,-1,0,-1,0,755,0,-1,-1,-1,1,0,50,0,1,0,0,47,0,0,0,[0|0],1,1,1,1,1,0,1,0,0,0,0,0,1,0,0,0,0,0,0,1,0,0,0,1,0,-1,614000,-1,-1,-1,-1,-1,-1,1,0,0,1,0,0,0,0,0,0,0,1,0,2,0,1,0,600,255,0,0,0,0,0,2,0,0,10000001,13,-1,-1,-1,0,0,0,0,0,0,0,0,0,0,0,0,0,0,0,0,0,0,[0|0],0,[0|0|0|0|0|0|0|0],
2053480,,1,0,[0|0|0],10176000,-1,0,0,10,0,-1,999999,-1,-1,0,-1,0,0,0,-1,-1,-1,999,0,50,0,1,5,0,21,0,0,0,[0|0],1,1,1,1,1,0,1,0,0,0,0,1,1,0,0,0,0,0,0,0,0,0,0,1,0,-1,176000,-1,-1,-1,302140,-1,-1,1,0,0,1,0,0,0,0,0,2,0,1,0,2,0,1,0,999,255,0,0,0,0,0,0,0,0,20000000,0,-1,-1,-1,0,0,0,0,0,0,0,0,0,0,0,0,0,0,0,0,0,0,[0|0],0,[0|0|0|0|0|0|0|0],
2053490,,1,0,[0|0|0],10176000,-1,0,0,10,0,-1,999999,-1,-1,0,-1,0,0,0,-1,-1,-1,999,0,50,0,1,5,0,22,0,0,0,[0|0],1,1,1,1,1,0,1,0,0,0,0,1,1,0,0,0,0,0,0,0,0,0,0,1,0,-1,176000,-1,-1,-1,302140,-1,-1,1,0,0,1,0,0,0,0,0,2,0,1,0,2,0,1,0,999,255,0,0,0,0,0,0,0,0,20000000,0,-1,-1,-1,0,0,0,0,0,0,0,0,0,0,0,0,0,0,0,0,0,0,[0|0],0,[0|0|0|0|0|0|0|0],
2053700,,1,0,[0|0|0],201000101,-1,0,0,-1,0,-1,999999,-1,-1,0,-1,0,0,0,-1,-1,-1,999,0,50,0,1,0,0,69,0,0,0,[0|0],1,1,1,1,1,0,1,0,0,0,0,0,1,0,0,0,0,0,0,0,0,0,0,1,0,-1,-1,-1,-1,-1,-1,-1,-1,1,0,0,1,0,0,0,0,0,2,0,1,0,2,0,1,0,999,255,0,0,0,0,0,0,0,0,10000000,0,-1,-1,-1,0,0,0,0,0,0,0,0,0,0,0,0,0,0,0,0,0,0,[0|0],0,[0|0|0|0|0|0|0|0],
2053701,,1,0,[0|0|0],201000102,-1,0,0,-1,0,-1,999999,-1,-1,0,-1,0,0,0,-1,-1,-1,999,0,50,0,1,0,0,69,0,0,0,[0|0],1,1,1,1,1,0,1,0,0,0,0,0,1,0,0,0,0,0,0,0,0,0,0,1,0,-1,-1,-1,-1,-1,-1,-1,-1,1,0,0,1,0,0,0,0,0,2,0,1,0,2,0,1,0,999,255,0,0,0,0,0,0,0,0,10000000,0,-1,-1,-1,0,0,0,0,0,0,0,0,0,0,0,0,0,0,0,0,0,0,[0|0],0,[0|0|0|0|0|0|0|0],
2200000,咒剑士米拉,1,0,[0|0|0],20200000,-1,0,0,-1,0,-1,60920,-1,20000610,0,-1,0,900,0,-1,-1,-1,1,0,50,8,2,0,0,34,13,0,0,[0|0],1,1,1,1,1,0,1,0,0,0,0,1,1,0,0,0,0,0,0,0,0,0,0,0,0,-1,-1,-1,-1,-1,-1,-1,-1,1,0,0,1,0,0,0,0,0,0,0,1,0,2,0,1,0,600,30,1,0,0,0,0,2,1,0,-1,91,-1,2200001,10100,1460,0,0,0,0,0,0,0,0,0,0,0,0,0,0,0,0,0,[0|0],710550,[0|0|0|0|0|0|0|0],寄宿着灵魂的骨灰。\n能召唤咒剑士米拉的灵魂。\n在召唤后会立刻投入战斗。\n\n手持波动状圆刀刃，舞动般地挥动──\n所谓的咒剑士，指的是无法成为土地神的修行者。\n对侵略角人土地的人而言，他们是恐怖的灾厄。\n\n在过去，此地尚未蒙上侵略阴影的时期，\n灾厄受人忌讳，因此咒剑士们被关进监牢。\n米拉也是受幽禁的一员，随后与拉比利士结交为友。\n据说米拉的死，让拉比利士的心陷入了黑暗。
2200001,咒剑士米拉＋１,1,0,[0|0|0],20200001,-1,0,0,-1,0,-1,60921,-1,20000610,0,-1,0,900,0,-1,-1,-1,1,0,50,8,2,0,0,34,13,0,0,[0|0],1,1,1,1,1,0,1,0,0,0,0,1,1,0,0,0,0,0,0,0,0,0,0,0,0,-1,-1,-1,-1,-1,-1,-1,-1,1,0,0,1,0,0,0,0,0,0,0,1,0,2,0,1,0,600,30,1,0,0,0,0,2,1,0,-1,91,-1,2200002,10101,2336,0,0,0,0,0,0,0,0,0,0,0,0,0,0,0,0,0,[0|0],710550,[0|0|0|0|0|0|0|0],寄宿着灵魂的骨灰。\n能召唤咒剑士米拉的灵魂。\n在召唤后会立刻投入战斗。\n\n手持波动状圆刀刃，舞动般地挥动──\n所谓的咒剑士，指的是无法成为土地神的修行者。\n对侵略角人土地的人而言，他们是恐怖的灾厄。\n\n在过去，此地尚未蒙上侵略阴影的时期，\n灾厄受人忌讳，因此咒剑士们被关进监牢。\n米拉也是受幽禁的一员，随后与拉比利士结交为友。\n据说米拉的死，让拉比利士的心陷入了黑暗。
2200002,咒剑士米拉＋２,1,0,[0|0|0],20200002,-1,0,0,-1,0,-1,60922,-1,20000610,0,-1,0,900,0,-1,-1,-1,1,0,50,8,2,0,0,34,13,0,0,[0|0],1,1,1,1,1,0,1,0,0,0,0,1,1,0,0,0,0,0,0,0,0,0,0,0,0,-1,-1,-1,-1,-1,-1,-1,-1,1,0,0,1,0,0,0,0,0,0,0,1,0,2,0,1,0,600,30,1,0,0,0,0,2,1,0,-1,91,-1,2200003,10102,3212,0,0,0,0,0,0,0,0,0,0,0,0,0,0,0,0,0,[0|0],710550,[0|0|0|0|0|0|0|0],寄宿着灵魂的骨灰。\n能召唤咒剑士米拉的灵魂。\n在召唤后会立刻投入战斗。\n\n手持波动状圆刀刃，舞动般地挥动──\n所谓的咒剑士，指的是无法成为土地神的修行者。\n对侵略角人土地的人而言，他们是恐怖的灾厄。\n\n在过去，此地尚未蒙上侵略阴影的时期，\n灾厄受人忌讳，因此咒剑士们被关进监牢。\n米拉也是受幽禁的一员，随后与拉比利士结交为友。\n据说米拉的死，让拉比利士的心陷入了黑暗。
2200003,咒剑士米拉＋３,1,0,[0|0|0],20200003,-1,0,0,-1,0,-1,60923,-1,20000610,0,-1,0,900,0,-1,-1,-1,1,0,50,8,2,0,0,34,13,0,0,[0|0],1,1,1,1,1,0,1,0,0,0,0,1,1,0,0,0,0,0,0,0,0,0,0,0,0,-1,-1,-1,-1,-1,-1,-1,-1,1,0,0,1,0,0,0,0,0,0,0,1,0,2,0,1,0,600,30,1,0,0,0,0,2,1,0,-1,91,-1,2200004,10103,4088,0,0,0,0,0,0,0,0,0,0,0,0,0,0,0,0,0,[0|0],710550,[0|0|0|0|0|0|0|0],寄宿着灵魂的骨灰。\n能召唤咒剑士米拉的灵魂。\n在召唤后会立刻投入战斗。\n\n手持波动状圆刀刃，舞动般地挥动──\n所谓的咒剑士，指的是无法成为土地神的修行者。\n对侵略角人土地的人而言，他们是恐怖的灾厄。\n\n在过去，此地尚未蒙上侵略阴影的时期，\n灾厄受人忌讳，因此咒剑士们被关进监牢。\n米拉也是受幽禁的一员，随后与拉比利士结交为友。\n据说米拉的死，让拉比利士的心陷入了黑暗。
2200004,咒剑士米拉＋４,1,0,[0|0|0],20200004,-1,0,0,-1,0,-1,60924,-1,20000610,0,-1,0,900,0,-1,-1,-1,1,0,50,8,2,0,0,34,13,0,0,[0|0],1,1,1,1,1,0,1,0,0,0,0,1,1,0,0,0,0,0,0,0,0,0,0,0,0,-1,-1,-1,-1,-1,-1,-1,-1,1,0,0,1,0,0,0,0,0,0,0,1,0,2,0,1,0,600,30,1,0,0,0,0,2,1,0,-1,91,-1,2200005,10104,4964,0,0,0,0,0,0,0,0,0,0,0,0,0,0,0,0,0,[0|0],710550,[0|0|0|0|0|0|0|0],寄宿着灵魂的骨灰。\n能召唤咒剑士米拉的灵魂。\n在召唤后会立刻投入战斗。\n\n手持波动状圆刀刃，舞动般地挥动──\n所谓的咒剑士，指的是无法成为土地神的修行者。\n对侵略角人土地的人而言，他们是恐怖的灾厄。\n\n在过去，此地尚未蒙上侵略阴影的时期，\n灾厄受人忌讳，因此咒剑士们被关进监牢。\n米拉也是受幽禁的一员，随后与拉比利士结交为友。\n据说米拉的死，让拉比利士的心陷入了黑暗。
2200005,咒剑士米拉＋５,1,0,[0|0|0],20200005,-1,0,0,-1,0,-1,60925,-1,20000610,0,-1,0,900,0,-1,-1,-1,1,0,50,8,2,0,0,34,13,0,0,[0|0],1,1,1,1,1,0,1,0,0,0,0,1,1,0,0,0,0,0,0,0,0,0,0,0,0,-1,-1,-1,-1,-1,-1,-1,-1,1,0,0,1,0,0,0,0,0,0,0,1,0,2,0,1,0,600,30,1,0,0,0,0,2,1,0,-1,91,-1,2200006,10105,5840,0,0,0,0,0,0,0,0,0,0,0,0,0,0,0,0,0,[0|0],710550,[0|0|0|0|0|0|0|0],寄宿着灵魂的骨灰。\n能召唤咒剑士米拉的灵魂。\n在召唤后会立刻投入战斗。\n\n手持波动状圆刀刃，舞动般地挥动──\n所谓的咒剑士，指的是无法成为土地神的修行者。\n对侵略角人土地的人而言，他们是恐怖的灾厄。\n\n在过去，此地尚未蒙上侵略阴影的时期，\n灾厄受人忌讳，因此咒剑士们被关进监牢。\n米拉也是受幽禁的一员，随后与拉比利士结交为友。\n据说米拉的死，让拉比利士的心陷入了黑暗。
2200006,咒剑士米拉＋６,1,0,[0|0|0],20200006,-1,0,0,-1,0,-1,60926,-1,20000610,0,-1,0,900,0,-1,-1,-1,1,0,50,8,2,0,0,34,13,0,0,[0|0],1,1,1,1,1,0,1,0,0,0,0,1,1,0,0,0,0,0,0,0,0,0,0,0,0,-1,-1,-1,-1,-1,-1,-1,-1,1,0,0,1,0,0,0,0,0,0,0,1,0,2,0,1,0,600,30,1,0,0,0,0,2,1,0,-1,91,-1,2200007,10106,6716,0,0,0,0,0,0,0,0,0,0,0,0,0,0,0,0,0,[0|0],710550,[0|0|0|0|0|0|0|0],寄宿着灵魂的骨灰。\n能召唤咒剑士米拉的灵魂。\n在召唤后会立刻投入战斗。\n\n手持波动状圆刀刃，舞动般地挥动──\n所谓的咒剑士，指的是无法成为土地神的修行者。\n对侵略角人土地的人而言，他们是恐怖的灾厄。\n\n在过去，此地尚未蒙上侵略阴影的时期，\n灾厄受人忌讳，因此咒剑士们被关进监牢。\n米拉也是受幽禁的一员，随后与拉比利士结交为友。\n据说米拉的死，让拉比利士的心陷入了黑暗。
2200007,咒剑士米拉＋７,1,0,[0|0|0],20200007,-1,0,0,-1,0,-1,60927,-1,20000610,0,-1,0,900,0,-1,-1,-1,1,0,50,8,2,0,0,34,13,0,0,[0|0],1,1,1,1,1,0,1,0,0,0,0,1,1,0,0,0,0,0,0,0,0,0,0,0,0,-1,-1,-1,-1,-1,-1,-1,-1,1,0,0,1,0,0,0,0,0,0,0,1,0,2,0,1,0,600,30,1,0,0,0,0,2,1,0,-1,91,-1,2200008,10107,7592,0,0,0,0,0,0,0,0,0,0,0,0,0,0,0,0,0,[0|0],710550,[0|0|0|0|0|0|0|0],寄宿着灵魂的骨灰。\n能召唤咒剑士米拉的灵魂。\n在召唤后会立刻投入战斗。\n\n手持波动状圆刀刃，舞动般地挥动──\n所谓的咒剑士，指的是无法成为土地神的修行者。\n对侵略角人土地的人而言，他们是恐怖的灾厄。\n\n在过去，此地尚未蒙上侵略阴影的时期，\n灾厄受人忌讳，因此咒剑士们被关进监牢。\n米拉也是受幽禁的一员，随后与拉比利士结交为友。\n据说米拉的死，让拉比利士的心陷入了黑暗。
2200008,咒剑士米拉＋８,1,0,[0|0|0],20200008,-1,0,0,-1,0,-1,60928,-1,20000610,0,-1,0,900,0,-1,-1,-1,1,0,50,8,2,0,0,34,13,0,0,[0|0],1,1,1,1,1,0,1,0,0,0,0,1,1,0,0,0,0,0,0,0,0,0,0,0,0,-1,-1,-1,-1,-1,-1,-1,-1,1,0,0,1,0,0,0,0,0,0,0,1,0,2,0,1,0,600,30,1,0,0,0,0,2,1,0,-1,91,-1,2200009,10108,8468,0,0,0,0,0,0,0,0,0,0,0,0,0,0,0,0,0,[0|0],710550,[0|0|0|0|0|0|0|0],寄宿着灵魂的骨灰。\n能召唤咒剑士米拉的灵魂。\n在召唤后会立刻投入战斗。\n\n手持波动状圆刀刃，舞动般地挥动──\n所谓的咒剑士，指的是无法成为土地神的修行者。\n对侵略角人土地的人而言，他们是恐怖的灾厄。\n\n在过去，此地尚未蒙上侵略阴影的时期，\n灾厄受人忌讳，因此咒剑士们被关进监牢。\n米拉也是受幽禁的一员，随后与拉比利士结交为友。\n据说米拉的死，让拉比利士的心陷入了黑暗。
2200009,咒剑士米拉＋９,1,0,[0|0|0],20200009,-1,0,0,-1,0,-1,60929,-1,20000610,0,-1,0,900,0,-1,-1,-1,1,0,50,8,2,0,0,34,13,0,0,[0|0],1,1,1,1,1,0,1,0,0,0,0,1,1,0,0,0,0,0,0,0,0,0,0,0,0,-1,-1,-1,-1,-1,-1,-1,-1,1,0,0,1,0,0,0,0,0,0,0,1,0,2,0,1,0,600,30,1,0,0,0,0,2,1,0,-1,91,-1,2200010,10109,10220,0,0,0,0,0,0,0,0,0,0,0,0,0,0,0,0,0,[0|0],710550,[0|0|0|0|0|0|0|0],寄宿着灵魂的骨灰。\n能召唤咒剑士米拉的灵魂。\n在召唤后会立刻投入战斗。\n\n手持波动状圆刀刃，舞动般地挥动──\n所谓的咒剑士，指的是无法成为土地神的修行者。\n对侵略角人土地的人而言，他们是恐怖的灾厄。\n\n在过去，此地尚未蒙上侵略阴影的时期，\n灾厄受人忌讳，因此咒剑士们被关进监牢。\n米拉也是受幽禁的一员，随后与拉比利士结交为友。\n据说米拉的死，让拉比利士的心陷入了黑暗。
2200010,咒剑士米拉＋１０,1,0,[0|0|0],20200010,-1,0,0,-1,0,-1,60930,-1,20000610,0,-1,0,900,0,-1,-1,-1,1,0,50,8,2,0,0,34,13,0,0,[0|0],1,1,1,1,1,0,1,0,0,0,0,1,1,0,0,0,0,0,0,0,0,0,0,0,0,-1,-1,-1,-1,-1,-1,-1,-1,1,0,0,1,0,0,0,0,0,0,0,1,0,2,0,1,0,600,30,1,0,0,0,0,2,1,0,-1,91,-1,-1,-1,0,0,0,0,0,0,0,0,0,0,0,0,0,0,0,0,0,0,[0|0],710550,[0|0|0|0|0|0|0|0],寄宿着灵魂的骨灰。\n能召唤咒剑士米拉的灵魂。\n在召唤后会立刻投入战斗。\n\n手持波动状圆刀刃，舞动般地挥动──\n所谓的咒剑士，指的是无法成为土地神的修行者。\n对侵略角人土地的人而言，他们是恐怖的灾厄。\n\n在过去，此地尚未蒙上侵略阴影的时期，\n灾厄受人忌讳，因此咒剑士们被关进监牢。\n米拉也是受幽禁的一员，随后与拉比利士结交为友。\n据说米拉的死，让拉比利士的心陷入了黑暗。
2201000,血怪咒术师的骨灰,1,0,[0|0|0],20201000,-1,0,0,-1,0,-1,56350,-1,20000610,0,-1,0,901,0,-1,-1,-1,1,0,50,7,2,0,0,34,13,0,0,[0|0],1,1,1,1,1,0,1,0,0,0,0,1,1,0,0,0,0,0,0,0,0,0,0,0,0,-1,-1,-1,-1,-1,-1,-1,-1,1,0,0,1,0,0,0,0,0,0,0,1,0,2,0,1,0,600,20,1,0,0,0,0,1,1,0,-1,-1,500,2201001,10000,1100,0,0,0,0,0,0,0,0,0,0,0,0,0,0,0,0,0,[0|0],710550,[0|0|0|0|0|0|0|0],寄宿着灵魂的骨灰。\n能召唤血怪咒术师的灵魂。\n召唤时不消耗专注值，而是血量。\n\n能执行圣矛授血、血焰咒术的灵魂。\n当敌人陷入出血时，仍不忘表现兴奋情绪。\n\n过去饱受凌虐的奴隶民族，从战争造成的伤痕中，\n发现了异样的为神本质，而后化成了血怪。\n真实之母就是救赎。
2201001,血怪咒术师的骨灰＋１,1,0,[0|0|0],20201001,-1,0,0,-1,0,-1,56351,-1,20000610,0,-1,0,901,0,-1,-1,-1,1,0,50,7,2,0,0,34,13,0,0,[0|0],1,1,1,1,1,0,1,0,0,0,0,1,1,0,0,0,0,0,0,0,0,0,0,0,0,-1,-1,-1,-1,-1,-1,-1,-1,1,0,0,1,0,0,0,0,0,0,0,1,0,2,0,1,0,600,20,1,0,0,0,0,1,1,0,-1,-1,500,2201002,10001,1540,0,0,0,0,0,0,0,0,0,0,0,0,0,0,0,0,0,[0|0],710550,[0|0|0|0|0|0|0|0],寄宿着灵魂的骨灰。\n能召唤血怪咒术师的灵魂。\n召唤时不消耗专注值，而是血量。\n\n能执行圣矛授血、血焰咒术的灵魂。\n当敌人陷入出血时，仍不忘表现兴奋情绪。\n\n过去饱受凌虐的奴隶民族，从战争造成的伤痕中，\n发现了异样的为神本质，而后化成了血怪。\n真实之母就是救赎。
2201002,血怪咒术师的骨灰＋２,1,0,[0|0|0],20201002,-1,0,0,-1,0,-1,56352,-1,20000610,0,-1,0,901,0,-1,-1,-1,1,0,50,7,2,0,0,34,13,0,0,[0|0],1,1,1,1,1,0,1,0,0,0,0,1,1,0,0,0,0,0,0,0,0,0,0,0,0,-1,-1,-1,-1,-1,-1,-1,-1,1,0,0,1,0,0,0,0,0,0,0,1,0,2,0,1,0,600,20,1,0,0,0,0,1,1,0,-1,-1,500,2201003,10002,1980,0,0,0,0,0,0,0,0,0,0,0,0,0,0,0,0,0,[0|0],710550,[0|0|0|0|0|0|0|0],寄宿着灵魂的骨灰。\n能召唤血怪咒术师的灵魂。\n召唤时不消耗专注值，而是血量。\n\n能执行圣矛授血、血焰咒术的灵魂。\n当敌人陷入出血时，仍不忘表现兴奋情绪。\n\n过去饱受凌虐的奴隶民族，从战争造成的伤痕中，\n发现了异样的为神本质，而后化成了血怪。\n真实之母就是救赎。
2201003,血怪咒术师的骨灰＋３,1,0,[0|0|0],20201003,-1,0,0,-1,0,-1,56353,-1,20000610,0,-1,0,901,0,-1,-1,-1,1,0,50,7,2,0,0,34,13,0,0,[0|0],1,1,1,1,1,0,1,0,0,0,0,1,1,0,0,0,0,0,0,0,0,0,0,0,0,-1,-1,-1,-1,-1,-1,-1,-1,1,0,0,1,0,0,0,0,0,0,0,1,0,2,0,1,0,600,20,1,0,0,0,0,1,1,0,-1,-1,500,2201004,10003,2420,0,0,0,0,0,0,0,0,0,0,0,0,0,0,0,0,0,[0|0],710550,[0|0|0|0|0|0|0|0],寄宿着灵魂的骨灰。\n能召唤血怪咒术师的灵魂。\n召唤时不消耗专注值，而是血量。\n\n能执行圣矛授血、血焰咒术的灵魂。\n当敌人陷入出血时，仍不忘表现兴奋情绪。\n\n过去饱受凌虐的奴隶民族，从战争造成的伤痕中，\n发现了异样的为神本质，而后化成了血怪。\n真实之母就是救赎。
2201004,血怪咒术师的骨灰＋４,1,0,[0|0|0],20201004,-1,0,0,-1,0,-1,56354,-1,20000610,0,-1,0,901,0,-1,-1,-1,1,0,50,7,2,0,0,34,13,0,0,[0|0],1,1,1,1,1,0,1,0,0,0,0,1,1,0,0,0,0,0,0,0,0,0,0,0,0,-1,-1,-1,-1,-1,-1,-1,-1,1,0,0,1,0,0,0,0,0,0,0,1,0,2,0,1,0,600,20,1,0,0,0,0,1,1,0,-1,-1,500,2201005,10004,2860,0,0,0,0,0,0,0,0,0,0,0,0,0,0,0,0,0,[0|0],710550,[0|0|0|0|0|0|0|0],寄宿着灵魂的骨灰。\n能召唤血怪咒术师的灵魂。\n召唤时不消耗专注值，而是血量。\n\n能执行圣矛授血、血焰咒术的灵魂。\n当敌人陷入出血时，仍不忘表现兴奋情绪。\n\n过去饱受凌虐的奴隶民族，从战争造成的伤痕中，\n发现了异样的为神本质，而后化成了血怪。\n真实之母就是救赎。
2201005,血怪咒术师的骨灰＋５,1,0,[0|0|0],20201005,-1,0,0,-1,0,-1,56355,-1,20000610,0,-1,0,901,0,-1,-1,-1,1,0,50,7,2,0,0,34,13,0,0,[0|0],1,1,1,1,1,0,1,0,0,0,0,1,1,0,0,0,0,0,0,0,0,0,0,0,0,-1,-1,-1,-1,-1,-1,-1,-1,1,0,0,1,0,0,0,0,0,0,0,1,0,2,0,1,0,600,20,1,0,0,0,0,1,1,0,-1,-1,500,2201006,10005,3300,0,0,0,0,0,0,0,0,0,0,0,0,0,0,0,0,0,[0|0],710550,[0|0|0|0|0|0|0|0],寄宿着灵魂的骨灰。\n能召唤血怪咒术师的灵魂。\n召唤时不消耗专注值，而是血量。\n\n能执行圣矛授血、血焰咒术的灵魂。\n当敌人陷入出血时，仍不忘表现兴奋情绪。\n\n过去饱受凌虐的奴隶民族，从战争造成的伤痕中，\n发现了异样的为神本质，而后化成了血怪。\n真实之母就是救赎。
2201006,血怪咒术师的骨灰＋６,1,0,[0|0|0],20201006,-1,0,0,-1,0,-1,56356,-1,20000610,0,-1,0,901,0,-1,-1,-1,1,0,50,7,2,0,0,34,13,0,0,[0|0],1,1,1,1,1,0,1,0,0,0,0,1,1,0,0,0,0,0,0,0,0,0,0,0,0,-1,-1,-1,-1,-1,-1,-1,-1,1,0,0,1,0,0,0,0,0,0,0,1,0,2,0,1,0,600,20,1,0,0,0,0,1,1,0,-1,-1,500,2201007,10006,3740,0,0,0,0,0,0,0,0,0,0,0,0,0,0,0,0,0,[0|0],710550,[0|0|0|0|0|0|0|0],寄宿着灵魂的骨灰。\n能召唤血怪咒术师的灵魂。\n召唤时不消耗专注值，而是血量。\n\n能执行圣矛授血、血焰咒术的灵魂。\n当敌人陷入出血时，仍不忘表现兴奋情绪。\n\n过去饱受凌虐的奴隶民族，从战争造成的伤痕中，\n发现了异样的为神本质，而后化成了血怪。\n真实之母就是救赎。
2201007,血怪咒术师的骨灰＋７,1,0,[0|0|0],20201007,-1,0,0,-1,0,-1,56357,-1,20000610,0,-1,0,901,0,-1,-1,-1,1,0,50,7,2,0,0,34,13,0,0,[0|0],1,1,1,1,1,0,1,0,0,0,0,1,1,0,0,0,0,0,0,0,0,0,0,0,0,-1,-1,-1,-1,-1,-1,-1,-1,1,0,0,1,0,0,0,0,0,0,0,1,0,2,0,1,0,600,20,1,0,0,0,0,1,1,0,-1,-1,500,2201008,10007,4180,0,0,0,0,0,0,0,0,0,0,0,0,0,0,0,0,0,[0|0],710550,[0|0|0|0|0|0|0|0],寄宿着灵魂的骨灰。\n能召唤血怪咒术师的灵魂。\n召唤时不消耗专注值，而是血量。\n\n能执行圣矛授血、血焰咒术的灵魂。\n当敌人陷入出血时，仍不忘表现兴奋情绪。\n\n过去饱受凌虐的奴隶民族，从战争造成的伤痕中，\n发现了异样的为神本质，而后化成了血怪。\n真实之母就是救赎。
2201008,血怪咒术师的骨灰＋８,1,0,[0|0|0],20201008,-1,0,0,-1,0,-1,56358,-1,20000610,0,-1,0,901,0,-1,-1,-1,1,0,50,7,2,0,0,34,13,0,0,[0|0],1,1,1,1,1,0,1,0,0,0,0,1,1,0,0,0,0,0,0,0,0,0,0,0,0,-1,-1,-1,-1,-1,-1,-1,-1,1,0,0,1,0,0,0,0,0,0,0,1,0,2,0,1,0,600,20,1,0,0,0,0,1,1,0,-1,-1,500,2201009,10008,4620,0,0,0,0,0,0,0,0,0,0,0,0,0,0,0,0,0,[0|0],710550,[0|0|0|0|0|0|0|0],寄宿着灵魂的骨灰。\n能召唤血怪咒术师的灵魂。\n召唤时不消耗专注值，而是血量。\n\n能执行圣矛授血、血焰咒术的灵魂。\n当敌人陷入出血时，仍不忘表现兴奋情绪。\n\n过去饱受凌虐的奴隶民族，从战争造成的伤痕中，\n发现了异样的为神本质，而后化成了血怪。\n真实之母就是救赎。
2201009,血怪咒术师的骨灰＋９,1,0,[0|0|0],20201009,-1,0,0,-1,0,-1,56359,-1,20000610,0,-1,0,901,0,-1,-1,-1,1,0,50,7,2,0,0,34,13,0,0,[0|0],1,1,1,1,1,0,1,0,0,0,0,1,1,0,0,0,0,0,0,0,0,0,0,0,0,-1,-1,-1,-1,-1,-1,-1,-1,1,0,0,1,0,0,0,0,0,0,0,1,0,2,0,1,0,600,20,1,0,0,0,0,1,1,0,-1,-1,500,2201010,10009,5500,0,0,0,0,0,0,0,0,0,0,0,0,0,0,0,0,0,[0|0],710550,[0|0|0|0|0|0|0|0],寄宿着灵魂的骨灰。\n能召唤血怪咒术师的灵魂。\n召唤时不消耗专注值，而是血量。\n\n能执行圣矛授血、血焰咒术的灵魂。\n当敌人陷入出血时，仍不忘表现兴奋情绪。\n\n过去饱受凌虐的奴隶民族，从战争造成的伤痕中，\n发现了异样的为神本质，而后化成了血怪。\n真实之母就是救赎。
2201010,血怪咒术师的骨灰＋１０,1,0,[0|0|0],20201010,-1,0,0,-1,0,-1,56360,-1,20000610,0,-1,0,901,0,-1,-1,-1,1,0,50,7,2,0,0,34,13,0,0,[0|0],1,1,1,1,1,0,1,0,0,0,0,1,1,0,0,0,0,0,0,0,0,0,0,0,0,-1,-1,-1,-1,-1,-1,-1,-1,1,0,0,1,0,0,0,0,0,0,0,1,0,2,0,1,0,600,20,1,0,0,0,0,1,1,0,-1,-1,500,-1,-1,0,0,0,0,0,0,0,0,0,0,0,0,0,0,0,0,0,0,[0|0],710550,[0|0|0|0|0|0|0|0],寄宿着灵魂的骨灰。\n能召唤血怪咒术师的灵魂。\n召唤时不消耗专注值，而是血量。\n\n能执行圣矛授血、血焰咒术的灵魂。\n当敌人陷入出血时，仍不忘表现兴奋情绪。\n\n过去饱受凌虐的奴隶民族，从战争造成的伤痕中，\n发现了异样的为神本质，而后化成了血怪。\n真实之母就是救赎。
2202000,守墓鸟的骨灰,1,0,[0|0|0],20202000,-1,0,0,-1,0,-1,51870,-1,20000610,0,-1,0,902,0,-1,-1,-1,1,0,50,7,2,0,0,34,13,0,0,[0|0],1,1,1,1,1,0,1,0,0,0,0,1,1,0,0,0,0,0,0,0,0,0,0,0,0,-1,-1,-1,-1,-1,-1,-1,-1,1,0,0,1,0,0,0,0,0,0,0,1,0,2,0,1,0,600,10,1,0,0,0,0,1,1,0,-1,65,-1,2202001,10000,680,0,0,0,0,0,0,0,0,0,0,0,0,0,0,0,0,0,[0|0],710550,[0|0|0|0|0|0|0|0],寄宿着灵魂的骨灰。\n能召唤守墓鸟的灵魂。\n\n灵墓守卫──古老魔像的灵魂。\n能用石质双翼飞翔，喷出灵火吐息。\n\n据说是作为死之鸟的眷属而制。
2202001,守墓鸟的骨灰＋１,1,0,[0|0|0],20202001,-1,0,0,-1,0,-1,51871,-1,20000610,0,-1,0,902,0,-1,-1,-1,1,0,50,7,2,0,0,34,13,0,0,[0|0],1,1,1,1,1,0,1,0,0,0,0,1,1,0,0,0,0,0,0,0,0,0,0,0,0,-1,-1,-1,-1,-1,-1,-1,-1,1,0,0,1,0,0,0,0,0,0,0,1,0,2,0,1,0,600,10,1,0,0,0,0,1,1,0,-1,65,-1,2202002,10001,952,0,0,0,0,0,0,0,0,0,0,0,0,0,0,0,0,0,[0|0],710550,[0|0|0|0|0|0|0|0],寄宿着灵魂的骨灰。\n能召唤守墓鸟的灵魂。\n\n灵墓守卫──古老魔像的灵魂。\n能用石质双翼飞翔，喷出灵火吐息。\n\n据说是作为死之鸟的眷属而制。
2202002,守墓鸟的骨灰＋２,1,0,[0|0|0],20202002,-1,0,0,-1,0,-1,51872,-1,20000610,0,-1,0,902,0,-1,-1,-1,1,0,50,7,2,0,0,34,13,0,0,[0|0],1,1,1,1,1,0,1,0,0,0,0,1,1,0,0,0,0,0,0,0,0,0,0,0,0,-1,-1,-1,-1,-1,-1,-1,-1,1,0,0,1,0,0,0,0,0,0,0,1,0,2,0,1,0,600,10,1,0,0,0,0,1,1,0,-1,65,-1,2202003,10002,1224,0,0,0,0,0,0,0,0,0,0,0,0,0,0,0,0,0,[0|0],710550,[0|0|0|0|0|0|0|0],寄宿着灵魂的骨灰。\n能召唤守墓鸟的灵魂。\n\n灵墓守卫──古老魔像的灵魂。\n能用石质双翼飞翔，喷出灵火吐息。\n\n据说是作为死之鸟的眷属而制。
2202003,守墓鸟的骨灰＋３,1,0,[0|0|0],20202003,-1,0,0,-1,0,-1,51873,-1,20000610,0,-1,0,902,0,-1,-1,-1,1,0,50,7,2,0,0,34,13,0,0,[0|0],1,1,1,1,1,0,1,0,0,0,0,1,1,0,0,0,0,0,0,0,0,0,0,0,0,-1,-1,-1,-1,-1,-1,-1,-1,1,0,0,1,0,0,0,0,0,0,0,1,0,2,0,1,0,600,10,1,0,0,0,0,1,1,0,-1,65,-1,2202004,10003,1496,0,0,0,0,0,0,0,0,0,0,0,0,0,0,0,0,0,[0|0],710550,[0|0|0|0|0|0|0|0],寄宿着灵魂的骨灰。\n能召唤守墓鸟的灵魂。\n\n灵墓守卫──古老魔像的灵魂。\n能用石质双翼飞翔，喷出灵火吐息。\n\n据说是作为死之鸟的眷属而制。
2202004,守墓鸟的骨灰＋４,1,0,[0|0|0],20202004,-1,0,0,-1,0,-1,51874,-1,20000610,0,-1,0,902,0,-1,-1,-1,1,0,50,7,2,0,0,34,13,0,0,[0|0],1,1,1,1,1,0,1,0,0,0,0,1,1,0,0,0,0,0,0,0,0,0,0,0,0,-1,-1,-1,-1,-1,-1,-1,-1,1,0,0,1,0,0,0,0,0,0,0,1,0,2,0,1,0,600,10,1,0,0,0,0,1,1,0,-1,65,-1,2202005,10004,1768,0,0,0,0,0,0,0,0,0,0,0,0,0,0,0,0,0,[0|0],710550,[0|0|0|0|0|0|0|0],寄宿着灵魂的骨灰。\n能召唤守墓鸟的灵魂。\n\n灵墓守卫──古老魔像的灵魂。\n能用石质双翼飞翔，喷出灵火吐息。\n\n据说是作为死之鸟的眷属而制。
2202005,守墓鸟的骨灰＋５,1,0,[0|0|0],20202005,-1,0,0,-1,0,-1,51875,-1,20000610,0,-1,0,902,0,-1,-1,-1,1,0,50,7,2,0,0,34,13,0,0,[0|0],1,1,1,1,1,0,1,0,0,0,0,1,1,0,0,0,0,0,0,0,0,0,0,0,0,-1,-1,-1,-1,-1,-1,-1,-1,1,0,0,1,0,0,0,0,0,0,0,1,0,2,0,1,0,600,10,1,0,0,0,0,1,1,0,-1,65,-1,2202006,10005,2040,0,0,0,0,0,0,0,0,0,0,0,0,0,0,0,0,0,[0|0],710550,[0|0|0|0|0|0|0|0],寄宿着灵魂的骨灰。\n能召唤守墓鸟的灵魂。\n\n灵墓守卫──古老魔像的灵魂。\n能用石质双翼飞翔，喷出灵火吐息。\n\n据说是作为死之鸟的眷属而制。
2202006,守墓鸟的骨灰＋６,1,0,[0|0|0],20202006,-1,0,0,-1,0,-1,51876,-1,20000610,0,-1,0,902,0,-1,-1,-1,1,0,50,7,2,0,0,34,13,0,0,[0|0],1,1,1,1,1,0,1,0,0,0,0,1,1,0,0,0,0,0,0,0,0,0,0,0,0,-1,-1,-1,-1,-1,-1,-1,-1,1,0,0,1,0,0,0,0,0,0,0,1,0,2,0,1,0,600,10,1,0,0,0,0,1,1,0,-1,65,-1,2202007,10006,2312,0,0,0,0,0,0,0,0,0,0,0,0,0,0,0,0,0,[0|0],710550,[0|0|0|0|0|0|0|0],寄宿着灵魂的骨灰。\n能召唤守墓鸟的灵魂。\n\n灵墓守卫──古老魔像的灵魂。\n能用石质双翼飞翔，喷出灵火吐息。\n\n据说是作为死之鸟的眷属而制。
2202007,守墓鸟的骨灰＋７,1,0,[0|0|0],20202007,-1,0,0,-1,0,-1,51877,-1,20000610,0,-1,0,902,0,-1,-1,-1,1,0,50,7,2,0,0,34,13,0,0,[0|0],1,1,1,1,1,0,1,0,0,0,0,1,1,0,0,0,0,0,0,0,0,0,0,0,0,-1,-1,-1,-1,-1,-1,-1,-1,1,0,0,1,0,0,0,0,0,0,0,1,0,2,0,1,0,600,10,1,0,0,0,0,1,1,0,-1,65,-1,2202008,10007,2584,0,0,0,0,0,0,0,0,0,0,0,0,0,0,0,0,0,[0|0],710550,[0|0|0|0|0|0|0|0],寄宿着灵魂的骨灰。\n能召唤守墓鸟的灵魂。\n\n灵墓守卫──古老魔像的灵魂。\n能用石质双翼飞翔，喷出灵火吐息。\n\n据说是作为死之鸟的眷属而制。
2202008,守墓鸟的骨灰＋８,1,0,[0|0|0],20202008,-1,0,0,-1,0,-1,51878,-1,20000610,0,-1,0,902,0,-1,-1,-1,1,0,50,7,2,0,0,34,13,0,0,[0|0],1,1,1,1,1,0,1,0,0,0,0,1,1,0,0,0,0,0,0,0,0,0,0,0,0,-1,-1,-1,-1,-1,-1,-1,-1,1,0,0,1,0,0,0,0,0,0,0,1,0,2,0,1,0,600,10,1,0,0,0,0,1,1,0,-1,65,-1,2202009,10008,2856,0,0,0,0,0,0,0,0,0,0,0,0,0,0,0,0,0,[0|0],710550,[0|0|0|0|0|0|0|0],寄宿着灵魂的骨灰。\n能召唤守墓鸟的灵魂。\n\n灵墓守卫──古老魔像的灵魂。\n能用石质双翼飞翔，喷出灵火吐息。\n\n据说是作为死之鸟的眷属而制。
2202009,守墓鸟的骨灰＋９,1,0,[0|0|0],20202009,-1,0,0,-1,0,-1,51879,-1,20000610,0,-1,0,902,0,-1,-1,-1,1,0,50,7,2,0,0,34,13,0,0,[0|0],1,1,1,1,1,0,1,0,0,0,0,1,1,0,0,0,0,0,0,0,0,0,0,0,0,-1,-1,-1,-1,-1,-1,-1,-1,1,0,0,1,0,0,0,0,0,0,0,1,0,2,0,1,0,600,10,1,0,0,0,0,1,1,0,-1,65,-1,2202010,10009,3400,0,0,0,0,0,0,0,0,0,0,0,0,0,0,0,0,0,[0|0],710550,[0|0|0|0|0|0|0|0],寄宿着灵魂的骨灰。\n能召唤守墓鸟的灵魂。\n\n灵墓守卫──古老魔像的灵魂。\n能用石质双翼飞翔，喷出灵火吐息。\n\n据说是作为死之鸟的眷属而制。
2202010,守墓鸟的骨灰＋１０,1,0,[0|0|0],20202010,-1,0,0,-1,0,-1,51880,-1,20000610,0,-1,0,902,0,-1,-1,-1,1,0,50,7,2,0,0,34,13,0,0,[0|0],1,1,1,1,1,0,1,0,0,0,0,1,1,0,0,0,0,0,0,0,0,0,0,0,0,-1,-1,-1,-1,-1,-1,-1,-1,1,0,0,1,0,0,0,0,0,0,0,1,0,2,0,1,0,600,10,1,0,0,0,0,1,1,0,-1,65,-1,-1,-1,0,0,0,0,0,0,0,0,0,0,0,0,0,0,0,0,0,0,[0|0],710550,[0|0|0|0|0|0|0|0],寄宿着灵魂的骨灰。\n能召唤守墓鸟的灵魂。\n\n灵墓守卫──古老魔像的灵魂。\n能用石质双翼飞翔，喷出灵火吐息。\n\n据说是作为死之鸟的眷属而制。
2203000,“火焰骑士”希德,1,0,[0|0|0],20203000,-1,0,0,-1,0,-1,60360,-1,20000610,0,-1,0,903,0,-1,-1,-1,1,0,50,8,2,0,0,34,13,0,0,[0|0],1,1,1,1,1,0,1,0,0,0,0,1,1,0,0,0,0,0,0,0,0,0,0,0,0,-1,-1,-1,-1,-1,-1,-1,-1,1,0,0,1,0,0,0,0,0,0,0,1,0,2,0,1,0,600,30,1,0,0,0,0,2,1,0,-1,116,-1,2203001,10100,1840,0,0,0,0,0,0,0,0,0,0,0,0,0,0,0,0,0,[0|0],710550,[0|0|0|0|0|0|0|0],寄宿着灵魂的骨灰。\n能召唤“火焰骑士”希德的灵魂。\n\n直属梅瑟莫的火焰骑士灵魂。\n能挥舞细长大剑，执行火焰祷告。\n\n希德是贤者萨赞的朋友，\n提倡必须保管、收藏物种的其中一人。\n据说她的骨灰受人祭拜，\n被视为守护保藏库的象征。
2203001,“火焰骑士”希德＋１,1,0,[0|0|0],20203001,-1,0,0,-1,0,-1,60361,-1,20000610,0,-1,0,903,0,-1,-1,-1,1,0,50,8,2,0,0,34,13,0,0,[0|0],1,1,1,1,1,0,1,0,0,0,0,1,1,0,0,0,0,0,0,0,0,0,0,0,0,-1,-1,-1,-1,-1,-1,-1,-1,1,0,0,1,0,0,0,0,0,0,0,1,0,2,0,1,0,600,30,1,0,0,0,0,2,1,0,-1,116,-1,2203002,10101,2944,0,0,0,0,0,0,0,0,0,0,0,0,0,0,0,0,0,[0|0],710550,[0|0|0|0|0|0|0|0],寄宿着灵魂的骨灰。\n能召唤“火焰骑士”希德的灵魂。\n\n直属梅瑟莫的火焰骑士灵魂。\n能挥舞细长大剑，执行火焰祷告。\n\n希德是贤者萨赞的朋友，\n提倡必须保管、收藏物种的其中一人。\n据说她的骨灰受人祭拜，\n被视为守护保藏库的象征。
2203002,“火焰骑士”希德＋２,1,0,[0|0|0],20203002,-1,0,0,-1,0,-1,60362,-1,20000610,0,-1,0,903,0,-1,-1,-1,1,0,50,8,2,0,0,34,13,0,0,[0|0],1,1,1,1,1,0,1,0,0,0,0,1,1,0,0,0,0,0,0,0,0,0,0,0,0,-1,-1,-1,-1,-1,-1,-1,-1,1,0,0,1,0,0,0,0,0,0,0,1,0,2,0,1,0,600,30,1,0,0,0,0,2,1,0,-1,116,-1,2203003,10102,4048,0,0,0,0,0,0,0,0,0,0,0,0,0,0,0,0,0,[0|0],710550,[0|0|0|0|0|0|0|0],寄宿着灵魂的骨灰。\n能召唤“火焰骑士”希德的灵魂。\n\n直属梅瑟莫的火焰骑士灵魂。\n能挥舞细长大剑，执行火焰祷告。\n\n希德是贤者萨赞的朋友，\n提倡必须保管、收藏物种的其中一人。\n据说她的骨灰受人祭拜，\n被视为守护保藏库的象征。
2203003,“火焰骑士”希德＋３,1,0,[0|0|0],20203003,-1,0,0,-1,0,-1,60363,-1,20000610,0,-1,0,903,0,-1,-1,-1,1,0,50,8,2,0,0,34,13,0,0,[0|0],1,1,1,1,1,0,1,0,0,0,0,1,1,0,0,0,0,0,0,0,0,0,0,0,0,-1,-1,-1,-1,-1,-1,-1,-1,1,0,0,1,0,0,0,0,0,0,0,1,0,2,0,1,0,600,30,1,0,0,0,0,2,1,0,-1,116,-1,2203004,10103,5152,0,0,0,0,0,0,0,0,0,0,0,0,0,0,0,0,0,[0|0],710550,[0|0|0|0|0|0|0|0],寄宿着灵魂的骨灰。\n能召唤“火焰骑士”希德的灵魂。\n\n直属梅瑟莫的火焰骑士灵魂。\n能挥舞细长大剑，执行火焰祷告。\n\n希德是贤者萨赞的朋友，\n提倡必须保管、收藏物种的其中一人。\n据说她的骨灰受人祭拜，\n被视为守护保藏库的象征。
2203004,“火焰骑士”希德＋４,1,0,[0|0|0],20203004,-1,0,0,-1,0,-1,60364,-1,20000610,0,-1,0,903,0,-1,-1,-1,1,0,50,8,2,0,0,34,13,0,0,[0|0],1,1,1,1,1,0,1,0,0,0,0,1,1,0,0,0,0,0,0,0,0,0,0,0,0,-1,-1,-1,-1,-1,-1,-1,-1,1,0,0,1,0,0,0,0,0,0,0,1,0,2,0,1,0,600,30,1,0,0,0,0,2,1,0,-1,116,-1,2203005,10104,6256,0,0,0,0,0,0,0,0,0,0,0,0,0,0,0,0,0,[0|0],710550,[0|0|0|0|0|0|0|0],寄宿着灵魂的骨灰。\n能召唤“火焰骑士”希德的灵魂。\n\n直属梅瑟莫的火焰骑士灵魂。\n能挥舞细长大剑，执行火焰祷告。\n\n希德是贤者萨赞的朋友，\n提倡必须保管、收藏物种的其中一人。\n据说她的骨灰受人祭拜，\n被视为守护保藏库的象征。
2203005,“火焰骑士”希德＋５,1,0,[0|0|0],20203005,-1,0,0,-1,0,-1,60365,-1,20000610,0,-1,0,903,0,-1,-1,-1,1,0,50,8,2,0,0,34,13,0,0,[0|0],1,1,1,1,1,0,1,0,0,0,0,1,1,0,0,0,0,0,0,0,0,0,0,0,0,-1,-1,-1,-1,-1,-1,-1,-1,1,0,0,1,0,0,0,0,0,0,0,1,0,2,0,1,0,600,30,1,0,0,0,0,2,1,0,-1,116,-1,2203006,10105,7360,0,0,0,0,0,0,0,0,0,0,0,0,0,0,0,0,0,[0|0],710550,[0|0|0|0|0|0|0|0],寄宿着灵魂的骨灰。\n能召唤“火焰骑士”希德的灵魂。\n\n直属梅瑟莫的火焰骑士灵魂。\n能挥舞细长大剑，执行火焰祷告。\n\n希德是贤者萨赞的朋友，\n提倡必须保管、收藏物种的其中一人。\n据说她的骨灰受人祭拜，\n被视为守护保藏库的象征。
2203006,“火焰骑士”希德＋６,1,0,[0|0|0],20203006,-1,0,0,-1,0,-1,60366,-1,20000610,0,-1,0,903,0,-1,-1,-1,1,0,50,8,2,0,0,34,13,0,0,[0|0],1,1,1,1,1,0,1,0,0,0,0,1,1,0,0,0,0,0,0,0,0,0,0,0,0,-1,-1,-1,-1,-1,-1,-1,-1,1,0,0,1,0,0,0,0,0,0,0,1,0,2,0,1,0,600,30,1,0,0,0,0,2,1,0,-1,116,-1,2203007,10106,8464,0,0,0,0,0,0,0,0,0,0,0,0,0,0,0,0,0,[0|0],710550,[0|0|0|0|0|0|0|0],寄宿着灵魂的骨灰。\n能召唤“火焰骑士”希德的灵魂。\n\n直属梅瑟莫的火焰骑士灵魂。\n能挥舞细长大剑，执行火焰祷告。\n\n希德是贤者萨赞的朋友，\n提倡必须保管、收藏物种的其中一人。\n据说她的骨灰受人祭拜，\n被视为守护保藏库的象征。
2203007,“火焰骑士”希德＋７,1,0,[0|0|0],20203007,-1,0,0,-1,0,-1,60367,-1,20000610,0,-1,0,903,0,-1,-1,-1,1,0,50,8,2,0,0,34,13,0,0,[0|0],1,1,1,1,1,0,1,0,0,0,0,1,1,0,0,0,0,0,0,0,0,0,0,0,0,-1,-1,-1,-1,-1,-1,-1,-1,1,0,0,1,0,0,0,0,0,0,0,1,0,2,0,1,0,600,30,1,0,0,0,0,2,1,0,-1,116,-1,2203008,10107,9568,0,0,0,0,0,0,0,0,0,0,0,0,0,0,0,0,0,[0|0],710550,[0|0|0|0|0|0|0|0],寄宿着灵魂的骨灰。\n能召唤“火焰骑士”希德的灵魂。\n\n直属梅瑟莫的火焰骑士灵魂。\n能挥舞细长大剑，执行火焰祷告。\n\n希德是贤者萨赞的朋友，\n提倡必须保管、收藏物种的其中一人。\n据说她的骨灰受人祭拜，\n被视为守护保藏库的象征。
2203008,“火焰骑士”希德＋８,1,0,[0|0|0],20203008,-1,0,0,-1,0,-1,60368,-1,20000610,0,-1,0,903,0,-1,-1,-1,1,0,50,8,2,0,0,34,13,0,0,[0|0],1,1,1,1,1,0,1,0,0,0,0,1,1,0,0,0,0,0,0,0,0,0,0,0,0,-1,-1,-1,-1,-1,-1,-1,-1,1,0,0,1,0,0,0,0,0,0,0,1,0,2,0,1,0,600,30,1,0,0,0,0,2,1,0,-1,116,-1,2203009,10108,10672,0,0,0,0,0,0,0,0,0,0,0,0,0,0,0,0,0,[0|0],710550,[0|0|0|0|0|0|0|0],寄宿着灵魂的骨灰。\n能召唤“火焰骑士”希德的灵魂。\n\n直属梅瑟莫的火焰骑士灵魂。\n能挥舞细长大剑，执行火焰祷告。\n\n希德是贤者萨赞的朋友，\n提倡必须保管、收藏物种的其中一人。\n据说她的骨灰受人祭拜，\n被视为守护保藏库的象征。
2203009,“火焰骑士”希德＋９,1,0,[0|0|0],20203009,-1,0,0,-1,0,-1,60369,-1,20000610,0,-1,0,903,0,-1,-1,-1,1,0,50,8,2,0,0,34,13,0,0,[0|0],1,1,1,1,1,0,1,0,0,0,0,1,1,0,0,0,0,0,0,0,0,0,0,0,0,-1,-1,-1,-1,-1,-1,-1,-1,1,0,0,1,0,0,0,0,0,0,0,1,0,2,0,1,0,600,30,1,0,0,0,0,2,1,0,-1,116,-1,2203010,10109,12880,0,0,0,0,0,0,0,0,0,0,0,0,0,0,0,0,0,[0|0],710550,[0|0|0|0|0|0|0|0],寄宿着灵魂的骨灰。\n能召唤“火焰骑士”希德的灵魂。\n\n直属梅瑟莫的火焰骑士灵魂。\n能挥舞细长大剑，执行火焰祷告。\n\n希德是贤者萨赞的朋友，\n提倡必须保管、收藏物种的其中一人。\n据说她的骨灰受人祭拜，\n被视为守护保藏库的象征。
2203010,“火焰骑士”希德＋１０,1,0,[0|0|0],20203010,-1,0,0,-1,0,-1,60370,-1,20000610,0,-1,0,903,0,-1,-1,-1,1,0,50,8,2,0,0,34,13,0,0,[0|0],1,1,1,1,1,0,1,0,0,0,0,1,1,0,0,0,0,0,0,0,0,0,0,0,0,-1,-1,-1,-1,-1,-1,-1,-1,1,0,0,1,0,0,0,0,0,0,0,1,0,2,0,1,0,600,30,1,0,0,0,0,2,1,0,-1,116,-1,-1,-1,0,0,0,0,0,0,0,0,0,0,0,0,0,0,0,0,0,0,[0|0],710550,[0|0|0|0|0|0|0|0],寄宿着灵魂的骨灰。\n能召唤“火焰骑士”希德的灵魂。\n\n直属梅瑟莫的火焰骑士灵魂。\n能挥舞细长大剑，执行火焰祷告。\n\n希德是贤者萨赞的朋友，\n提倡必须保管、收藏物种的其中一人。\n据说她的骨灰受人祭拜，\n被视为守护保藏库的象征。
2204000,蜘蛛蝎的骨灰,1,0,[0|0|0],20204000,-1,0,0,-1,0,-1,51720,-1,20000610,0,-1,0,904,0,-1,-1,-1,1,0,50,7,2,0,0,34,13,0,0,[0|0],1,1,1,1,1,0,1,0,0,0,0,1,1,0,0,0,0,0,0,0,0,0,0,0,0,-1,-1,-1,-1,-1,-1,-1,-1,1,0,0,1,0,0,0,0,0,0,0,1,0,2,0,1,0,600,10,1,0,0,0,0,1,1,0,-1,41,-1,2204001,10000,430,0,0,0,0,0,0,0,0,0,0,0,0,0,0,0,0,0,[0|0],710550,[0|0|0|0|0|0|0|0],寄宿着灵魂的骨灰。\n能召唤蜘蛛蝎的灵魂。\n\n体型大于人身的蝎子灵魂。\n会用螯与尾巴攻击，尾巴的刺带有毒性。\n召唤后会在远方现身。\n\n此为幽影之地的特有种生物，原本的体型更小。\n据说现在的大型个体，都是生自花蕾教堂。
2204001,蜘蛛蝎的骨灰＋１,1,0,[0|0|0],20204001,-1,0,0,-1,0,-1,51721,-1,20000610,0,-1,0,904,0,-1,-1,-1,1,0,50,7,2,0,0,34,13,0,0,[0|0],1,1,1,1,1,0,1,0,0,0,0,1,1,0,0,0,0,0,0,0,0,0,0,0,0,-1,-1,-1,-1,-1,-1,-1,-1,1,0,0,1,0,0,0,0,0,0,0,1,0,2,0,1,0,600,10,1,0,0,0,0,1,1,0,-1,41,-1,2204002,10001,602,0,0,0,0,0,0,0,0,0,0,0,0,0,0,0,0,0,[0|0],710550,[0|0|0|0|0|0|0|0],寄宿着灵魂的骨灰。\n能召唤蜘蛛蝎的灵魂。\n\n体型大于人身的蝎子灵魂。\n会用螯与尾巴攻击，尾巴的刺带有毒性。\n召唤后会在远方现身。\n\n此为幽影之地的特有种生物，原本的体型更小。\n据说现在的大型个体，都是生自花蕾教堂。
2204002,蜘蛛蝎的骨灰＋２,1,0,[0|0|0],20204002,-1,0,0,-1,0,-1,51722,-1,20000610,0,-1,0,904,0,-1,-1,-1,1,0,50,7,2,0,0,34,13,0,0,[0|0],1,1,1,1,1,0,1,0,0,0,0,1,1,0,0,0,0,0,0,0,0,0,0,0,0,-1,-1,-1,-1,-1,-1,-1,-1,1,0,0,1,0,0,0,0,0,0,0,1,0,2,0,1,0,600,10,1,0,0,0,0,1,1,0,-1,41,-1,2204003,10002,774,0,0,0,0,0,0,0,0,0,0,0,0,0,0,0,0,0,[0|0],710550,[0|0|0|0|0|0|0|0],寄宿着灵魂的骨灰。\n能召唤蜘蛛蝎的灵魂。\n\n体型大于人身的蝎子灵魂。\n会用螯与尾巴攻击，尾巴的刺带有毒性。\n召唤后会在远方现身。\n\n此为幽影之地的特有种生物，原本的体型更小。\n据说现在的大型个体，都是生自花蕾教堂。
2204003,蜘蛛蝎的骨灰＋３,1,0,[0|0|0],20204003,-1,0,0,-1,0,-1,51723,-1,20000610,0,-1,0,904,0,-1,-1,-1,1,0,50,7,2,0,0,34,13,0,0,[0|0],1,1,1,1,1,0,1,0,0,0,0,1,1,0,0,0,0,0,0,0,0,0,0,0,0,-1,-1,-1,-1,-1,-1,-1,-1,1,0,0,1,0,0,0,0,0,0,0,1,0,2,0,1,0,600,10,1,0,0,0,0,1,1,0,-1,41,-1,2204004,10003,946,0,0,0,0,0,0,0,0,0,0,0,0,0,0,0,0,0,[0|0],710550,[0|0|0|0|0|0|0|0],寄宿着灵魂的骨灰。\n能召唤蜘蛛蝎的灵魂。\n\n体型大于人身的蝎子灵魂。\n会用螯与尾巴攻击，尾巴的刺带有毒性。\n召唤后会在远方现身。\n\n此为幽影之地的特有种生物，原本的体型更小。\n据说现在的大型个体，都是生自花蕾教堂。
2204004,蜘蛛蝎的骨灰＋４,1,0,[0|0|0],20204004,-1,0,0,-1,0,-1,51724,-1,20000610,0,-1,0,904,0,-1,-1,-1,1,0,50,7,2,0,0,34,13,0,0,[0|0],1,1,1,1,1,0,1,0,0,0,0,1,1,0,0,0,0,0,0,0,0,0,0,0,0,-1,-1,-1,-1,-1,-1,-1,-1,1,0,0,1,0,0,0,0,0,0,0,1,0,2,0,1,0,600,10,1,0,0,0,0,1,1,0,-1,41,-1,2204005,10004,1118,0,0,0,0,0,0,0,0,0,0,0,0,0,0,0,0,0,[0|0],710550,[0|0|0|0|0|0|0|0],寄宿着灵魂的骨灰。\n能召唤蜘蛛蝎的灵魂。\n\n体型大于人身的蝎子灵魂。\n会用螯与尾巴攻击，尾巴的刺带有毒性。\n召唤后会在远方现身。\n\n此为幽影之地的特有种生物，原本的体型更小。\n据说现在的大型个体，都是生自花蕾教堂。
2204005,蜘蛛蝎的骨灰＋５,1,0,[0|0|0],20204005,-1,0,0,-1,0,-1,51725,-1,20000610,0,-1,0,904,0,-1,-1,-1,1,0,50,7,2,0,0,34,13,0,0,[0|0],1,1,1,1,1,0,1,0,0,0,0,1,1,0,0,0,0,0,0,0,0,0,0,0,0,-1,-1,-1,-1,-1,-1,-1,-1,1,0,0,1,0,0,0,0,0,0,0,1,0,2,0,1,0,600,10,1,0,0,0,0,1,1,0,-1,41,-1,2204006,10005,1290,0,0,0,0,0,0,0,0,0,0,0,0,0,0,0,0,0,[0|0],710550,[0|0|0|0|0|0|0|0],寄宿着灵魂的骨灰。\n能召唤蜘蛛蝎的灵魂。\n\n体型大于人身的蝎子灵魂。\n会用螯与尾巴攻击，尾巴的刺带有毒性。\n召唤后会在远方现身。\n\n此为幽影之地的特有种生物，原本的体型更小。\n据说现在的大型个体，都是生自花蕾教堂。
2204006,蜘蛛蝎的骨灰＋６,1,0,[0|0|0],20204006,-1,0,0,-1,0,-1,51726,-1,20000610,0,-1,0,904,0,-1,-1,-1,1,0,50,7,2,0,0,34,13,0,0,[0|0],1,1,1,1,1,0,1,0,0,0,0,1,1,0,0,0,0,0,0,0,0,0,0,0,0,-1,-1,-1,-1,-1,-1,-1,-1,1,0,0,1,0,0,0,0,0,0,0,1,0,2,0,1,0,600,10,1,0,0,0,0,1,1,0,-1,41,-1,2204007,10006,1462,0,0,0,0,0,0,0,0,0,0,0,0,0,0,0,0,0,[0|0],710550,[0|0|0|0|0|0|0|0],寄宿着灵魂的骨灰。\n能召唤蜘蛛蝎的灵魂。\n\n体型大于人身的蝎子灵魂。\n会用螯与尾巴攻击，尾巴的刺带有毒性。\n召唤后会在远方现身。\n\n此为幽影之地的特有种生物，原本的体型更小。\n据说现在的大型个体，都是生自花蕾教堂。
2204007,蜘蛛蝎的骨灰＋７,1,0,[0|0|0],20204007,-1,0,0,-1,0,-1,51727,-1,20000610,0,-1,0,904,0,-1,-1,-1,1,0,50,7,2,0,0,34,13,0,0,[0|0],1,1,1,1,1,0,1,0,0,0,0,1,1,0,0,0,0,0,0,0,0,0,0,0,0,-1,-1,-1,-1,-1,-1,-1,-1,1,0,0,1,0,0,0,0,0,0,0,1,0,2,0,1,0,600,10,1,0,0,0,0,1,1,0,-1,41,-1,2204008,10007,1634,0,0,0,0,0,0,0,0,0,0,0,0,0,0,0,0,0,[0|0],710550,[0|0|0|0|0|0|0|0],寄宿着灵魂的骨灰。\n能召唤蜘蛛蝎的灵魂。\n\n体型大于人身的蝎子灵魂。\n会用螯与尾巴攻击，尾巴的刺带有毒性。\n召唤后会在远方现身。\n\n此为幽影之地的特有种生物，原本的体型更小。\n据说现在的大型个体，都是生自花蕾教堂。
2204008,蜘蛛蝎的骨灰＋８,1,0,[0|0|0],20204008,-1,0,0,-1,0,-1,51728,-1,20000610,0,-1,0,904,0,-1,-1,-1,1,0,50,7,2,0,0,34,13,0,0,[0|0],1,1,1,1,1,0,1,0,0,0,0,1,1,0,0,0,0,0,0,0,0,0,0,0,0,-1,-1,-1,-1,-1,-1,-1,-1,1,0,0,1,0,0,0,0,0,0,0,1,0,2,0,1,0,600,10,1,0,0,0,0,1,1,0,-1,41,-1,2204009,10008,1806,0,0,0,0,0,0,0,0,0,0,0,0,0,0,0,0,0,[0|0],710550,[0|0|0|0|0|0|0|0],寄宿着灵魂的骨灰。\n能召唤蜘蛛蝎的灵魂。\n\n体型大于人身的蝎子灵魂。\n会用螯与尾巴攻击，尾巴的刺带有毒性。\n召唤后会在远方现身。\n\n此为幽影之地的特有种生物，原本的体型更小。\n据说现在的大型个体，都是生自花蕾教堂。
2204009,蜘蛛蝎的骨灰＋９,1,0,[0|0|0],20204009,-1,0,0,-1,0,-1,51729,-1,20000610,0,-1,0,904,0,-1,-1,-1,1,0,50,7,2,0,0,34,13,0,0,[0|0],1,1,1,1,1,0,1,0,0,0,0,1,1,0,0,0,0,0,0,0,0,0,0,0,0,-1,-1,-1,-1,-1,-1,-1,-1,1,0,0,1,0,0,0,0,0,0,0,1,0,2,0,1,0,600,10,1,0,0,0,0,1,1,0,-1,41,-1,2204010,10009,2150,0,0,0,0,0,0,0,0,0,0,0,0,0,0,0,0,0,[0|0],710550,[0|0|0|0|0|0|0|0],寄宿着灵魂的骨灰。\n能召唤蜘蛛蝎的灵魂。\n\n体型大于人身的蝎子灵魂。\n会用螯与尾巴攻击，尾巴的刺带有毒性。\n召唤后会在远方现身。\n\n此为幽影之地的特有种生物，原本的体型更小。\n据说现在的大型个体，都是生自花蕾教堂。
2204010,蜘蛛蝎的骨灰＋１０,1,0,[0|0|0],20204010,-1,0,0,-1,0,-1,51730,-1,20000610,0,-1,0,904,0,-1,-1,-1,1,0,50,7,2,0,0,34,13,0,0,[0|0],1,1,1,1,1,0,1,0,0,0,0,1,1,0,0,0,0,0,0,0,0,0,0,0,0,-1,-1,-1,-1,-1,-1,-1,-1,1,0,0,1,0,0,0,0,0,0,0,1,0,2,0,1,0,600,10,1,0,0,0,0,1,1,0,-1,41,-1,-1,-1,0,0,0,0,0,0,0,0,0,0,0,0,0,0,0,0,0,0,[0|0],710550,[0|0|0|0|0|0|0|0],寄宿着灵魂的骨灰。\n能召唤蜘蛛蝎的灵魂。\n\n体型大于人身的蝎子灵魂。\n会用螯与尾巴攻击，尾巴的刺带有毒性。\n召唤后会在远方现身。\n\n此为幽影之地的特有种生物，原本的体型更小。\n据说现在的大型个体，都是生自花蕾教堂。
2205000,拷问官的骨灰,1,0,[0|0|0],20205000,-1,0,0,-1,0,-1,56550,-1,20000610,0,-1,0,905,0,-1,-1,-1,1,0,50,7,2,0,0,34,13,0,0,[0|0],1,1,1,1,1,0,1,0,0,0,0,1,1,0,0,0,0,0,0,0,0,0,0,0,0,-1,-1,-1,-1,-1,-1,-1,-1,1,0,0,1,0,0,0,0,0,0,0,1,0,2,0,1,0,600,20,1,0,0,0,0,1,1,0,-1,93,-1,2205001,10000,900,0,0,0,0,0,0,0,0,0,0,0,0,0,0,0,0,0,[0|0],710550,[0|0|0|0|0|0|0|0],寄宿着灵魂的骨灰。\n能召唤２名角人拷问官的灵魂。\n\n手持倒刺烛台的拷问老妪灵魂。\n会执行塔的咒术，其中一人负责恢复血量，\n另一人会提升自己的攻击力。\n\n拷问时如果阅历过浅，常会感到迷惘。\n因此，此一职责会落在老者身上。
2205001,拷问官的骨灰＋１,1,0,[0|0|0],20205001,-1,0,0,-1,0,-1,56551,-1,20000610,0,-1,0,905,0,-1,-1,-1,1,0,50,7,2,0,0,34,13,0,0,[0|0],1,1,1,1,1,0,1,0,0,0,0,1,1,0,0,0,0,0,0,0,0,0,0,0,0,-1,-1,-1,-1,-1,-1,-1,-1,1,0,0,1,0,0,0,0,0,0,0,1,0,2,0,1,0,600,20,1,0,0,0,0,1,1,0,-1,93,-1,2205002,10001,1260,0,0,0,0,0,0,0,0,0,0,0,0,0,0,0,0,0,[0|0],710550,[0|0|0|0|0|0|0|0],寄宿着灵魂的骨灰。\n能召唤２名角人拷问官的灵魂。\n\n手持倒刺烛台的拷问老妪灵魂。\n会执行塔的咒术，其中一人负责恢复血量，\n另一人会提升自己的攻击力。\n\n拷问时如果阅历过浅，常会感到迷惘。\n因此，此一职责会落在老者身上。
2205002,拷问官的骨灰＋２,1,0,[0|0|0],20205002,-1,0,0,-1,0,-1,56552,-1,20000610,0,-1,0,905,0,-1,-1,-1,1,0,50,7,2,0,0,34,13,0,0,[0|0],1,1,1,1,1,0,1,0,0,0,0,1,1,0,0,0,0,0,0,0,0,0,0,0,0,-1,-1,-1,-1,-1,-1,-1,-1,1,0,0,1,0,0,0,0,0,0,0,1,0,2,0,1,0,600,20,1,0,0,0,0,1,1,0,-1,93,-1,2205003,10002,1620,0,0,0,0,0,0,0,0,0,0,0,0,0,0,0,0,0,[0|0],710550,[0|0|0|0|0|0|0|0],寄宿着灵魂的骨灰。\n能召唤２名角人拷问官的灵魂。\n\n手持倒刺烛台的拷问老妪灵魂。\n会执行塔的咒术，其中一人负责恢复血量，\n另一人会提升自己的攻击力。\n\n拷问时如果阅历过浅，常会感到迷惘。\n因此，此一职责会落在老者身上。
2205003,拷问官的骨灰＋３,1,0,[0|0|0],20205003,-1,0,0,-1,0,-1,56553,-1,20000610,0,-1,0,905,0,-1,-1,-1,1,0,50,7,2,0,0,34,13,0,0,[0|0],1,1,1,1,1,0,1,0,0,0,0,1,1,0,0,0,0,0,0,0,0,0,0,0,0,-1,-1,-1,-1,-1,-1,-1,-1,1,0,0,1,0,0,0,0,0,0,0,1,0,2,0,1,0,600,20,1,0,0,0,0,1,1,0,-1,93,-1,2205004,10003,1980,0,0,0,0,0,0,0,0,0,0,0,0,0,0,0,0,0,[0|0],710550,[0|0|0|0|0|0|0|0],寄宿着灵魂的骨灰。\n能召唤２名角人拷问官的灵魂。\n\n手持倒刺烛台的拷问老妪灵魂。\n会执行塔的咒术，其中一人负责恢复血量，\n另一人会提升自己的攻击力。\n\n拷问时如果阅历过浅，常会感到迷惘。\n因此，此一职责会落在老者身上。
2205004,拷问官的骨灰＋４,1,0,[0|0|0],20205004,-1,0,0,-1,0,-1,56554,-1,20000610,0,-1,0,905,0,-1,-1,-1,1,0,50,7,2,0,0,34,13,0,0,[0|0],1,1,1,1,1,0,1,0,0,0,0,1,1,0,0,0,0,0,0,0,0,0,0,0,0,-1,-1,-1,-1,-1,-1,-1,-1,1,0,0,1,0,0,0,0,0,0,0,1,0,2,0,1,0,600,20,1,0,0,0,0,1,1,0,-1,93,-1,2205005,10004,2340,0,0,0,0,0,0,0,0,0,0,0,0,0,0,0,0,0,[0|0],710550,[0|0|0|0|0|0|0|0],寄宿着灵魂的骨灰。\n能召唤２名角人拷问官的灵魂。\n\n手持倒刺烛台的拷问老妪灵魂。\n会执行塔的咒术，其中一人负责恢复血量，\n另一人会提升自己的攻击力。\n\n拷问时如果阅历过浅，常会感到迷惘。\n因此，此一职责会落在老者身上。
2205005,拷问官的骨灰＋５,1,0,[0|0|0],20205005,-1,0,0,-1,0,-1,56555,-1,20000610,0,-1,0,905,0,-1,-1,-1,1,0,50,7,2,0,0,34,13,0,0,[0|0],1,1,1,1,1,0,1,0,0,0,0,1,1,0,0,0,0,0,0,0,0,0,0,0,0,-1,-1,-1,-1,-1,-1,-1,-1,1,0,0,1,0,0,0,0,0,0,0,1,0,2,0,1,0,600,20,1,0,0,0,0,1,1,0,-1,93,-1,2205006,10005,2700,0,0,0,0,0,0,0,0,0,0,0,0,0,0,0,0,0,[0|0],710550,[0|0|0|0|0|0|0|0],寄宿着灵魂的骨灰。\n能召唤２名角人拷问官的灵魂。\n\n手持倒刺烛台的拷问老妪灵魂。\n会执行塔的咒术，其中一人负责恢复血量，\n另一人会提升自己的攻击力。\n\n拷问时如果阅历过浅，常会感到迷惘。\n因此，此一职责会落在老者身上。
2205006,拷问官的骨灰＋６,1,0,[0|0|0],20205006,-1,0,0,-1,0,-1,56556,-1,20000610,0,-1,0,905,0,-1,-1,-1,1,0,50,7,2,0,0,34,13,0,0,[0|0],1,1,1,1,1,0,1,0,0,0,0,1,1,0,0,0,0,0,0,0,0,0,0,0,0,-1,-1,-1,-1,-1,-1,-1,-1,1,0,0,1,0,0,0,0,0,0,0,1,0,2,0,1,0,600,20,1,0,0,0,0,1,1,0,-1,93,-1,2205007,10006,3060,0,0,0,0,0,0,0,0,0,0,0,0,0,0,0,0,0,[0|0],710550,[0|0|0|0|0|0|0|0],寄宿着灵魂的骨灰。\n能召唤２名角人拷问官的灵魂。\n\n手持倒刺烛台的拷问老妪灵魂。\n会执行塔的咒术，其中一人负责恢复血量，\n另一人会提升自己的攻击力。\n\n拷问时如果阅历过浅，常会感到迷惘。\n因此，此一职责会落在老者身上。
2205007,拷问官的骨灰＋７,1,0,[0|0|0],20205007,-1,0,0,-1,0,-1,56557,-1,20000610,0,-1,0,905,0,-1,-1,-1,1,0,50,7,2,0,0,34,13,0,0,[0|0],1,1,1,1,1,0,1,0,0,0,0,1,1,0,0,0,0,0,0,0,0,0,0,0,0,-1,-1,-1,-1,-1,-1,-1,-1,1,0,0,1,0,0,0,0,0,0,0,1,0,2,0,1,0,600,20,1,0,0,0,0,1,1,0,-1,93,-1,2205008,10007,3420,0,0,0,0,0,0,0,0,0,0,0,0,0,0,0,0,0,[0|0],710550,[0|0|0|0|0|0|0|0],寄宿着灵魂的骨灰。\n能召唤２名角人拷问官的灵魂。\n\n手持倒刺烛台的拷问老妪灵魂。\n会执行塔的咒术，其中一人负责恢复血量，\n另一人会提升自己的攻击力。\n\n拷问时如果阅历过浅，常会感到迷惘。\n因此，此一职责会落在老者身上。
2205008,拷问官的骨灰＋８,1,0,[0|0|0],20205008,-1,0,0,-1,0,-1,56558,-1,20000610,0,-1,0,905,0,-1,-1,-1,1,0,50,7,2,0,0,34,13,0,0,[0|0],1,1,1,1,1,0,1,0,0,0,0,1,1,0,0,0,0,0,0,0,0,0,0,0,0,-1,-1,-1,-1,-1,-1,-1,-1,1,0,0,1,0,0,0,0,0,0,0,1,0,2,0,1,0,600,20,1,0,0,0,0,1,1,0,-1,93,-1,2205009,10008,3780,0,0,0,0,0,0,0,0,0,0,0,0,0,0,0,0,0,[0|0],710550,[0|0|0|0|0|0|0|0],寄宿着灵魂的骨灰。\n能召唤２名角人拷问官的灵魂。\n\n手持倒刺烛台的拷问老妪灵魂。\n会执行塔的咒术，其中一人负责恢复血量，\n另一人会提升自己的攻击力。\n\n拷问时如果阅历过浅，常会感到迷惘。\n因此，此一职责会落在老者身上。
2205009,拷问官的骨灰＋９,1,0,[0|0|0],20205009,-1,0,0,-1,0,-1,56559,-1,20000610,0,-1,0,905,0,-1,-1,-1,1,0,50,7,2,0,0,34,13,0,0,[0|0],1,1,1,1,1,0,1,0,0,0,0,1,1,0,0,0,0,0,0,0,0,0,0,0,0,-1,-1,-1,-1,-1,-1,-1,-1,1,0,0,1,0,0,0,0,0,0,0,1,0,2,0,1,0,600,20,1,0,0,0,0,1,1,0,-1,93,-1,2205010,10009,4500,0,0,0,0,0,0,0,0,0,0,0,0,0,0,0,0,0,[0|0],710550,[0|0|0|0|0|0|0|0],寄宿着灵魂的骨灰。\n能召唤２名角人拷问官的灵魂。\n\n手持倒刺烛台的拷问老妪灵魂。\n会执行塔的咒术，其中一人负责恢复血量，\n另一人会提升自己的攻击力。\n\n拷问时如果阅历过浅，常会感到迷惘。\n因此，此一职责会落在老者身上。
2205010,拷问官的骨灰＋１０,1,0,[0|0|0],20205010,-1,0,0,-1,0,-1,56560,-1,20000610,0,-1,0,905,0,-1,-1,-1,1,0,50,7,2,0,0,34,13,0,0,[0|0],1,1,1,1,1,0,1,0,0,0,0,1,1,0,0,0,0,0,0,0,0,0,0,0,0,-1,-1,-1,-1,-1,-1,-1,-1,1,0,0,1,0,0,0,0,0,0,0,1,0,2,0,1,0,600,20,1,0,0,0,0,1,1,0,-1,93,-1,-1,-1,0,0,0,0,0,0,0,0,0,0,0,0,0,0,0,0,0,0,[0|0],710550,[0|0|0|0|0|0|0|0],寄宿着灵魂的骨灰。\n能召唤２名角人拷问官的灵魂。\n\n手持倒刺烛台的拷问老妪灵魂。\n会执行塔的咒术，其中一人负责恢复血量，\n另一人会提升自己的攻击力。\n\n拷问时如果阅历过浅，常会感到迷惘。\n因此，此一职责会落在老者身上。
2206000,“亚人剑士”约西,1,0,[0|0|0],20206000,-1,0,0,-1,0,-1,60940,-1,20000610,0,-1,0,906,0,-1,-1,-1,1,0,50,8,2,0,0,34,13,0,0,[0|0],1,1,1,1,1,0,1,0,0,0,0,1,1,0,0,0,0,0,0,0,0,0,0,0,0,-1,-1,-1,-1,-1,-1,-1,-1,1,0,0,1,0,0,0,0,0,0,0,1,0,2,0,1,0,600,30,1,0,0,0,0,2,1,0,-1,129,-1,2206001,10100,1970,0,0,0,0,0,0,0,0,0,0,0,0,0,0,0,0,0,[0|0],710550,[0|0|0|0|0|0|0|0],寄宿着灵魂的骨灰。\n能召唤“亚人剑士”约西的灵魂。\n\n翁吉为精通连星剑的剑圣──\n他发觉星星相连的尽头，有毁灭的形影。\n为了封印连星，自愿被关入牢房。\n\n约西拜翁吉为师，修习连星剑。\n他坚决不听从老师的指示，\n一生不曾离开老师的身边。
2206001,“亚人剑士”约西＋１,1,0,[0|0|0],20206001,-1,0,0,-1,0,-1,60941,-1,20000610,0,-1,0,906,0,-1,-1,-1,1,0,50,8,2,0,0,34,13,0,0,[0|0],1,1,1,1,1,0,1,0,0,0,0,1,1,0,0,0,0,0,0,0,0,0,0,0,0,-1,-1,-1,-1,-1,-1,-1,-1,1,0,0,1,0,0,0,0,0,0,0,1,0,2,0,1,0,600,30,1,0,0,0,0,2,1,0,-1,129,-1,2206002,10101,3152,0,0,0,0,0,0,0,0,0,0,0,0,0,0,0,0,0,[0|0],710550,[0|0|0|0|0|0|0|0],寄宿着灵魂的骨灰。\n能召唤“亚人剑士”约西的灵魂。\n\n翁吉为精通连星剑的剑圣──\n他发觉星星相连的尽头，有毁灭的形影。\n为了封印连星，自愿被关入牢房。\n\n约西拜翁吉为师，修习连星剑。\n他坚决不听从老师的指示，\n一生不曾离开老师的身边。
2206002,“亚人剑士”约西＋２,1,0,[0|0|0],20206002,-1,0,0,-1,0,-1,60942,-1,20000610,0,-1,0,906,0,-1,-1,-1,1,0,50,8,2,0,0,34,13,0,0,[0|0],1,1,1,1,1,0,1,0,0,0,0,1,1,0,0,0,0,0,0,0,0,0,0,0,0,-1,-1,-1,-1,-1,-1,-1,-1,1,0,0,1,0,0,0,0,0,0,0,1,0,2,0,1,0,600,30,1,0,0,0,0,2,1,0,-1,129,-1,2206003,10102,4334,0,0,0,0,0,0,0,0,0,0,0,0,0,0,0,0,0,[0|0],710550,[0|0|0|0|0|0|0|0],寄宿着灵魂的骨灰。\n能召唤“亚人剑士”约西的灵魂。\n\n翁吉为精通连星剑的剑圣──\n他发觉星星相连的尽头，有毁灭的形影。\n为了封印连星，自愿被关入牢房。\n\n约西拜翁吉为师，修习连星剑。\n他坚决不听从老师的指示，\n一生不曾离开老师的身边。
2206003,“亚人剑士”约西＋３,1,0,[0|0|0],20206003,-1,0,0,-1,0,-1,60943,-1,20000610,0,-1,0,906,0,-1,-1,-1,1,0,50,8,2,0,0,34,13,0,0,[0|0],1,1,1,1,1,0,1,0,0,0,0,1,1,0,0,0,0,0,0,0,0,0,0,0,0,-1,-1,-1,-1,-1,-1,-1,-1,1,0,0,1,0,0,0,0,0,0,0,1,0,2,0,1,0,600,30,1,0,0,0,0,2,1,0,-1,129,-1,2206004,10103,5516,0,0,0,0,0,0,0,0,0,0,0,0,0,0,0,0,0,[0|0],710550,[0|0|0|0|0|0|0|0],寄宿着灵魂的骨灰。\n能召唤“亚人剑士”约西的灵魂。\n\n翁吉为精通连星剑的剑圣──\n他发觉星星相连的尽头，有毁灭的形影。\n为了封印连星，自愿被关入牢房。\n\n约西拜翁吉为师，修习连星剑。\n他坚决不听从老师的指示，\n一生不曾离开老师的身边。
2206004,“亚人剑士”约西＋４,1,0,[0|0|0],20206004,-1,0,0,-1,0,-1,60944,-1,20000610,0,-1,0,906,0,-1,-1,-1,1,0,50,8,2,0,0,34,13,0,0,[0|0],1,1,1,1,1,0,1,0,0,0,0,1,1,0,0,0,0,0,0,0,0,0,0,0,0,-1,-1,-1,-1,-1,-1,-1,-1,1,0,0,1,0,0,0,0,0,0,0,1,0,2,0,1,0,600,30,1,0,0,0,0,2,1,0,-1,129,-1,2206005,10104,6698,0,0,0,0,0,0,0,0,0,0,0,0,0,0,0,0,0,[0|0],710550,[0|0|0|0|0|0|0|0],寄宿着灵魂的骨灰。\n能召唤“亚人剑士”约西的灵魂。\n\n翁吉为精通连星剑的剑圣──\n他发觉星星相连的尽头，有毁灭的形影。\n为了封印连星，自愿被关入牢房。\n\n约西拜翁吉为师，修习连星剑。\n他坚决不听从老师的指示，\n一生不曾离开老师的身边。
2206005,“亚人剑士”约西＋５,1,0,[0|0|0],20206005,-1,0,0,-1,0,-1,60945,-1,20000610,0,-1,0,906,0,-1,-1,-1,1,0,50,8,2,0,0,34,13,0,0,[0|0],1,1,1,1,1,0,1,0,0,0,0,1,1,0,0,0,0,0,0,0,0,0,0,0,0,-1,-1,-1,-1,-1,-1,-1,-1,1,0,0,1,0,0,0,0,0,0,0,1,0,2,0,1,0,600,30,1,0,0,0,0,2,1,0,-1,129,-1,2206006,10105,7880,0,0,0,0,0,0,0,0,0,0,0,0,0,0,0,0,0,[0|0],710550,[0|0|0|0|0|0|0|0],寄宿着灵魂的骨灰。\n能召唤“亚人剑士”约西的灵魂。\n\n翁吉为精通连星剑的剑圣──\n他发觉星星相连的尽头，有毁灭的形影。\n为了封印连星，自愿被关入牢房。\n\n约西拜翁吉为师，修习连星剑。\n他坚决不听从老师的指示，\n一生不曾离开老师的身边。
2206006,“亚人剑士”约西＋６,1,0,[0|0|0],20206006,-1,0,0,-1,0,-1,60946,-1,20000610,0,-1,0,906,0,-1,-1,-1,1,0,50,8,2,0,0,34,13,0,0,[0|0],1,1,1,1,1,0,1,0,0,0,0,1,1,0,0,0,0,0,0,0,0,0,0,0,0,-1,-1,-1,-1,-1,-1,-1,-1,1,0,0,1,0,0,0,0,0,0,0,1,0,2,0,1,0,600,30,1,0,0,0,0,2,1,0,-1,129,-1,2206007,10106,9062,0,0,0,0,0,0,0,0,0,0,0,0,0,0,0,0,0,[0|0],710550,[0|0|0|0|0|0|0|0],寄宿着灵魂的骨灰。\n能召唤“亚人剑士”约西的灵魂。\n\n翁吉为精通连星剑的剑圣──\n他发觉星星相连的尽头，有毁灭的形影。\n为了封印连星，自愿被关入牢房。\n\n约西拜翁吉为师，修习连星剑。\n他坚决不听从老师的指示，\n一生不曾离开老师的身边。
2206007,“亚人剑士”约西＋７,1,0,[0|0|0],20206007,-1,0,0,-1,0,-1,60947,-1,20000610,0,-1,0,906,0,-1,-1,-1,1,0,50,8,2,0,0,34,13,0,0,[0|0],1,1,1,1,1,0,1,0,0,0,0,1,1,0,0,0,0,0,0,0,0,0,0,0,0,-1,-1,-1,-1,-1,-1,-1,-1,1,0,0,1,0,0,0,0,0,0,0,1,0,2,0,1,0,600,30,1,0,0,0,0,2,1,0,-1,129,-1,2206008,10107,10244,0,0,0,0,0,0,0,0,0,0,0,0,0,0,0,0,0,[0|0],710550,[0|0|0|0|0|0|0|0],寄宿着灵魂的骨灰。\n能召唤“亚人剑士”约西的灵魂。\n\n翁吉为精通连星剑的剑圣──\n他发觉星星相连的尽头，有毁灭的形影。\n为了封印连星，自愿被关入牢房。\n\n约西拜翁吉为师，修习连星剑。\n他坚决不听从老师的指示，\n一生不曾离开老师的身边。
2206008,“亚人剑士”约西＋８,1,0,[0|0|0],20206008,-1,0,0,-1,0,-1,60948,-1,20000610,0,-1,0,906,0,-1,-1,-1,1,0,50,8,2,0,0,34,13,0,0,[0|0],1,1,1,1,1,0,1,0,0,0,0,1,1,0,0,0,0,0,0,0,0,0,0,0,0,-1,-1,-1,-1,-1,-1,-1,-1,1,0,0,1,0,0,0,0,0,0,0,1,0,2,0,1,0,600,30,1,0,0,0,0,2,1,0,-1,129,-1,2206009,10108,11426,0,0,0,0,0,0,0,0,0,0,0,0,0,0,0,0,0,[0|0],710550,[0|0|0|0|0|0|0|0],寄宿着灵魂的骨灰。\n能召唤“亚人剑士”约西的灵魂。\n\n翁吉为精通连星剑的剑圣──\n他发觉星星相连的尽头，有毁灭的形影。\n为了封印连星，自愿被关入牢房。\n\n约西拜翁吉为师，修习连星剑。\n他坚决不听从老师的指示，\n一生不曾离开老师的身边。
2206009,“亚人剑士”约西＋９,1,0,[0|0|0],20206009,-1,0,0,-1,0,-1,60949,-1,20000610,0,-1,0,906,0,-1,-1,-1,1,0,50,8,2,0,0,34,13,0,0,[0|0],1,1,1,1,1,0,1,0,0,0,0,1,1,0,0,0,0,0,0,0,0,0,0,0,0,-1,-1,-1,-1,-1,-1,-1,-1,1,0,0,1,0,0,0,0,0,0,0,1,0,2,0,1,0,600,30,1,0,0,0,0,2,1,0,-1,129,-1,2206010,10109,13790,0,0,0,0,0,0,0,0,0,0,0,0,0,0,0,0,0,[0|0],710550,[0|0|0|0|0|0|0|0],寄宿着灵魂的骨灰。\n能召唤“亚人剑士”约西的灵魂。\n\n翁吉为精通连星剑的剑圣──\n他发觉星星相连的尽头，有毁灭的形影。\n为了封印连星，自愿被关入牢房。\n\n约西拜翁吉为师，修习连星剑。\n他坚决不听从老师的指示，\n一生不曾离开老师的身边。
2206010,“亚人剑士”约西＋１０,1,0,[0|0|0],20206010,-1,0,0,-1,0,-1,60950,-1,20000610,0,-1,0,906,0,-1,-1,-1,1,0,50,8,2,0,0,34,13,0,0,[0|0],1,1,1,1,1,0,1,0,0,0,0,1,1,0,0,0,0,0,0,0,0,0,0,0,0,-1,-1,-1,-1,-1,-1,-1,-1,1,0,0,1,0,0,0,0,0,0,0,1,0,2,0,1,0,600,30,1,0,0,0,0,2,1,0,-1,129,-1,-1,-1,0,0,0,0,0,0,0,0,0,0,0,0,0,0,0,0,0,0,[0|0],710550,[0|0|0|0|0|0|0|0],寄宿着灵魂的骨灰。\n能召唤“亚人剑士”约西的灵魂。\n\n翁吉为精通连星剑的剑圣──\n他发觉星星相连的尽头，有毁灭的形影。\n为了封印连星，自愿被关入牢房。\n\n约西拜翁吉为师，修习连星剑。\n他坚决不听从老师的指示，\n一生不曾离开老师的身边。
2207000,梅瑟莫士兵的骨灰,1,0,[0|0|0],20207000,-1,0,0,-1,0,-1,57150,-1,20000610,0,-1,0,907,0,-1,-1,-1,1,0,50,7,2,0,0,34,13,0,0,[0|0],1,1,1,1,1,0,1,0,0,0,0,1,1,0,0,0,0,0,0,0,0,0,0,0,0,-1,-1,-1,-1,-1,-1,-1,-1,1,0,0,1,0,0,0,0,0,0,0,1,0,2,0,1,0,600,20,1,0,0,0,0,1,1,0,-1,72,-1,2207001,10000,750,0,0,0,0,0,0,0,0,0,0,0,0,0,0,0,0,0,[0|0],710550,[0|0|0|0|0|0|0|0],寄宿着灵魂的骨灰。\n能召唤２名梅瑟莫士兵的灵魂。\n\n由持斧、持矛士兵搭配的组合，\n两者都很擅长蓄力攻击。\n\n他们是不光荣的惩罚队成员，\n因此被默默埋葬在看不见幽影树的地方。
2207001,梅瑟莫士兵的骨灰＋１,1,0,[0|0|0],20207001,-1,0,0,-1,0,-1,57151,-1,20000610,0,-1,0,907,0,-1,-1,-1,1,0,50,7,2,0,0,34,13,0,0,[0|0],1,1,1,1,1,0,1,0,0,0,0,1,1,0,0,0,0,0,0,0,0,0,0,0,0,-1,-1,-1,-1,-1,-1,-1,-1,1,0,0,1,0,0,0,0,0,0,0,1,0,2,0,1,0,600,20,1,0,0,0,0,1,1,0,-1,72,-1,2207002,10001,1050,0,0,0,0,0,0,0,0,0,0,0,0,0,0,0,0,0,[0|0],710550,[0|0|0|0|0|0|0|0],寄宿着灵魂的骨灰。\n能召唤２名梅瑟莫士兵的灵魂。\n\n由持斧、持矛士兵搭配的组合，\n两者都很擅长蓄力攻击。\n\n他们是不光荣的惩罚队成员，\n因此被默默埋葬在看不见幽影树的地方。
2207002,梅瑟莫士兵的骨灰＋２,1,0,[0|0|0],20207002,-1,0,0,-1,0,-1,57152,-1,20000610,0,-1,0,907,0,-1,-1,-1,1,0,50,7,2,0,0,34,13,0,0,[0|0],1,1,1,1,1,0,1,0,0,0,0,1,1,0,0,0,0,0,0,0,0,0,0,0,0,-1,-1,-1,-1,-1,-1,-1,-1,1,0,0,1,0,0,0,0,0,0,0,1,0,2,0,1,0,600,20,1,0,0,0,0,1,1,0,-1,72,-1,2207003,10002,1350,0,0,0,0,0,0,0,0,0,0,0,0,0,0,0,0,0,[0|0],710550,[0|0|0|0|0|0|0|0],寄宿着灵魂的骨灰。\n能召唤２名梅瑟莫士兵的灵魂。\n\n由持斧、持矛士兵搭配的组合，\n两者都很擅长蓄力攻击。\n\n他们是不光荣的惩罚队成员，\n因此被默默埋葬在看不见幽影树的地方。
2207003,梅瑟莫士兵的骨灰＋３,1,0,[0|0|0],20207003,-1,0,0,-1,0,-1,57153,-1,20000610,0,-1,0,907,0,-1,-1,-1,1,0,50,7,2,0,0,34,13,0,0,[0|0],1,1,1,1,1,0,1,0,0,0,0,1,1,0,0,0,0,0,0,0,0,0,0,0,0,-1,-1,-1,-1,-1,-1,-1,-1,1,0,0,1,0,0,0,0,0,0,0,1,0,2,0,1,0,600,20,1,0,0,0,0,1,1,0,-1,72,-1,2207004,10003,1650,0,0,0,0,0,0,0,0,0,0,0,0,0,0,0,0,0,[0|0],710550,[0|0|0|0|0|0|0|0],寄宿着灵魂的骨灰。\n能召唤２名梅瑟莫士兵的灵魂。\n\n由持斧、持矛士兵搭配的组合，\n两者都很擅长蓄力攻击。\n\n他们是不光荣的惩罚队成员，\n因此被默默埋葬在看不见幽影树的地方。
2207004,梅瑟莫士兵的骨灰＋４,1,0,[0|0|0],20207004,-1,0,0,-1,0,-1,57154,-1,20000610,0,-1,0,907,0,-1,-1,-1,1,0,50,7,2,0,0,34,13,0,0,[0|0],1,1,1,1,1,0,1,0,0,0,0,1,1,0,0,0,0,0,0,0,0,0,0,0,0,-1,-1,-1,-1,-1,-1,-1,-1,1,0,0,1,0,0,0,0,0,0,0,1,0,2,0,1,0,600,20,1,0,0,0,0,1,1,0,-1,72,-1,2207005,10004,1950,0,0,0,0,0,0,0,0,0,0,0,0,0,0,0,0,0,[0|0],710550,[0|0|0|0|0|0|0|0],寄宿着灵魂的骨灰。\n能召唤２名梅瑟莫士兵的灵魂。\n\n由持斧、持矛士兵搭配的组合，\n两者都很擅长蓄力攻击。\n\n他们是不光荣的惩罚队成员，\n因此被默默埋葬在看不见幽影树的地方。
2207005,梅瑟莫士兵的骨灰＋５,1,0,[0|0|0],20207005,-1,0,0,-1,0,-1,57155,-1,20000610,0,-1,0,907,0,-1,-1,-1,1,0,50,7,2,0,0,34,13,0,0,[0|0],1,1,1,1,1,0,1,0,0,0,0,1,1,0,0,0,0,0,0,0,0,0,0,0,0,-1,-1,-1,-1,-1,-1,-1,-1,1,0,0,1,0,0,0,0,0,0,0,1,0,2,0,1,0,600,20,1,0,0,0,0,1,1,0,-1,72,-1,2207006,10005,2250,0,0,0,0,0,0,0,0,0,0,0,0,0,0,0,0,0,[0|0],710550,[0|0|0|0|0|0|0|0],寄宿着灵魂的骨灰。\n能召唤２名梅瑟莫士兵的灵魂。\n\n由持斧、持矛士兵搭配的组合，\n两者都很擅长蓄力攻击。\n\n他们是不光荣的惩罚队成员，\n因此被默默埋葬在看不见幽影树的地方。
2207006,梅瑟莫士兵的骨灰＋６,1,0,[0|0|0],20207006,-1,0,0,-1,0,-1,57156,-1,20000610,0,-1,0,907,0,-1,-1,-1,1,0,50,7,2,0,0,34,13,0,0,[0|0],1,1,1,1,1,0,1,0,0,0,0,1,1,0,0,0,0,0,0,0,0,0,0,0,0,-1,-1,-1,-1,-1,-1,-1,-1,1,0,0,1,0,0,0,0,0,0,0,1,0,2,0,1,0,600,20,1,0,0,0,0,1,1,0,-1,72,-1,2207007,10006,2550,0,0,0,0,0,0,0,0,0,0,0,0,0,0,0,0,0,[0|0],710550,[0|0|0|0|0|0|0|0],寄宿着灵魂的骨灰。\n能召唤２名梅瑟莫士兵的灵魂。\n\n由持斧、持矛士兵搭配的组合，\n两者都很擅长蓄力攻击。\n\n他们是不光荣的惩罚队成员，\n因此被默默埋葬在看不见幽影树的地方。
2207007,梅瑟莫士兵的骨灰＋７,1,0,[0|0|0],20207007,-1,0,0,-1,0,-1,57157,-1,20000610,0,-1,0,907,0,-1,-1,-1,1,0,50,7,2,0,0,34,13,0,0,[0|0],1,1,1,1,1,0,1,0,0,0,0,1,1,0,0,0,0,0,0,0,0,0,0,0,0,-1,-1,-1,-1,-1,-1,-1,-1,1,0,0,1,0,0,0,0,0,0,0,1,0,2,0,1,0,600,20,1,0,0,0,0,1,1,0,-1,72,-1,2207008,10007,2850,0,0,0,0,0,0,0,0,0,0,0,0,0,0,0,0,0,[0|0],710550,[0|0|0|0|0|0|0|0],寄宿着灵魂的骨灰。\n能召唤２名梅瑟莫士兵的灵魂。\n\n由持斧、持矛士兵搭配的组合，\n两者都很擅长蓄力攻击。\n\n他们是不光荣的惩罚队成员，\n因此被默默埋葬在看不见幽影树的地方。
2207008,梅瑟莫士兵的骨灰＋８,1,0,[0|0|0],20207008,-1,0,0,-1,0,-1,57158,-1,20000610,0,-1,0,907,0,-1,-1,-1,1,0,50,7,2,0,0,34,13,0,0,[0|0],1,1,1,1,1,0,1,0,0,0,0,1,1,0,0,0,0,0,0,0,0,0,0,0,0,-1,-1,-1,-1,-1,-1,-1,-1,1,0,0,1,0,0,0,0,0,0,0,1,0,2,0,1,0,600,20,1,0,0,0,0,1,1,0,-1,72,-1,2207009,10008,3150,0,0,0,0,0,0,0,0,0,0,0,0,0,0,0,0,0,[0|0],710550,[0|0|0|0|0|0|0|0],寄宿着灵魂的骨灰。\n能召唤２名梅瑟莫士兵的灵魂。\n\n由持斧、持矛士兵搭配的组合，\n两者都很擅长蓄力攻击。\n\n他们是不光荣的惩罚队成员，\n因此被默默埋葬在看不见幽影树的地方。
2207009,梅瑟莫士兵的骨灰＋９,1,0,[0|0|0],20207009,-1,0,0,-1,0,-1,57159,-1,20000610,0,-1,0,907,0,-1,-1,-1,1,0,50,7,2,0,0,34,13,0,0,[0|0],1,1,1,1,1,0,1,0,0,0,0,1,1,0,0,0,0,0,0,0,0,0,0,0,0,-1,-1,-1,-1,-1,-1,-1,-1,1,0,0,1,0,0,0,0,0,0,0,1,0,2,0,1,0,600,20,1,0,0,0,0,1,1,0,-1,72,-1,2207010,10009,3750,0,0,0,0,0,0,0,0,0,0,0,0,0,0,0,0,0,[0|0],710550,[0|0|0|0|0|0|0|0],寄宿着灵魂的骨灰。\n能召唤２名梅瑟莫士兵的灵魂。\n\n由持斧、持矛士兵搭配的组合，\n两者都很擅长蓄力攻击。\n\n他们是不光荣的惩罚队成员，\n因此被默默埋葬在看不见幽影树的地方。
2207010,梅瑟莫士兵的骨灰＋１０,1,0,[0|0|0],20207010,-1,0,0,-1,0,-1,57160,-1,20000610,0,-1,0,907,0,-1,-1,-1,1,0,50,7,2,0,0,34,13,0,0,[0|0],1,1,1,1,1,0,1,0,0,0,0,1,1,0,0,0,0,0,0,0,0,0,0,0,0,-1,-1,-1,-1,-1,-1,-1,-1,1,0,0,1,0,0,0,0,0,0,0,1,0,2,0,1,0,600,20,1,0,0,0,0,1,1,0,-1,72,-1,-1,-1,0,0,0,0,0,0,0,0,0,0,0,0,0,0,0,0,0,0,[0|0],710550,[0|0|0|0|0|0|0|0],寄宿着灵魂的骨灰。\n能召唤２名梅瑟莫士兵的灵魂。\n\n由持斧、持矛士兵搭配的组合，\n两者都很擅长蓄力攻击。\n\n他们是不光荣的惩罚队成员，\n因此被默默埋葬在看不见幽影树的地方。
2208000,“黑骑士团长”安卓斯,1,0,[0|0|0],20208000,-1,0,0,-1,0,-1,60340,-1,20000610,0,-1,0,908,0,-1,-1,-1,1,0,50,8,2,0,0,34,13,0,0,[0|0],1,1,1,1,1,0,1,0,0,0,0,1,1,0,0,0,0,0,0,0,0,0,0,0,0,-1,-1,-1,-1,-1,-1,-1,-1,1,0,0,1,0,0,0,0,0,0,0,1,0,2,0,1,0,600,30,1,0,0,0,0,2,1,0,-1,111,-1,2208001,10100,1790,0,0,0,0,0,0,0,0,0,0,0,0,0,0,0,0,0,[0|0],710550,[0|0|0|0|0|0|0|0],寄宿着灵魂的骨灰。\n能召唤“黑骑士团长”安卓斯的灵魂。\n\n黑骑士团为梅瑟莫军的主要战力。\n其中身为初代团长的灵魂，\n既孔武有力，也能执行熔炉的力量。\n\n即使受黄金树放逐，安卓斯依旧虔诚。\n据说在得知梅瑟莫的为蛇性质后，便举兵叛变。\n最后吞下败仗，被幽禁在地下墓地。
2208001,“黑骑士团长”安卓斯＋１,1,0,[0|0|0],20208001,-1,0,0,-1,0,-1,60341,-1,20000610,0,-1,0,908,0,-1,-1,-1,1,0,50,8,2,0,0,34,13,0,0,[0|0],1,1,1,1,1,0,1,0,0,0,0,1,1,0,0,0,0,0,0,0,0,0,0,0,0,-1,-1,-1,-1,-1,-1,-1,-1,1,0,0,1,0,0,0,0,0,0,0,1,0,2,0,1,0,600,30,1,0,0,0,0,2,1,0,-1,111,-1,2208002,10101,2864,0,0,0,0,0,0,0,0,0,0,0,0,0,0,0,0,0,[0|0],710550,[0|0|0|0|0|0|0|0],寄宿着灵魂的骨灰。\n能召唤“黑骑士团长”安卓斯的灵魂。\n\n黑骑士团为梅瑟莫军的主要战力。\n其中身为初代团长的灵魂，\n既孔武有力，也能执行熔炉的力量。\n\n即使受黄金树放逐，安卓斯依旧虔诚。\n据说在得知梅瑟莫的为蛇性质后，便举兵叛变。\n最后吞下败仗，被幽禁在地下墓地。
2208002,“黑骑士团长”安卓斯＋２,1,0,[0|0|0],20208002,-1,0,0,-1,0,-1,60342,-1,20000610,0,-1,0,908,0,-1,-1,-1,1,0,50,8,2,0,0,34,13,0,0,[0|0],1,1,1,1,1,0,1,0,0,0,0,1,1,0,0,0,0,0,0,0,0,0,0,0,0,-1,-1,-1,-1,-1,-1,-1,-1,1,0,0,1,0,0,0,0,0,0,0,1,0,2,0,1,0,600,30,1,0,0,0,0,2,1,0,-1,111,-1,2208003,10102,3938,0,0,0,0,0,0,0,0,0,0,0,0,0,0,0,0,0,[0|0],710550,[0|0|0|0|0|0|0|0],寄宿着灵魂的骨灰。\n能召唤“黑骑士团长”安卓斯的灵魂。\n\n黑骑士团为梅瑟莫军的主要战力。\n其中身为初代团长的灵魂，\n既孔武有力，也能执行熔炉的力量。\n\n即使受黄金树放逐，安卓斯依旧虔诚。\n据说在得知梅瑟莫的为蛇性质后，便举兵叛变。\n最后吞下败仗，被幽禁在地下墓地。
2208003,“黑骑士团长”安卓斯＋３,1,0,[0|0|0],20208003,-1,0,0,-1,0,-1,60343,-1,20000610,0,-1,0,908,0,-1,-1,-1,1,0,50,8,2,0,0,34,13,0,0,[0|0],1,1,1,1,1,0,1,0,0,0,0,1,1,0,0,0,0,0,0,0,0,0,0,0,0,-1,-1,-1,-1,-1,-1,-1,-1,1,0,0,1,0,0,0,0,0,0,0,1,0,2,0,1,0,600,30,1,0,0,0,0,2,1,0,-1,111,-1,2208004,10103,5012,0,0,0,0,0,0,0,0,0,0,0,0,0,0,0,0,0,[0|0],710550,[0|0|0|0|0|0|0|0],寄宿着灵魂的骨灰。\n能召唤“黑骑士团长”安卓斯的灵魂。\n\n黑骑士团为梅瑟莫军的主要战力。\n其中身为初代团长的灵魂，\n既孔武有力，也能执行熔炉的力量。\n\n即使受黄金树放逐，安卓斯依旧虔诚。\n据说在得知梅瑟莫的为蛇性质后，便举兵叛变。\n最后吞下败仗，被幽禁在地下墓地。
2208004,“黑骑士团长”安卓斯＋４,1,0,[0|0|0],20208004,-1,0,0,-1,0,-1,60344,-1,20000610,0,-1,0,908,0,-1,-1,-1,1,0,50,8,2,0,0,34,13,0,0,[0|0],1,1,1,1,1,0,1,0,0,0,0,1,1,0,0,0,0,0,0,0,0,0,0,0,0,-1,-1,-1,-1,-1,-1,-1,-1,1,0,0,1,0,0,0,0,0,0,0,1,0,2,0,1,0,600,30,1,0,0,0,0,2,1,0,-1,111,-1,2208005,10104,6086,0,0,0,0,0,0,0,0,0,0,0,0,0,0,0,0,0,[0|0],710550,[0|0|0|0|0|0|0|0],寄宿着灵魂的骨灰。\n能召唤“黑骑士团长”安卓斯的灵魂。\n\n黑骑士团为梅瑟莫军的主要战力。\n其中身为初代团长的灵魂，\n既孔武有力，也能执行熔炉的力量。\n\n即使受黄金树放逐，安卓斯依旧虔诚。\n据说在得知梅瑟莫的为蛇性质后，便举兵叛变。\n最后吞下败仗，被幽禁在地下墓地。
2208005,“黑骑士团长”安卓斯＋５,1,0,[0|0|0],20208005,-1,0,0,-1,0,-1,60345,-1,20000610,0,-1,0,908,0,-1,-1,-1,1,0,50,8,2,0,0,34,13,0,0,[0|0],1,1,1,1,1,0,1,0,0,0,0,1,1,0,0,0,0,0,0,0,0,0,0,0,0,-1,-1,-1,-1,-1,-1,-1,-1,1,0,0,1,0,0,0,0,0,0,0,1,0,2,0,1,0,600,30,1,0,0,0,0,2,1,0,-1,111,-1,2208006,10105,7160,0,0,0,0,0,0,0,0,0,0,0,0,0,0,0,0,0,[0|0],710550,[0|0|0|0|0|0|0|0],寄宿着灵魂的骨灰。\n能召唤“黑骑士团长”安卓斯的灵魂。\n\n黑骑士团为梅瑟莫军的主要战力。\n其中身为初代团长的灵魂，\n既孔武有力，也能执行熔炉的力量。\n\n即使受黄金树放逐，安卓斯依旧虔诚。\n据说在得知梅瑟莫的为蛇性质后，便举兵叛变。\n最后吞下败仗，被幽禁在地下墓地。
2208006,“黑骑士团长”安卓斯＋６,1,0,[0|0|0],20208006,-1,0,0,-1,0,-1,60346,-1,20000610,0,-1,0,908,0,-1,-1,-1,1,0,50,8,2,0,0,34,13,0,0,[0|0],1,1,1,1,1,0,1,0,0,0,0,1,1,0,0,0,0,0,0,0,0,0,0,0,0,-1,-1,-1,-1,-1,-1,-1,-1,1,0,0,1,0,0,0,0,0,0,0,1,0,2,0,1,0,600,30,1,0,0,0,0,2,1,0,-1,111,-1,2208007,10106,8234,0,0,0,0,0,0,0,0,0,0,0,0,0,0,0,0,0,[0|0],710550,[0|0|0|0|0|0|0|0],寄宿着灵魂的骨灰。\n能召唤“黑骑士团长”安卓斯的灵魂。\n\n黑骑士团为梅瑟莫军的主要战力。\n其中身为初代团长的灵魂，\n既孔武有力，也能执行熔炉的力量。\n\n即使受黄金树放逐，安卓斯依旧虔诚。\n据说在得知梅瑟莫的为蛇性质后，便举兵叛变。\n最后吞下败仗，被幽禁在地下墓地。
2208007,“黑骑士团长”安卓斯＋７,1,0,[0|0|0],20208007,-1,0,0,-1,0,-1,60347,-1,20000610,0,-1,0,908,0,-1,-1,-1,1,0,50,8,2,0,0,34,13,0,0,[0|0],1,1,1,1,1,0,1,0,0,0,0,1,1,0,0,0,0,0,0,0,0,0,0,0,0,-1,-1,-1,-1,-1,-1,-1,-1,1,0,0,1,0,0,0,0,0,0,0,1,0,2,0,1,0,600,30,1,0,0,0,0,2,1,0,-1,111,-1,2208008,10107,9308,0,0,0,0,0,0,0,0,0,0,0,0,0,0,0,0,0,[0|0],710550,[0|0|0|0|0|0|0|0],寄宿着灵魂的骨灰。\n能召唤“黑骑士团长”安卓斯的灵魂。\n\n黑骑士团为梅瑟莫军的主要战力。\n其中身为初代团长的灵魂，\n既孔武有力，也能执行熔炉的力量。\n\n即使受黄金树放逐，安卓斯依旧虔诚。\n据说在得知梅瑟莫的为蛇性质后，便举兵叛变。\n最后吞下败仗，被幽禁在地下墓地。
2208008,“黑骑士团长”安卓斯＋８,1,0,[0|0|0],20208008,-1,0,0,-1,0,-1,60348,-1,20000610,0,-1,0,908,0,-1,-1,-1,1,0,50,8,2,0,0,34,13,0,0,[0|0],1,1,1,1,1,0,1,0,0,0,0,1,1,0,0,0,0,0,0,0,0,0,0,0,0,-1,-1,-1,-1,-1,-1,-1,-1,1,0,0,1,0,0,0,0,0,0,0,1,0,2,0,1,0,600,30,1,0,0,0,0,2,1,0,-1,111,-1,2208009,10108,10382,0,0,0,0,0,0,0,0,0,0,0,0,0,0,0,0,0,[0|0],710550,[0|0|0|0|0|0|0|0],寄宿着灵魂的骨灰。\n能召唤“黑骑士团长”安卓斯的灵魂。\n\n黑骑士团为梅瑟莫军的主要战力。\n其中身为初代团长的灵魂，\n既孔武有力，也能执行熔炉的力量。\n\n即使受黄金树放逐，安卓斯依旧虔诚。\n据说在得知梅瑟莫的为蛇性质后，便举兵叛变。\n最后吞下败仗，被幽禁在地下墓地。
2208009,“黑骑士团长”安卓斯＋９,1,0,[0|0|0],20208009,-1,0,0,-1,0,-1,60349,-1,20000610,0,-1,0,908,0,-1,-1,-1,1,0,50,8,2,0,0,34,13,0,0,[0|0],1,1,1,1,1,0,1,0,0,0,0,1,1,0,0,0,0,0,0,0,0,0,0,0,0,-1,-1,-1,-1,-1,-1,-1,-1,1,0,0,1,0,0,0,0,0,0,0,1,0,2,0,1,0,600,30,1,0,0,0,0,2,1,0,-1,111,-1,2208010,10109,12530,0,0,0,0,0,0,0,0,0,0,0,0,0,0,0,0,0,[0|0],710550,[0|0|0|0|0|0|0|0],寄宿着灵魂的骨灰。\n能召唤“黑骑士团长”安卓斯的灵魂。\n\n黑骑士团为梅瑟莫军的主要战力。\n其中身为初代团长的灵魂，\n既孔武有力，也能执行熔炉的力量。\n\n即使受黄金树放逐，安卓斯依旧虔诚。\n据说在得知梅瑟莫的为蛇性质后，便举兵叛变。\n最后吞下败仗，被幽禁在地下墓地。
2208010,“黑骑士团长”安卓斯＋１０,1,0,[0|0|0],20208010,-1,0,0,-1,0,-1,60350,-1,20000610,0,-1,0,908,0,-1,-1,-1,1,0,50,8,2,0,0,34,13,0,0,[0|0],1,1,1,1,1,0,1,0,0,0,0,1,1,0,0,0,0,0,0,0,0,0,0,0,0,-1,-1,-1,-1,-1,-1,-1,-1,1,0,0,1,0,0,0,0,0,0,0,1,0,2,0,1,0,600,30,1,0,0,0,0,2,1,0,-1,111,-1,-1,-1,0,0,0,0,0,0,0,0,0,0,0,0,0,0,0,0,0,0,[0|0],710550,[0|0|0|0|0|0|0|0],寄宿着灵魂的骨灰。\n能召唤“黑骑士团长”安卓斯的灵魂。\n\n黑骑士团为梅瑟莫军的主要战力。\n其中身为初代团长的灵魂，\n既孔武有力，也能执行熔炉的力量。\n\n即使受黄金树放逐，安卓斯依旧虔诚。\n据说在得知梅瑟莫的为蛇性质后，便举兵叛变。\n最后吞下败仗，被幽禁在地下墓地。
2209000,“黑骑士副团长”修,1,0,[0|0|0],20209000,-1,0,0,-1,0,-1,60320,-1,20000610,0,-1,0,909,0,-1,-1,-1,1,0,50,8,2,0,0,34,13,0,0,[0|0],1,1,1,1,1,0,1,0,0,0,0,1,1,0,0,0,0,0,0,0,0,0,0,0,0,-1,-1,-1,-1,-1,-1,-1,-1,1,0,0,1,0,0,0,0,0,0,0,1,0,2,0,1,0,600,30,1,0,0,0,0,2,1,0,-1,105,-1,2209001,10100,1740,0,0,0,0,0,0,0,0,0,0,0,0,0,0,0,0,0,[0|0],710550,[0|0|0|0|0|0|0|0],寄宿着灵魂的骨灰。\n能召唤“黑骑士副团长”修的灵魂。\n\n黑骑士团为梅瑟莫军的主要战力。\n其中身为初代副团长的灵魂，\n手持双头剑，能使出如流水般的剑术，\n也能执行熔炉的力量。\n\n修有着狩猎神兽的功劳在身，\n却听从父亲安卓斯的命令，参与叛变。\n最后吞下败仗，被幽禁在地下墓地。\n据说梅瑟莫因为失去战友，感到十分悲痛。
2209001,“黑骑士副团长”修＋１,1,0,[0|0|0],20209001,-1,0,0,-1,0,-1,60321,-1,20000610,0,-1,0,909,0,-1,-1,-1,1,0,50,8,2,0,0,34,13,0,0,[0|0],1,1,1,1,1,0,1,0,0,0,0,1,1,0,0,0,0,0,0,0,0,0,0,0,0,-1,-1,-1,-1,-1,-1,-1,-1,1,0,0,1,0,0,0,0,0,0,0,1,0,2,0,1,0,600,30,1,0,0,0,0,2,1,0,-1,105,-1,2209002,10101,2784,0,0,0,0,0,0,0,0,0,0,0,0,0,0,0,0,0,[0|0],710550,[0|0|0|0|0|0|0|0],寄宿着灵魂的骨灰。\n能召唤“黑骑士副团长”修的灵魂。\n\n黑骑士团为梅瑟莫军的主要战力。\n其中身为初代副团长的灵魂，\n手持双头剑，能使出如流水般的剑术，\n也能执行熔炉的力量。\n\n修有着狩猎神兽的功劳在身，\n却听从父亲安卓斯的命令，参与叛变。\n最后吞下败仗，被幽禁在地下墓地。\n据说梅瑟莫因为失去战友，感到十分悲痛。
2209002,“黑骑士副团长”修＋２,1,0,[0|0|0],20209002,-1,0,0,-1,0,-1,60322,-1,20000610,0,-1,0,909,0,-1,-1,-1,1,0,50,8,2,0,0,34,13,0,0,[0|0],1,1,1,1,1,0,1,0,0,0,0,1,1,0,0,0,0,0,0,0,0,0,0,0,0,-1,-1,-1,-1,-1,-1,-1,-1,1,0,0,1,0,0,0,0,0,0,0,1,0,2,0,1,0,600,30,1,0,0,0,0,2,1,0,-1,105,-1,2209003,10102,3828,0,0,0,0,0,0,0,0,0,0,0,0,0,0,0,0,0,[0|0],710550,[0|0|0|0|0|0|0|0],寄宿着灵魂的骨灰。\n能召唤“黑骑士副团长”修的灵魂。\n\n黑骑士团为梅瑟莫军的主要战力。\n其中身为初代副团长的灵魂，\n手持双头剑，能使出如流水般的剑术，\n也能执行熔炉的力量。\n\n修有着狩猎神兽的功劳在身，\n却听从父亲安卓斯的命令，参与叛变。\n最后吞下败仗，被幽禁在地下墓地。\n据说梅瑟莫因为失去战友，感到十分悲痛。
2209003,“黑骑士副团长”修＋３,1,0,[0|0|0],20209003,-1,0,0,-1,0,-1,60323,-1,20000610,0,-1,0,909,0,-1,-1,-1,1,0,50,8,2,0,0,34,13,0,0,[0|0],1,1,1,1,1,0,1,0,0,0,0,1,1,0,0,0,0,0,0,0,0,0,0,0,0,-1,-1,-1,-1,-1,-1,-1,-1,1,0,0,1,0,0,0,0,0,0,0,1,0,2,0,1,0,600,30,1,0,0,0,0,2,1,0,-1,105,-1,2209004,10103,4872,0,0,0,0,0,0,0,0,0,0,0,0,0,0,0,0,0,[0|0],710550,[0|0|0|0|0|0|0|0],寄宿着灵魂的骨灰。\n能召唤“黑骑士副团长”修的灵魂。\n\n黑骑士团为梅瑟莫军的主要战力。\n其中身为初代副团长的灵魂，\n手持双头剑，能使出如流水般的剑术，\n也能执行熔炉的力量。\n\n修有着狩猎神兽的功劳在身，\n却听从父亲安卓斯的命令，参与叛变。\n最后吞下败仗，被幽禁在地下墓地。\n据说梅瑟莫因为失去战友，感到十分悲痛。
2209004,“黑骑士副团长”修＋４,1,0,[0|0|0],20209004,-1,0,0,-1,0,-1,60324,-1,20000610,0,-1,0,909,0,-1,-1,-1,1,0,50,8,2,0,0,34,13,0,0,[0|0],1,1,1,1,1,0,1,0,0,0,0,1,1,0,0,0,0,0,0,0,0,0,0,0,0,-1,-1,-1,-1,-1,-1,-1,-1,1,0,0,1,0,0,0,0,0,0,0,1,0,2,0,1,0,600,30,1,0,0,0,0,2,1,0,-1,105,-1,2209005,10104,5916,0,0,0,0,0,0,0,0,0,0,0,0,0,0,0,0,0,[0|0],710550,[0|0|0|0|0|0|0|0],寄宿着灵魂的骨灰。\n能召唤“黑骑士副团长”修的灵魂。\n\n黑骑士团为梅瑟莫军的主要战力。\n其中身为初代副团长的灵魂，\n手持双头剑，能使出如流水般的剑术，\n也能执行熔炉的力量。\n\n修有着狩猎神兽的功劳在身，\n却听从父亲安卓斯的命令，参与叛变。\n最后吞下败仗，被幽禁在地下墓地。\n据说梅瑟莫因为失去战友，感到十分悲痛。
2209005,“黑骑士副团长”修＋５,1,0,[0|0|0],20209005,-1,0,0,-1,0,-1,60325,-1,20000610,0,-1,0,909,0,-1,-1,-1,1,0,50,8,2,0,0,34,13,0,0,[0|0],1,1,1,1,1,0,1,0,0,0,0,1,1,0,0,0,0,0,0,0,0,0,0,0,0,-1,-1,-1,-1,-1,-1,-1,-1,1,0,0,1,0,0,0,0,0,0,0,1,0,2,0,1,0,600,30,1,0,0,0,0,2,1,0,-1,105,-1,2209006,10105,6960,0,0,0,0,0,0,0,0,0,0,0,0,0,0,0,0,0,[0|0],710550,[0|0|0|0|0|0|0|0],寄宿着灵魂的骨灰。\n能召唤“黑骑士副团长”修的灵魂。\n\n黑骑士团为梅瑟莫军的主要战力。\n其中身为初代副团长的灵魂，\n手持双头剑，能使出如流水般的剑术，\n也能执行熔炉的力量。\n\n修有着狩猎神兽的功劳在身，\n却听从父亲安卓斯的命令，参与叛变。\n最后吞下败仗，被幽禁在地下墓地。\n据说梅瑟莫因为失去战友，感到十分悲痛。
2209006,“黑骑士副团长”修＋６,1,0,[0|0|0],20209006,-1,0,0,-1,0,-1,60326,-1,20000610,0,-1,0,909,0,-1,-1,-1,1,0,50,8,2,0,0,34,13,0,0,[0|0],1,1,1,1,1,0,1,0,0,0,0,1,1,0,0,0,0,0,0,0,0,0,0,0,0,-1,-1,-1,-1,-1,-1,-1,-1,1,0,0,1,0,0,0,0,0,0,0,1,0,2,0,1,0,600,30,1,0,0,0,0,2,1,0,-1,105,-1,2209007,10106,8004,0,0,0,0,0,0,0,0,0,0,0,0,0,0,0,0,0,[0|0],710550,[0|0|0|0|0|0|0|0],寄宿着灵魂的骨灰。\n能召唤“黑骑士副团长”修的灵魂。\n\n黑骑士团为梅瑟莫军的主要战力。\n其中身为初代副团长的灵魂，\n手持双头剑，能使出如流水般的剑术，\n也能执行熔炉的力量。\n\n修有着狩猎神兽的功劳在身，\n却听从父亲安卓斯的命令，参与叛变。\n最后吞下败仗，被幽禁在地下墓地。\n据说梅瑟莫因为失去战友，感到十分悲痛。
2209007,“黑骑士副团长”修＋７,1,0,[0|0|0],20209007,-1,0,0,-1,0,-1,60327,-1,20000610,0,-1,0,909,0,-1,-1,-1,1,0,50,8,2,0,0,34,13,0,0,[0|0],1,1,1,1,1,0,1,0,0,0,0,1,1,0,0,0,0,0,0,0,0,0,0,0,0,-1,-1,-1,-1,-1,-1,-1,-1,1,0,0,1,0,0,0,0,0,0,0,1,0,2,0,1,0,600,30,1,0,0,0,0,2,1,0,-1,105,-1,2209008,10107,9048,0,0,0,0,0,0,0,0,0,0,0,0,0,0,0,0,0,[0|0],710550,[0|0|0|0|0|0|0|0],寄宿着灵魂的骨灰。\n能召唤“黑骑士副团长”修的灵魂。\n\n黑骑士团为梅瑟莫军的主要战力。\n其中身为初代副团长的灵魂，\n手持双头剑，能使出如流水般的剑术，\n也能执行熔炉的力量。\n\n修有着狩猎神兽的功劳在身，\n却听从父亲安卓斯的命令，参与叛变。\n最后吞下败仗，被幽禁在地下墓地。\n据说梅瑟莫因为失去战友，感到十分悲痛。
2209008,“黑骑士副团长”修＋８,1,0,[0|0|0],20209008,-1,0,0,-1,0,-1,60328,-1,20000610,0,-1,0,909,0,-1,-1,-1,1,0,50,8,2,0,0,34,13,0,0,[0|0],1,1,1,1,1,0,1,0,0,0,0,1,1,0,0,0,0,0,0,0,0,0,0,0,0,-1,-1,-1,-1,-1,-1,-1,-1,1,0,0,1,0,0,0,0,0,0,0,1,0,2,0,1,0,600,30,1,0,0,0,0,2,1,0,-1,105,-1,2209009,10108,10092,0,0,0,0,0,0,0,0,0,0,0,0,0,0,0,0,0,[0|0],710550,[0|0|0|0|0|0|0|0],寄宿着灵魂的骨灰。\n能召唤“黑骑士副团长”修的灵魂。\n\n黑骑士团为梅瑟莫军的主要战力。\n其中身为初代副团长的灵魂，\n手持双头剑，能使出如流水般的剑术，\n也能执行熔炉的力量。\n\n修有着狩猎神兽的功劳在身，\n却听从父亲安卓斯的命令，参与叛变。\n最后吞下败仗，被幽禁在地下墓地。\n据说梅瑟莫因为失去战友，感到十分悲痛。
2209009,“黑骑士副团长”修＋９,1,0,[0|0|0],20209009,-1,0,0,-1,0,-1,60329,-1,20000610,0,-1,0,909,0,-1,-1,-1,1,0,50,8,2,0,0,34,13,0,0,[0|0],1,1,1,1,1,0,1,0,0,0,0,1,1,0,0,0,0,0,0,0,0,0,0,0,0,-1,-1,-1,-1,-1,-1,-1,-1,1,0,0,1,0,0,0,0,0,0,0,1,0,2,0,1,0,600,30,1,0,0,0,0,2,1,0,-1,105,-1,2209010,10109,12180,0,0,0,0,0,0,0,0,0,0,0,0,0,0,0,0,0,[0|0],710550,[0|0|0|0|0|0|0|0],寄宿着灵魂的骨灰。\n能召唤“黑骑士副团长”修的灵魂。\n\n黑骑士团为梅瑟莫军的主要战力。\n其中身为初代副团长的灵魂，\n手持双头剑，能使出如流水般的剑术，\n也能执行熔炉的力量。\n\n修有着狩猎神兽的功劳在身，\n却听从父亲安卓斯的命令，参与叛变。\n最后吞下败仗，被幽禁在地下墓地。\n据说梅瑟莫因为失去战友，感到十分悲痛。
2209010,“黑骑士副团长”修＋１０,1,0,[0|0|0],20209010,-1,0,0,-1,0,-1,60330,-1,20000610,0,-1,0,909,0,-1,-1,-1,1,0,50,8,2,0,0,34,13,0,0,[0|0],1,1,1,1,1,0,1,0,0,0,0,1,1,0,0,0,0,0,0,0,0,0,0,0,0,-1,-1,-1,-1,-1,-1,-1,-1,1,0,0,1,0,0,0,0,0,0,0,1,0,2,0,1,0,600,30,1,0,0,0,0,2,1,0,-1,105,-1,-1,-1,0,0,0,0,0,0,0,0,0,0,0,0,0,0,0,0,0,0,[0|0],710550,[0|0|0|0|0|0|0|0],寄宿着灵魂的骨灰。\n能召唤“黑骑士副团长”修的灵魂。\n\n黑骑士团为梅瑟莫军的主要战力。\n其中身为初代副团长的灵魂，\n手持双头剑，能使出如流水般的剑术，\n也能执行熔炉的力量。\n\n修有着狩猎神兽的功劳在身，\n却听从父亲安卓斯的命令，参与叛变。\n最后吞下败仗，被幽禁在地下墓地。\n据说梅瑟莫因为失去战友，感到十分悲痛。
2210000,大嘴小恶魔的骨灰,1,0,[0|0|0],20210000,-1,0,0,-1,0,-1,51850,-1,20000610,0,-1,0,910,0,-1,-1,-1,1,0,50,7,2,0,0,34,13,0,0,[0|0],1,1,1,1,1,0,1,0,0,0,0,1,1,0,0,0,0,0,0,0,0,0,0,0,0,-1,-1,-1,-1,-1,-1,-1,-1,1,0,0,1,0,0,0,0,0,0,0,1,0,2,0,1,0,600,10,1,0,0,0,0,1,1,0,-1,60,-1,2210001,10000,650,0,0,0,0,0,0,0,0,0,0,0,0,0,0,0,0,0,[0|0],710550,[0|0|0|0|0|0|0|0],寄宿着灵魂的骨灰。\n能召唤大嘴小恶魔的灵魂。\n\n参考龙的模样制成的古老小恶魔灵魂。\n那张大嘴是大炮口，能从后方发射炮弹。
2210001,大嘴小恶魔的骨灰＋１,1,0,[0|0|0],20210001,-1,0,0,-1,0,-1,51851,-1,20000610,0,-1,0,910,0,-1,-1,-1,1,0,50,7,2,0,0,34,13,0,0,[0|0],1,1,1,1,1,0,1,0,0,0,0,1,1,0,0,0,0,0,0,0,0,0,0,0,0,-1,-1,-1,-1,-1,-1,-1,-1,1,0,0,1,0,0,0,0,0,0,0,1,0,2,0,1,0,600,10,1,0,0,0,0,1,1,0,-1,60,-1,2210002,10001,910,0,0,0,0,0,0,0,0,0,0,0,0,0,0,0,0,0,[0|0],710550,[0|0|0|0|0|0|0|0],寄宿着灵魂的骨灰。\n能召唤大嘴小恶魔的灵魂。\n\n参考龙的模样制成的古老小恶魔灵魂。\n那张大嘴是大炮口，能从后方发射炮弹。
2210002,大嘴小恶魔的骨灰＋２,1,0,[0|0|0],20210002,-1,0,0,-1,0,-1,51852,-1,20000610,0,-1,0,910,0,-1,-1,-1,1,0,50,7,2,0,0,34,13,0,0,[0|0],1,1,1,1,1,0,1,0,0,0,0,1,1,0,0,0,0,0,0,0,0,0,0,0,0,-1,-1,-1,-1,-1,-1,-1,-1,1,0,0,1,0,0,0,0,0,0,0,1,0,2,0,1,0,600,10,1,0,0,0,0,1,1,0,-1,60,-1,2210003,10002,1170,0,0,0,0,0,0,0,0,0,0,0,0,0,0,0,0,0,[0|0],710550,[0|0|0|0|0|0|0|0],寄宿着灵魂的骨灰。\n能召唤大嘴小恶魔的灵魂。\n\n参考龙的模样制成的古老小恶魔灵魂。\n那张大嘴是大炮口，能从后方发射炮弹。
2210003,大嘴小恶魔的骨灰＋３,1,0,[0|0|0],20210003,-1,0,0,-1,0,-1,51853,-1,20000610,0,-1,0,910,0,-1,-1,-1,1,0,50,7,2,0,0,34,13,0,0,[0|0],1,1,1,1,1,0,1,0,0,0,0,1,1,0,0,0,0,0,0,0,0,0,0,0,0,-1,-1,-1,-1,-1,-1,-1,-1,1,0,0,1,0,0,0,0,0,0,0,1,0,2,0,1,0,600,10,1,0,0,0,0,1,1,0,-1,60,-1,2210004,10003,1430,0,0,0,0,0,0,0,0,0,0,0,0,0,0,0,0,0,[0|0],710550,[0|0|0|0|0|0|0|0],寄宿着灵魂的骨灰。\n能召唤大嘴小恶魔的灵魂。\n\n参考龙的模样制成的古老小恶魔灵魂。\n那张大嘴是大炮口，能从后方发射炮弹。
2210004,大嘴小恶魔的骨灰＋４,1,0,[0|0|0],20210004,-1,0,0,-1,0,-1,51854,-1,20000610,0,-1,0,910,0,-1,-1,-1,1,0,50,7,2,0,0,34,13,0,0,[0|0],1,1,1,1,1,0,1,0,0,0,0,1,1,0,0,0,0,0,0,0,0,0,0,0,0,-1,-1,-1,-1,-1,-1,-1,-1,1,0,0,1,0,0,0,0,0,0,0,1,0,2,0,1,0,600,10,1,0,0,0,0,1,1,0,-1,60,-1,2210005,10004,1690,0,0,0,0,0,0,0,0,0,0,0,0,0,0,0,0,0,[0|0],710550,[0|0|0|0|0|0|0|0],寄宿着灵魂的骨灰。\n能召唤大嘴小恶魔的灵魂。\n\n参考龙的模样制成的古老小恶魔灵魂。\n那张大嘴是大炮口，能从后方发射炮弹。
2210005,大嘴小恶魔的骨灰＋５,1,0,[0|0|0],20210005,-1,0,0,-1,0,-1,51855,-1,20000610,0,-1,0,910,0,-1,-1,-1,1,0,50,7,2,0,0,34,13,0,0,[0|0],1,1,1,1,1,0,1,0,0,0,0,1,1,0,0,0,0,0,0,0,0,0,0,0,0,-1,-1,-1,-1,-1,-1,-1,-1,1,0,0,1,0,0,0,0,0,0,0,1,0,2,0,1,0,600,10,1,0,0,0,0,1,1,0,-1,60,-1,2210006,10005,1950,0,0,0,0,0,0,0,0,0,0,0,0,0,0,0,0,0,[0|0],710550,[0|0|0|0|0|0|0|0],寄宿着灵魂的骨灰。\n能召唤大嘴小恶魔的灵魂。\n\n参考龙的模样制成的古老小恶魔灵魂。\n那张大嘴是大炮口，能从后方发射炮弹。
2210006,大嘴小恶魔的骨灰＋６,1,0,[0|0|0],20210006,-1,0,0,-1,0,-1,51856,-1,20000610,0,-1,0,910,0,-1,-1,-1,1,0,50,7,2,0,0,34,13,0,0,[0|0],1,1,1,1,1,0,1,0,0,0,0,1,1,0,0,0,0,0,0,0,0,0,0,0,0,-1,-1,-1,-1,-1,-1,-1,-1,1,0,0,1,0,0,0,0,0,0,0,1,0,2,0,1,0,600,10,1,0,0,0,0,1,1,0,-1,60,-1,2210007,10006,2210,0,0,0,0,0,0,0,0,0,0,0,0,0,0,0,0,0,[0|0],710550,[0|0|0|0|0|0|0|0],寄宿着灵魂的骨灰。\n能召唤大嘴小恶魔的灵魂。\n\n参考龙的模样制成的古老小恶魔灵魂。\n那张大嘴是大炮口，能从后方发射炮弹。
2210007,大嘴小恶魔的骨灰＋７,1,0,[0|0|0],20210007,-1,0,0,-1,0,-1,51857,-1,20000610,0,-1,0,910,0,-1,-1,-1,1,0,50,7,2,0,0,34,13,0,0,[0|0],1,1,1,1,1,0,1,0,0,0,0,1,1,0,0,0,0,0,0,0,0,0,0,0,0,-1,-1,-1,-1,-1,-1,-1,-1,1,0,0,1,0,0,0,0,0,0,0,1,0,2,0,1,0,600,10,1,0,0,0,0,1,1,0,-1,60,-1,2210008,10007,2470,0,0,0,0,0,0,0,0,0,0,0,0,0,0,0,0,0,[0|0],710550,[0|0|0|0|0|0|0|0],寄宿着灵魂的骨灰。\n能召唤大嘴小恶魔的灵魂。\n\n参考龙的模样制成的古老小恶魔灵魂。\n那张大嘴是大炮口，能从后方发射炮弹。
2210008,大嘴小恶魔的骨灰＋８,1,0,[0|0|0],20210008,-1,0,0,-1,0,-1,51858,-1,20000610,0,-1,0,910,0,-1,-1,-1,1,0,50,7,2,0,0,34,13,0,0,[0|0],1,1,1,1,1,0,1,0,0,0,0,1,1,0,0,0,0,0,0,0,0,0,0,0,0,-1,-1,-1,-1,-1,-1,-1,-1,1,0,0,1,0,0,0,0,0,0,0,1,0,2,0,1,0,600,10,1,0,0,0,0,1,1,0,-1,60,-1,2210009,10008,2730,0,0,0,0,0,0,0,0,0,0,0,0,0,0,0,0,0,[0|0],710550,[0|0|0|0|0|0|0|0],寄宿着灵魂的骨灰。\n能召唤大嘴小恶魔的灵魂。\n\n参考龙的模样制成的古老小恶魔灵魂。\n那张大嘴是大炮口，能从后方发射炮弹。
2210009,大嘴小恶魔的骨灰＋９,1,0,[0|0|0],20210009,-1,0,0,-1,0,-1,51859,-1,20000610,0,-1,0,910,0,-1,-1,-1,1,0,50,7,2,0,0,34,13,0,0,[0|0],1,1,1,1,1,0,1,0,0,0,0,1,1,0,0,0,0,0,0,0,0,0,0,0,0,-1,-1,-1,-1,-1,-1,-1,-1,1,0,0,1,0,0,0,0,0,0,0,1,0,2,0,1,0,600,10,1,0,0,0,0,1,1,0,-1,60,-1,2210010,10009,3250,0,0,0,0,0,0,0,0,0,0,0,0,0,0,0,0,0,[0|0],710550,[0|0|0|0|0|0|0|0],寄宿着灵魂的骨灰。\n能召唤大嘴小恶魔的灵魂。\n\n参考龙的模样制成的古老小恶魔灵魂。\n那张大嘴是大炮口，能从后方发射炮弹。
2210010,大嘴小恶魔的骨灰＋１０,1,0,[0|0|0],20210010,-1,0,0,-1,0,-1,51860,-1,20000610,0,-1,0,910,0,-1,-1,-1,1,0,50,7,2,0,0,34,13,0,0,[0|0],1,1,1,1,1,0,1,0,0,0,0,1,1,0,0,0,0,0,0,0,0,0,0,0,0,-1,-1,-1,-1,-1,-1,-1,-1,1,0,0,1,0,0,0,0,0,0,0,1,0,2,0,1,0,600,10,1,0,0,0,0,1,1,0,-1,60,-1,-1,-1,0,0,0,0,0,0,0,0,0,0,0,0,0,0,0,0,0,0,[0|0],710550,[0|0|0|0|0|0|0|0],寄宿着灵魂的骨灰。\n能召唤大嘴小恶魔的灵魂。\n\n参考龙的模样制成的古老小恶魔灵魂。\n那张大嘴是大炮口，能从后方发射炮弹。
2211000,人形苍蝇的骨灰,1,0,[0|0|0],20211000,-1,0,0,-1,0,-1,51050,-1,20000610,0,-1,0,911,0,-1,-1,-1,1,0,50,7,2,0,0,34,13,0,0,[0|0],1,1,1,1,1,0,1,0,0,0,0,1,1,0,0,0,0,0,0,0,0,0,0,0,0,-1,-1,-1,-1,-1,-1,-1,-1,1,0,0,1,0,0,0,0,0,0,0,1,0,2,0,1,0,600,10,1,0,0,0,0,1,1,0,-1,29,-1,2211001,10000,200,0,0,0,0,0,0,0,0,0,0,0,0,0,0,0,0,0,[0|0],710550,[0|0|0|0|0|0|0|0],寄宿着灵魂的骨灰。\n能召唤３只人形苍蝇的灵魂。\n\n其中２只会一边飞行，一边攻击敌人；\n剩下１只会从后方吐出毒性唾液。\n\n角人们在罹病之末，化成人形苍蝇。\n据说变形之后，才能从痛苦中解脱。
2211001,人形苍蝇的骨灰＋１,1,0,[0|0|0],20211001,-1,0,0,-1,0,-1,51051,-1,20000610,0,-1,0,911,0,-1,-1,-1,1,0,50,7,2,0,0,34,13,0,0,[0|0],1,1,1,1,1,0,1,0,0,0,0,1,1,0,0,0,0,0,0,0,0,0,0,0,0,-1,-1,-1,-1,-1,-1,-1,-1,1,0,0,1,0,0,0,0,0,0,0,1,0,2,0,1,0,600,10,1,0,0,0,0,1,1,0,-1,29,-1,2211002,10001,280,0,0,0,0,0,0,0,0,0,0,0,0,0,0,0,0,0,[0|0],710550,[0|0|0|0|0|0|0|0],寄宿着灵魂的骨灰。\n能召唤３只人形苍蝇的灵魂。\n\n其中２只会一边飞行，一边攻击敌人；\n剩下１只会从后方吐出毒性唾液。\n\n角人们在罹病之末，化成人形苍蝇。\n据说变形之后，才能从痛苦中解脱。
2211002,人形苍蝇的骨灰＋２,1,0,[0|0|0],20211002,-1,0,0,-1,0,-1,51052,-1,20000610,0,-1,0,911,0,-1,-1,-1,1,0,50,7,2,0,0,34,13,0,0,[0|0],1,1,1,1,1,0,1,0,0,0,0,1,1,0,0,0,0,0,0,0,0,0,0,0,0,-1,-1,-1,-1,-1,-1,-1,-1,1,0,0,1,0,0,0,0,0,0,0,1,0,2,0,1,0,600,10,1,0,0,0,0,1,1,0,-1,29,-1,2211003,10002,360,0,0,0,0,0,0,0,0,0,0,0,0,0,0,0,0,0,[0|0],710550,[0|0|0|0|0|0|0|0],寄宿着灵魂的骨灰。\n能召唤３只人形苍蝇的灵魂。\n\n其中２只会一边飞行，一边攻击敌人；\n剩下１只会从后方吐出毒性唾液。\n\n角人们在罹病之末，化成人形苍蝇。\n据说变形之后，才能从痛苦中解脱。
2211003,人形苍蝇的骨灰＋３,1,0,[0|0|0],20211003,-1,0,0,-1,0,-1,51053,-1,20000610,0,-1,0,911,0,-1,-1,-1,1,0,50,7,2,0,0,34,13,0,0,[0|0],1,1,1,1,1,0,1,0,0,0,0,1,1,0,0,0,0,0,0,0,0,0,0,0,0,-1,-1,-1,-1,-1,-1,-1,-1,1,0,0,1,0,0,0,0,0,0,0,1,0,2,0,1,0,600,10,1,0,0,0,0,1,1,0,-1,29,-1,2211004,10003,440,0,0,0,0,0,0,0,0,0,0,0,0,0,0,0,0,0,[0|0],710550,[0|0|0|0|0|0|0|0],寄宿着灵魂的骨灰。\n能召唤３只人形苍蝇的灵魂。\n\n其中２只会一边飞行，一边攻击敌人；\n剩下１只会从后方吐出毒性唾液。\n\n角人们在罹病之末，化成人形苍蝇。\n据说变形之后，才能从痛苦中解脱。
2211004,人形苍蝇的骨灰＋４,1,0,[0|0|0],20211004,-1,0,0,-1,0,-1,51054,-1,20000610,0,-1,0,911,0,-1,-1,-1,1,0,50,7,2,0,0,34,13,0,0,[0|0],1,1,1,1,1,0,1,0,0,0,0,1,1,0,0,0,0,0,0,0,0,0,0,0,0,-1,-1,-1,-1,-1,-1,-1,-1,1,0,0,1,0,0,0,0,0,0,0,1,0,2,0,1,0,600,10,1,0,0,0,0,1,1,0,-1,29,-1,2211005,10004,520,0,0,0,0,0,0,0,0,0,0,0,0,0,0,0,0,0,[0|0],710550,[0|0|0|0|0|0|0|0],寄宿着灵魂的骨灰。\n能召唤３只人形苍蝇的灵魂。\n\n其中２只会一边飞行，一边攻击敌人；\n剩下１只会从后方吐出毒性唾液。\n\n角人们在罹病之末，化成人形苍蝇。\n据说变形之后，才能从痛苦中解脱。
2211005,人形苍蝇的骨灰＋５,1,0,[0|0|0],20211005,-1,0,0,-1,0,-1,51055,-1,20000610,0,-1,0,911,0,-1,-1,-1,1,0,50,7,2,0,0,34,13,0,0,[0|0],1,1,1,1,1,0,1,0,0,0,0,1,1,0,0,0,0,0,0,0,0,0,0,0,0,-1,-1,-1,-1,-1,-1,-1,-1,1,0,0,1,0,0,0,0,0,0,0,1,0,2,0,1,0,600,10,1,0,0,0,0,1,1,0,-1,29,-1,2211006,10005,600,0,0,0,0,0,0,0,0,0,0,0,0,0,0,0,0,0,[0|0],710550,[0|0|0|0|0|0|0|0],寄宿着灵魂的骨灰。\n能召唤３只人形苍蝇的灵魂。\n\n其中２只会一边飞行，一边攻击敌人；\n剩下１只会从后方吐出毒性唾液。\n\n角人们在罹病之末，化成人形苍蝇。\n据说变形之后，才能从痛苦中解脱。
2211006,人形苍蝇的骨灰＋６,1,0,[0|0|0],20211006,-1,0,0,-1,0,-1,51056,-1,20000610,0,-1,0,911,0,-1,-1,-1,1,0,50,7,2,0,0,34,13,0,0,[0|0],1,1,1,1,1,0,1,0,0,0,0,1,1,0,0,0,0,0,0,0,0,0,0,0,0,-1,-1,-1,-1,-1,-1,-1,-1,1,0,0,1,0,0,0,0,0,0,0,1,0,2,0,1,0,600,10,1,0,0,0,0,1,1,0,-1,29,-1,2211007,10006,680,0,0,0,0,0,0,0,0,0,0,0,0,0,0,0,0,0,[0|0],710550,[0|0|0|0|0|0|0|0],寄宿着灵魂的骨灰。\n能召唤３只人形苍蝇的灵魂。\n\n其中２只会一边飞行，一边攻击敌人；\n剩下１只会从后方吐出毒性唾液。\n\n角人们在罹病之末，化成人形苍蝇。\n据说变形之后，才能从痛苦中解脱。
2211007,人形苍蝇的骨灰＋７,1,0,[0|0|0],20211007,-1,0,0,-1,0,-1,51057,-1,20000610,0,-1,0,911,0,-1,-1,-1,1,0,50,7,2,0,0,34,13,0,0,[0|0],1,1,1,1,1,0,1,0,0,0,0,1,1,0,0,0,0,0,0,0,0,0,0,0,0,-1,-1,-1,-1,-1,-1,-1,-1,1,0,0,1,0,0,0,0,0,0,0,1,0,2,0,1,0,600,10,1,0,0,0,0,1,1,0,-1,29,-1,2211008,10007,760,0,0,0,0,0,0,0,0,0,0,0,0,0,0,0,0,0,[0|0],710550,[0|0|0|0|0|0|0|0],寄宿着灵魂的骨灰。\n能召唤３只人形苍蝇的灵魂。\n\n其中２只会一边飞行，一边攻击敌人；\n剩下１只会从后方吐出毒性唾液。\n\n角人们在罹病之末，化成人形苍蝇。\n据说变形之后，才能从痛苦中解脱。
2211008,人形苍蝇的骨灰＋８,1,0,[0|0|0],20211008,-1,0,0,-1,0,-1,51058,-1,20000610,0,-1,0,911,0,-1,-1,-1,1,0,50,7,2,0,0,34,13,0,0,[0|0],1,1,1,1,1,0,1,0,0,0,0,1,1,0,0,0,0,0,0,0,0,0,0,0,0,-1,-1,-1,-1,-1,-1,-1,-1,1,0,0,1,0,0,0,0,0,0,0,1,0,2,0,1,0,600,10,1,0,0,0,0,1,1,0,-1,29,-1,2211009,10008,840,0,0,0,0,0,0,0,0,0,0,0,0,0,0,0,0,0,[0|0],710550,[0|0|0|0|0|0|0|0],寄宿着灵魂的骨灰。\n能召唤３只人形苍蝇的灵魂。\n\n其中２只会一边飞行，一边攻击敌人；\n剩下１只会从后方吐出毒性唾液。\n\n角人们在罹病之末，化成人形苍蝇。\n据说变形之后，才能从痛苦中解脱。
2211009,人形苍蝇的骨灰＋９,1,0,[0|0|0],20211009,-1,0,0,-1,0,-1,51059,-1,20000610,0,-1,0,911,0,-1,-1,-1,1,0,50,7,2,0,0,34,13,0,0,[0|0],1,1,1,1,1,0,1,0,0,0,0,1,1,0,0,0,0,0,0,0,0,0,0,0,0,-1,-1,-1,-1,-1,-1,-1,-1,1,0,0,1,0,0,0,0,0,0,0,1,0,2,0,1,0,600,10,1,0,0,0,0,1,1,0,-1,29,-1,2211010,10009,1000,0,0,0,0,0,0,0,0,0,0,0,0,0,0,0,0,0,[0|0],710550,[0|0|0|0|0|0|0|0],寄宿着灵魂的骨灰。\n能召唤３只人形苍蝇的灵魂。\n\n其中２只会一边飞行，一边攻击敌人；\n剩下１只会从后方吐出毒性唾液。\n\n角人们在罹病之末，化成人形苍蝇。\n据说变形之后，才能从痛苦中解脱。
2211010,人形苍蝇的骨灰＋１０,1,0,[0|0|0],20211010,-1,0,0,-1,0,-1,51060,-1,20000610,0,-1,0,911,0,-1,-1,-1,1,0,50,7,2,0,0,34,13,0,0,[0|0],1,1,1,1,1,0,1,0,0,0,0,1,1,0,0,0,0,0,0,0,0,0,0,0,0,-1,-1,-1,-1,-1,-1,-1,-1,1,0,0,1,0,0,0,0,0,0,0,1,0,2,0,1,0,600,10,1,0,0,0,0,1,1,0,-1,29,-1,-1,-1,0,0,0,0,0,0,0,0,0,0,0,0,0,0,0,0,0,0,[0|0],710550,[0|0|0|0|0|0|0|0],寄宿着灵魂的骨灰。\n能召唤３只人形苍蝇的灵魂。\n\n其中２只会一边飞行，一边攻击敌人；\n剩下１只会从后方吐出毒性唾液。\n\n角人们在罹病之末，化成人形苍蝇。\n据说变形之后，才能从痛苦中解脱。
2212000,“锻造魔像”泰乌尔,1,0,[0|0|0],20212000,-1,0,0,-1,0,-1,61460,-1,20000610,0,-1,0,912,0,-1,-1,-1,1,0,50,8,2,0,0,34,13,0,0,[0|0],1,1,1,1,1,0,1,0,0,0,0,1,1,0,0,0,0,0,0,0,0,0,0,0,0,-1,-1,-1,-1,-1,-1,-1,-1,1,0,0,1,0,0,0,0,0,0,0,1,0,2,0,1,0,600,30,1,0,0,0,0,3,1,0,-1,138,-1,2212001,10100,2060,0,0,0,0,0,0,0,0,0,0,0,0,0,0,0,0,0,[0|0],710550,[0|0|0|0|0|0|0|0],寄宿着灵魂的骨灰。\n能召唤“锻造魔像”泰乌尔的灵魂。\n\n稳如山的岩石魔像灵魂。\n拳头能像远攻道具一样射出。\n\n据说泰乌尔的体型最娇小，也最快停止运作。\n在停止运作后，成为了锻造的守护神。
2212001,“锻造魔像”泰乌尔＋１,1,0,[0|0|0],20212001,-1,0,0,-1,0,-1,61461,-1,20000610,0,-1,0,912,0,-1,-1,-1,1,0,50,8,2,0,0,34,13,0,0,[0|0],1,1,1,1,1,0,1,0,0,0,0,1,1,0,0,0,0,0,0,0,0,0,0,0,0,-1,-1,-1,-1,-1,-1,-1,-1,1,0,0,1,0,0,0,0,0,0,0,1,0,2,0,1,0,600,30,1,0,0,0,0,3,1,0,-1,138,-1,2212002,10101,3296,0,0,0,0,0,0,0,0,0,0,0,0,0,0,0,0,0,[0|0],710550,[0|0|0|0|0|0|0|0],寄宿着灵魂的骨灰。\n能召唤“锻造魔像”泰乌尔的灵魂。\n\n稳如山的岩石魔像灵魂。\n拳头能像远攻道具一样射出。\n\n据说泰乌尔的体型最娇小，也最快停止运作。\n在停止运作后，成为了锻造的守护神。
2212002,“锻造魔像”泰乌尔＋２,1,0,[0|0|0],20212002,-1,0,0,-1,0,-1,61462,-1,20000610,0,-1,0,912,0,-1,-1,-1,1,0,50,8,2,0,0,34,13,0,0,[0|0],1,1,1,1,1,0,1,0,0,0,0,1,1,0,0,0,0,0,0,0,0,0,0,0,0,-1,-1,-1,-1,-1,-1,-1,-1,1,0,0,1,0,0,0,0,0,0,0,1,0,2,0,1,0,600,30,1,0,0,0,0,3,1,0,-1,138,-1,2212003,10102,4532,0,0,0,0,0,0,0,0,0,0,0,0,0,0,0,0,0,[0|0],710550,[0|0|0|0|0|0|0|0],寄宿着灵魂的骨灰。\n能召唤“锻造魔像”泰乌尔的灵魂。\n\n稳如山的岩石魔像灵魂。\n拳头能像远攻道具一样射出。\n\n据说泰乌尔的体型最娇小，也最快停止运作。\n在停止运作后，成为了锻造的守护神。
2212003,“锻造魔像”泰乌尔＋３,1,0,[0|0|0],20212003,-1,0,0,-1,0,-1,61463,-1,20000610,0,-1,0,912,0,-1,-1,-1,1,0,50,8,2,0,0,34,13,0,0,[0|0],1,1,1,1,1,0,1,0,0,0,0,1,1,0,0,0,0,0,0,0,0,0,0,0,0,-1,-1,-1,-1,-1,-1,-1,-1,1,0,0,1,0,0,0,0,0,0,0,1,0,2,0,1,0,600,30,1,0,0,0,0,3,1,0,-1,138,-1,2212004,10103,5768,0,0,0,0,0,0,0,0,0,0,0,0,0,0,0,0,0,[0|0],710550,[0|0|0|0|0|0|0|0],寄宿着灵魂的骨灰。\n能召唤“锻造魔像”泰乌尔的灵魂。\n\n稳如山的岩石魔像灵魂。\n拳头能像远攻道具一样射出。\n\n据说泰乌尔的体型最娇小，也最快停止运作。\n在停止运作后，成为了锻造的守护神。
2212004,“锻造魔像”泰乌尔＋４,1,0,[0|0|0],20212004,-1,0,0,-1,0,-1,61464,-1,20000610,0,-1,0,912,0,-1,-1,-1,1,0,50,8,2,0,0,34,13,0,0,[0|0],1,1,1,1,1,0,1,0,0,0,0,1,1,0,0,0,0,0,0,0,0,0,0,0,0,-1,-1,-1,-1,-1,-1,-1,-1,1,0,0,1,0,0,0,0,0,0,0,1,0,2,0,1,0,600,30,1,0,0,0,0,3,1,0,-1,138,-1,2212005,10104,7004,0,0,0,0,0,0,0,0,0,0,0,0,0,0,0,0,0,[0|0],710550,[0|0|0|0|0|0|0|0],寄宿着灵魂的骨灰。\n能召唤“锻造魔像”泰乌尔的灵魂。\n\n稳如山的岩石魔像灵魂。\n拳头能像远攻道具一样射出。\n\n据说泰乌尔的体型最娇小，也最快停止运作。\n在停止运作后，成为了锻造的守护神。
2212005,“锻造魔像”泰乌尔＋５,1,0,[0|0|0],20212005,-1,0,0,-1,0,-1,61465,-1,20000610,0,-1,0,912,0,-1,-1,-1,1,0,50,8,2,0,0,34,13,0,0,[0|0],1,1,1,1,1,0,1,0,0,0,0,1,1,0,0,0,0,0,0,0,0,0,0,0,0,-1,-1,-1,-1,-1,-1,-1,-1,1,0,0,1,0,0,0,0,0,0,0,1,0,2,0,1,0,600,30,1,0,0,0,0,3,1,0,-1,138,-1,2212006,10105,8240,0,0,0,0,0,0,0,0,0,0,0,0,0,0,0,0,0,[0|0],710550,[0|0|0|0|0|0|0|0],寄宿着灵魂的骨灰。\n能召唤“锻造魔像”泰乌尔的灵魂。\n\n稳如山的岩石魔像灵魂。\n拳头能像远攻道具一样射出。\n\n据说泰乌尔的体型最娇小，也最快停止运作。\n在停止运作后，成为了锻造的守护神。
2212006,“锻造魔像”泰乌尔＋６,1,0,[0|0|0],20212006,-1,0,0,-1,0,-1,61466,-1,20000610,0,-1,0,912,0,-1,-1,-1,1,0,50,8,2,0,0,34,13,0,0,[0|0],1,1,1,1,1,0,1,0,0,0,0,1,1,0,0,0,0,0,0,0,0,0,0,0,0,-1,-1,-1,-1,-1,-1,-1,-1,1,0,0,1,0,0,0,0,0,0,0,1,0,2,0,1,0,600,30,1,0,0,0,0,3,1,0,-1,138,-1,2212007,10106,9476,0,0,0,0,0,0,0,0,0,0,0,0,0,0,0,0,0,[0|0],710550,[0|0|0|0|0|0|0|0],寄宿着灵魂的骨灰。\n能召唤“锻造魔像”泰乌尔的灵魂。\n\n稳如山的岩石魔像灵魂。\n拳头能像远攻道具一样射出。\n\n据说泰乌尔的体型最娇小，也最快停止运作。\n在停止运作后，成为了锻造的守护神。
2212007,“锻造魔像”泰乌尔＋７,1,0,[0|0|0],20212007,-1,0,0,-1,0,-1,61467,-1,20000610,0,-1,0,912,0,-1,-1,-1,1,0,50,8,2,0,0,34,13,0,0,[0|0],1,1,1,1,1,0,1,0,0,0,0,1,1,0,0,0,0,0,0,0,0,0,0,0,0,-1,-1,-1,-1,-1,-1,-1,-1,1,0,0,1,0,0,0,0,0,0,0,1,0,2,0,1,0,600,30,1,0,0,0,0,3,1,0,-1,138,-1,2212008,10107,10712,0,0,0,0,0,0,0,0,0,0,0,0,0,0,0,0,0,[0|0],710550,[0|0|0|0|0|0|0|0],寄宿着灵魂的骨灰。\n能召唤“锻造魔像”泰乌尔的灵魂。\n\n稳如山的岩石魔像灵魂。\n拳头能像远攻道具一样射出。\n\n据说泰乌尔的体型最娇小，也最快停止运作。\n在停止运作后，成为了锻造的守护神。
2212008,“锻造魔像”泰乌尔＋８,1,0,[0|0|0],20212008,-1,0,0,-1,0,-1,61468,-1,20000610,0,-1,0,912,0,-1,-1,-1,1,0,50,8,2,0,0,34,13,0,0,[0|0],1,1,1,1,1,0,1,0,0,0,0,1,1,0,0,0,0,0,0,0,0,0,0,0,0,-1,-1,-1,-1,-1,-1,-1,-1,1,0,0,1,0,0,0,0,0,0,0,1,0,2,0,1,0,600,30,1,0,0,0,0,3,1,0,-1,138,-1,2212009,10108,11948,0,0,0,0,0,0,0,0,0,0,0,0,0,0,0,0,0,[0|0],710550,[0|0|0|0|0|0|0|0],寄宿着灵魂的骨灰。\n能召唤“锻造魔像”泰乌尔的灵魂。\n\n稳如山的岩石魔像灵魂。\n拳头能像远攻道具一样射出。\n\n据说泰乌尔的体型最娇小，也最快停止运作。\n在停止运作后，成为了锻造的守护神。
2212009,“锻造魔像”泰乌尔＋９,1,0,[0|0|0],20212009,-1,0,0,-1,0,-1,61469,-1,20000610,0,-1,0,912,0,-1,-1,-1,1,0,50,8,2,0,0,34,13,0,0,[0|0],1,1,1,1,1,0,1,0,0,0,0,1,1,0,0,0,0,0,0,0,0,0,0,0,0,-1,-1,-1,-1,-1,-1,-1,-1,1,0,0,1,0,0,0,0,0,0,0,1,0,2,0,1,0,600,30,1,0,0,0,0,3,1,0,-1,138,-1,2212010,10109,14420,0,0,0,0,0,0,0,0,0,0,0,0,0,0,0,0,0,[0|0],710550,[0|0|0|0|0|0|0|0],寄宿着灵魂的骨灰。\n能召唤“锻造魔像”泰乌尔的灵魂。\n\n稳如山的岩石魔像灵魂。\n拳头能像远攻道具一样射出。\n\n据说泰乌尔的体型最娇小，也最快停止运作。\n在停止运作后，成为了锻造的守护神。
2212010,“锻造魔像”泰乌尔＋１０,1,0,[0|0|0],20212010,-1,0,0,-1,0,-1,61470,-1,20000610,0,-1,0,912,0,-1,-1,-1,1,0,50,8,2,0,0,34,13,0,0,[0|0],1,1,1,1,1,0,1,0,0,0,0,1,1,0,0,0,0,0,0,0,0,0,0,0,0,-1,-1,-1,-1,-1,-1,-1,-1,1,0,0,1,0,0,0,0,0,0,0,1,0,2,0,1,0,600,30,1,0,0,0,0,3,1,0,-1,138,-1,-1,-1,0,0,0,0,0,0,0,0,0,0,0,0,0,0,0,0,0,0,[0|0],710550,[0|0|0|0|0|0|0|0],寄宿着灵魂的骨灰。\n能召唤“锻造魔像”泰乌尔的灵魂。\n\n稳如山的岩石魔像灵魂。\n拳头能像远攻道具一样射出。\n\n据说泰乌尔的体型最娇小，也最快停止运作。\n在停止运作后，成为了锻造的守护神。
2213000,“神鸟战士”奥尼斯,1,0,[0|0|0],20213000,-1,0,0,-1,0,-1,61440,-1,20000610,0,-1,0,913,0,-1,-1,-1,1,0,50,8,2,0,0,34,13,0,0,[0|0],1,1,1,1,1,0,1,0,0,0,0,1,1,0,0,0,0,0,0,0,0,0,0,0,0,-1,-1,-1,-1,-1,-1,-1,-1,1,0,0,1,0,0,0,0,0,0,0,1,0,2,0,1,0,600,30,1,0,0,0,0,3,1,0,-1,131,-1,2213001,10100,1990,0,0,0,0,0,0,0,0,0,0,0,0,0,0,0,0,0,[0|0],710550,[0|0|0|0|0|0|0|0],寄宿着灵魂的骨灰。\n能召唤“神鸟战士”奥尼斯的灵魂。\n\n角战士的始祖──神鸟战士的灵魂。\n透过降神，获得双翼和羽毛的金色战士。\n\n据说奥尼斯驯服了神鸟，\n凭借着神鸟的翅膀飞向天空。\n在坠落地面后，成为神殿镇的守护神。
2213001,“神鸟战士”奥尼斯＋１,1,0,[0|0|0],20213001,-1,0,0,-1,0,-1,61441,-1,20000610,0,-1,0,913,0,-1,-1,-1,1,0,50,8,2,0,0,34,13,0,0,[0|0],1,1,1,1,1,0,1,0,0,0,0,1,1,0,0,0,0,0,0,0,0,0,0,0,0,-1,-1,-1,-1,-1,-1,-1,-1,1,0,0,1,0,0,0,0,0,0,0,1,0,2,0,1,0,600,30,1,0,0,0,0,3,1,0,-1,131,-1,2213002,10101,3184,0,0,0,0,0,0,0,0,0,0,0,0,0,0,0,0,0,[0|0],710550,[0|0|0|0|0|0|0|0],寄宿着灵魂的骨灰。\n能召唤“神鸟战士”奥尼斯的灵魂。\n\n角战士的始祖──神鸟战士的灵魂。\n透过降神，获得双翼和羽毛的金色战士。\n\n据说奥尼斯驯服了神鸟，\n凭借着神鸟的翅膀飞向天空。\n在坠落地面后，成为神殿镇的守护神。
2213002,“神鸟战士”奥尼斯＋２,1,0,[0|0|0],20213002,-1,0,0,-1,0,-1,61442,-1,20000610,0,-1,0,913,0,-1,-1,-1,1,0,50,8,2,0,0,34,13,0,0,[0|0],1,1,1,1,1,0,1,0,0,0,0,1,1,0,0,0,0,0,0,0,0,0,0,0,0,-1,-1,-1,-1,-1,-1,-1,-1,1,0,0,1,0,0,0,0,0,0,0,1,0,2,0,1,0,600,30,1,0,0,0,0,3,1,0,-1,131,-1,2213003,10102,4378,0,0,0,0,0,0,0,0,0,0,0,0,0,0,0,0,0,[0|0],710550,[0|0|0|0|0|0|0|0],寄宿着灵魂的骨灰。\n能召唤“神鸟战士”奥尼斯的灵魂。\n\n角战士的始祖──神鸟战士的灵魂。\n透过降神，获得双翼和羽毛的金色战士。\n\n据说奥尼斯驯服了神鸟，\n凭借着神鸟的翅膀飞向天空。\n在坠落地面后，成为神殿镇的守护神。
2213003,“神鸟战士”奥尼斯＋３,1,0,[0|0|0],20213003,-1,0,0,-1,0,-1,61443,-1,20000610,0,-1,0,913,0,-1,-1,-1,1,0,50,8,2,0,0,34,13,0,0,[0|0],1,1,1,1,1,0,1,0,0,0,0,1,1,0,0,0,0,0,0,0,0,0,0,0,0,-1,-1,-1,-1,-1,-1,-1,-1,1,0,0,1,0,0,0,0,0,0,0,1,0,2,0,1,0,600,30,1,0,0,0,0,3,1,0,-1,131,-1,2213004,10103,5572,0,0,0,0,0,0,0,0,0,0,0,0,0,0,0,0,0,[0|0],710550,[0|0|0|0|0|0|0|0],寄宿着灵魂的骨灰。\n能召唤“神鸟战士”奥尼斯的灵魂。\n\n角战士的始祖──神鸟战士的灵魂。\n透过降神，获得双翼和羽毛的金色战士。\n\n据说奥尼斯驯服了神鸟，\n凭借着神鸟的翅膀飞向天空。\n在坠落地面后，成为神殿镇的守护神。
2213004,“神鸟战士”奥尼斯＋４,1,0,[0|0|0],20213004,-1,0,0,-1,0,-1,61444,-1,20000610,0,-1,0,913,0,-1,-1,-1,1,0,50,8,2,0,0,34,13,0,0,[0|0],1,1,1,1,1,0,1,0,0,0,0,1,1,0,0,0,0,0,0,0,0,0,0,0,0,-1,-1,-1,-1,-1,-1,-1,-1,1,0,0,1,0,0,0,0,0,0,0,1,0,2,0,1,0,600,30,1,0,0,0,0,3,1,0,-1,131,-1,2213005,10104,6766,0,0,0,0,0,0,0,0,0,0,0,0,0,0,0,0,0,[0|0],710550,[0|0|0|0|0|0|0|0],寄宿着灵魂的骨灰。\n能召唤“神鸟战士”奥尼斯的灵魂。\n\n角战士的始祖──神鸟战士的灵魂。\n透过降神，获得双翼和羽毛的金色战士。\n\n据说奥尼斯驯服了神鸟，\n凭借着神鸟的翅膀飞向天空。\n在坠落地面后，成为神殿镇的守护神。
2213005,“神鸟战士”奥尼斯＋５,1,0,[0|0|0],20213005,-1,0,0,-1,0,-1,61445,-1,20000610,0,-1,0,913,0,-1,-1,-1,1,0,50,8,2,0,0,34,13,0,0,[0|0],1,1,1,1,1,0,1,0,0,0,0,1,1,0,0,0,0,0,0,0,0,0,0,0,0,-1,-1,-1,-1,-1,-1,-1,-1,1,0,0,1,0,0,0,0,0,0,0,1,0,2,0,1,0,600,30,1,0,0,0,0,3,1,0,-1,131,-1,2213006,10105,7960,0,0,0,0,0,0,0,0,0,0,0,0,0,0,0,0,0,[0|0],710550,[0|0|0|0|0|0|0|0],寄宿着灵魂的骨灰。\n能召唤“神鸟战士”奥尼斯的灵魂。\n\n角战士的始祖──神鸟战士的灵魂。\n透过降神，获得双翼和羽毛的金色战士。\n\n据说奥尼斯驯服了神鸟，\n凭借着神鸟的翅膀飞向天空。\n在坠落地面后，成为神殿镇的守护神。
2213006,“神鸟战士”奥尼斯＋６,1,0,[0|0|0],20213006,-1,0,0,-1,0,-1,61446,-1,20000610,0,-1,0,913,0,-1,-1,-1,1,0,50,8,2,0,0,34,13,0,0,[0|0],1,1,1,1,1,0,1,0,0,0,0,1,1,0,0,0,0,0,0,0,0,0,0,0,0,-1,-1,-1,-1,-1,-1,-1,-1,1,0,0,1,0,0,0,0,0,0,0,1,0,2,0,1,0,600,30,1,0,0,0,0,3,1,0,-1,131,-1,2213007,10106,9154,0,0,0,0,0,0,0,0,0,0,0,0,0,0,0,0,0,[0|0],710550,[0|0|0|0|0|0|0|0],寄宿着灵魂的骨灰。\n能召唤“神鸟战士”奥尼斯的灵魂。\n\n角战士的始祖──神鸟战士的灵魂。\n透过降神，获得双翼和羽毛的金色战士。\n\n据说奥尼斯驯服了神鸟，\n凭借着神鸟的翅膀飞向天空。\n在坠落地面后，成为神殿镇的守护神。
2213007,“神鸟战士”奥尼斯＋７,1,0,[0|0|0],20213007,-1,0,0,-1,0,-1,61447,-1,20000610,0,-1,0,913,0,-1,-1,-1,1,0,50,8,2,0,0,34,13,0,0,[0|0],1,1,1,1,1,0,1,0,0,0,0,1,1,0,0,0,0,0,0,0,0,0,0,0,0,-1,-1,-1,-1,-1,-1,-1,-1,1,0,0,1,0,0,0,0,0,0,0,1,0,2,0,1,0,600,30,1,0,0,0,0,3,1,0,-1,131,-1,2213008,10107,10348,0,0,0,0,0,0,0,0,0,0,0,0,0,0,0,0,0,[0|0],710550,[0|0|0|0|0|0|0|0],寄宿着灵魂的骨灰。\n能召唤“神鸟战士”奥尼斯的灵魂。\n\n角战士的始祖──神鸟战士的灵魂。\n透过降神，获得双翼和羽毛的金色战士。\n\n据说奥尼斯驯服了神鸟，\n凭借着神鸟的翅膀飞向天空。\n在坠落地面后，成为神殿镇的守护神。
2213008,“神鸟战士”奥尼斯＋８,1,0,[0|0|0],20213008,-1,0,0,-1,0,-1,61448,-1,20000610,0,-1,0,913,0,-1,-1,-1,1,0,50,8,2,0,0,34,13,0,0,[0|0],1,1,1,1,1,0,1,0,0,0,0,1,1,0,0,0,0,0,0,0,0,0,0,0,0,-1,-1,-1,-1,-1,-1,-1,-1,1,0,0,1,0,0,0,0,0,0,0,1,0,2,0,1,0,600,30,1,0,0,0,0,3,1,0,-1,131,-1,2213009,10108,11542,0,0,0,0,0,0,0,0,0,0,0,0,0,0,0,0,0,[0|0],710550,[0|0|0|0|0|0|0|0],寄宿着灵魂的骨灰。\n能召唤“神鸟战士”奥尼斯的灵魂。\n\n角战士的始祖──神鸟战士的灵魂。\n透过降神，获得双翼和羽毛的金色战士。\n\n据说奥尼斯驯服了神鸟，\n凭借着神鸟的翅膀飞向天空。\n在坠落地面后，成为神殿镇的守护神。
2213009,“神鸟战士”奥尼斯＋９,1,0,[0|0|0],20213009,-1,0,0,-1,0,-1,61449,-1,20000610,0,-1,0,913,0,-1,-1,-1,1,0,50,8,2,0,0,34,13,0,0,[0|0],1,1,1,1,1,0,1,0,0,0,0,1,1,0,0,0,0,0,0,0,0,0,0,0,0,-1,-1,-1,-1,-1,-1,-1,-1,1,0,0,1,0,0,0,0,0,0,0,1,0,2,0,1,0,600,30,1,0,0,0,0,3,1,0,-1,131,-1,2213010,10109,13930,0,0,0,0,0,0,0,0,0,0,0,0,0,0,0,0,0,[0|0],710550,[0|0|0|0|0|0|0|0],寄宿着灵魂的骨灰。\n能召唤“神鸟战士”奥尼斯的灵魂。\n\n角战士的始祖──神鸟战士的灵魂。\n透过降神，获得双翼和羽毛的金色战士。\n\n据说奥尼斯驯服了神鸟，\n凭借着神鸟的翅膀飞向天空。\n在坠落地面后，成为神殿镇的守护神。
2213010,“神鸟战士”奥尼斯＋１０,1,0,[0|0|0],20213010,-1,0,0,-1,0,-1,61450,-1,20000610,0,-1,0,913,0,-1,-1,-1,1,0,50,8,2,0,0,34,13,0,0,[0|0],1,1,1,1,1,0,1,0,0,0,0,1,1,0,0,0,0,0,0,0,0,0,0,0,0,-1,-1,-1,-1,-1,-1,-1,-1,1,0,0,1,0,0,0,0,0,0,0,1,0,2,0,1,0,600,30,1,0,0,0,0,3,1,0,-1,131,-1,-1,-1,0,0,0,0,0,0,0,0,0,0,0,0,0,0,0,0,0,0,[0|0],710550,[0|0|0|0|0|0|0|0],寄宿着灵魂的骨灰。\n能召唤“神鸟战士”奥尼斯的灵魂。\n\n角战士的始祖──神鸟战士的灵魂。\n透过降神，获得双翼和羽毛的金色战士。\n\n据说奥尼斯驯服了神鸟，\n凭借着神鸟的翅膀飞向天空。\n在坠落地面后，成为神殿镇的守护神。
2214000,角战士的骨灰,1,0,[0|0|0],20214000,-1,0,0,-1,0,-1,55950,-1,20000610,0,-1,0,914,0,-1,-1,-1,1,0,50,7,2,0,0,34,13,0,0,[0|0],1,1,1,1,1,0,1,0,0,0,0,1,1,0,0,0,0,0,0,0,0,0,0,0,0,-1,-1,-1,-1,-1,-1,-1,-1,1,0,0,1,0,0,0,0,0,0,0,1,0,2,0,1,0,600,20,1,0,0,0,0,1,1,0,-1,112,-1,2214001,10000,1000,0,0,0,0,0,0,0,0,0,0,0,0,0,0,0,0,0,[0|0],710550,[0|0|0|0|0|0|0|0],寄宿着灵魂的骨灰。\n能召唤角战士的灵魂。\n\n塔的守护者，重装战士的灵魂。\n透过降神，获得过人的力气；\n能挥动大曲剑，于剑身执行角降临。\n\n塔的战士以及他们的武器，\n都是依附的容器。
2214001,角战士的骨灰＋１,1,0,[0|0|0],20214001,-1,0,0,-1,0,-1,55951,-1,20000610,0,-1,0,914,0,-1,-1,-1,1,0,50,7,2,0,0,34,13,0,0,[0|0],1,1,1,1,1,0,1,0,0,0,0,1,1,0,0,0,0,0,0,0,0,0,0,0,0,-1,-1,-1,-1,-1,-1,-1,-1,1,0,0,1,0,0,0,0,0,0,0,1,0,2,0,1,0,600,20,1,0,0,0,0,1,1,0,-1,112,-1,2214002,10001,1400,0,0,0,0,0,0,0,0,0,0,0,0,0,0,0,0,0,[0|0],710550,[0|0|0|0|0|0|0|0],寄宿着灵魂的骨灰。\n能召唤角战士的灵魂。\n\n塔的守护者，重装战士的灵魂。\n透过降神，获得过人的力气；\n能挥动大曲剑，于剑身执行角降临。\n\n塔的战士以及他们的武器，\n都是依附的容器。
2214002,角战士的骨灰＋２,1,0,[0|0|0],20214002,-1,0,0,-1,0,-1,55952,-1,20000610,0,-1,0,914,0,-1,-1,-1,1,0,50,7,2,0,0,34,13,0,0,[0|0],1,1,1,1,1,0,1,0,0,0,0,1,1,0,0,0,0,0,0,0,0,0,0,0,0,-1,-1,-1,-1,-1,-1,-1,-1,1,0,0,1,0,0,0,0,0,0,0,1,0,2,0,1,0,600,20,1,0,0,0,0,1,1,0,-1,112,-1,2214003,10002,1800,0,0,0,0,0,0,0,0,0,0,0,0,0,0,0,0,0,[0|0],710550,[0|0|0|0|0|0|0|0],寄宿着灵魂的骨灰。\n能召唤角战士的灵魂。\n\n塔的守护者，重装战士的灵魂。\n透过降神，获得过人的力气；\n能挥动大曲剑，于剑身执行角降临。\n\n塔的战士以及他们的武器，\n都是依附的容器。
2214003,角战士的骨灰＋３,1,0,[0|0|0],20214003,-1,0,0,-1,0,-1,55953,-1,20000610,0,-1,0,914,0,-1,-1,-1,1,0,50,7,2,0,0,34,13,0,0,[0|0],1,1,1,1,1,0,1,0,0,0,0,1,1,0,0,0,0,0,0,0,0,0,0,0,0,-1,-1,-1,-1,-1,-1,-1,-1,1,0,0,1,0,0,0,0,0,0,0,1,0,2,0,1,0,600,20,1,0,0,0,0,1,1,0,-1,112,-1,2214004,10003,2200,0,0,0,0,0,0,0,0,0,0,0,0,0,0,0,0,0,[0|0],710550,[0|0|0|0|0|0|0|0],寄宿着灵魂的骨灰。\n能召唤角战士的灵魂。\n\n塔的守护者，重装战士的灵魂。\n透过降神，获得过人的力气；\n能挥动大曲剑，于剑身执行角降临。\n\n塔的战士以及他们的武器，\n都是依附的容器。
2214004,角战士的骨灰＋４,1,0,[0|0|0],20214004,-1,0,0,-1,0,-1,55954,-1,20000610,0,-1,0,914,0,-1,-1,-1,1,0,50,7,2,0,0,34,13,0,0,[0|0],1,1,1,1,1,0,1,0,0,0,0,1,1,0,0,0,0,0,0,0,0,0,0,0,0,-1,-1,-1,-1,-1,-1,-1,-1,1,0,0,1,0,0,0,0,0,0,0,1,0,2,0,1,0,600,20,1,0,0,0,0,1,1,0,-1,112,-1,2214005,10004,2600,0,0,0,0,0,0,0,0,0,0,0,0,0,0,0,0,0,[0|0],710550,[0|0|0|0|0|0|0|0],寄宿着灵魂的骨灰。\n能召唤角战士的灵魂。\n\n塔的守护者，重装战士的灵魂。\n透过降神，获得过人的力气；\n能挥动大曲剑，于剑身执行角降临。\n\n塔的战士以及他们的武器，\n都是依附的容器。
2214005,角战士的骨灰＋５,1,0,[0|0|0],20214005,-1,0,0,-1,0,-1,55955,-1,20000610,0,-1,0,914,0,-1,-1,-1,1,0,50,7,2,0,0,34,13,0,0,[0|0],1,1,1,1,1,0,1,0,0,0,0,1,1,0,0,0,0,0,0,0,0,0,0,0,0,-1,-1,-1,-1,-1,-1,-1,-1,1,0,0,1,0,0,0,0,0,0,0,1,0,2,0,1,0,600,20,1,0,0,0,0,1,1,0,-1,112,-1,2214006,10005,3000,0,0,0,0,0,0,0,0,0,0,0,0,0,0,0,0,0,[0|0],710550,[0|0|0|0|0|0|0|0],寄宿着灵魂的骨灰。\n能召唤角战士的灵魂。\n\n塔的守护者，重装战士的灵魂。\n透过降神，获得过人的力气；\n能挥动大曲剑，于剑身执行角降临。\n\n塔的战士以及他们的武器，\n都是依附的容器。
2214006,角战士的骨灰＋６,1,0,[0|0|0],20214006,-1,0,0,-1,0,-1,55956,-1,20000610,0,-1,0,914,0,-1,-1,-1,1,0,50,7,2,0,0,34,13,0,0,[0|0],1,1,1,1,1,0,1,0,0,0,0,1,1,0,0,0,0,0,0,0,0,0,0,0,0,-1,-1,-1,-1,-1,-1,-1,-1,1,0,0,1,0,0,0,0,0,0,0,1,0,2,0,1,0,600,20,1,0,0,0,0,1,1,0,-1,112,-1,2214007,10006,3400,0,0,0,0,0,0,0,0,0,0,0,0,0,0,0,0,0,[0|0],710550,[0|0|0|0|0|0|0|0],寄宿着灵魂的骨灰。\n能召唤角战士的灵魂。\n\n塔的守护者，重装战士的灵魂。\n透过降神，获得过人的力气；\n能挥动大曲剑，于剑身执行角降临。\n\n塔的战士以及他们的武器，\n都是依附的容器。
2214007,角战士的骨灰＋７,1,0,[0|0|0],20214007,-1,0,0,-1,0,-1,55957,-1,20000610,0,-1,0,914,0,-1,-1,-1,1,0,50,7,2,0,0,34,13,0,0,[0|0],1,1,1,1,1,0,1,0,0,0,0,1,1,0,0,0,0,0,0,0,0,0,0,0,0,-1,-1,-1,-1,-1,-1,-1,-1,1,0,0,1,0,0,0,0,0,0,0,1,0,2,0,1,0,600,20,1,0,0,0,0,1,1,0,-1,112,-1,2214008,10007,3800,0,0,0,0,0,0,0,0,0,0,0,0,0,0,0,0,0,[0|0],710550,[0|0|0|0|0|0|0|0],寄宿着灵魂的骨灰。\n能召唤角战士的灵魂。\n\n塔的守护者，重装战士的灵魂。\n透过降神，获得过人的力气；\n能挥动大曲剑，于剑身执行角降临。\n\n塔的战士以及他们的武器，\n都是依附的容器。
2214008,角战士的骨灰＋８,1,0,[0|0|0],20214008,-1,0,0,-1,0,-1,55958,-1,20000610,0,-1,0,914,0,-1,-1,-1,1,0,50,7,2,0,0,34,13,0,0,[0|0],1,1,1,1,1,0,1,0,0,0,0,1,1,0,0,0,0,0,0,0,0,0,0,0,0,-1,-1,-1,-1,-1,-1,-1,-1,1,0,0,1,0,0,0,0,0,0,0,1,0,2,0,1,0,600,20,1,0,0,0,0,1,1,0,-1,112,-1,2214009,10008,4200,0,0,0,0,0,0,0,0,0,0,0,0,0,0,0,0,0,[0|0],710550,[0|0|0|0|0|0|0|0],寄宿着灵魂的骨灰。\n能召唤角战士的灵魂。\n\n塔的守护者，重装战士的灵魂。\n透过降神，获得过人的力气；\n能挥动大曲剑，于剑身执行角降临。\n\n塔的战士以及他们的武器，\n都是依附的容器。
2214009,角战士的骨灰＋９,1,0,[0|0|0],20214009,-1,0,0,-1,0,-1,55959,-1,20000610,0,-1,0,914,0,-1,-1,-1,1,0,50,7,2,0,0,34,13,0,0,[0|0],1,1,1,1,1,0,1,0,0,0,0,1,1,0,0,0,0,0,0,0,0,0,0,0,0,-1,-1,-1,-1,-1,-1,-1,-1,1,0,0,1,0,0,0,0,0,0,0,1,0,2,0,1,0,600,20,1,0,0,0,0,1,1,0,-1,112,-1,2214010,10009,5000,0,0,0,0,0,0,0,0,0,0,0,0,0,0,0,0,0,[0|0],710550,[0|0|0|0|0|0|0|0],寄宿着灵魂的骨灰。\n能召唤角战士的灵魂。\n\n塔的守护者，重装战士的灵魂。\n透过降神，获得过人的力气；\n能挥动大曲剑，于剑身执行角降临。\n\n塔的战士以及他们的武器，\n都是依附的容器。
2214010,角战士的骨灰＋１０,1,0,[0|0|0],20214010,-1,0,0,-1,0,-1,55960,-1,20000610,0,-1,0,914,0,-1,-1,-1,1,0,50,7,2,0,0,34,13,0,0,[0|0],1,1,1,1,1,0,1,0,0,0,0,1,1,0,0,0,0,0,0,0,0,0,0,0,0,-1,-1,-1,-1,-1,-1,-1,-1,1,0,0,1,0,0,0,0,0,0,0,1,0,2,0,1,0,600,20,1,0,0,0,0,1,1,0,-1,112,-1,-1,-1,0,0,0,0,0,0,0,0,0,0,0,0,0,0,0,0,0,0,[0|0],710550,[0|0|0|0|0|0|0|0],寄宿着灵魂的骨灰。\n能召唤角战士的灵魂。\n\n塔的守护者，重装战士的灵魂。\n透过降神，获得过人的力气；\n能挥动大曲剑，于剑身执行角降临。\n\n塔的战士以及他们的武器，\n都是依附的容器。
2215000,“古龙”芙柔桑克斯,1,0,[0|0|0],20215000,-1,0,0,-1,0,-1,61480,-1,20000610,0,-1,0,916,0,-1,-1,-1,1,0,50,8,2,0,0,34,13,0,0,[0|0],1,1,1,1,1,0,1,0,0,0,0,1,1,0,0,0,0,0,0,0,0,0,0,0,0,-1,-1,-1,-1,-1,-1,-1,-1,1,0,0,1,0,0,0,0,0,0,0,1,0,2,0,1,0,600,30,1,0,0,0,0,3,1,0,-1,85,-1,2215001,10100,1390,0,0,0,0,0,0,0,0,0,0,0,0,0,0,0,0,0,[0|0],710550,[0|0|0|0|0|0|0|0],寄宿着灵魂的骨灰。\n能召唤“古龙”芙柔桑克斯的灵魂。\n\n为了侍奉新王，自愿化成灵魂的存在。\n\n能透过自身的龙雷，让自己与周围我方人物，\n提升包含物理的所有减伤率。\n此外，在花岩槌的龙雷命中敌人时，\n能降低对方的雷属性减伤率。\n\n在过去，她为求龙飨传播，得到了人形；\n而如今，她也得到了人心。
2215001,“古龙”芙柔桑克斯＋１,1,0,[0|0|0],20215001,-1,0,0,-1,0,-1,61481,-1,20000610,0,-1,0,916,0,-1,-1,-1,1,0,50,8,2,0,0,34,13,0,0,[0|0],1,1,1,1,1,0,1,0,0,0,0,1,1,0,0,0,0,0,0,0,0,0,0,0,0,-1,-1,-1,-1,-1,-1,-1,-1,1,0,0,1,0,0,0,0,0,0,0,1,0,2,0,1,0,600,30,1,0,0,0,0,3,1,0,-1,85,-1,2215002,10101,2224,0,0,0,0,0,0,0,0,0,0,0,0,0,0,0,0,0,[0|0],710550,[0|0|0|0|0|0|0|0],寄宿着灵魂的骨灰。\n能召唤“古龙”芙柔桑克斯的灵魂。\n\n为了侍奉新王，自愿化成灵魂的存在。\n\n能透过自身的龙雷，让自己与周围我方人物，\n提升包含物理的所有减伤率。\n此外，在花岩槌的龙雷命中敌人时，\n能降低对方的雷属性减伤率。\n\n在过去，她为求龙飨传播，得到了人形；\n而如今，她也得到了人心。
2215002,“古龙”芙柔桑克斯＋２,1,0,[0|0|0],20215002,-1,0,0,-1,0,-1,61482,-1,20000610,0,-1,0,916,0,-1,-1,-1,1,0,50,8,2,0,0,34,13,0,0,[0|0],1,1,1,1,1,0,1,0,0,0,0,1,1,0,0,0,0,0,0,0,0,0,0,0,0,-1,-1,-1,-1,-1,-1,-1,-1,1,0,0,1,0,0,0,0,0,0,0,1,0,2,0,1,0,600,30,1,0,0,0,0,3,1,0,-1,85,-1,2215003,10102,3058,0,0,0,0,0,0,0,0,0,0,0,0,0,0,0,0,0,[0|0],710550,[0|0|0|0|0|0|0|0],寄宿着灵魂的骨灰。\n能召唤“古龙”芙柔桑克斯的灵魂。\n\n为了侍奉新王，自愿化成灵魂的存在。\n\n能透过自身的龙雷，让自己与周围我方人物，\n提升包含物理的所有减伤率。\n此外，在花岩槌的龙雷命中敌人时，\n能降低对方的雷属性减伤率。\n\n在过去，她为求龙飨传播，得到了人形；\n而如今，她也得到了人心。
2215003,“古龙”芙柔桑克斯＋３,1,0,[0|0|0],20215003,-1,0,0,-1,0,-1,61483,-1,20000610,0,-1,0,916,0,-1,-1,-1,1,0,50,8,2,0,0,34,13,0,0,[0|0],1,1,1,1,1,0,1,0,0,0,0,1,1,0,0,0,0,0,0,0,0,0,0,0,0,-1,-1,-1,-1,-1,-1,-1,-1,1,0,0,1,0,0,0,0,0,0,0,1,0,2,0,1,0,600,30,1,0,0,0,0,3,1,0,-1,85,-1,2215004,10103,3892,0,0,0,0,0,0,0,0,0,0,0,0,0,0,0,0,0,[0|0],710550,[0|0|0|0|0|0|0|0],寄宿着灵魂的骨灰。\n能召唤“古龙”芙柔桑克斯的灵魂。\n\n为了侍奉新王，自愿化成灵魂的存在。\n\n能透过自身的龙雷，让自己与周围我方人物，\n提升包含物理的所有减伤率。\n此外，在花岩槌的龙雷命中敌人时，\n能降低对方的雷属性减伤率。\n\n在过去，她为求龙飨传播，得到了人形；\n而如今，她也得到了人心。
2215004,“古龙”芙柔桑克斯＋４,1,0,[0|0|0],20215004,-1,0,0,-1,0,-1,61484,-1,20000610,0,-1,0,916,0,-1,-1,-1,1,0,50,8,2,0,0,34,13,0,0,[0|0],1,1,1,1,1,0,1,0,0,0,0,1,1,0,0,0,0,0,0,0,0,0,0,0,0,-1,-1,-1,-1,-1,-1,-1,-1,1,0,0,1,0,0,0,0,0,0,0,1,0,2,0,1,0,600,30,1,0,0,0,0,3,1,0,-1,85,-1,2215005,10104,4726,0,0,0,0,0,0,0,0,0,0,0,0,0,0,0,0,0,[0|0],710550,[0|0|0|0|0|0|0|0],寄宿着灵魂的骨灰。\n能召唤“古龙”芙柔桑克斯的灵魂。\n\n为了侍奉新王，自愿化成灵魂的存在。\n\n能透过自身的龙雷，让自己与周围我方人物，\n提升包含物理的所有减伤率。\n此外，在花岩槌的龙雷命中敌人时，\n能降低对方的雷属性减伤率。\n\n在过去，她为求龙飨传播，得到了人形；\n而如今，她也得到了人心。
2215005,“古龙”芙柔桑克斯＋５,1,0,[0|0|0],20215005,-1,0,0,-1,0,-1,61485,-1,20000610,0,-1,0,916,0,-1,-1,-1,1,0,50,8,2,0,0,34,13,0,0,[0|0],1,1,1,1,1,0,1,0,0,0,0,1,1,0,0,0,0,0,0,0,0,0,0,0,0,-1,-1,-1,-1,-1,-1,-1,-1,1,0,0,1,0,0,0,0,0,0,0,1,0,2,0,1,0,600,30,1,0,0,0,0,3,1,0,-1,85,-1,2215006,10105,5560,0,0,0,0,0,0,0,0,0,0,0,0,0,0,0,0,0,[0|0],710550,[0|0|0|0|0|0|0|0],寄宿着灵魂的骨灰。\n能召唤“古龙”芙柔桑克斯的灵魂。\n\n为了侍奉新王，自愿化成灵魂的存在。\n\n能透过自身的龙雷，让自己与周围我方人物，\n提升包含物理的所有减伤率。\n此外，在花岩槌的龙雷命中敌人时，\n能降低对方的雷属性减伤率。\n\n在过去，她为求龙飨传播，得到了人形；\n而如今，她也得到了人心。
2215006,“古龙”芙柔桑克斯＋６,1,0,[0|0|0],20215006,-1,0,0,-1,0,-1,61486,-1,20000610,0,-1,0,916,0,-1,-1,-1,1,0,50,8,2,0,0,34,13,0,0,[0|0],1,1,1,1,1,0,1,0,0,0,0,1,1,0,0,0,0,0,0,0,0,0,0,0,0,-1,-1,-1,-1,-1,-1,-1,-1,1,0,0,1,0,0,0,0,0,0,0,1,0,2,0,1,0,600,30,1,0,0,0,0,3,1,0,-1,85,-1,2215007,10106,6394,0,0,0,0,0,0,0,0,0,0,0,0,0,0,0,0,0,[0|0],710550,[0|0|0|0|0|0|0|0],寄宿着灵魂的骨灰。\n能召唤“古龙”芙柔桑克斯的灵魂。\n\n为了侍奉新王，自愿化成灵魂的存在。\n\n能透过自身的龙雷，让自己与周围我方人物，\n提升包含物理的所有减伤率。\n此外，在花岩槌的龙雷命中敌人时，\n能降低对方的雷属性减伤率。\n\n在过去，她为求龙飨传播，得到了人形；\n而如今，她也得到了人心。
2215007,“古龙”芙柔桑克斯＋７,1,0,[0|0|0],20215007,-1,0,0,-1,0,-1,61487,-1,20000610,0,-1,0,916,0,-1,-1,-1,1,0,50,8,2,0,0,34,13,0,0,[0|0],1,1,1,1,1,0,1,0,0,0,0,1,1,0,0,0,0,0,0,0,0,0,0,0,0,-1,-1,-1,-1,-1,-1,-1,-1,1,0,0,1,0,0,0,0,0,0,0,1,0,2,0,1,0,600,30,1,0,0,0,0,3,1,0,-1,85,-1,2215008,10107,7228,0,0,0,0,0,0,0,0,0,0,0,0,0,0,0,0,0,[0|0],710550,[0|0|0|0|0|0|0|0],寄宿着灵魂的骨灰。\n能召唤“古龙”芙柔桑克斯的灵魂。\n\n为了侍奉新王，自愿化成灵魂的存在。\n\n能透过自身的龙雷，让自己与周围我方人物，\n提升包含物理的所有减伤率。\n此外，在花岩槌的龙雷命中敌人时，\n能降低对方的雷属性减伤率。\n\n在过去，她为求龙飨传播，得到了人形；\n而如今，她也得到了人心。
2215008,“古龙”芙柔桑克斯＋８,1,0,[0|0|0],20215008,-1,0,0,-1,0,-1,61488,-1,20000610,0,-1,0,916,0,-1,-1,-1,1,0,50,8,2,0,0,34,13,0,0,[0|0],1,1,1,1,1,0,1,0,0,0,0,1,1,0,0,0,0,0,0,0,0,0,0,0,0,-1,-1,-1,-1,-1,-1,-1,-1,1,0,0,1,0,0,0,0,0,0,0,1,0,2,0,1,0,600,30,1,0,0,0,0,3,1,0,-1,85,-1,2215009,10108,8062,0,0,0,0,0,0,0,0,0,0,0,0,0,0,0,0,0,[0|0],710550,[0|0|0|0|0|0|0|0],寄宿着灵魂的骨灰。\n能召唤“古龙”芙柔桑克斯的灵魂。\n\n为了侍奉新王，自愿化成灵魂的存在。\n\n能透过自身的龙雷，让自己与周围我方人物，\n提升包含物理的所有减伤率。\n此外，在花岩槌的龙雷命中敌人时，\n能降低对方的雷属性减伤率。\n\n在过去，她为求龙飨传播，得到了人形；\n而如今，她也得到了人心。
2215009,“古龙”芙柔桑克斯＋９,1,0,[0|0|0],20215009,-1,0,0,-1,0,-1,61489,-1,20000610,0,-1,0,916,0,-1,-1,-1,1,0,50,8,2,0,0,34,13,0,0,[0|0],1,1,1,1,1,0,1,0,0,0,0,1,1,0,0,0,0,0,0,0,0,0,0,0,0,-1,-1,-1,-1,-1,-1,-1,-1,1,0,0,1,0,0,0,0,0,0,0,1,0,2,0,1,0,600,30,1,0,0,0,0,3,1,0,-1,85,-1,2215010,10109,9730,0,0,0,0,0,0,0,0,0,0,0,0,0,0,0,0,0,[0|0],710550,[0|0|0|0|0|0|0|0],寄宿着灵魂的骨灰。\n能召唤“古龙”芙柔桑克斯的灵魂。\n\n为了侍奉新王，自愿化成灵魂的存在。\n\n能透过自身的龙雷，让自己与周围我方人物，\n提升包含物理的所有减伤率。\n此外，在花岩槌的龙雷命中敌人时，\n能降低对方的雷属性减伤率。\n\n在过去，她为求龙飨传播，得到了人形；\n而如今，她也得到了人心。
2215010,“古龙”芙柔桑克斯＋１０,1,0,[0|0|0],20215010,-1,0,0,-1,0,-1,61490,-1,20000610,0,-1,0,916,0,-1,-1,-1,1,0,50,8,2,0,0,34,13,0,0,[0|0],1,1,1,1,1,0,1,0,0,0,0,1,1,0,0,0,0,0,0,0,0,0,0,0,0,-1,-1,-1,-1,-1,-1,-1,-1,1,0,0,1,0,0,0,0,0,0,0,1,0,2,0,1,0,600,30,1,0,0,0,0,3,1,0,-1,85,-1,-1,-1,0,0,0,0,0,0,0,0,0,0,0,0,0,0,0,0,0,0,[0|0],710550,[0|0|0|0|0|0|0|0],寄宿着灵魂的骨灰。\n能召唤“古龙”芙柔桑克斯的灵魂。\n\n为了侍奉新王，自愿化成灵魂的存在。\n\n能透过自身的龙雷，让自己与周围我方人物，\n提升包含物理的所有减伤率。\n此外，在花岩槌的龙雷命中敌人时，\n能降低对方的雷属性减伤率。\n\n在过去，她为求龙飨传播，得到了人形；\n而如今，她也得到了人心。
2217000,指虫的骨灰,1,0,[0|0|0],20217000,-1,0,0,-1,0,-1,51740,-1,20000610,0,-1,0,915,0,-1,-1,-1,1,0,50,7,2,0,0,34,13,0,0,[0|0],1,1,1,1,1,0,1,0,0,0,0,1,1,0,0,0,0,0,0,0,0,0,0,0,0,-1,-1,-1,-1,-1,-1,-1,-1,1,0,0,1,0,0,0,0,0,0,0,1,0,2,0,1,0,600,10,1,0,0,0,0,1,1,0,-1,80,-1,2217001,10000,800,0,0,0,0,0,0,0,0,0,0,0,0,0,0,0,0,0,[0|0],710550,[0|0|0|0|0|0|0|0],寄宿着灵魂的骨灰。\n能召唤指虫的灵魂。\n\n尚还年幼，体型娇小的指虫灵魂。\n对召唤者抱有孺慕之情，会帮忙恢复血量。\n可能还是很粘母亲的年纪。
2217001,指虫的骨灰＋１,1,0,[0|0|0],20217001,-1,0,0,-1,0,-1,51741,-1,20000610,0,-1,0,915,0,-1,-1,-1,1,0,50,7,2,0,0,34,13,0,0,[0|0],1,1,1,1,1,0,1,0,0,0,0,1,1,0,0,0,0,0,0,0,0,0,0,0,0,-1,-1,-1,-1,-1,-1,-1,-1,1,0,0,1,0,0,0,0,0,0,0,1,0,2,0,1,0,600,10,1,0,0,0,0,1,1,0,-1,80,-1,2217002,10001,1120,0,0,0,0,0,0,0,0,0,0,0,0,0,0,0,0,0,[0|0],710550,[0|0|0|0|0|0|0|0],寄宿着灵魂的骨灰。\n能召唤指虫的灵魂。\n\n尚还年幼，体型娇小的指虫灵魂。\n对召唤者抱有孺慕之情，会帮忙恢复血量。\n可能还是很粘母亲的年纪。
2217002,指虫的骨灰＋２,1,0,[0|0|0],20217002,-1,0,0,-1,0,-1,51742,-1,20000610,0,-1,0,915,0,-1,-1,-1,1,0,50,7,2,0,0,34,13,0,0,[0|0],1,1,1,1,1,0,1,0,0,0,0,1,1,0,0,0,0,0,0,0,0,0,0,0,0,-1,-1,-1,-1,-1,-1,-1,-1,1,0,0,1,0,0,0,0,0,0,0,1,0,2,0,1,0,600,10,1,0,0,0,0,1,1,0,-1,80,-1,2217003,10002,1440,0,0,0,0,0,0,0,0,0,0,0,0,0,0,0,0,0,[0|0],710550,[0|0|0|0|0|0|0|0],寄宿着灵魂的骨灰。\n能召唤指虫的灵魂。\n\n尚还年幼，体型娇小的指虫灵魂。\n对召唤者抱有孺慕之情，会帮忙恢复血量。\n可能还是很粘母亲的年纪。
2217003,指虫的骨灰＋３,1,0,[0|0|0],20217003,-1,0,0,-1,0,-1,51743,-1,20000610,0,-1,0,915,0,-1,-1,-1,1,0,50,7,2,0,0,34,13,0,0,[0|0],1,1,1,1,1,0,1,0,0,0,0,1,1,0,0,0,0,0,0,0,0,0,0,0,0,-1,-1,-1,-1,-1,-1,-1,-1,1,0,0,1,0,0,0,0,0,0,0,1,0,2,0,1,0,600,10,1,0,0,0,0,1,1,0,-1,80,-1,2217004,10003,1760,0,0,0,0,0,0,0,0,0,0,0,0,0,0,0,0,0,[0|0],710550,[0|0|0|0|0|0|0|0],寄宿着灵魂的骨灰。\n能召唤指虫的灵魂。\n\n尚还年幼，体型娇小的指虫灵魂。\n对召唤者抱有孺慕之情，会帮忙恢复血量。\n可能还是很粘母亲的年纪。
2217004,指虫的骨灰＋４,1,0,[0|0|0],20217004,-1,0,0,-1,0,-1,51744,-1,20000610,0,-1,0,915,0,-1,-1,-1,1,0,50,7,2,0,0,34,13,0,0,[0|0],1,1,1,1,1,0,1,0,0,0,0,1,1,0,0,0,0,0,0,0,0,0,0,0,0,-1,-1,-1,-1,-1,-1,-1,-1,1,0,0,1,0,0,0,0,0,0,0,1,0,2,0,1,0,600,10,1,0,0,0,0,1,1,0,-1,80,-1,2217005,10004,2080,0,0,0,0,0,0,0,0,0,0,0,0,0,0,0,0,0,[0|0],710550,[0|0|0|0|0|0|0|0],寄宿着灵魂的骨灰。\n能召唤指虫的灵魂。\n\n尚还年幼，体型娇小的指虫灵魂。\n对召唤者抱有孺慕之情，会帮忙恢复血量。\n可能还是很粘母亲的年纪。
2217005,指虫的骨灰＋５,1,0,[0|0|0],20217005,-1,0,0,-1,0,-1,51745,-1,20000610,0,-1,0,915,0,-1,-1,-1,1,0,50,7,2,0,0,34,13,0,0,[0|0],1,1,1,1,1,0,1,0,0,0,0,1,1,0,0,0,0,0,0,0,0,0,0,0,0,-1,-1,-1,-1,-1,-1,-1,-1,1,0,0,1,0,0,0,0,0,0,0,1,0,2,0,1,0,600,10,1,0,0,0,0,1,1,0,-1,80,-1,2217006,10005,2400,0,0,0,0,0,0,0,0,0,0,0,0,0,0,0,0,0,[0|0],710550,[0|0|0|0|0|0|0|0],寄宿着灵魂的骨灰。\n能召唤指虫的灵魂。\n\n尚还年幼，体型娇小的指虫灵魂。\n对召唤者抱有孺慕之情，会帮忙恢复血量。\n可能还是很粘母亲的年纪。
2217006,指虫的骨灰＋６,1,0,[0|0|0],20217006,-1,0,0,-1,0,-1,51746,-1,20000610,0,-1,0,915,0,-1,-1,-1,1,0,50,7,2,0,0,34,13,0,0,[0|0],1,1,1,1,1,0,1,0,0,0,0,1,1,0,0,0,0,0,0,0,0,0,0,0,0,-1,-1,-1,-1,-1,-1,-1,-1,1,0,0,1,0,0,0,0,0,0,0,1,0,2,0,1,0,600,10,1,0,0,0,0,1,1,0,-1,80,-1,2217007,10006,2720,0,0,0,0,0,0,0,0,0,0,0,0,0,0,0,0,0,[0|0],710550,[0|0|0|0|0|0|0|0],寄宿着灵魂的骨灰。\n能召唤指虫的灵魂。\n\n尚还年幼，体型娇小的指虫灵魂。\n对召唤者抱有孺慕之情，会帮忙恢复血量。\n可能还是很粘母亲的年纪。
2217007,指虫的骨灰＋７,1,0,[0|0|0],20217007,-1,0,0,-1,0,-1,51747,-1,20000610,0,-1,0,915,0,-1,-1,-1,1,0,50,7,2,0,0,34,13,0,0,[0|0],1,1,1,1,1,0,1,0,0,0,0,1,1,0,0,0,0,0,0,0,0,0,0,0,0,-1,-1,-1,-1,-1,-1,-1,-1,1,0,0,1,0,0,0,0,0,0,0,1,0,2,0,1,0,600,10,1,0,0,0,0,1,1,0,-1,80,-1,2217008,10007,3040,0,0,0,0,0,0,0,0,0,0,0,0,0,0,0,0,0,[0|0],710550,[0|0|0|0|0|0|0|0],寄宿着灵魂的骨灰。\n能召唤指虫的灵魂。\n\n尚还年幼，体型娇小的指虫灵魂。\n对召唤者抱有孺慕之情，会帮忙恢复血量。\n可能还是很粘母亲的年纪。
2217008,指虫的骨灰＋８,1,0,[0|0|0],20217008,-1,0,0,-1,0,-1,51748,-1,20000610,0,-1,0,915,0,-1,-1,-1,1,0,50,7,2,0,0,34,13,0,0,[0|0],1,1,1,1,1,0,1,0,0,0,0,1,1,0,0,0,0,0,0,0,0,0,0,0,0,-1,-1,-1,-1,-1,-1,-1,-1,1,0,0,1,0,0,0,0,0,0,0,1,0,2,0,1,0,600,10,1,0,0,0,0,1,1,0,-1,80,-1,2217009,10008,3360,0,0,0,0,0,0,0,0,0,0,0,0,0,0,0,0,0,[0|0],710550,[0|0|0|0|0|0|0|0],寄宿着灵魂的骨灰。\n能召唤指虫的灵魂。\n\n尚还年幼，体型娇小的指虫灵魂。\n对召唤者抱有孺慕之情，会帮忙恢复血量。\n可能还是很粘母亲的年纪。
2217009,指虫的骨灰＋９,1,0,[0|0|0],20217009,-1,0,0,-1,0,-1,51749,-1,20000610,0,-1,0,915,0,-1,-1,-1,1,0,50,7,2,0,0,34,13,0,0,[0|0],1,1,1,1,1,0,1,0,0,0,0,1,1,0,0,0,0,0,0,0,0,0,0,0,0,-1,-1,-1,-1,-1,-1,-1,-1,1,0,0,1,0,0,0,0,0,0,0,1,0,2,0,1,0,600,10,1,0,0,0,0,1,1,0,-1,80,-1,2217010,10009,4000,0,0,0,0,0,0,0,0,0,0,0,0,0,0,0,0,0,[0|0],710550,[0|0|0|0|0|0|0|0],寄宿着灵魂的骨灰。\n能召唤指虫的灵魂。\n\n尚还年幼，体型娇小的指虫灵魂。\n对召唤者抱有孺慕之情，会帮忙恢复血量。\n可能还是很粘母亲的年纪。
2217010,指虫的骨灰＋１０,1,0,[0|0|0],20217010,-1,0,0,-1,0,-1,51750,-1,20000610,0,-1,0,915,0,-1,-1,-1,1,0,50,7,2,0,0,34,13,0,0,[0|0],1,1,1,1,1,0,1,0,0,0,0,1,1,0,0,0,0,0,0,0,0,0,0,0,0,-1,-1,-1,-1,-1,-1,-1,-1,1,0,0,1,0,0,0,0,0,0,0,1,0,2,0,1,0,600,10,1,0,0,0,0,1,1,0,-1,80,-1,-1,-1,0,0,0,0,0,0,0,0,0,0,0,0,0,0,0,0,0,0,[0|0],710550,[0|0|0|0|0|0|0|0],寄宿着灵魂的骨灰。\n能召唤指虫的灵魂。\n\n尚还年幼，体型娇小的指虫灵魂。\n对召唤者抱有孺慕之情，会帮忙恢复血量。\n可能还是很粘母亲的年纪。
2218000,“火焰骑士”昆兰,1,0,[0|0|0],20218000,-1,0,0,-1,0,-1,60380,-1,20000610,0,-1,0,918,0,-1,-1,-1,1,0,50,8,2,0,0,34,13,0,0,[0|0],1,1,1,1,1,0,1,0,0,0,0,1,1,0,0,0,0,0,0,0,0,0,0,0,0,-1,-1,-1,-1,-1,-1,-1,-1,1,0,0,1,0,0,0,0,0,0,0,1,0,2,0,1,0,600,30,1,0,0,0,0,2,1,0,-1,123,-1,2218001,10100,1870,0,0,0,0,0,0,0,0,0,0,0,0,0,0,0,0,0,[0|0],710550,[0|0|0|0|0|0|0|0],寄宿着灵魂的骨灰。\n能召唤“火焰骑士”昆兰的灵魂。\n在召唤后会立刻投入战斗。\n\n接受了赐福覆眼膜，心得以平静的骑士灵魂。\n能挥舞外型似矛的大剑，用火焰穿刺敌人──\n“让污秽的一切，永久远离吾等之母玛莉卡。”\n\n即使只有片刻效果，那赐福还是带给了他救赎；\n只是在那救赎背后，等着他的是无止尽的战斗。
2218001,“火焰骑士”昆兰＋１,1,0,[0|0|0],20218001,-1,0,0,-1,0,-1,60381,-1,20000610,0,-1,0,918,0,-1,-1,-1,1,0,50,8,2,0,0,34,13,0,0,[0|0],1,1,1,1,1,0,1,0,0,0,0,1,1,0,0,0,0,0,0,0,0,0,0,0,0,-1,-1,-1,-1,-1,-1,-1,-1,1,0,0,1,0,0,0,0,0,0,0,1,0,2,0,1,0,600,30,1,0,0,0,0,2,1,0,-1,123,-1,2218002,10101,2992,0,0,0,0,0,0,0,0,0,0,0,0,0,0,0,0,0,[0|0],710550,[0|0|0|0|0|0|0|0],寄宿着灵魂的骨灰。\n能召唤“火焰骑士”昆兰的灵魂。\n在召唤后会立刻投入战斗。\n\n接受了赐福覆眼膜，心得以平静的骑士灵魂。\n能挥舞外型似矛的大剑，用火焰穿刺敌人──\n“让污秽的一切，永久远离吾等之母玛莉卡。”\n\n即使只有片刻效果，那赐福还是带给了他救赎；\n只是在那救赎背后，等着他的是无止尽的战斗。
2218002,“火焰骑士”昆兰＋２,1,0,[0|0|0],20218002,-1,0,0,-1,0,-1,60382,-1,20000610,0,-1,0,918,0,-1,-1,-1,1,0,50,8,2,0,0,34,13,0,0,[0|0],1,1,1,1,1,0,1,0,0,0,0,1,1,0,0,0,0,0,0,0,0,0,0,0,0,-1,-1,-1,-1,-1,-1,-1,-1,1,0,0,1,0,0,0,0,0,0,0,1,0,2,0,1,0,600,30,1,0,0,0,0,2,1,0,-1,123,-1,2218003,10102,4114,0,0,0,0,0,0,0,0,0,0,0,0,0,0,0,0,0,[0|0],710550,[0|0|0|0|0|0|0|0],寄宿着灵魂的骨灰。\n能召唤“火焰骑士”昆兰的灵魂。\n在召唤后会立刻投入战斗。\n\n接受了赐福覆眼膜，心得以平静的骑士灵魂。\n能挥舞外型似矛的大剑，用火焰穿刺敌人──\n“让污秽的一切，永久远离吾等之母玛莉卡。”\n\n即使只有片刻效果，那赐福还是带给了他救赎；\n只是在那救赎背后，等着他的是无止尽的战斗。
2218003,“火焰骑士”昆兰＋３,1,0,[0|0|0],20218003,-1,0,0,-1,0,-1,60383,-1,20000610,0,-1,0,918,0,-1,-1,-1,1,0,50,8,2,0,0,34,13,0,0,[0|0],1,1,1,1,1,0,1,0,0,0,0,1,1,0,0,0,0,0,0,0,0,0,0,0,0,-1,-1,-1,-1,-1,-1,-1,-1,1,0,0,1,0,0,0,0,0,0,0,1,0,2,0,1,0,600,30,1,0,0,0,0,2,1,0,-1,123,-1,2218004,10103,5236,0,0,0,0,0,0,0,0,0,0,0,0,0,0,0,0,0,[0|0],710550,[0|0|0|0|0|0|0|0],寄宿着灵魂的骨灰。\n能召唤“火焰骑士”昆兰的灵魂。\n在召唤后会立刻投入战斗。\n\n接受了赐福覆眼膜，心得以平静的骑士灵魂。\n能挥舞外型似矛的大剑，用火焰穿刺敌人──\n“让污秽的一切，永久远离吾等之母玛莉卡。”\n\n即使只有片刻效果，那赐福还是带给了他救赎；\n只是在那救赎背后，等着他的是无止尽的战斗。
2218004,“火焰骑士”昆兰＋４,1,0,[0|0|0],20218004,-1,0,0,-1,0,-1,60384,-1,20000610,0,-1,0,918,0,-1,-1,-1,1,0,50,8,2,0,0,34,13,0,0,[0|0],1,1,1,1,1,0,1,0,0,0,0,1,1,0,0,0,0,0,0,0,0,0,0,0,0,-1,-1,-1,-1,-1,-1,-1,-1,1,0,0,1,0,0,0,0,0,0,0,1,0,2,0,1,0,600,30,1,0,0,0,0,2,1,0,-1,123,-1,2218005,10104,6358,0,0,0,0,0,0,0,0,0,0,0,0,0,0,0,0,0,[0|0],710550,[0|0|0|0|0|0|0|0],寄宿着灵魂的骨灰。\n能召唤“火焰骑士”昆兰的灵魂。\n在召唤后会立刻投入战斗。\n\n接受了赐福覆眼膜，心得以平静的骑士灵魂。\n能挥舞外型似矛的大剑，用火焰穿刺敌人──\n“让污秽的一切，永久远离吾等之母玛莉卡。”\n\n即使只有片刻效果，那赐福还是带给了他救赎；\n只是在那救赎背后，等着他的是无止尽的战斗。
2218005,“火焰骑士”昆兰＋５,1,0,[0|0|0],20218005,-1,0,0,-1,0,-1,60385,-1,20000610,0,-1,0,918,0,-1,-1,-1,1,0,50,8,2,0,0,34,13,0,0,[0|0],1,1,1,1,1,0,1,0,0,0,0,1,1,0,0,0,0,0,0,0,0,0,0,0,0,-1,-1,-1,-1,-1,-1,-1,-1,1,0,0,1,0,0,0,0,0,0,0,1,0,2,0,1,0,600,30,1,0,0,0,0,2,1,0,-1,123,-1,2218006,10105,7480,0,0,0,0,0,0,0,0,0,0,0,0,0,0,0,0,0,[0|0],710550,[0|0|0|0|0|0|0|0],寄宿着灵魂的骨灰。\n能召唤“火焰骑士”昆兰的灵魂。\n在召唤后会立刻投入战斗。\n\n接受了赐福覆眼膜，心得以平静的骑士灵魂。\n能挥舞外型似矛的大剑，用火焰穿刺敌人──\n“让污秽的一切，永久远离吾等之母玛莉卡。”\n\n即使只有片刻效果，那赐福还是带给了他救赎；\n只是在那救赎背后，等着他的是无止尽的战斗。
2218006,“火焰骑士”昆兰＋６,1,0,[0|0|0],20218006,-1,0,0,-1,0,-1,60386,-1,20000610,0,-1,0,918,0,-1,-1,-1,1,0,50,8,2,0,0,34,13,0,0,[0|0],1,1,1,1,1,0,1,0,0,0,0,1,1,0,0,0,0,0,0,0,0,0,0,0,0,-1,-1,-1,-1,-1,-1,-1,-1,1,0,0,1,0,0,0,0,0,0,0,1,0,2,0,1,0,600,30,1,0,0,0,0,2,1,0,-1,123,-1,2218007,10106,8602,0,0,0,0,0,0,0,0,0,0,0,0,0,0,0,0,0,[0|0],710550,[0|0|0|0|0|0|0|0],寄宿着灵魂的骨灰。\n能召唤“火焰骑士”昆兰的灵魂。\n在召唤后会立刻投入战斗。\n\n接受了赐福覆眼膜，心得以平静的骑士灵魂。\n能挥舞外型似矛的大剑，用火焰穿刺敌人──\n“让污秽的一切，永久远离吾等之母玛莉卡。”\n\n即使只有片刻效果，那赐福还是带给了他救赎；\n只是在那救赎背后，等着他的是无止尽的战斗。
2218007,“火焰骑士”昆兰＋７,1,0,[0|0|0],20218007,-1,0,0,-1,0,-1,60387,-1,20000610,0,-1,0,918,0,-1,-1,-1,1,0,50,8,2,0,0,34,13,0,0,[0|0],1,1,1,1,1,0,1,0,0,0,0,1,1,0,0,0,0,0,0,0,0,0,0,0,0,-1,-1,-1,-1,-1,-1,-1,-1,1,0,0,1,0,0,0,0,0,0,0,1,0,2,0,1,0,600,30,1,0,0,0,0,2,1,0,-1,123,-1,2218008,10107,9724,0,0,0,0,0,0,0,0,0,0,0,0,0,0,0,0,0,[0|0],710550,[0|0|0|0|0|0|0|0],寄宿着灵魂的骨灰。\n能召唤“火焰骑士”昆兰的灵魂。\n在召唤后会立刻投入战斗。\n\n接受了赐福覆眼膜，心得以平静的骑士灵魂。\n能挥舞外型似矛的大剑，用火焰穿刺敌人──\n“让污秽的一切，永久远离吾等之母玛莉卡。”\n\n即使只有片刻效果，那赐福还是带给了他救赎；\n只是在那救赎背后，等着他的是无止尽的战斗。
2218008,“火焰骑士”昆兰＋８,1,0,[0|0|0],20218008,-1,0,0,-1,0,-1,60388,-1,20000610,0,-1,0,918,0,-1,-1,-1,1,0,50,8,2,0,0,34,13,0,0,[0|0],1,1,1,1,1,0,1,0,0,0,0,1,1,0,0,0,0,0,0,0,0,0,0,0,0,-1,-1,-1,-1,-1,-1,-1,-1,1,0,0,1,0,0,0,0,0,0,0,1,0,2,0,1,0,600,30,1,0,0,0,0,2,1,0,-1,123,-1,2218009,10108,10846,0,0,0,0,0,0,0,0,0,0,0,0,0,0,0,0,0,[0|0],710550,[0|0|0|0|0|0|0|0],寄宿着灵魂的骨灰。\n能召唤“火焰骑士”昆兰的灵魂。\n在召唤后会立刻投入战斗。\n\n接受了赐福覆眼膜，心得以平静的骑士灵魂。\n能挥舞外型似矛的大剑，用火焰穿刺敌人──\n“让污秽的一切，永久远离吾等之母玛莉卡。”\n\n即使只有片刻效果，那赐福还是带给了他救赎；\n只是在那救赎背后，等着他的是无止尽的战斗。
2218009,“火焰骑士”昆兰＋９,1,0,[0|0|0],20218009,-1,0,0,-1,0,-1,60389,-1,20000610,0,-1,0,918,0,-1,-1,-1,1,0,50,8,2,0,0,34,13,0,0,[0|0],1,1,1,1,1,0,1,0,0,0,0,1,1,0,0,0,0,0,0,0,0,0,0,0,0,-1,-1,-1,-1,-1,-1,-1,-1,1,0,0,1,0,0,0,0,0,0,0,1,0,2,0,1,0,600,30,1,0,0,0,0,2,1,0,-1,123,-1,2218010,10109,13090,0,0,0,0,0,0,0,0,0,0,0,0,0,0,0,0,0,[0|0],710550,[0|0|0|0|0|0|0|0],寄宿着灵魂的骨灰。\n能召唤“火焰骑士”昆兰的灵魂。\n在召唤后会立刻投入战斗。\n\n接受了赐福覆眼膜，心得以平静的骑士灵魂。\n能挥舞外型似矛的大剑，用火焰穿刺敌人──\n“让污秽的一切，永久远离吾等之母玛莉卡。”\n\n即使只有片刻效果，那赐福还是带给了他救赎；\n只是在那救赎背后，等着他的是无止尽的战斗。
2218010,“火焰骑士”昆兰＋１０,1,0,[0|0|0],20218010,-1,0,0,-1,0,-1,60390,-1,20000610,0,-1,0,918,0,-1,-1,-1,1,0,50,8,2,0,0,34,13,0,0,[0|0],1,1,1,1,1,0,1,0,0,0,0,1,1,0,0,0,0,0,0,0,0,0,0,0,0,-1,-1,-1,-1,-1,-1,-1,-1,1,0,0,1,0,0,0,0,0,0,0,1,0,2,0,1,0,600,30,1,0,0,0,0,2,1,0,-1,123,-1,-1,-1,0,0,0,0,0,0,0,0,0,0,0,0,0,0,0,0,0,0,[0|0],710550,[0|0|0|0|0|0|0|0],寄宿着灵魂的骨灰。\n能召唤“火焰骑士”昆兰的灵魂。\n在召唤后会立刻投入战斗。\n\n接受了赐福覆眼膜，心得以平静的骑士灵魂。\n能挥舞外型似矛的大剑，用火焰穿刺敌人──\n“让污秽的一切，永久远离吾等之母玛莉卡。”\n\n即使只有片刻效果，那赐福还是带给了他救赎；\n只是在那救赎背后，等着他的是无止尽的战斗。
2219000,“黑夜剑士”约兰,1,0,[0|0|0],20219000,-1,0,0,-1,0,-1,60400,-1,20000610,0,-1,0,919,0,-1,-1,-1,1,0,50,8,2,0,0,34,13,0,0,[0|0],1,1,1,1,1,0,1,0,0,0,0,1,1,0,0,0,0,0,0,0,0,0,0,0,0,-1,-1,-1,-1,-1,-1,-1,-1,1,0,0,1,0,0,0,0,0,0,0,1,0,2,0,1,0,600,30,1,0,0,0,0,2,1,0,-1,86,-1,2219001,10100,1410,0,0,0,0,0,0,0,0,0,0,0,0,0,0,0,0,0,[0|0],710550,[0|0|0|0|0|0|0|0],寄宿着灵魂的骨灰。\n能召唤“黑夜剑士”约兰的灵魂。\n\n接受了赐福覆眼膜，得到光芒的剑士灵魂。\n能挥舞暗黑刀，突破敌人的防御。\n\n那道光芒不是来自期盼的星光，\n但确实照亮了她的黑夜。\n\n只是那光芒有时太过明亮，快让黑夜为之消失。
2219001,“黑夜剑士”约兰＋１,1,0,[0|0|0],20219001,-1,0,0,-1,0,-1,60401,-1,20000610,0,-1,0,919,0,-1,-1,-1,1,0,50,8,2,0,0,34,13,0,0,[0|0],1,1,1,1,1,0,1,0,0,0,0,1,1,0,0,0,0,0,0,0,0,0,0,0,0,-1,-1,-1,-1,-1,-1,-1,-1,1,0,0,1,0,0,0,0,0,0,0,1,0,2,0,1,0,600,30,1,0,0,0,0,2,1,0,-1,86,-1,2219002,10101,2256,0,0,0,0,0,0,0,0,0,0,0,0,0,0,0,0,0,[0|0],710550,[0|0|0|0|0|0|0|0],寄宿着灵魂的骨灰。\n能召唤“黑夜剑士”约兰的灵魂。\n\n接受了赐福覆眼膜，得到光芒的剑士灵魂。\n能挥舞暗黑刀，突破敌人的防御。\n\n那道光芒不是来自期盼的星光，\n但确实照亮了她的黑夜。\n\n只是那光芒有时太过明亮，快让黑夜为之消失。
2219002,“黑夜剑士”约兰＋２,1,0,[0|0|0],20219002,-1,0,0,-1,0,-1,60402,-1,20000610,0,-1,0,919,0,-1,-1,-1,1,0,50,8,2,0,0,34,13,0,0,[0|0],1,1,1,1,1,0,1,0,0,0,0,1,1,0,0,0,0,0,0,0,0,0,0,0,0,-1,-1,-1,-1,-1,-1,-1,-1,1,0,0,1,0,0,0,0,0,0,0,1,0,2,0,1,0,600,30,1,0,0,0,0,2,1,0,-1,86,-1,2219003,10102,3102,0,0,0,0,0,0,0,0,0,0,0,0,0,0,0,0,0,[0|0],710550,[0|0|0|0|0|0|0|0],寄宿着灵魂的骨灰。\n能召唤“黑夜剑士”约兰的灵魂。\n\n接受了赐福覆眼膜，得到光芒的剑士灵魂。\n能挥舞暗黑刀，突破敌人的防御。\n\n那道光芒不是来自期盼的星光，\n但确实照亮了她的黑夜。\n\n只是那光芒有时太过明亮，快让黑夜为之消失。
2219003,“黑夜剑士”约兰＋３,1,0,[0|0|0],20219003,-1,0,0,-1,0,-1,60403,-1,20000610,0,-1,0,919,0,-1,-1,-1,1,0,50,8,2,0,0,34,13,0,0,[0|0],1,1,1,1,1,0,1,0,0,0,0,1,1,0,0,0,0,0,0,0,0,0,0,0,0,-1,-1,-1,-1,-1,-1,-1,-1,1,0,0,1,0,0,0,0,0,0,0,1,0,2,0,1,0,600,30,1,0,0,0,0,2,1,0,-1,86,-1,2219004,10103,3948,0,0,0,0,0,0,0,0,0,0,0,0,0,0,0,0,0,[0|0],710550,[0|0|0|0|0|0|0|0],寄宿着灵魂的骨灰。\n能召唤“黑夜剑士”约兰的灵魂。\n\n接受了赐福覆眼膜，得到光芒的剑士灵魂。\n能挥舞暗黑刀，突破敌人的防御。\n\n那道光芒不是来自期盼的星光，\n但确实照亮了她的黑夜。\n\n只是那光芒有时太过明亮，快让黑夜为之消失。
2219004,“黑夜剑士”约兰＋４,1,0,[0|0|0],20219004,-1,0,0,-1,0,-1,60404,-1,20000610,0,-1,0,919,0,-1,-1,-1,1,0,50,8,2,0,0,34,13,0,0,[0|0],1,1,1,1,1,0,1,0,0,0,0,1,1,0,0,0,0,0,0,0,0,0,0,0,0,-1,-1,-1,-1,-1,-1,-1,-1,1,0,0,1,0,0,0,0,0,0,0,1,0,2,0,1,0,600,30,1,0,0,0,0,2,1,0,-1,86,-1,2219005,10104,4794,0,0,0,0,0,0,0,0,0,0,0,0,0,0,0,0,0,[0|0],710550,[0|0|0|0|0|0|0|0],寄宿着灵魂的骨灰。\n能召唤“黑夜剑士”约兰的灵魂。\n\n接受了赐福覆眼膜，得到光芒的剑士灵魂。\n能挥舞暗黑刀，突破敌人的防御。\n\n那道光芒不是来自期盼的星光，\n但确实照亮了她的黑夜。\n\n只是那光芒有时太过明亮，快让黑夜为之消失。
2219005,“黑夜剑士”约兰＋５,1,0,[0|0|0],20219005,-1,0,0,-1,0,-1,60405,-1,20000610,0,-1,0,919,0,-1,-1,-1,1,0,50,8,2,0,0,34,13,0,0,[0|0],1,1,1,1,1,0,1,0,0,0,0,1,1,0,0,0,0,0,0,0,0,0,0,0,0,-1,-1,-1,-1,-1,-1,-1,-1,1,0,0,1,0,0,0,0,0,0,0,1,0,2,0,1,0,600,30,1,0,0,0,0,2,1,0,-1,86,-1,2219006,10105,5640,0,0,0,0,0,0,0,0,0,0,0,0,0,0,0,0,0,[0|0],710550,[0|0|0|0|0|0|0|0],寄宿着灵魂的骨灰。\n能召唤“黑夜剑士”约兰的灵魂。\n\n接受了赐福覆眼膜，得到光芒的剑士灵魂。\n能挥舞暗黑刀，突破敌人的防御。\n\n那道光芒不是来自期盼的星光，\n但确实照亮了她的黑夜。\n\n只是那光芒有时太过明亮，快让黑夜为之消失。
2219006,“黑夜剑士”约兰＋６,1,0,[0|0|0],20219006,-1,0,0,-1,0,-1,60406,-1,20000610,0,-1,0,919,0,-1,-1,-1,1,0,50,8,2,0,0,34,13,0,0,[0|0],1,1,1,1,1,0,1,0,0,0,0,1,1,0,0,0,0,0,0,0,0,0,0,0,0,-1,-1,-1,-1,-1,-1,-1,-1,1,0,0,1,0,0,0,0,0,0,0,1,0,2,0,1,0,600,30,1,0,0,0,0,2,1,0,-1,86,-1,2219007,10106,6486,0,0,0,0,0,0,0,0,0,0,0,0,0,0,0,0,0,[0|0],710550,[0|0|0|0|0|0|0|0],寄宿着灵魂的骨灰。\n能召唤“黑夜剑士”约兰的灵魂。\n\n接受了赐福覆眼膜，得到光芒的剑士灵魂。\n能挥舞暗黑刀，突破敌人的防御。\n\n那道光芒不是来自期盼的星光，\n但确实照亮了她的黑夜。\n\n只是那光芒有时太过明亮，快让黑夜为之消失。
2219007,“黑夜剑士”约兰＋７,1,0,[0|0|0],20219007,-1,0,0,-1,0,-1,60407,-1,20000610,0,-1,0,919,0,-1,-1,-1,1,0,50,8,2,0,0,34,13,0,0,[0|0],1,1,1,1,1,0,1,0,0,0,0,1,1,0,0,0,0,0,0,0,0,0,0,0,0,-1,-1,-1,-1,-1,-1,-1,-1,1,0,0,1,0,0,0,0,0,0,0,1,0,2,0,1,0,600,30,1,0,0,0,0,2,1,0,-1,86,-1,2219008,10107,7332,0,0,0,0,0,0,0,0,0,0,0,0,0,0,0,0,0,[0|0],710550,[0|0|0|0|0|0|0|0],寄宿着灵魂的骨灰。\n能召唤“黑夜剑士”约兰的灵魂。\n\n接受了赐福覆眼膜，得到光芒的剑士灵魂。\n能挥舞暗黑刀，突破敌人的防御。\n\n那道光芒不是来自期盼的星光，\n但确实照亮了她的黑夜。\n\n只是那光芒有时太过明亮，快让黑夜为之消失。
2219008,“黑夜剑士”约兰＋８,1,0,[0|0|0],20219008,-1,0,0,-1,0,-1,60408,-1,20000610,0,-1,0,919,0,-1,-1,-1,1,0,50,8,2,0,0,34,13,0,0,[0|0],1,1,1,1,1,0,1,0,0,0,0,1,1,0,0,0,0,0,0,0,0,0,0,0,0,-1,-1,-1,-1,-1,-1,-1,-1,1,0,0,1,0,0,0,0,0,0,0,1,0,2,0,1,0,600,30,1,0,0,0,0,2,1,0,-1,86,-1,2219009,10108,8178,0,0,0,0,0,0,0,0,0,0,0,0,0,0,0,0,0,[0|0],710550,[0|0|0|0|0|0|0|0],寄宿着灵魂的骨灰。\n能召唤“黑夜剑士”约兰的灵魂。\n\n接受了赐福覆眼膜，得到光芒的剑士灵魂。\n能挥舞暗黑刀，突破敌人的防御。\n\n那道光芒不是来自期盼的星光，\n但确实照亮了她的黑夜。\n\n只是那光芒有时太过明亮，快让黑夜为之消失。
2219009,“黑夜剑士”约兰＋９,1,0,[0|0|0],20219009,-1,0,0,-1,0,-1,60409,-1,20000610,0,-1,0,919,0,-1,-1,-1,1,0,50,8,2,0,0,34,13,0,0,[0|0],1,1,1,1,1,0,1,0,0,0,0,1,1,0,0,0,0,0,0,0,0,0,0,0,0,-1,-1,-1,-1,-1,-1,-1,-1,1,0,0,1,0,0,0,0,0,0,0,1,0,2,0,1,0,600,30,1,0,0,0,0,2,1,0,-1,86,-1,2219010,10109,9870,0,0,0,0,0,0,0,0,0,0,0,0,0,0,0,0,0,[0|0],710550,[0|0|0|0|0|0|0|0],寄宿着灵魂的骨灰。\n能召唤“黑夜剑士”约兰的灵魂。\n\n接受了赐福覆眼膜，得到光芒的剑士灵魂。\n能挥舞暗黑刀，突破敌人的防御。\n\n那道光芒不是来自期盼的星光，\n但确实照亮了她的黑夜。\n\n只是那光芒有时太过明亮，快让黑夜为之消失。
2219010,“黑夜剑士”约兰＋１０,1,0,[0|0|0],20219010,-1,0,0,-1,0,-1,60410,-1,20000610,0,-1,0,919,0,-1,-1,-1,1,0,50,8,2,0,0,34,13,0,0,[0|0],1,1,1,1,1,0,1,0,0,0,0,1,1,0,0,0,0,0,0,0,0,0,0,0,0,-1,-1,-1,-1,-1,-1,-1,-1,1,0,0,1,0,0,0,0,0,0,0,1,0,2,0,1,0,600,30,1,0,0,0,0,2,1,0,-1,86,-1,-1,-1,0,0,0,0,0,0,0,0,0,0,0,0,0,0,0,0,0,0,[0|0],710550,[0|0|0|0|0|0|0|0],寄宿着灵魂的骨灰。\n能召唤“黑夜剑士”约兰的灵魂。\n\n接受了赐福覆眼膜，得到光芒的剑士灵魂。\n能挥舞暗黑刀，突破敌人的防御。\n\n那道光芒不是来自期盼的星光，\n但确实照亮了她的黑夜。\n\n只是那光芒有时太过明亮，快让黑夜为之消失。
2220000,约兰与安娜,1,0,[0|0|0],20220000,-1,0,0,-1,0,-1,60420,-1,20000610,0,-1,0,920,0,-1,-1,-1,1,0,50,8,2,0,0,34,13,0,0,[0|0],1,1,1,1,1,0,1,0,0,0,0,1,1,0,0,0,0,0,0,0,0,0,0,0,0,-1,-1,-1,-1,-1,-1,-1,-1,1,0,0,1,0,0,0,0,0,0,0,1,0,2,0,1,0,600,30,1,0,0,0,0,2,1,0,-1,144,-1,2220001,10100,2200,0,0,0,0,0,0,0,0,0,0,0,0,0,0,0,0,0,[0|0],710550,[0|0|0|0|0|0|0|0],寄宿着灵魂的骨灰。\n能召唤约兰与安娜的灵魂。\n\n在放入尤弥尔的傀儡，安娜之后，\n有着两名黑夜剑士的灵魂。\n\n约兰的刀与安娜的钩爪──\n两者皆具备暗黑特质，能突破敌人的防御。\n\n她们诞生自黑暗、冰冷的监牢，\n被夺去了光芒，培养成黑夜剑士；\n最后她们化为令人畏惧的利刃，\n但她们的心，却也因此变得脆弱。
2220001,约兰与安娜＋１,1,0,[0|0|0],20220001,-1,0,0,-1,0,-1,60421,-1,20000610,0,-1,0,920,0,-1,-1,-1,1,0,50,8,2,0,0,34,13,0,0,[0|0],1,1,1,1,1,0,1,0,0,0,0,1,1,0,0,0,0,0,0,0,0,0,0,0,0,-1,-1,-1,-1,-1,-1,-1,-1,1,0,0,1,0,0,0,0,0,0,0,1,0,2,0,1,0,600,30,1,0,0,0,0,2,1,0,-1,144,-1,2220002,10101,3520,0,0,0,0,0,0,0,0,0,0,0,0,0,0,0,0,0,[0|0],710550,[0|0|0|0|0|0|0|0],寄宿着灵魂的骨灰。\n能召唤约兰与安娜的灵魂。\n\n在放入尤弥尔的傀儡，安娜之后，\n有着两名黑夜剑士的灵魂。\n\n约兰的刀与安娜的钩爪──\n两者皆具备暗黑特质，能突破敌人的防御。\n\n她们诞生自黑暗、冰冷的监牢，\n被夺去了光芒，培养成黑夜剑士；\n最后她们化为令人畏惧的利刃，\n但她们的心，却也因此变得脆弱。
2220002,约兰与安娜＋２,1,0,[0|0|0],20220002,-1,0,0,-1,0,-1,60422,-1,20000610,0,-1,0,920,0,-1,-1,-1,1,0,50,8,2,0,0,34,13,0,0,[0|0],1,1,1,1,1,0,1,0,0,0,0,1,1,0,0,0,0,0,0,0,0,0,0,0,0,-1,-1,-1,-1,-1,-1,-1,-1,1,0,0,1,0,0,0,0,0,0,0,1,0,2,0,1,0,600,30,1,0,0,0,0,2,1,0,-1,144,-1,2220003,10102,4840,0,0,0,0,0,0,0,0,0,0,0,0,0,0,0,0,0,[0|0],710550,[0|0|0|0|0|0|0|0],寄宿着灵魂的骨灰。\n能召唤约兰与安娜的灵魂。\n\n在放入尤弥尔的傀儡，安娜之后，\n有着两名黑夜剑士的灵魂。\n\n约兰的刀与安娜的钩爪──\n两者皆具备暗黑特质，能突破敌人的防御。\n\n她们诞生自黑暗、冰冷的监牢，\n被夺去了光芒，培养成黑夜剑士；\n最后她们化为令人畏惧的利刃，\n但她们的心，却也因此变得脆弱。
2220003,约兰与安娜＋３,1,0,[0|0|0],20220003,-1,0,0,-1,0,-1,60423,-1,20000610,0,-1,0,920,0,-1,-1,-1,1,0,50,8,2,0,0,34,13,0,0,[0|0],1,1,1,1,1,0,1,0,0,0,0,1,1,0,0,0,0,0,0,0,0,0,0,0,0,-1,-1,-1,-1,-1,-1,-1,-1,1,0,0,1,0,0,0,0,0,0,0,1,0,2,0,1,0,600,30,1,0,0,0,0,2,1,0,-1,144,-1,2220004,10103,6160,0,0,0,0,0,0,0,0,0,0,0,0,0,0,0,0,0,[0|0],710550,[0|0|0|0|0|0|0|0],寄宿着灵魂的骨灰。\n能召唤约兰与安娜的灵魂。\n\n在放入尤弥尔的傀儡，安娜之后，\n有着两名黑夜剑士的灵魂。\n\n约兰的刀与安娜的钩爪──\n两者皆具备暗黑特质，能突破敌人的防御。\n\n她们诞生自黑暗、冰冷的监牢，\n被夺去了光芒，培养成黑夜剑士；\n最后她们化为令人畏惧的利刃，\n但她们的心，却也因此变得脆弱。
2220004,约兰与安娜＋４,1,0,[0|0|0],20220004,-1,0,0,-1,0,-1,60424,-1,20000610,0,-1,0,920,0,-1,-1,-1,1,0,50,8,2,0,0,34,13,0,0,[0|0],1,1,1,1,1,0,1,0,0,0,0,1,1,0,0,0,0,0,0,0,0,0,0,0,0,-1,-1,-1,-1,-1,-1,-1,-1,1,0,0,1,0,0,0,0,0,0,0,1,0,2,0,1,0,600,30,1,0,0,0,0,2,1,0,-1,144,-1,2220005,10104,7480,0,0,0,0,0,0,0,0,0,0,0,0,0,0,0,0,0,[0|0],710550,[0|0|0|0|0|0|0|0],寄宿着灵魂的骨灰。\n能召唤约兰与安娜的灵魂。\n\n在放入尤弥尔的傀儡，安娜之后，\n有着两名黑夜剑士的灵魂。\n\n约兰的刀与安娜的钩爪──\n两者皆具备暗黑特质，能突破敌人的防御。\n\n她们诞生自黑暗、冰冷的监牢，\n被夺去了光芒，培养成黑夜剑士；\n最后她们化为令人畏惧的利刃，\n但她们的心，却也因此变得脆弱。
2220005,约兰与安娜＋５,1,0,[0|0|0],20220005,-1,0,0,-1,0,-1,60425,-1,20000610,0,-1,0,920,0,-1,-1,-1,1,0,50,8,2,0,0,34,13,0,0,[0|0],1,1,1,1,1,0,1,0,0,0,0,1,1,0,0,0,0,0,0,0,0,0,0,0,0,-1,-1,-1,-1,-1,-1,-1,-1,1,0,0,1,0,0,0,0,0,0,0,1,0,2,0,1,0,600,30,1,0,0,0,0,2,1,0,-1,144,-1,2220006,10105,8800,0,0,0,0,0,0,0,0,0,0,0,0,0,0,0,0,0,[0|0],710550,[0|0|0|0|0|0|0|0],寄宿着灵魂的骨灰。\n能召唤约兰与安娜的灵魂。\n\n在放入尤弥尔的傀儡，安娜之后，\n有着两名黑夜剑士的灵魂。\n\n约兰的刀与安娜的钩爪──\n两者皆具备暗黑特质，能突破敌人的防御。\n\n她们诞生自黑暗、冰冷的监牢，\n被夺去了光芒，培养成黑夜剑士；\n最后她们化为令人畏惧的利刃，\n但她们的心，却也因此变得脆弱。
2220006,约兰与安娜＋６,1,0,[0|0|0],20220006,-1,0,0,-1,0,-1,60426,-1,20000610,0,-1,0,920,0,-1,-1,-1,1,0,50,8,2,0,0,34,13,0,0,[0|0],1,1,1,1,1,0,1,0,0,0,0,1,1,0,0,0,0,0,0,0,0,0,0,0,0,-1,-1,-1,-1,-1,-1,-1,-1,1,0,0,1,0,0,0,0,0,0,0,1,0,2,0,1,0,600,30,1,0,0,0,0,2,1,0,-1,144,-1,2220007,10106,10120,0,0,0,0,0,0,0,0,0,0,0,0,0,0,0,0,0,[0|0],710550,[0|0|0|0|0|0|0|0],寄宿着灵魂的骨灰。\n能召唤约兰与安娜的灵魂。\n\n在放入尤弥尔的傀儡，安娜之后，\n有着两名黑夜剑士的灵魂。\n\n约兰的刀与安娜的钩爪──\n两者皆具备暗黑特质，能突破敌人的防御。\n\n她们诞生自黑暗、冰冷的监牢，\n被夺去了光芒，培养成黑夜剑士；\n最后她们化为令人畏惧的利刃，\n但她们的心，却也因此变得脆弱。
2220007,约兰与安娜＋７,1,0,[0|0|0],20220007,-1,0,0,-1,0,-1,60427,-1,20000610,0,-1,0,920,0,-1,-1,-1,1,0,50,8,2,0,0,34,13,0,0,[0|0],1,1,1,1,1,0,1,0,0,0,0,1,1,0,0,0,0,0,0,0,0,0,0,0,0,-1,-1,-1,-1,-1,-1,-1,-1,1,0,0,1,0,0,0,0,0,0,0,1,0,2,0,1,0,600,30,1,0,0,0,0,2,1,0,-1,144,-1,2220008,10107,11440,0,0,0,0,0,0,0,0,0,0,0,0,0,0,0,0,0,[0|0],710550,[0|0|0|0|0|0|0|0],寄宿着灵魂的骨灰。\n能召唤约兰与安娜的灵魂。\n\n在放入尤弥尔的傀儡，安娜之后，\n有着两名黑夜剑士的灵魂。\n\n约兰的刀与安娜的钩爪──\n两者皆具备暗黑特质，能突破敌人的防御。\n\n她们诞生自黑暗、冰冷的监牢，\n被夺去了光芒，培养成黑夜剑士；\n最后她们化为令人畏惧的利刃，\n但她们的心，却也因此变得脆弱。
2220008,约兰与安娜＋８,1,0,[0|0|0],20220008,-1,0,0,-1,0,-1,60428,-1,20000610,0,-1,0,920,0,-1,-1,-1,1,0,50,8,2,0,0,34,13,0,0,[0|0],1,1,1,1,1,0,1,0,0,0,0,1,1,0,0,0,0,0,0,0,0,0,0,0,0,-1,-1,-1,-1,-1,-1,-1,-1,1,0,0,1,0,0,0,0,0,0,0,1,0,2,0,1,0,600,30,1,0,0,0,0,2,1,0,-1,144,-1,2220009,10108,12760,0,0,0,0,0,0,0,0,0,0,0,0,0,0,0,0,0,[0|0],710550,[0|0|0|0|0|0|0|0],寄宿着灵魂的骨灰。\n能召唤约兰与安娜的灵魂。\n\n在放入尤弥尔的傀儡，安娜之后，\n有着两名黑夜剑士的灵魂。\n\n约兰的刀与安娜的钩爪──\n两者皆具备暗黑特质，能突破敌人的防御。\n\n她们诞生自黑暗、冰冷的监牢，\n被夺去了光芒，培养成黑夜剑士；\n最后她们化为令人畏惧的利刃，\n但她们的心，却也因此变得脆弱。
2220009,约兰与安娜＋９,1,0,[0|0|0],20220009,-1,0,0,-1,0,-1,60429,-1,20000610,0,-1,0,920,0,-1,-1,-1,1,0,50,8,2,0,0,34,13,0,0,[0|0],1,1,1,1,1,0,1,0,0,0,0,1,1,0,0,0,0,0,0,0,0,0,0,0,0,-1,-1,-1,-1,-1,-1,-1,-1,1,0,0,1,0,0,0,0,0,0,0,1,0,2,0,1,0,600,30,1,0,0,0,0,2,1,0,-1,144,-1,2220010,10109,15400,0,0,0,0,0,0,0,0,0,0,0,0,0,0,0,0,0,[0|0],710550,[0|0|0|0|0|0|0|0],寄宿着灵魂的骨灰。\n能召唤约兰与安娜的灵魂。\n\n在放入尤弥尔的傀儡，安娜之后，\n有着两名黑夜剑士的灵魂。\n\n约兰的刀与安娜的钩爪──\n两者皆具备暗黑特质，能突破敌人的防御。\n\n她们诞生自黑暗、冰冷的监牢，\n被夺去了光芒，培养成黑夜剑士；\n最后她们化为令人畏惧的利刃，\n但她们的心，却也因此变得脆弱。
2220010,约兰与安娜＋１０,1,0,[0|0|0],20220010,-1,0,0,-1,0,-1,60430,-1,20000610,0,-1,0,920,0,-1,-1,-1,1,0,50,8,2,0,0,34,13,0,0,[0|0],1,1,1,1,1,0,1,0,0,0,0,1,1,0,0,0,0,0,0,0,0,0,0,0,0,-1,-1,-1,-1,-1,-1,-1,-1,1,0,0,1,0,0,0,0,0,0,0,1,0,2,0,1,0,600,30,1,0,0,0,0,2,1,0,-1,144,-1,-1,-1,0,0,0,0,0,0,0,0,0,0,0,0,0,0,0,0,0,0,[0|0],710550,[0|0|0|0|0|0|0|0],寄宿着灵魂的骨灰。\n能召唤约兰与安娜的灵魂。\n\n在放入尤弥尔的傀儡，安娜之后，\n有着两名黑夜剑士的灵魂。\n\n约兰的刀与安娜的钩爪──\n两者皆具备暗黑特质，能突破敌人的防御。\n\n她们诞生自黑暗、冰冷的监牢，\n被夺去了光芒，培养成黑夜剑士；\n最后她们化为令人畏惧的利刃，\n但她们的心，却也因此变得脆弱。
999999999,,1,0,[0|0|0],-1,-1,1,0,0,0,-1,9999999,-1,-1,0,-1,0,0,0,0,-1,-1,0,0,0,0,0,0,0,0,0,0,0,[0|0],0,0,0,0,0,0,0,0,0,0,0,0,0,0,0,0,0,0,0,0,0,0,0,0,0,-1,-1,0,0,0,-1,-1,-1,0,0,0,0,0,0,0,0,0,0,0,1,0,2,0,0,0,0,255,1,0,0,0,-1,0,0,0,-1,0,-1,-1,-1,0,0,0,0,0,0,0,0,0,0,0,0,0,0,0,0,0,0,[0|0],0,[0|0|0|0|0|0|0|0],
