ID,Name,disableParam_NT,disableParamReserve1,disableParamReserve2,sortId,wanderingEquipId,resistSleep,resistMadness,saDurability,toughnessCorrectRate,fixPrice,basicPrice,sellValue,weight,residentSpEffectId,residentSpEffectId2,residentSpEffectId3,materialSetId,partsDamageRate,corectSARecover,originEquipPro,originEquipPro1,originEquipPro2,originEquipPro3,originEquipPro4,originEquipPro5,originEquipPro6,originEquipPro7,originEquipPro8,originEquipPro9,originEquipPro10,originEquipPro11,originEquipPro12,originEquipPro13,originEquipPro14,originEquipPro15,faceScaleM_ScaleX,faceScaleM_ScaleZ,faceScaleM_MaxX,faceScaleM_MaxZ,faceScaleF_ScaleX,faceScaleF_ScaleZ,faceScaleF_MaxX,faceScaleF_MaxZ,qwcId,equipModelId,iconIdM,iconIdF,knockBack,knockbackBounceRate,durability,durabilityMax,pad03,defFlickPower,defensePhysics,defenseMagic,defenseFire,defenseThunder,defenseSlash,defenseBlow,defenseThrust,resistPoison,resistDisease,resistBlood,resistCurse,reinforceTypeId,trophySGradeId,shopLv,knockbackParamId,flickDamageCutRate,equipModelCategory,equipModelGender,protectorCategory,rarity,sortGroupId,partsDmgType,pad04,isDeposit,headEquip,bodyEquip,armEquip,legEquip,useFaceScale,isSkipWeakDamageAnim,pad06,defenseMaterialVariationValue_Weak,autoFootEffectDecalBaseId2,autoFootEffectDecalBaseId3,defenseMaterialVariationValue,isDiscard,isDrop,disableMultiDropShare,simpleModelForDlc,showLogCondType,showDialogCondType,pad,neutralDamageCutRate,slashDamageCutRate,blowDamageCutRate,thrustDamageCutRate,magicDamageCutRate,fireDamageCutRate,thunderDamageCutRate,defenseMaterialSfx1,defenseMaterialSfx_Weak1,defenseMaterial1,defenseMaterial_Weak1,defenseMaterialSfx2,defenseMaterialSfx_Weak2,footMaterialSe,defenseMaterial_Weak2,autoFootEffectDecalBaseId1,toughnessDamageCutRate,toughnessRecoverCorrection,darkDamageCutRate,defenseDark,invisibleFlag48,invisibleFlag49,invisibleFlag50,invisibleFlag51,invisibleFlag52,invisibleFlag53,invisibleFlag54,invisibleFlag55,invisibleFlag56,invisibleFlag57,invisibleFlag58,invisibleFlag59,invisibleFlag60,invisibleFlag61,invisibleFlag62,invisibleFlag63,invisibleFlag64,invisibleFlag65,invisibleFlag66,invisibleFlag67,invisibleFlag68,invisibleFlag69,invisibleFlag70,invisibleFlag71,invisibleFlag72,invisibleFlag73,invisibleFlag74,invisibleFlag75,invisibleFlag76,invisibleFlag77,invisibleFlag78,invisibleFlag79,invisibleFlag80,padbit,postureControlId,pad2,saleValue,resistFreeze,invisibleFlag_SexVer00,invisibleFlag_SexVer01,invisibleFlag_SexVer02,invisibleFlag_SexVer03,invisibleFlag_SexVer04,invisibleFlag_SexVer05,invisibleFlag_SexVer06,invisibleFlag_SexVer07,invisibleFlag_SexVer08,invisibleFlag_SexVer09,invisibleFlag_SexVer10,invisibleFlag_SexVer11,invisibleFlag_SexVer12,invisibleFlag_SexVer13,invisibleFlag_SexVer14,invisibleFlag_SexVer15,invisibleFlag_SexVer16,invisibleFlag_SexVer17,invisibleFlag_SexVer18,invisibleFlag_SexVer19,invisibleFlag_SexVer20,invisibleFlag_SexVer21,invisibleFlag_SexVer22,invisibleFlag_SexVer23,invisibleFlag_SexVer24,invisibleFlag_SexVer25,invisibleFlag_SexVer26,invisibleFlag_SexVer27,invisibleFlag_SexVer28,invisibleFlag_SexVer29,invisibleFlag_SexVer30,invisibleFlag_SexVer31,invisibleFlag_SexVer32,invisibleFlag_SexVer33,invisibleFlag_SexVer34,invisibleFlag_SexVer35,invisibleFlag_SexVer36,invisibleFlag_SexVer37,invisibleFlag_SexVer38,invisibleFlag_SexVer39,invisibleFlag_SexVer40,invisibleFlag_SexVer41,invisibleFlag_SexVer42,invisibleFlag_SexVer43,invisibleFlag_SexVer44,invisibleFlag_SexVer45,invisibleFlag_SexVer46,invisibleFlag_SexVer47,invisibleFlag_SexVer48,invisibleFlag_SexVer49,invisibleFlag_SexVer50,invisibleFlag_SexVer51,invisibleFlag_SexVer52,invisibleFlag_SexVer53,invisibleFlag_SexVer54,invisibleFlag_SexVer55,invisibleFlag_SexVer56,invisibleFlag_SexVer57,invisibleFlag_SexVer58,invisibleFlag_SexVer59,invisibleFlag_SexVer60,invisibleFlag_SexVer61,invisibleFlag_SexVer62,invisibleFlag_SexVer63,invisibleFlag_SexVer64,invisibleFlag_SexVer65,invisibleFlag_SexVer66,invisibleFlag_SexVer67,invisibleFlag_SexVer68,invisibleFlag_SexVer69,invisibleFlag_SexVer70,invisibleFlag_SexVer71,invisibleFlag_SexVer72,invisibleFlag_SexVer73,invisibleFlag_SexVer74,invisibleFlag_SexVer75,invisibleFlag_SexVer76,invisibleFlag_SexVer77,invisibleFlag_SexVer78,invisibleFlag_SexVer79,invisibleFlag_SexVer80,invisibleFlag_SexVer81,invisibleFlag_SexVer82,invisibleFlag_SexVer83,invisibleFlag_SexVer84,invisibleFlag_SexVer85,invisibleFlag_SexVer86,invisibleFlag_SexVer87,invisibleFlag_SexVer88,invisibleFlag_SexVer89,invisibleFlag_SexVer90,invisibleFlag_SexVer91,invisibleFlag_SexVer92,invisibleFlag_SexVer93,invisibleFlag_SexVer94,invisibleFlag_SexVer95,pad404,Caption
1000,,0,0,[0|0|0],99999,0,0,0,0,0,0,0,0,0,-1,-1,-1,-1,1,0,-1,-1,-1,-1,-1,-1,-1,-1,-1,-1,-1,-1,-1,-1,-1,-1,1,1,1.1,1.1,1,1,1.1,1.1,-1,0,0,0,0,0,0,0,[0|0],0,0,0,0,0,0,0,0,0,0,0,0,0,-1,-1,1,0,4,1,4,0,255,0,[0|0],0,0,0,0,0,0,0,0,0,-1,-1,0,0,0,0,0,1,2,0,1,1,1,1,1,1,1,139,139,139,139,139,139,139,139,-1,1,0,1,100,0,0,0,0,0,0,0,0,0,0,0,0,0,0,0,0,0,0,0,0,0,0,0,0,0,0,0,0,0,0,0,0,0,0,0,[0|0|0|0],0,0,0,0,0,0,0,0,0,0,0,0,0,0,0,0,0,0,0,0,0,0,0,0,0,0,0,0,0,0,0,0,0,0,0,0,0,0,0,0,0,0,0,0,0,0,0,0,0,0,0,0,0,0,0,0,0,0,0,0,0,0,0,0,0,0,0,0,0,0,0,0,0,0,0,0,0,0,0,0,0,0,0,0,0,0,0,0,0,0,0,0,0,0,0,0,0,0,[0|0|0|0|0|0|0|0|0|0|0|0|0|0],
1100,,0,0,[0|0|0],99999,0,0,0,0,0,0,0,0,0,-1,-1,-1,-1,1,0,-1,-1,-1,-1,-1,-1,-1,-1,-1,-1,-1,-1,-1,-1,-1,-1,1,1,1.1,1.1,1,1,1.1,1.1,-1,2,0,0,0,0,0,0,[0|0],0,0,0,0,0,0,0,0,0,0,0,0,0,-1,-1,1,0,4,1,4,0,255,0,[0|0],0,0,0,0,0,0,0,0,0,-1,-1,0,0,0,0,0,1,2,0,1,1,1,1,1,1,1,139,139,139,139,139,139,139,139,-1,1,0,1,100,0,0,0,0,0,0,0,0,0,0,0,0,0,0,0,0,0,0,0,0,0,0,0,0,0,0,0,0,0,0,0,0,0,0,0,[0|0|0|0],0,0,0,0,0,0,0,0,0,0,0,0,0,0,0,0,0,0,0,0,0,0,0,0,0,0,0,0,0,0,0,0,0,0,0,0,0,0,0,0,0,0,0,0,0,0,0,0,0,0,0,0,0,0,0,0,0,0,0,0,0,0,0,0,0,0,0,0,0,0,0,0,0,0,0,0,0,0,0,0,0,0,0,0,0,0,0,0,0,0,0,0,0,0,0,0,0,0,[0|0|0|0|0|0|0|0|0|0|0|0|0|0],
1200,,0,0,[0|0|0],99999,0,0,0,0,0,0,0,0,0,-1,-1,-1,-1,1,0,-1,-1,-1,-1,-1,-1,-1,-1,-1,-1,-1,-1,-1,-1,-1,-1,1,1,1.1,1.1,1,1,1.1,1.1,-1,11,0,0,0,0,0,0,[0|0],0,0,0,0,0,0,0,0,0,0,0,0,0,-1,-1,1,0,4,1,4,0,255,0,[0|0],0,0,0,0,0,0,0,0,0,-1,-1,0,0,0,0,0,1,2,0,1,1,1,1,1,1,1,139,139,139,139,139,139,139,139,-1,1,0,1,100,0,0,0,0,0,0,0,0,0,0,0,0,0,0,0,0,0,0,0,0,0,0,0,0,0,0,0,0,0,0,0,0,0,0,0,[0|0|0|0],0,0,0,0,0,0,0,0,0,0,0,0,0,0,0,0,0,0,0,0,0,0,0,0,0,0,0,0,0,0,0,0,0,0,0,0,0,0,0,0,0,0,0,0,0,0,0,0,0,0,0,0,0,0,0,0,0,0,0,0,0,0,0,0,0,0,0,0,0,0,0,0,0,0,0,0,0,0,0,0,0,0,0,0,0,0,0,0,0,0,0,0,0,0,0,0,0,0,[0|0|0|0|0|0|0|0|0|0|0|0|0|0],
1300,,0,0,[0|0|0],99999,0,0,0,0,0,0,0,0,0,-1,-1,-1,-1,1,0,-1,-1,-1,-1,-1,-1,-1,-1,-1,-1,-1,-1,-1,-1,-1,-1,1,1,1.1,1.1,1,1,1.1,1.1,-1,4,0,0,0,0,0,0,[0|0],0,0,0,0,0,0,0,0,0,0,0,0,0,-1,-1,1,0,4,1,4,0,255,0,[0|0],0,0,0,0,0,0,0,0,0,-1,-1,0,0,0,0,0,1,2,0,1,1,1,1,1,1,1,139,139,139,139,139,139,139,139,-1,1,0,1,100,0,0,0,0,0,0,0,0,0,0,0,0,0,0,0,0,0,0,0,0,0,0,0,0,0,0,0,0,0,0,0,0,0,0,0,[0|0|0|0],0,0,0,0,0,0,0,0,0,0,0,0,0,0,0,0,0,0,0,0,0,0,0,0,0,0,0,0,0,0,0,0,0,0,0,0,0,0,0,0,0,0,0,0,0,0,0,0,0,0,0,0,0,0,0,0,0,0,0,0,0,0,0,0,0,0,0,0,0,0,0,0,0,0,0,0,0,0,0,0,0,0,0,0,0,0,0,0,0,0,0,0,0,0,0,0,0,0,[0|0|0|0|0|0|0|0|0|0|0|0|0|0],
1400,,0,0,[0|0|0],99999,0,0,0,0,0,0,0,0,0,-1,-1,-1,-1,1,0,-1,-1,-1,-1,-1,-1,-1,-1,-1,-1,-1,-1,-1,-1,-1,-1,1,1,1.1,1.1,1,1,1.1,1.1,-1,12,0,0,0,0,0,0,[0|0],0,0,0,0,0,0,0,0,0,0,0,0,0,-1,-1,1,0,4,1,4,0,255,0,[0|0],0,0,0,0,0,0,0,0,0,-1,-1,0,0,0,0,0,1,2,0,1,1,1,1,1,1,1,139,139,139,139,139,139,139,139,-1,1,0,1,100,0,0,0,0,0,0,0,0,0,0,0,0,0,0,0,0,0,0,0,0,0,0,0,0,0,0,0,0,0,0,0,0,0,0,0,[0|0|0|0],0,0,0,0,0,0,0,0,0,0,0,0,0,0,0,0,0,0,0,0,0,0,0,0,0,0,0,0,0,0,0,0,0,0,0,0,0,0,0,0,0,0,0,0,0,0,0,0,0,0,0,0,0,0,0,0,0,0,0,0,0,0,0,0,0,0,0,0,0,0,0,0,0,0,0,0,0,0,0,0,0,0,0,0,0,0,0,0,0,0,0,0,0,0,0,0,0,0,[0|0|0|0|0|0|0|0|0|0|0|0|0|0],
1500,,0,0,[0|0|0],99999,0,0,0,0,0,0,0,0,0,-1,-1,-1,-1,1,0,-1,-1,-1,-1,-1,-1,-1,-1,-1,-1,-1,-1,-1,-1,-1,-1,1,1,1.1,1.1,1,1,1.1,1.1,-1,6,0,0,0,0,0,0,[0|0],0,0,0,0,0,0,0,0,0,0,0,0,0,-1,-1,1,0,4,1,4,0,255,0,[0|0],0,0,0,0,0,0,0,0,0,-1,-1,0,0,0,0,0,1,2,0,1,1,1,1,1,1,1,139,139,139,139,139,139,139,139,-1,1,0,1,100,0,0,0,0,0,0,0,0,0,0,0,0,0,0,0,0,0,0,0,0,0,0,0,0,0,0,0,0,0,0,0,0,0,0,0,[0|0|0|0],0,0,0,0,0,0,0,0,0,0,0,0,0,0,0,0,0,0,0,0,0,0,0,0,0,0,0,0,0,0,0,0,0,0,0,0,0,0,0,0,0,0,0,0,0,0,0,0,0,0,0,0,0,0,0,0,0,0,0,0,0,0,0,0,0,0,0,0,0,0,0,0,0,0,0,0,0,0,0,0,0,0,0,0,0,0,0,0,0,0,0,0,0,0,0,0,0,0,[0|0|0|0|0|0|0|0|0|0|0|0|0|0],
1600,,0,0,[0|0|0],99999,0,0,0,0,0,0,0,0,0,-1,-1,-1,-1,1,0,-1,-1,-1,-1,-1,-1,-1,-1,-1,-1,-1,-1,-1,-1,-1,-1,1,1,1.1,1.1,1,1,1.1,1.1,-1,10,0,0,0,0,0,0,[0|0],0,0,0,0,0,0,0,0,0,0,0,0,0,-1,-1,1,0,4,1,4,0,255,0,[0|0],0,0,0,0,0,0,0,0,0,-1,-1,0,0,0,0,0,1,2,0,1,1,1,1,1,1,1,139,139,139,139,139,139,139,139,-1,1,0,1,100,0,0,0,0,0,0,0,0,0,0,0,0,0,0,0,0,0,0,0,0,0,0,0,0,0,0,0,0,0,0,0,0,0,0,0,[0|0|0|0],0,0,0,0,0,0,0,0,0,0,0,0,0,0,0,0,0,0,0,0,0,0,0,0,0,0,0,0,0,0,0,0,0,0,0,0,0,0,0,0,0,0,0,0,0,0,0,0,0,0,0,0,0,0,0,0,0,0,0,0,0,0,0,0,0,0,0,0,0,0,0,0,0,0,0,0,0,0,0,0,0,0,0,0,0,0,0,0,0,0,0,0,0,0,0,0,0,0,[0|0|0|0|0|0|0|0|0|0|0|0|0|0],
1700,,0,0,[0|0|0],99999,0,0,0,0,0,0,0,0,0,-1,-1,-1,-1,1,0,-1,-1,-1,-1,-1,-1,-1,-1,-1,-1,-1,-1,-1,-1,-1,-1,1,1,1.1,1.1,1,1,1.1,1.1,-1,5,0,0,0,0,0,0,[0|0],0,0,0,0,0,0,0,0,0,0,0,0,0,-1,-1,1,0,4,1,4,0,255,0,[0|0],0,0,0,0,0,0,0,0,0,-1,-1,0,0,0,0,0,1,2,0,1,1,1,1,1,1,1,139,139,139,139,139,139,139,139,-1,1,0,1,100,0,0,0,0,0,0,0,0,0,0,0,0,0,0,0,0,0,0,0,0,0,0,0,0,0,0,0,0,0,0,0,0,0,0,0,[0|0|0|0],0,0,0,0,0,0,0,0,0,0,0,0,0,0,0,0,0,0,0,0,0,0,0,0,0,0,0,0,0,0,0,0,0,0,0,0,0,0,0,0,0,0,0,0,0,0,0,0,0,0,0,0,0,0,0,0,0,0,0,0,0,0,0,0,0,0,0,0,0,0,0,0,0,0,0,0,0,0,0,0,0,0,0,0,0,0,0,0,0,0,0,0,0,0,0,0,0,0,[0|0|0|0|0|0|0|0|0|0|0|0|0|0],
1800,,0,0,[0|0|0],99999,0,0,0,0,0,0,0,0,0,-1,-1,-1,-1,1,0,-1,-1,-1,-1,-1,-1,-1,-1,-1,-1,-1,-1,-1,-1,-1,-1,1,1,1.1,1.1,1,1,1.1,1.1,-1,7,0,0,0,0,0,0,[0|0],0,0,0,0,0,0,0,0,0,0,0,0,0,-1,-1,1,0,4,1,4,0,255,0,[0|0],0,0,0,0,0,0,0,0,0,-1,-1,0,0,0,0,0,1,2,0,1,1,1,1,1,1,1,139,139,139,139,139,139,139,139,-1,1,0,1,100,0,0,0,0,0,0,0,0,0,0,0,0,0,0,0,0,0,0,0,0,0,0,0,0,0,0,0,0,0,0,0,0,0,0,0,[0|0|0|0],0,0,0,0,0,0,0,0,0,0,0,0,0,0,0,0,0,0,0,0,0,0,0,0,0,0,0,0,0,0,0,0,0,0,0,0,0,0,0,0,0,0,0,0,0,0,0,0,0,0,0,0,0,0,0,0,0,0,0,0,0,0,0,0,0,0,0,0,0,0,0,0,0,0,0,0,0,0,0,0,0,0,0,0,0,0,0,0,0,0,0,0,0,0,0,0,0,0,[0|0|0|0|0|0|0|0|0|0|0|0|0|0],
1900,,0,0,[0|0|0],99999,0,0,0,0,0,0,0,0,0,-1,-1,-1,-1,1,0,-1,-1,-1,-1,-1,-1,-1,-1,-1,-1,-1,-1,-1,-1,-1,-1,1,1,1.1,1.1,1,1,1.1,1.1,-1,3,0,0,0,0,0,0,[0|0],0,0,0,0,0,0,0,0,0,0,0,0,0,-1,-1,1,0,4,1,4,0,255,0,[0|0],0,0,0,0,0,0,0,0,0,-1,-1,0,0,0,0,0,1,2,0,1,1,1,1,1,1,1,139,139,139,139,139,139,139,139,-1,1,0,1,100,0,0,0,0,0,0,0,0,0,0,0,0,0,0,0,0,0,0,0,0,0,0,0,0,0,0,0,0,0,0,0,0,0,0,0,[0|0|0|0],0,0,0,0,0,0,0,0,0,0,0,0,0,0,0,0,0,0,0,0,0,0,0,0,0,0,0,0,0,0,0,0,0,0,0,0,0,0,0,0,0,0,0,0,0,0,0,0,0,0,0,0,0,0,0,0,0,0,0,0,0,0,0,0,0,0,0,0,0,0,0,0,0,0,0,0,0,0,0,0,0,0,0,0,0,0,0,0,0,0,0,0,0,0,0,0,0,0,[0|0|0|0|0|0|0|0|0|0|0|0|0|0],
2000,,0,0,[0|0|0],99999,0,0,0,0,0,0,0,0,0,-1,-1,-1,-1,1,0,-1,-1,-1,-1,-1,-1,-1,-1,-1,-1,-1,-1,-1,-1,-1,-1,1,1,1,1,1,1,1,1,-1,0,0,0,0,0,0,0,[0|0],0,0,0,0,0,0,0,0,0,0,0,0,0,-1,-1,1,0,4,1,4,0,255,0,[0|0],0,0,0,0,0,0,0,0,0,-1,-1,0,0,0,0,0,1,2,0,1,1,1,1,1,1,1,139,139,139,139,139,139,139,139,-1,1,0,1,100,0,0,0,0,0,0,0,0,0,0,0,0,0,0,0,0,0,0,0,0,0,0,0,0,0,0,0,0,0,0,0,0,0,0,0,[0|0|0|0],0,0,0,0,0,0,0,0,0,0,0,0,0,0,0,0,0,0,0,0,0,0,0,0,0,0,0,0,0,0,0,0,0,0,0,0,0,0,0,0,0,0,0,0,0,0,0,0,0,0,0,0,0,0,0,0,0,0,0,0,0,0,0,0,0,0,0,0,0,0,0,0,0,0,0,0,0,0,0,0,0,0,0,0,0,0,0,0,0,0,0,0,0,0,0,0,0,0,[0|0|0|0|0|0|0|0|0|0|0|0|0|0],
2100,,0,0,[0|0|0],99999,0,0,0,0,0,0,0,0,0,-1,-1,-1,-1,1,0,-1,-1,-1,-1,-1,-1,-1,-1,-1,-1,-1,-1,-1,-1,-1,-1,1,1,1,1,1,1,1,1,-1,0,0,0,0,0,0,0,[0|0],0,0,0,0,0,0,0,0,0,0,0,0,0,-1,-1,1,0,4,1,4,0,255,0,[0|0],0,0,0,0,0,0,0,0,0,-1,-1,0,0,0,0,0,1,2,0,1,1,1,1,1,1,1,139,139,139,139,139,139,139,139,-1,1,0,1,100,0,0,0,0,0,0,0,0,0,0,0,0,0,0,0,0,0,0,0,0,0,0,0,0,0,0,0,0,0,0,0,0,0,0,0,[0|0|0|0],0,0,0,0,0,0,0,0,0,0,0,0,0,0,0,0,0,0,0,0,0,0,0,0,0,0,0,0,0,0,0,0,0,0,0,0,0,0,0,0,0,0,0,0,0,0,0,0,0,0,0,0,0,0,0,0,0,0,0,0,0,0,0,0,0,0,0,0,0,0,0,0,0,0,0,0,0,0,0,0,0,0,0,0,0,0,0,0,0,0,0,0,0,0,0,0,0,0,[0|0|0|0|0|0|0|0|0|0|0|0|0|0],
2200,,0,0,[0|0|0],99999,0,0,0,0,0,0,0,0,0,-1,-1,-1,-1,1,0,-1,-1,-1,-1,-1,-1,-1,-1,-1,-1,-1,-1,-1,-1,-1,-1,1,1,1,1,1,1,1,1,-1,0,0,0,0,0,0,0,[0|0],0,0,0,0,0,0,0,0,0,0,0,0,0,-1,-1,1,0,4,1,4,0,255,0,[0|0],0,0,0,0,0,0,0,0,0,-1,-1,0,0,0,0,0,1,2,0,1,1,1,1,1,1,1,139,139,139,139,139,139,139,139,-1,1,0,1,100,0,0,0,0,0,0,0,0,0,0,0,0,0,0,0,0,0,0,0,0,0,0,0,0,0,0,0,0,0,0,0,0,0,0,0,[0|0|0|0],0,0,0,0,0,0,0,0,0,0,0,0,0,0,0,0,0,0,0,0,0,0,0,0,0,0,0,0,0,0,0,0,0,0,0,0,0,0,0,0,0,0,0,0,0,0,0,0,0,0,0,0,0,0,0,0,0,0,0,0,0,0,0,0,0,0,0,0,0,0,0,0,0,0,0,0,0,0,0,0,0,0,0,0,0,0,0,0,0,0,0,0,0,0,0,0,0,0,[0|0|0|0|0|0|0|0|0|0|0|0|0|0],
2300,,0,0,[0|0|0],99999,0,0,0,0,0,0,0,0,0,-1,-1,-1,-1,1,0,-1,-1,-1,-1,-1,-1,-1,-1,-1,-1,-1,-1,-1,-1,-1,-1,1,1,1,1,1,1,1,1,-1,0,0,0,0,0,0,0,[0|0],0,0,0,0,0,0,0,0,0,0,0,0,0,-1,-1,1,0,4,1,4,0,255,0,[0|0],0,0,0,0,0,0,0,0,0,-1,-1,0,0,0,0,0,1,2,0,1,1,1,1,1,1,1,139,139,139,139,139,139,139,139,-1,1,0,1,100,0,0,0,0,0,0,0,0,0,0,0,0,0,0,0,0,0,0,0,0,0,0,0,0,0,0,0,0,0,0,0,0,0,0,0,[0|0|0|0],0,0,0,0,0,0,0,0,0,0,0,0,0,0,0,0,0,0,0,0,0,0,0,0,0,0,0,0,0,0,0,0,0,0,0,0,0,0,0,0,0,0,0,0,0,0,0,0,0,0,0,0,0,0,0,0,0,0,0,0,0,0,0,0,0,0,0,0,0,0,0,0,0,0,0,0,0,0,0,0,0,0,0,0,0,0,0,0,0,0,0,0,0,0,0,0,0,0,[0|0|0|0|0|0|0|0|0|0|0|0|0|0],
2400,,0,0,[0|0|0],99999,0,0,0,0,0,0,0,0,0,-1,-1,-1,-1,1,0,-1,-1,-1,-1,-1,-1,-1,-1,-1,-1,-1,-1,-1,-1,-1,-1,1,1,1,1,1,1,1,1,-1,0,0,0,0,0,0,0,[0|0],0,0,0,0,0,0,0,0,0,0,0,0,0,-1,-1,1,0,4,1,4,0,255,0,[0|0],0,0,0,0,0,0,0,0,0,-1,-1,0,0,0,0,0,1,2,0,1,1,1,1,1,1,1,139,139,139,139,139,139,139,139,-1,1,0,1,100,0,0,0,0,0,0,0,0,0,0,0,0,0,0,0,0,0,0,0,0,0,0,0,0,0,0,0,0,0,0,0,0,0,0,0,[0|0|0|0],0,0,0,0,0,0,0,0,0,0,0,0,0,0,0,0,0,0,0,0,0,0,0,0,0,0,0,0,0,0,0,0,0,0,0,0,0,0,0,0,0,0,0,0,0,0,0,0,0,0,0,0,0,0,0,0,0,0,0,0,0,0,0,0,0,0,0,0,0,0,0,0,0,0,0,0,0,0,0,0,0,0,0,0,0,0,0,0,0,0,0,0,0,0,0,0,0,0,[0|0|0|0|0|0|0|0|0|0|0|0|0|0],
2500,,0,0,[0|0|0],99999,0,0,0,0,0,0,0,0,0,-1,-1,-1,-1,1,0,-1,-1,-1,-1,-1,-1,-1,-1,-1,-1,-1,-1,-1,-1,-1,-1,1,1,1,1,1,1,1,1,-1,0,0,0,0,0,0,0,[0|0],0,0,0,0,0,0,0,0,0,0,0,0,0,-1,-1,1,0,4,1,4,0,255,0,[0|0],0,0,0,0,0,0,0,0,0,-1,-1,0,0,0,0,0,1,2,0,1,1,1,1,1,1,1,139,139,139,139,139,139,139,139,-1,1,0,1,100,0,0,0,0,0,0,0,0,0,0,0,0,0,0,0,0,0,0,0,0,0,0,0,0,0,0,0,0,0,0,0,0,0,0,0,[0|0|0|0],0,0,0,0,0,0,0,0,0,0,0,0,0,0,0,0,0,0,0,0,0,0,0,0,0,0,0,0,0,0,0,0,0,0,0,0,0,0,0,0,0,0,0,0,0,0,0,0,0,0,0,0,0,0,0,0,0,0,0,0,0,0,0,0,0,0,0,0,0,0,0,0,0,0,0,0,0,0,0,0,0,0,0,0,0,0,0,0,0,0,0,0,0,0,0,0,0,0,[0|0|0|0|0|0|0|0|0|0|0|0|0|0],
2600,,0,0,[0|0|0],99999,0,0,0,0,0,0,0,0,0,-1,-1,-1,-1,1,0,-1,-1,-1,-1,-1,-1,-1,-1,-1,-1,-1,-1,-1,-1,-1,-1,1,1,1,1,1,1,1,1,-1,0,0,0,0,0,0,0,[0|0],0,0,0,0,0,0,0,0,0,0,0,0,0,-1,-1,1,0,4,1,4,0,255,0,[0|0],0,0,0,0,0,0,0,0,0,-1,-1,0,0,0,0,0,1,2,0,1,1,1,1,1,1,1,139,139,139,139,139,139,139,139,-1,1,0,1,100,0,0,0,0,0,0,0,0,0,0,0,0,0,0,0,0,0,0,0,0,0,0,0,0,0,0,0,0,0,0,0,0,0,0,0,[0|0|0|0],0,0,0,0,0,0,0,0,0,0,0,0,0,0,0,0,0,0,0,0,0,0,0,0,0,0,0,0,0,0,0,0,0,0,0,0,0,0,0,0,0,0,0,0,0,0,0,0,0,0,0,0,0,0,0,0,0,0,0,0,0,0,0,0,0,0,0,0,0,0,0,0,0,0,0,0,0,0,0,0,0,0,0,0,0,0,0,0,0,0,0,0,0,0,0,0,0,0,[0|0|0|0|0|0|0|0|0|0|0|0|0|0],
2700,,0,0,[0|0|0],99999,0,0,0,0,0,0,0,0,0,-1,-1,-1,-1,1,0,-1,-1,-1,-1,-1,-1,-1,-1,-1,-1,-1,-1,-1,-1,-1,-1,1,1,1,1,1,1,1,1,-1,0,0,0,0,0,0,0,[0|0],0,0,0,0,0,0,0,0,0,0,0,0,0,-1,-1,1,0,4,1,4,0,255,0,[0|0],0,0,0,0,0,0,0,0,0,-1,-1,0,0,0,0,0,1,2,0,1,1,1,1,1,1,1,139,139,139,139,139,139,139,139,-1,1,0,1,100,0,0,0,0,0,0,0,0,0,0,0,0,0,0,0,0,0,0,0,0,0,0,0,0,0,0,0,0,0,0,0,0,0,0,0,[0|0|0|0],0,0,0,0,0,0,0,0,0,0,0,0,0,0,0,0,0,0,0,0,0,0,0,0,0,0,0,0,0,0,0,0,0,0,0,0,0,0,0,0,0,0,0,0,0,0,0,0,0,0,0,0,0,0,0,0,0,0,0,0,0,0,0,0,0,0,0,0,0,0,0,0,0,0,0,0,0,0,0,0,0,0,0,0,0,0,0,0,0,0,0,0,0,0,0,0,0,0,[0|0|0|0|0|0|0|0|0|0|0|0|0|0],
2800,,0,0,[0|0|0],99999,0,0,0,0,0,0,0,0,0,-1,-1,-1,-1,1,0,-1,-1,-1,-1,-1,-1,-1,-1,-1,-1,-1,-1,-1,-1,-1,-1,1,1,1,1,1,1,1,1,-1,0,0,0,0,0,0,0,[0|0],0,0,0,0,0,0,0,0,0,0,0,0,0,-1,-1,1,0,4,1,4,0,255,0,[0|0],0,0,0,0,0,0,0,0,0,-1,-1,0,0,0,0,0,1,2,0,1,1,1,1,1,1,1,139,139,139,139,139,139,139,139,-1,1,0,1,100,0,0,0,0,0,0,0,0,0,0,0,0,0,0,0,0,0,0,0,0,0,0,0,0,0,0,0,0,0,0,0,0,0,0,0,[0|0|0|0],0,0,0,0,0,0,0,0,0,0,0,0,0,0,0,0,0,0,0,0,0,0,0,0,0,0,0,0,0,0,0,0,0,0,0,0,0,0,0,0,0,0,0,0,0,0,0,0,0,0,0,0,0,0,0,0,0,0,0,0,0,0,0,0,0,0,0,0,0,0,0,0,0,0,0,0,0,0,0,0,0,0,0,0,0,0,0,0,0,0,0,0,0,0,0,0,0,0,[0|0|0|0|0|0|0|0|0|0|0|0|0|0],
2900,,0,0,[0|0|0],99999,0,0,0,0,0,0,0,0,0,-1,-1,-1,-1,1,0,-1,-1,-1,-1,-1,-1,-1,-1,-1,-1,-1,-1,-1,-1,-1,-1,1,1,1,1,1,1,1,1,-1,0,0,0,0,0,0,0,[0|0],0,0,0,0,0,0,0,0,0,0,0,0,0,-1,-1,1,0,4,1,4,0,255,0,[0|0],0,0,0,0,0,0,0,0,0,-1,-1,0,0,0,0,0,1,2,0,1,1,1,1,1,1,1,139,139,139,139,139,139,139,139,-1,1,0,1,100,0,0,0,0,0,0,0,0,0,0,0,0,0,0,0,0,0,0,0,0,0,0,0,0,0,0,0,0,0,0,0,0,0,0,0,[0|0|0|0],0,0,0,0,0,0,0,0,0,0,0,0,0,0,0,0,0,0,0,0,0,0,0,0,0,0,0,0,0,0,0,0,0,0,0,0,0,0,0,0,0,0,0,0,0,0,0,0,0,0,0,0,0,0,0,0,0,0,0,0,0,0,0,0,0,0,0,0,0,0,0,0,0,0,0,0,0,0,0,0,0,0,0,0,0,0,0,0,0,0,0,0,0,0,0,0,0,0,[0|0|0|0|0|0|0|0|0|0|0|0|0|0],
3000,,0,0,[0|0|0],99999,0,0,0,0,0,0,0,0,0,-1,-1,-1,-1,1,0,-1,-1,-1,-1,-1,-1,-1,-1,-1,-1,-1,-1,-1,-1,-1,-1,1,1,1.1,1.1,1,1,1.1,1.1,-1,0,0,0,0,0,0,0,[0|0],0,0,0,0,0,0,0,0,0,0,0,0,0,-1,-1,1,0,4,2,4,0,255,0,[0|0],0,0,0,0,0,0,0,0,0,-1,-1,0,0,0,0,0,1,2,0,1,1,1,1,1,1,1,139,139,139,139,139,139,139,139,-1,1,0,1,100,0,0,0,0,0,0,0,0,0,0,0,0,0,0,0,0,0,0,0,0,0,0,0,0,0,0,0,0,0,0,0,0,0,0,0,[0|0|0|0],0,0,0,0,0,0,0,0,0,0,0,0,0,0,0,0,0,0,0,0,0,0,0,0,0,0,0,0,0,0,0,0,0,0,0,0,0,0,0,0,0,0,0,0,0,0,0,0,0,0,0,0,0,0,0,0,0,0,0,0,0,0,0,0,0,0,0,0,0,0,0,0,0,0,0,0,0,0,0,0,0,0,0,0,0,0,0,0,0,0,0,0,0,0,0,0,0,0,[0|0|0|0|0|0|0|0|0|0|0|0|0|0],
3100,,0,0,[0|0|0],99999,0,0,0,0,0,0,0,0,0,-1,-1,-1,-1,1,0,-1,-1,-1,-1,-1,-1,-1,-1,-1,-1,-1,-1,-1,-1,-1,-1,1,1,1.1,1.1,1,1,1.1,1.1,-1,6,0,0,0,0,0,0,[0|0],0,0,0,0,0,0,0,0,0,0,0,0,0,-1,-1,1,0,4,2,4,0,255,0,[0|0],0,0,0,0,0,0,0,0,0,-1,-1,0,0,0,0,0,1,2,0,1,1,1,1,1,1,1,139,139,139,139,139,139,139,139,-1,1,0,1,100,0,0,0,0,0,0,0,0,0,0,0,0,0,0,0,0,0,0,0,0,0,0,0,0,0,0,0,0,0,0,0,0,0,0,0,[0|0|0|0],0,0,0,0,0,0,0,0,0,0,0,0,0,0,0,0,0,0,0,0,0,0,0,0,0,0,0,0,0,0,0,0,0,0,0,0,0,0,0,0,0,0,0,0,0,0,0,0,0,0,0,0,0,0,0,0,0,0,0,0,0,0,0,0,0,0,0,0,0,0,0,0,0,0,0,0,0,0,0,0,0,0,0,0,0,0,0,0,0,0,0,0,0,0,0,0,0,0,[0|0|0|0|0|0|0|0|0|0|0|0|0|0],
3200,,0,0,[0|0|0],99999,0,0,0,0,0,0,0,0,0,-1,-1,-1,-1,1,0,-1,-1,-1,-1,-1,-1,-1,-1,-1,-1,-1,-1,-1,-1,-1,-1,1,1,1.1,1.1,1,1,1.1,1.1,-1,2,0,0,0,0,0,0,[0|0],0,0,0,0,0,0,0,0,0,0,0,0,0,-1,-1,1,0,4,2,4,0,255,0,[0|0],0,0,0,0,0,0,0,0,0,-1,-1,0,0,0,0,0,1,2,0,1,1,1,1,1,1,1,139,139,139,139,139,139,139,139,-1,1,0,1,100,0,0,0,0,0,0,0,0,0,0,0,0,0,0,0,0,0,0,0,0,0,0,0,0,0,0,0,0,0,0,0,0,0,0,0,[0|0|0|0],0,0,0,0,0,0,0,0,0,0,0,0,0,0,0,0,0,0,0,0,0,0,0,0,0,0,0,0,0,0,0,0,0,0,0,0,0,0,0,0,0,0,0,0,0,0,0,0,0,0,0,0,0,0,0,0,0,0,0,0,0,0,0,0,0,0,0,0,0,0,0,0,0,0,0,0,0,0,0,0,0,0,0,0,0,0,0,0,0,0,0,0,0,0,0,0,0,0,[0|0|0|0|0|0|0|0|0|0|0|0|0|0],
3300,,0,0,[0|0|0],99999,0,0,0,0,0,0,0,0,0,-1,-1,-1,-1,1,0,-1,-1,-1,-1,-1,-1,-1,-1,-1,-1,-1,-1,-1,-1,-1,-1,1,1,1.1,1.1,1,1,1.1,1.1,-1,4,0,0,0,0,0,0,[0|0],0,0,0,0,0,0,0,0,0,0,0,0,0,-1,-1,1,0,4,2,4,0,255,0,[0|0],0,0,0,0,0,0,0,0,0,-1,-1,0,0,0,0,0,1,2,0,1,1,1,1,1,1,1,139,139,139,139,139,139,139,139,-1,1,0,1,100,0,0,0,0,0,0,0,0,0,0,0,0,0,0,0,0,0,0,0,0,0,0,0,0,0,0,0,0,0,0,0,0,0,0,0,[0|0|0|0],0,0,0,0,0,0,0,0,0,0,0,0,0,0,0,0,0,0,0,0,0,0,0,0,0,0,0,0,0,0,0,0,0,0,0,0,0,0,0,0,0,0,0,0,0,0,0,0,0,0,0,0,0,0,0,0,0,0,0,0,0,0,0,0,0,0,0,0,0,0,0,0,0,0,0,0,0,0,0,0,0,0,0,0,0,0,0,0,0,0,0,0,0,0,0,0,0,0,[0|0|0|0|0|0|0|0|0|0|0|0|0|0],
3400,,0,0,[0|0|0],99999,0,0,0,0,0,0,0,0,0,-1,-1,-1,-1,1,0,-1,-1,-1,-1,-1,-1,-1,-1,-1,-1,-1,-1,-1,-1,-1,-1,1,1,1.1,1.1,1,1,1.1,1.1,-1,5,0,0,0,0,0,0,[0|0],0,0,0,0,0,0,0,0,0,0,0,0,0,-1,-1,1,0,4,2,4,0,255,0,[0|0],0,0,0,0,0,0,0,0,0,-1,-1,0,0,0,0,0,1,2,0,1,1,1,1,1,1,1,139,139,139,139,139,139,139,139,-1,1,0,1,100,0,0,0,0,0,0,0,0,0,0,0,0,0,0,0,0,0,0,0,0,0,0,0,0,0,0,0,0,0,0,0,0,0,0,0,[0|0|0|0],0,0,0,0,0,0,0,0,0,0,0,0,0,0,0,0,0,0,0,0,0,0,0,0,0,0,0,0,0,0,0,0,0,0,0,0,0,0,0,0,0,0,0,0,0,0,0,0,0,0,0,0,0,0,0,0,0,0,0,0,0,0,0,0,0,0,0,0,0,0,0,0,0,0,0,0,0,0,0,0,0,0,0,0,0,0,0,0,0,0,0,0,0,0,0,0,0,0,[0|0|0|0|0|0|0|0|0|0|0|0|0|0],
3500,,0,0,[0|0|0],99999,0,0,0,0,0,0,0,0,0,-1,-1,-1,-1,1,0,-1,-1,-1,-1,-1,-1,-1,-1,-1,-1,-1,-1,-1,-1,-1,-1,1,1,1.1,1.1,1,1,1.1,1.1,-1,7,0,0,0,0,0,0,[0|0],0,0,0,0,0,0,0,0,0,0,0,0,0,-1,-1,1,0,4,2,4,0,255,0,[0|0],0,0,0,0,0,0,0,0,0,-1,-1,0,0,0,0,0,1,2,0,1,1,1,1,1,1,1,139,139,139,139,139,139,139,139,-1,1,0,1,100,0,0,0,0,0,0,0,0,0,0,0,0,0,0,0,0,0,0,0,0,0,0,0,0,0,0,0,0,0,0,0,0,0,0,0,[0|0|0|0],0,0,0,0,0,0,0,0,0,0,0,0,0,0,0,0,0,0,0,0,0,0,0,0,0,0,0,0,0,0,0,0,0,0,0,0,0,0,0,0,0,0,0,0,0,0,0,0,0,0,0,0,0,0,0,0,0,0,0,0,0,0,0,0,0,0,0,0,0,0,0,0,0,0,0,0,0,0,0,0,0,0,0,0,0,0,0,0,0,0,0,0,0,0,0,0,0,0,[0|0|0|0|0|0|0|0|0|0|0|0|0|0],
3600,,0,0,[0|0|0],99999,0,0,0,0,0,0,0,0,0,-1,-1,-1,-1,1,0,-1,-1,-1,-1,-1,-1,-1,-1,-1,-1,-1,-1,-1,-1,-1,-1,1,1,1.1,1.1,1,1,1.1,1.1,-1,8,0,0,0,0,0,0,[0|0],0,0,0,0,0,0,0,0,0,0,0,0,0,-1,-1,1,0,4,2,4,0,255,0,[0|0],0,0,0,0,0,0,0,0,0,-1,-1,0,0,0,0,0,1,2,0,1,1,1,1,1,1,1,139,139,139,139,139,139,139,139,-1,1,0,1,100,0,0,0,0,0,0,0,0,0,0,0,0,0,0,0,0,0,0,0,0,0,0,0,0,0,0,0,0,0,0,0,0,0,0,0,[0|0|0|0],0,0,0,0,0,0,0,0,0,0,0,0,0,0,0,0,0,0,0,0,0,0,0,0,0,0,0,0,0,0,0,0,0,0,0,0,0,0,0,0,0,0,0,0,0,0,0,0,0,0,0,0,0,0,0,0,0,0,0,0,0,0,0,0,0,0,0,0,0,0,0,0,0,0,0,0,0,0,0,0,0,0,0,0,0,0,0,0,0,0,0,0,0,0,0,0,0,0,[0|0|0|0|0|0|0|0|0|0|0|0|0|0],
3700,,0,0,[0|0|0],99999,0,0,0,0,0,0,0,0,0,-1,-1,-1,-1,1,0,-1,-1,-1,-1,-1,-1,-1,-1,-1,-1,-1,-1,-1,-1,-1,-1,1,1,1.1,1.1,1,1,1.1,1.1,-1,3,0,0,0,0,0,0,[0|0],0,0,0,0,0,0,0,0,0,0,0,0,0,-1,-1,1,0,4,2,4,0,255,0,[0|0],0,0,0,0,0,0,0,0,0,-1,-1,0,0,0,0,0,1,2,0,1,1,1,1,1,1,1,139,139,139,139,139,139,139,139,-1,1,0,1,100,0,0,0,0,0,0,0,0,0,0,0,0,0,0,0,0,0,0,0,0,0,0,0,0,0,0,0,0,0,0,0,0,0,0,0,[0|0|0|0],0,0,0,0,0,0,0,0,0,0,0,0,0,0,0,0,0,0,0,0,0,0,0,0,0,0,0,0,0,0,0,0,0,0,0,0,0,0,0,0,0,0,0,0,0,0,0,0,0,0,0,0,0,0,0,0,0,0,0,0,0,0,0,0,0,0,0,0,0,0,0,0,0,0,0,0,0,0,0,0,0,0,0,0,0,0,0,0,0,0,0,0,0,0,0,0,0,0,[0|0|0|0|0|0|0|0|0|0|0|0|0|0],
3800,,0,0,[0|0|0],99999,0,0,0,0,0,0,0,0,0,-1,-1,-1,-1,1,0,-1,-1,-1,-1,-1,-1,-1,-1,-1,-1,-1,-1,-1,-1,-1,-1,1,1,1.1,1.1,1,1,1.1,1.1,-1,9,0,0,0,0,0,0,[0|0],0,0,0,0,0,0,0,0,0,0,0,0,0,-1,-1,1,0,4,2,4,0,255,0,[0|0],0,0,0,0,0,0,0,0,0,-1,-1,0,0,0,0,0,1,2,0,1,1,1,1,1,1,1,139,139,139,139,139,139,139,139,-1,1,0,1,100,0,0,0,0,0,0,0,0,0,0,0,0,0,0,0,0,0,0,0,0,0,0,0,0,0,0,0,0,0,0,0,0,0,0,0,[0|0|0|0],0,0,0,0,0,0,0,0,0,0,0,0,0,0,0,0,0,0,0,0,0,0,0,0,0,0,0,0,0,0,0,0,0,0,0,0,0,0,0,0,0,0,0,0,0,0,0,0,0,0,0,0,0,0,0,0,0,0,0,0,0,0,0,0,0,0,0,0,0,0,0,0,0,0,0,0,0,0,0,0,0,0,0,0,0,0,0,0,0,0,0,0,0,0,0,0,0,0,[0|0|0|0|0|0|0|0|0|0|0|0|0|0],
3900,,0,0,[0|0|0],99999,0,0,0,0,0,0,0,0,0,-1,-1,-1,-1,1,0,-1,-1,-1,-1,-1,-1,-1,-1,-1,-1,-1,-1,-1,-1,-1,-1,1,1,1.1,1.1,1,1,1.1,1.1,-1,10,0,0,0,0,0,0,[0|0],0,0,0,0,0,0,0,0,0,0,0,0,0,-1,-1,1,0,4,2,4,0,255,0,[0|0],0,0,0,0,0,0,0,0,0,-1,-1,0,0,0,0,0,1,2,0,1,1,1,1,1,1,1,139,139,139,139,139,139,139,139,-1,1,0,1,100,0,0,0,0,0,0,0,0,0,0,0,0,0,0,0,0,0,0,0,0,0,0,0,0,0,0,0,0,0,0,0,0,0,0,0,[0|0|0|0],0,0,0,0,0,0,0,0,0,0,0,0,0,0,0,0,0,0,0,0,0,0,0,0,0,0,0,0,0,0,0,0,0,0,0,0,0,0,0,0,0,0,0,0,0,0,0,0,0,0,0,0,0,0,0,0,0,0,0,0,0,0,0,0,0,0,0,0,0,0,0,0,0,0,0,0,0,0,0,0,0,0,0,0,0,0,0,0,0,0,0,0,0,0,0,0,0,0,[0|0|0|0|0|0|0|0|0|0|0|0|0|0],
4000,,0,0,[0|0|0],99999,0,0,0,0,0,0,0,0,0,-1,-1,-1,-1,1,0,-1,-1,-1,-1,-1,-1,-1,-1,-1,-1,-1,-1,-1,-1,-1,-1,1,1,1,1,1,1,1,1,-1,0,0,0,0,0,0,0,[0|0],0,0,0,0,0,0,0,0,0,0,0,0,0,-1,-1,1,0,4,2,4,0,255,0,[0|0],0,0,0,0,0,0,0,0,0,-1,-1,0,0,0,0,0,1,2,0,1,1,1,1,1,1,1,139,139,139,139,139,139,139,139,-1,1,0,1,100,0,0,0,0,0,0,0,0,0,0,0,0,0,0,0,0,0,0,0,0,0,0,0,0,0,0,0,0,0,0,0,0,0,0,0,[0|0|0|0],0,0,0,0,0,0,0,0,0,0,0,0,0,0,0,0,0,0,0,0,0,0,0,0,0,0,0,0,0,0,0,0,0,0,0,0,0,0,0,0,0,0,0,0,0,0,0,0,0,0,0,0,0,0,0,0,0,0,0,0,0,0,0,0,0,0,0,0,0,0,0,0,0,0,0,0,0,0,0,0,0,0,0,0,0,0,0,0,0,0,0,0,0,0,0,0,0,0,[0|0|0|0|0|0|0|0|0|0|0|0|0|0],
4100,,0,0,[0|0|0],99999,0,0,0,0,0,0,0,0,0,-1,-1,-1,-1,1,0,-1,-1,-1,-1,-1,-1,-1,-1,-1,-1,-1,-1,-1,-1,-1,-1,1,1,1,1,1,1,1,1,-1,0,0,0,0,0,0,0,[0|0],0,0,0,0,0,0,0,0,0,0,0,0,0,-1,-1,1,0,4,2,4,0,255,0,[0|0],0,0,0,0,0,0,0,0,0,-1,-1,0,0,0,0,0,1,2,0,1,1,1,1,1,1,1,139,139,139,139,139,139,139,139,-1,1,0,1,100,0,0,0,0,0,0,0,0,0,0,0,0,0,0,0,0,0,0,0,0,0,0,0,0,0,0,0,0,0,0,0,0,0,0,0,[0|0|0|0],0,0,0,0,0,0,0,0,0,0,0,0,0,0,0,0,0,0,0,0,0,0,0,0,0,0,0,0,0,0,0,0,0,0,0,0,0,0,0,0,0,0,0,0,0,0,0,0,0,0,0,0,0,0,0,0,0,0,0,0,0,0,0,0,0,0,0,0,0,0,0,0,0,0,0,0,0,0,0,0,0,0,0,0,0,0,0,0,0,0,0,0,0,0,0,0,0,0,[0|0|0|0|0|0|0|0|0|0|0|0|0|0],
4200,,0,0,[0|0|0],99999,0,0,0,0,0,0,0,0,0,-1,-1,-1,-1,1,0,-1,-1,-1,-1,-1,-1,-1,-1,-1,-1,-1,-1,-1,-1,-1,-1,1,1,1,1,1,1,1,1,-1,0,0,0,0,0,0,0,[0|0],0,0,0,0,0,0,0,0,0,0,0,0,0,-1,-1,1,0,4,2,4,0,255,0,[0|0],0,0,0,0,0,0,0,0,0,-1,-1,0,0,0,0,0,1,2,0,1,1,1,1,1,1,1,139,139,139,139,139,139,139,139,-1,1,0,1,100,0,0,0,0,0,0,0,0,0,0,0,0,0,0,0,0,0,0,0,0,0,0,0,0,0,0,0,0,0,0,0,0,0,0,0,[0|0|0|0],0,0,0,0,0,0,0,0,0,0,0,0,0,0,0,0,0,0,0,0,0,0,0,0,0,0,0,0,0,0,0,0,0,0,0,0,0,0,0,0,0,0,0,0,0,0,0,0,0,0,0,0,0,0,0,0,0,0,0,0,0,0,0,0,0,0,0,0,0,0,0,0,0,0,0,0,0,0,0,0,0,0,0,0,0,0,0,0,0,0,0,0,0,0,0,0,0,0,[0|0|0|0|0|0|0|0|0|0|0|0|0|0],
4300,,0,0,[0|0|0],99999,0,0,0,0,0,0,0,0,0,-1,-1,-1,-1,1,0,-1,-1,-1,-1,-1,-1,-1,-1,-1,-1,-1,-1,-1,-1,-1,-1,1,1,1,1,1,1,1,1,-1,0,0,0,0,0,0,0,[0|0],0,0,0,0,0,0,0,0,0,0,0,0,0,-1,-1,1,0,4,2,4,0,255,0,[0|0],0,0,0,0,0,0,0,0,0,-1,-1,0,0,0,0,0,1,2,0,1,1,1,1,1,1,1,139,139,139,139,139,139,139,139,-1,1,0,1,100,0,0,0,0,0,0,0,0,0,0,0,0,0,0,0,0,0,0,0,0,0,0,0,0,0,0,0,0,0,0,0,0,0,0,0,[0|0|0|0],0,0,0,0,0,0,0,0,0,0,0,0,0,0,0,0,0,0,0,0,0,0,0,0,0,0,0,0,0,0,0,0,0,0,0,0,0,0,0,0,0,0,0,0,0,0,0,0,0,0,0,0,0,0,0,0,0,0,0,0,0,0,0,0,0,0,0,0,0,0,0,0,0,0,0,0,0,0,0,0,0,0,0,0,0,0,0,0,0,0,0,0,0,0,0,0,0,0,[0|0|0|0|0|0|0|0|0|0|0|0|0|0],
4400,,0,0,[0|0|0],99999,0,0,0,0,0,0,0,0,0,-1,-1,-1,-1,1,0,-1,-1,-1,-1,-1,-1,-1,-1,-1,-1,-1,-1,-1,-1,-1,-1,1,1,1,1,1,1,1,1,-1,0,0,0,0,0,0,0,[0|0],0,0,0,0,0,0,0,0,0,0,0,0,0,-1,-1,1,0,4,2,4,0,255,0,[0|0],0,0,0,0,0,0,0,0,0,-1,-1,0,0,0,0,0,1,2,0,1,1,1,1,1,1,1,139,139,139,139,139,139,139,139,-1,1,0,1,100,0,0,0,0,0,0,0,0,0,0,0,0,0,0,0,0,0,0,0,0,0,0,0,0,0,0,0,0,0,0,0,0,0,0,0,[0|0|0|0],0,0,0,0,0,0,0,0,0,0,0,0,0,0,0,0,0,0,0,0,0,0,0,0,0,0,0,0,0,0,0,0,0,0,0,0,0,0,0,0,0,0,0,0,0,0,0,0,0,0,0,0,0,0,0,0,0,0,0,0,0,0,0,0,0,0,0,0,0,0,0,0,0,0,0,0,0,0,0,0,0,0,0,0,0,0,0,0,0,0,0,0,0,0,0,0,0,0,[0|0|0|0|0|0|0|0|0|0|0|0|0|0],
4500,,0,0,[0|0|0],99999,0,0,0,0,0,0,0,0,0,-1,-1,-1,-1,1,0,-1,-1,-1,-1,-1,-1,-1,-1,-1,-1,-1,-1,-1,-1,-1,-1,1,1,1,1,1,1,1,1,-1,0,0,0,0,0,0,0,[0|0],0,0,0,0,0,0,0,0,0,0,0,0,0,-1,-1,1,0,4,2,4,0,255,0,[0|0],0,0,0,0,0,0,0,0,0,-1,-1,0,0,0,0,0,1,2,0,1,1,1,1,1,1,1,139,139,139,139,139,139,139,139,-1,1,0,1,100,0,0,0,0,0,0,0,0,0,0,0,0,0,0,0,0,0,0,0,0,0,0,0,0,0,0,0,0,0,0,0,0,0,0,0,[0|0|0|0],0,0,0,0,0,0,0,0,0,0,0,0,0,0,0,0,0,0,0,0,0,0,0,0,0,0,0,0,0,0,0,0,0,0,0,0,0,0,0,0,0,0,0,0,0,0,0,0,0,0,0,0,0,0,0,0,0,0,0,0,0,0,0,0,0,0,0,0,0,0,0,0,0,0,0,0,0,0,0,0,0,0,0,0,0,0,0,0,0,0,0,0,0,0,0,0,0,0,[0|0|0|0|0|0|0|0|0|0|0|0|0|0],
4600,,0,0,[0|0|0],99999,0,0,0,0,0,0,0,0,0,-1,-1,-1,-1,1,0,-1,-1,-1,-1,-1,-1,-1,-1,-1,-1,-1,-1,-1,-1,-1,-1,1,1,1,1,1,1,1,1,-1,0,0,0,0,0,0,0,[0|0],0,0,0,0,0,0,0,0,0,0,0,0,0,-1,-1,1,0,4,2,4,0,255,0,[0|0],0,0,0,0,0,0,0,0,0,-1,-1,0,0,0,0,0,1,2,0,1,1,1,1,1,1,1,139,139,139,139,139,139,139,139,-1,1,0,1,100,0,0,0,0,0,0,0,0,0,0,0,0,0,0,0,0,0,0,0,0,0,0,0,0,0,0,0,0,0,0,0,0,0,0,0,[0|0|0|0],0,0,0,0,0,0,0,0,0,0,0,0,0,0,0,0,0,0,0,0,0,0,0,0,0,0,0,0,0,0,0,0,0,0,0,0,0,0,0,0,0,0,0,0,0,0,0,0,0,0,0,0,0,0,0,0,0,0,0,0,0,0,0,0,0,0,0,0,0,0,0,0,0,0,0,0,0,0,0,0,0,0,0,0,0,0,0,0,0,0,0,0,0,0,0,0,0,0,[0|0|0|0|0|0|0|0|0|0|0|0|0|0],
4700,,0,0,[0|0|0],99999,0,0,0,0,0,0,0,0,0,-1,-1,-1,-1,1,0,-1,-1,-1,-1,-1,-1,-1,-1,-1,-1,-1,-1,-1,-1,-1,-1,1,1,1,1,1,1,1,1,-1,0,0,0,0,0,0,0,[0|0],0,0,0,0,0,0,0,0,0,0,0,0,0,-1,-1,1,0,4,2,4,0,255,0,[0|0],0,0,0,0,0,0,0,0,0,-1,-1,0,0,0,0,0,1,2,0,1,1,1,1,1,1,1,139,139,139,139,139,139,139,139,-1,1,0,1,100,0,0,0,0,0,0,0,0,0,0,0,0,0,0,0,0,0,0,0,0,0,0,0,0,0,0,0,0,0,0,0,0,0,0,0,[0|0|0|0],0,0,0,0,0,0,0,0,0,0,0,0,0,0,0,0,0,0,0,0,0,0,0,0,0,0,0,0,0,0,0,0,0,0,0,0,0,0,0,0,0,0,0,0,0,0,0,0,0,0,0,0,0,0,0,0,0,0,0,0,0,0,0,0,0,0,0,0,0,0,0,0,0,0,0,0,0,0,0,0,0,0,0,0,0,0,0,0,0,0,0,0,0,0,0,0,0,0,[0|0|0|0|0|0|0|0|0|0|0|0|0|0],
4800,,0,0,[0|0|0],99999,0,0,0,0,0,0,0,0,0,-1,-1,-1,-1,1,0,-1,-1,-1,-1,-1,-1,-1,-1,-1,-1,-1,-1,-1,-1,-1,-1,1,1,1,1,1,1,1,1,-1,0,0,0,0,0,0,0,[0|0],0,0,0,0,0,0,0,0,0,0,0,0,0,-1,-1,1,0,4,2,4,0,255,0,[0|0],0,0,0,0,0,0,0,0,0,-1,-1,0,0,0,0,0,1,2,0,1,1,1,1,1,1,1,139,139,139,139,139,139,139,139,-1,1,0,1,100,0,0,0,0,0,0,0,0,0,0,0,0,0,0,0,0,0,0,0,0,0,0,0,0,0,0,0,0,0,0,0,0,0,0,0,[0|0|0|0],0,0,0,0,0,0,0,0,0,0,0,0,0,0,0,0,0,0,0,0,0,0,0,0,0,0,0,0,0,0,0,0,0,0,0,0,0,0,0,0,0,0,0,0,0,0,0,0,0,0,0,0,0,0,0,0,0,0,0,0,0,0,0,0,0,0,0,0,0,0,0,0,0,0,0,0,0,0,0,0,0,0,0,0,0,0,0,0,0,0,0,0,0,0,0,0,0,0,[0|0|0|0|0|0|0|0|0|0|0|0|0|0],
4900,,0,0,[0|0|0],99999,0,0,0,0,0,0,0,0,0,-1,-1,-1,-1,1,0,-1,-1,-1,-1,-1,-1,-1,-1,-1,-1,-1,-1,-1,-1,-1,-1,1,1,1,1,1,1,1,1,-1,0,0,0,0,0,0,0,[0|0],0,0,0,0,0,0,0,0,0,0,0,0,0,-1,-1,1,0,4,2,4,0,255,0,[0|0],0,0,0,0,0,0,0,0,0,-1,-1,0,0,0,0,0,1,2,0,1,1,1,1,1,1,1,139,139,139,139,139,139,139,139,-1,1,0,1,100,0,0,0,0,0,0,0,0,0,0,0,0,0,0,0,0,0,0,0,0,0,0,0,0,0,0,0,0,0,0,0,0,0,0,0,[0|0|0|0],0,0,0,0,0,0,0,0,0,0,0,0,0,0,0,0,0,0,0,0,0,0,0,0,0,0,0,0,0,0,0,0,0,0,0,0,0,0,0,0,0,0,0,0,0,0,0,0,0,0,0,0,0,0,0,0,0,0,0,0,0,0,0,0,0,0,0,0,0,0,0,0,0,0,0,0,0,0,0,0,0,0,0,0,0,0,0,0,0,0,0,0,0,0,0,0,0,0,[0|0|0|0|0|0|0|0|0|0|0|0|0|0],
5000,,0,0,[0|0|0],99999,0,0,0,0,0,0,0,0,0,-1,-1,-1,-1,1,0,-1,-1,-1,-1,-1,-1,-1,-1,-1,-1,-1,-1,-1,-1,-1,-1,1,1,1,1,1,1,1,1,-1,9000,0,0,0,0,0,0,[0|0],0,0,0,0,0,0,0,0,0,0,0,0,0,-1,-1,1,0,4,3,4,0,255,0,[0|0],0,0,0,0,0,0,0,0,0,-1,-1,0,0,0,0,0,1,2,0,1,1,1,1,1,1,1,139,139,139,139,139,139,139,139,-1,1,0,1,100,0,0,0,0,0,0,0,0,0,0,0,0,0,0,0,0,0,0,0,0,0,0,0,0,0,0,0,0,0,0,0,0,0,0,0,[0|0|0|0],0,0,0,0,0,0,0,0,0,0,0,0,0,0,0,0,0,0,0,0,0,0,0,0,0,0,0,0,0,0,0,0,0,0,0,0,0,0,0,0,0,0,0,0,0,0,0,0,0,0,0,0,0,0,0,0,0,0,0,0,0,0,0,0,0,0,0,0,0,0,0,0,0,0,0,0,0,0,0,0,0,0,0,0,0,0,0,0,0,0,0,0,0,0,0,0,0,0,[0|0|0|0|0|0|0|0|0|0|0|0|0|0],
10000,头部,0,0,[0|0|0],99999,0,0,0,0,0,0,0,0,0,-1,-1,-1,-1,1.5,0,-1,-1,-1,-1,-1,-1,-1,-1,-1,-1,-1,-1,-1,-1,-1,-1,1,1,1,1,1,1,1,1,-1,0,1097,1101,0,0,0,0,[0|0],0,0,0,0,0,0,0,0,0,0,0,0,0,-1,-1,1,0,5,3,0,0,255,0,[0|0],0,1,0,0,0,0,0,0,0,-1,-1,0,0,0,0,0,1,2,0,1,1,1,1,1,1,1,109,110,109,110,139,139,139,139,-1,1,0,1,0,0,0,0,0,0,0,0,0,0,0,0,0,0,0,0,0,0,0,0,0,0,0,0,0,0,0,0,0,0,0,0,0,0,0,0,[0|0|0|0],0,0,0,0,0,0,0,0,0,0,0,0,0,0,0,0,0,0,0,0,0,0,0,0,0,1,0,0,0,0,0,0,0,0,0,1,0,0,0,1,0,0,0,0,0,0,0,0,0,0,0,0,0,0,0,0,0,0,0,0,0,0,1,1,1,1,0,1,0,0,0,0,0,0,0,0,0,1,0,0,0,0,0,0,0,0,0,0,0,0,0,0,0,0,0,0,0,0,[0|0|0|0|0|0|0|0|0|0|0|0|0|0],没有装备任何防具，赤裸的头部。
10100,身体,0,0,[0|0|0],99999,0,0,0,100,0,0,0,0,0,-1,-1,-1,-1,1,-0.4,-1,-1,-1,-1,-1,-1,-1,-1,-1,-1,-1,-1,-1,-1,-1,-1,1,1,1,1,1,1,1,1,-1,0,1098,1102,0,0,0,0,[0|0],0,0,0,0,0,0,0,0,0,0,0,0,0,-1,-1,1,0,2,3,1,0,255,0,[0|0],0,0,1,0,0,0,0,0,0,-1,-1,0,0,0,0,0,1,2,0,1,1,1,1,1,1,1,109,50,109,50,139,139,139,139,-1,1,0,1,0,0,0,0,0,0,0,0,0,0,0,0,0,0,0,0,0,0,0,0,0,0,0,0,0,0,0,0,0,0,0,0,0,0,0,0,[0|0|0|0],0,0,0,0,0,0,0,0,0,0,0,0,0,0,0,0,0,0,0,0,0,0,0,0,1,0,0,0,0,0,0,0,0,0,0,0,0,0,0,0,0,0,0,1,1,1,0,1,0,1,1,1,0,0,1,0,1,0,1,0,1,0,0,0,0,0,0,0,0,1,1,1,0,0,0,1,0,0,0,0,0,0,0,0,0,0,0,0,0,0,0,0,0,0,0,0,0,0,[0|0|0|0|0|0|0|0|0|0|0|0|0|0],没有装备任何防具，赤裸的身体。
10200,腕部,0,0,[0|0|0],99999,0,0,0,0,0,0,0,0,0,-1,-1,-1,-1,1.1,0,-1,-1,-1,-1,-1,-1,-1,-1,-1,-1,-1,-1,-1,-1,-1,-1,1,1,1,1,1,1,1,1,-1,0,1099,1103,0,0,0,0,[0|0],0,0,0,0,0,0,0,0,0,0,0,0,0,-1,-1,1,0,1,3,2,0,255,0,[0|0],0,0,0,1,0,0,0,0,0,-1,-1,0,0,0,0,0,1,2,0,1,1,1,1,1,1,1,109,50,109,50,139,139,139,139,-1,1,0,1,0,0,0,0,0,0,0,0,0,0,0,0,0,0,0,0,0,0,0,0,0,0,0,0,0,0,0,0,0,0,0,0,0,0,0,0,[0|0|0|0],0,0,0,0,0,0,0,0,0,0,0,0,0,0,0,0,0,0,0,0,0,0,0,0,0,0,1,1,0,1,0,0,0,1,0,0,0,0,0,0,0,0,0,0,0,0,0,0,0,0,0,0,0,0,0,0,0,0,0,0,0,0,0,0,0,0,0,0,0,0,0,0,0,0,0,0,0,0,0,0,0,0,0,0,0,0,0,0,0,0,0,0,0,0,0,0,0,0,[0|0|0|0|0|0|0|0|0|0|0|0|0|0],没有装备任何防具，赤裸的腕部。
10300,腿部,0,0,[0|0|0],99999,0,0,0,0,0,0,0,0,0,-1,-1,-1,-1,1.1,0,-1,-1,-1,-1,-1,-1,-1,-1,-1,-1,-1,-1,-1,-1,-1,-1,1,1,1,1,1,1,1,1,-1,0,1100,1104,0,0,0,0,[0|0],0,0,0,0,0,0,0,0,0,0,0,0,0,-1,-1,1,0,6,3,3,0,255,0,[0|0],0,0,0,0,1,0,0,0,0,-1,-1,0,0,0,0,0,1,2,0,1,1,1,1,1,1,1,109,50,109,50,139,139,139,139,101,1,0,1,0,0,0,0,0,0,0,0,0,0,0,0,0,0,0,0,0,0,0,0,0,0,0,0,0,0,0,0,0,0,0,0,0,0,0,0,[0|0|0|0],0,0,0,0,0,0,0,0,0,0,0,0,0,0,0,0,0,0,0,0,0,0,0,0,0,0,0,0,0,0,0,0,0,0,0,0,0,0,0,0,0,0,0,0,0,0,0,0,0,0,0,0,0,0,0,0,0,0,0,0,0,0,0,0,0,0,0,0,0,0,0,0,0,1,0,0,0,0,0,0,0,0,0,0,0,0,0,0,0,0,0,0,0,0,0,0,0,0,[0|0|0|0|0|0|0|0|0|0|0|0|0|0],没有装备任何防具，赤裸的腿部。
40000,铁头盔,1,0,[0|0|0],506010,0,8,8,0,0.006,1050,0,200,3.8,-1,-1,-1,7000,1.5,0,-1,-1,-1,-1,-1,-1,-1,-1,-1,-1,-1,-1,-1,-1,-1,-1,1,1,1,1,1,1,1,1,-1,1010,13000,13000,0,0,0,0,[0|0],0,0,0,0,0,0,0,0,12,12,18,8,0,-1,-1,1,0,5,4,0,1,70,0,[0|0],1,1,0,0,0,1,0,0,0,-1,-1,0,1,1,0,0,1,2,0,0.956,0.96,0.969,0.958,0.975,0.969,0.977,109,110,106,110,106,139,139,139,-1,1,0,0.969,0,0,0,0,0,0,0,0,0,0,0,0,0,0,0,0,0,0,0,0,0,0,0,0,0,0,0,0,0,0,0,0,0,0,0,0,[0|0|0|0],0,18,0,1,0,1,0,0,0,0,0,0,0,0,0,0,0,0,0,0,0,0,0,0,0,1,0,0,0,0,0,0,0,0,1,0,0,0,0,1,0,0,0,0,0,0,0,0,0,0,0,0,0,0,0,0,0,0,0,0,0,0,1,1,1,1,1,1,1,1,1,1,0,0,0,0,0,1,1,0,1,1,1,0,0,0,0,0,0,0,0,0,0,0,0,0,0,0,[0|0|0|0|0|0|0|0|0|0|0|0|0|0],遍布锈痕的铁制头盔。\n\n嘴部覆盖着布，能用在应付毒物等等。
40100,鳞甲,1,0,[0|0|0],606000,0,11,11,100,0.018,1150,0,200,8.8,-1,-1,-1,7000,1,-0.4,-1,-1,-1,-1,-1,-1,-1,-1,-1,-1,-1,-1,-1,-1,-1,-1,1,1,1,1,1,1,1,1,-1,1010,13001,13001,0,0,0,0,[0|0],0,0,0,0,0,0,0,0,25,25,46,21,0,-1,-1,1,0,2,4,1,1,70,0,[0|0],1,0,1,0,0,0,0,0,0,-1,-1,0,1,1,0,0,1,2,0,0.881,0.876,0.898,0.891,0.929,0.891,0.933,109,50,144,50,144,139,139,139,-1,1,0,0.92,0,0,0,0,0,0,0,0,0,0,0,0,0,0,0,0,0,0,0,0,0,0,0,0,0,0,0,0,0,0,0,0,0,0,0,0,[0|0|0|0],0,46,0,0,0,0,0,0,1,1,1,1,0,0,0,0,0,0,0,0,0,1,1,1,0,0,0,0,0,0,0,0,0,0,0,0,0,0,0,0,0,0,1,1,1,0,1,0,1,1,0,1,1,1,0,0,1,1,1,1,0,1,0,0,0,0,0,0,1,1,0,1,1,0,0,1,0,0,0,1,0,0,0,1,1,1,1,1,1,1,1,1,1,1,1,1,1,0,[0|0|0|0|0|0|0|0|0|0|0|0|0|0],串连小型金属片以防御攻击的铠甲。\n\n肩上的斗篷是鞣制岩石蜥蜴的皮而成，\n具备不错的火属性防御效果。
40200,铁臂甲,1,0,[0|0|0],705010,0,6,6,0,0.004,1150,0,200,2.9,-1,-1,-1,7000,1.1,0,-1,-1,-1,-1,-1,-1,-1,-1,-1,-1,-1,-1,-1,-1,-1,-1,1,1,1,1,1,1,1,1,-1,1010,13002,13002,0,0,0,0,[0|0],0,0,0,0,0,0,0,0,8,8,15,4,0,-1,-1,1,0,1,4,2,1,60,0,[0|0],1,0,0,1,0,0,0,0,0,-1,-1,0,1,1,0,0,1,2,0,0.972,0.971,0.977,0.971,0.979,0.977,0.985,109,50,106,50,106,139,139,139,-1,1,0,0.981,0,0,0,0,0,0,0,0,0,0,0,0,0,0,0,0,0,0,0,0,0,0,0,0,0,0,0,0,0,0,0,0,0,0,0,0,[0|0|0|0],0,15,0,0,0,0,0,0,0,0,0,0,1,1,0,1,0,0,0,0,1,0,0,0,0,0,1,0,1,0,1,1,0,1,0,0,0,0,0,0,0,0,0,0,0,0,0,0,0,0,0,0,0,0,0,0,0,0,0,0,0,0,0,0,0,0,0,0,0,0,0,0,0,0,0,0,0,0,0,0,0,0,0,0,0,0,0,0,0,0,0,0,0,0,0,0,0,0,[0|0|0|0|0|0|0|0|0|0|0|0|0|0],造型简朴的铁制臂甲。
40300,皮革长裤,1,0,[0|0|0],803000,0,11,11,0,0.011,1250,0,200,5.5,-1,-1,-1,7000,1.1,0,-1,-1,-1,-1,-1,-1,-1,-1,-1,-1,-1,-1,-1,-1,-1,-1,1,1,1,1,1,1,1,1,-1,1010,13003,13003,0,0,0,0,[0|0],0,0,0,0,0,0,0,0,16,16,29,7,0,-1,-1,1,0,6,4,3,1,40,0,[0|0],1,0,0,0,1,0,0,0,0,-1,-1,0,1,1,0,0,1,2,0,0.935,0.932,0.946,0.932,0.95,0.946,0.966,109,50,108,50,108,139,108,139,111,1,0,0.955,0,0,0,0,0,0,0,0,0,0,0,0,0,0,0,0,0,0,0,0,0,0,0,0,0,0,0,0,0,0,0,0,0,0,0,0,[0|0|0|0],0,29,0,0,0,0,0,0,0,0,0,0,0,0,1,0,1,1,1,0,0,1,0,0,0,0,0,0,0,0,0,0,0,0,0,0,0,0,0,0,0,0,0,0,0,0,0,0,0,0,0,0,0,0,0,0,0,0,0,0,0,0,0,0,0,0,0,0,0,0,0,0,0,0,1,0,0,0,0,0,0,0,0,0,0,0,0,0,0,0,0,0,0,0,0,0,0,0,[0|0|0|0|0|0|0|0|0|0|0|0|0|0],材质坚固的皮革长裤。\n\n长裤表面用绳子缠绕固定，\n以免妨碍行动。
50000,凯丹头盔,1,0,[0|0|0],506080,0,9,9,0,0.007,600,0,100,4,-1,-1,-1,7000,1.5,0,-1,-1,-1,-1,-1,-1,-1,-1,-1,-1,-1,-1,-1,-1,-1,-1,1,1,1,1,1,1,1,1,-1,1840,13010,13010,0,0,0,0,[0|0],0,0,0,0,0,0,0,0,12,12,22,9,0,-1,-1,1,0,5,4,0,1,70,0,[0|0],1,1,0,0,0,1,0,0,0,-1,-1,0,1,1,0,0,1,2,0,0.956,0.956,0.966,0.956,0.969,0.966,0.972,109,110,106,110,106,139,139,139,-1,1,0,0.969,0,0,0,0,0,0,0,0,0,0,0,0,0,0,0,0,0,0,0,0,0,0,0,0,0,0,0,0,0,0,0,0,0,0,0,0,[0|0|0|0],0,22,0,0,0,0,0,0,0,0,0,0,0,0,0,0,0,0,0,0,0,0,0,0,0,1,0,0,0,0,0,0,0,0,0,1,0,0,0,1,0,0,0,0,0,0,0,0,0,0,0,0,0,0,0,0,0,0,0,0,0,0,1,1,1,1,1,1,1,1,1,1,0,0,0,0,0,1,1,0,1,1,0,0,0,0,0,0,0,0,0,0,0,0,0,0,0,1,[0|0|0|0|0|0|0|0|0|0|0|0|0|0],凯丹佣兵们穿戴的头盔。\n\n据说凯丹佣兵来自落雪霭霭的北方山顶，\n各个身形高壮，擅长骑马作战。\n凯丹为佣兵的故乡之名。
50100,凯丹铠甲,1,0,[0|0|0],606020,0,11,11,100,0.018,600,0,100,8.8,-1,-1,-1,7000,1,-0.4,-1,-1,-1,-1,-1,-1,-1,-1,-1,-1,-1,-1,-1,-1,-1,-1,1,1,1,1,1,1,1,1,-1,1840,13011,13011,0,0,0,0,[0|0],0,0,0,0,0,0,0,0,25,25,55,11,0,-1,-1,1,0,2,4,1,1,70,0,[0|0],1,0,1,0,0,0,0,0,0,-1,-1,0,1,1,0,0,1,2,0,0.881,0.881,0.912,0.881,0.92,0.912,0.929,109,50,144,50,144,139,139,139,-1,1,0,0.92,0,0,0,0,0,0,0,0,0,0,0,0,0,0,0,0,0,0,0,0,0,0,0,0,0,0,0,0,0,0,0,0,0,0,0,0,[0|0|0|0],0,55,0,0,0,0,0,0,1,1,1,1,1,0,0,0,0,0,0,0,0,0,1,1,0,0,0,0,0,0,0,0,0,0,0,0,0,0,0,0,0,0,1,0,1,1,0,1,1,1,1,0,1,1,0,1,0,1,1,1,0,1,0,0,0,0,0,0,1,1,0,1,0,0,0,1,0,0,0,1,0,0,0,1,1,1,1,1,1,1,1,1,1,1,1,1,1,0,[0|0|0|0|0|0|0|0|0|0|0|0|0|0],凯丹佣兵穿戴的铠甲。\n披着能抵御冻伤的雪狼毛皮。\n\n据说凯丹佣兵来自落雪霭霭的北方山顶，\n各个身形高壮，擅长骑马作战。\n凯丹为佣兵的故乡之名。
50200,凯丹臂甲,1,0,[0|0|0],705090,0,6,6,0,0.004,600,0,100,2.9,-1,-1,-1,7000,1.1,0,-1,-1,-1,-1,-1,-1,-1,-1,-1,-1,-1,-1,-1,-1,-1,-1,1,1,1,1,1,1,1,1,-1,1840,13012,13012,0,0,0,0,[0|0],0,0,0,0,0,0,0,0,8,8,15,6,0,-1,-1,1,0,1,4,2,1,60,0,[0|0],1,0,0,1,0,0,0,0,0,-1,-1,0,1,1,0,0,1,2,0,0.971,0.971,0.979,0.971,0.981,0.979,0.983,109,50,106,50,106,139,139,139,-1,1,0,0.981,0,0,0,0,0,0,0,0,0,0,0,0,0,0,0,0,0,0,0,0,0,0,0,0,0,0,0,0,0,0,0,0,0,0,0,0,[0|0|0|0],0,15,0,0,0,0,0,0,0,0,0,0,0,1,0,1,0,0,0,0,1,0,0,0,0,0,1,0,1,0,1,1,0,1,0,0,0,0,0,0,0,0,0,0,0,0,0,0,0,0,0,0,0,0,0,0,0,0,0,0,0,0,0,0,0,0,0,0,0,0,0,0,0,0,0,0,0,0,0,0,0,0,0,0,0,0,0,0,0,0,0,0,0,0,0,0,0,0,[0|0|0|0|0|0|0|0|0|0|0|0|0|0],凯丹佣兵们穿戴的臂甲。\n\n据说凯丹佣兵来自落雪霭霭的北方山顶，\n各个身形高壮，擅长骑马作战。\n凯丹为佣兵的故乡之名。
50300,凯丹长裤,1,0,[0|0|0],805080,0,7,7,0,0.01,600,0,100,5.1,-1,-1,-1,7000,1.1,0,-1,-1,-1,-1,-1,-1,-1,-1,-1,-1,-1,-1,-1,-1,-1,-1,1,1,1,1,1,1,1,1,-1,1840,13013,13013,0,0,0,0,[0|0],0,0,0,0,0,0,0,0,15,15,26,7,0,-1,-1,1,0,6,4,3,1,60,0,[0|0],1,0,0,0,1,0,0,0,0,-1,-1,0,1,1,0,0,1,2,0,0.935,0.935,0.955,0.935,0.96,0.955,0.962,109,50,108,50,108,139,108,139,111,1,0,0.96,0,0,0,0,0,0,0,0,0,0,0,0,0,0,0,0,0,0,0,0,0,0,0,0,0,0,0,0,0,0,0,0,0,0,0,0,[0|0|0|0],0,26,0,0,0,0,0,0,0,0,0,0,0,0,1,0,1,1,1,0,0,1,0,0,0,0,0,0,0,0,0,0,0,0,0,0,0,0,0,0,0,0,0,0,0,0,0,0,0,0,0,0,0,0,0,0,0,0,0,0,0,0,0,0,0,0,0,0,0,0,0,0,0,0,1,0,0,0,0,0,0,0,0,0,0,0,0,0,0,0,0,0,0,0,0,0,0,0,[0|0|0|0|0|0|0|0|0|0|0|0|0|0],凯丹佣兵们穿戴的长裤。\n\n据说凯丹佣兵来自落雪霭霭的北方山顶，\n各个身形高壮，擅长骑马作战。\n凯丹为佣兵的故乡之名。
60000,龙骑士头盔,1,0,[0|0|0],508040,0,9,9,0,0.006,1050,0,500,4,-1,-1,-1,7000,1.5,0,-1,-1,-1,-1,-1,-1,-1,-1,-1,-1,-1,-1,-1,-1,-1,-1,1,1,1,1,1,1,1,1,-1,1100,13020,13020,0,0,0,0,[0|0],0,0,0,0,0,0,0,0,11,11,20,9,0,-1,-1,1,0,5,4,0,2,90,0,[0|0],1,1,0,0,0,1,0,0,0,-1,-1,0,1,1,0,0,1,2,0,0.96,0.958,0.966,0.96,0.964,0.96,0.969,109,110,106,110,106,139,139,139,-1,1,0,0.964,0,0,0,0,0,0,0,0,0,0,0,0,0,0,0,0,0,0,0,0,0,0,0,0,0,0,0,0,0,0,0,0,0,0,0,0,[0|0|0|0],0,20,0,0,0,1,0,0,0,0,0,0,0,0,0,0,0,0,0,1,0,0,0,0,0,0,0,0,0,0,0,0,0,0,1,0,1,0,0,1,0,0,0,0,0,0,0,0,0,0,0,0,0,0,0,0,0,0,0,0,0,0,1,1,1,1,1,1,1,1,1,1,0,0,0,0,0,1,1,0,1,1,0,0,0,0,0,0,0,0,0,0,0,0,0,0,0,1,[0|0|0|0|0|0|0|0|0|0|0|0|0|0],龙骑士们穿戴的黑铁制头盔。\n使用龙的部分身体制成，\n作为对狩猎龙、龙飨引以为傲的象征。\n\n他们生来就不曾说过只字片语，\n默默地追求强大又美丽，\n却也十分可怕的龙的力量。
60100,龙骑士铠甲,1,0,[0|0|0],608060,0,21,21,100,0.019,1150,0,500,9.2,-1,-1,-1,7000,1,-0.4,-1,-1,-1,-1,-1,-1,-1,-1,-1,-1,-1,-1,-1,-1,-1,-1,1,1,1,1,1,1,1,1,-1,1100,13021,13021,0,0,0,0,[0|0],0,0,0,0,0,0,0,0,25,25,46,21,0,-1,-1,1,0,2,4,1,2,90,0,[0|0],1,0,1,0,0,0,0,0,0,-1,-1,0,1,1,0,0,1,2,0,0.886,0.881,0.905,0.886,0.898,0.886,0.912,109,50,144,50,144,139,139,139,-1,1,0,0.898,0,0,0,0,0,0,0,0,0,0,0,0,0,0,0,0,0,0,0,0,0,0,0,0,0,0,0,0,0,0,0,0,0,0,0,0,[0|0|0|0],0,46,0,0,0,0,0,0,1,1,1,1,0,0,0,0,0,0,0,0,0,1,0,1,0,0,0,0,0,0,0,0,0,0,0,0,0,0,0,0,0,0,0,1,1,1,0,1,1,1,1,0,1,0,1,0,1,1,1,0,1,1,0,0,0,0,0,0,1,1,0,1,1,0,0,1,0,0,0,1,0,0,0,1,1,1,1,1,1,1,1,1,1,1,1,1,1,0,[0|0|0|0|0|0|0|0|0|0|0|0|0|0],龙骑士们穿戴的黑铁制铠甲。\n使用龙的部分身体制成，\n作为对狩猎龙、龙飨引以为傲的象征。\n\n斗篷是由龙翅上的皮膜制成。
60200,龙骑士臂甲,1,0,[0|0|0],707030,0,7,7,0,0.004,1150,0,500,3.1,-1,-1,-1,7000,1.1,0,-1,-1,-1,-1,-1,-1,-1,-1,-1,-1,-1,-1,-1,-1,-1,-1,1,1,1,1,1,1,1,1,-1,1100,13022,13022,0,0,0,0,[0|0],0,0,0,0,0,0,0,0,8,8,15,7,0,-1,-1,1,0,1,4,2,2,80,0,[0|0],1,0,0,1,0,0,0,0,0,-1,-1,0,1,1,0,0,1,2,0,0.972,0.971,0.977,0.972,0.975,0.972,0.979,109,50,106,50,106,139,139,139,-1,1,0,0.975,0,0,0,0,0,0,0,0,0,0,0,0,0,0,0,0,0,0,0,0,0,0,0,0,0,0,0,0,0,0,0,0,0,0,0,0,[0|0|0|0],0,15,0,0,0,0,0,0,0,0,0,0,0,1,0,1,0,0,0,0,1,0,0,0,0,0,1,0,1,0,1,1,1,0,0,0,0,0,0,0,0,0,0,0,0,0,0,0,0,0,0,0,0,0,0,0,0,0,0,0,0,0,0,0,0,0,0,0,0,0,0,0,0,0,0,0,0,0,0,0,0,0,0,0,0,0,0,0,0,0,0,0,0,0,0,0,0,0,[0|0|0|0|0|0|0|0|0|0|0|0|0|0],龙骑士们穿戴的黑铁制臂甲。\n使用龙的部分身体制成，\n作为对狩猎龙、龙飨引以为傲的象征。\n\n他们生来就不曾说过只字片语，\n默默地追求强大又美丽，\n却也十分可怕的龙的力量。
60300,龙骑士腿甲,1,0,[0|0|0],807030,0,13,13,0,0.011,1250,0,500,5.7,-1,-1,-1,7000,1.1,0,-1,-1,-1,-1,-1,-1,-1,-1,-1,-1,-1,-1,-1,-1,-1,-1,1,1,1,1,1,1,1,1,-1,1100,13023,13023,0,0,0,0,[0|0],0,0,0,0,0,0,0,0,16,16,29,13,0,-1,-1,1,0,6,4,3,2,80,0,[0|0],1,0,0,0,1,0,0,0,0,-1,-1,0,1,1,0,0,1,2,0,0.935,0.932,0.946,0.935,0.942,0.935,0.95,109,50,106,50,106,139,139,139,111,1,0,0.942,0,0,0,0,0,0,0,0,0,0,0,0,0,0,0,0,0,0,0,0,0,0,0,0,0,0,0,0,0,0,0,0,0,0,0,0,[0|0|0|0],0,29,0,0,0,0,0,0,0,0,0,0,0,0,1,0,1,1,1,0,0,1,0,0,0,0,0,0,0,0,0,0,0,0,0,0,0,0,0,0,0,0,0,0,0,0,0,0,0,0,0,0,0,0,0,0,0,0,0,0,0,0,0,0,0,0,0,0,0,0,0,0,0,0,1,0,0,0,0,0,0,0,0,0,0,0,0,0,0,0,0,0,0,0,0,0,0,0,[0|0|0|0|0|0|0|0|0|0|0|0|0|0],龙骑士们穿戴的黑铁制腿甲。\n使用龙的部分身体制成，\n作为对狩猎龙、龙飨引以为傲的象征。\n\n他们生来就不曾说过只字片语，\n默默地追求强大又美丽，\n却也十分可怕的龙的力量。
61000,龙骑士头盔（轻装）,1,0,[0|0|0],508050,0,7,7,0,0.006,1050,0,500,3.6,-1,-1,-1,7000,1.5,0,-1,-1,-1,-1,-1,-1,-1,-1,-1,-1,-1,-1,-1,-1,-1,-1,1,1,1,1,1,1,1,1,-1,1101,13030,13030,0,0,0,0,[0|0],0,0,0,0,0,0,0,0,9,9,16,7,0,-1,-1,1,0,5,4,0,2,90,0,[0|0],1,1,0,0,0,1,0,0,0,-1,-1,0,1,1,0,0,1,2,0,0.964,0.962,0.971,0.964,0.968,0.964,0.974,109,110,106,110,106,139,139,139,-1,1,0,0.968,0,0,0,0,0,0,0,0,0,0,0,0,0,0,0,0,0,0,0,0,0,0,0,0,0,0,0,0,0,0,0,0,0,0,0,0,[0|0|0|0],0,16,0,0,0,0,0,0,0,0,0,0,0,0,0,0,0,0,0,1,0,0,0,0,0,0,0,0,0,0,0,0,0,0,0,1,1,0,0,1,0,0,0,0,0,0,0,0,0,0,0,0,0,0,0,0,0,0,0,0,0,0,1,1,0,1,1,1,0,0,1,0,0,0,0,0,0,1,0,0,0,0,0,0,0,0,0,0,0,0,0,0,0,0,0,0,0,1,[0|0|0|0|0|0|0|0|0|0|0|0|0|0],龙骑士们穿戴的黑铁制头盔。\n使用龙的部分身体制成，\n作为对狩猎龙、龙飨引以为傲的象征。\n\n他们生来就不曾说过只字片语，\n默默地追求强大又美丽，\n却也十分可怕的龙的力量。
61100,龙骑士铠甲（轻装）,1,0,[0|0|0],608070,0,10,10,100,0.016,1150,0,500,8.3,-1,-1,-1,7000,1,-0.4,-1,-1,-1,-1,-1,-1,-1,-1,-1,-1,-1,-1,-1,-1,-1,-1,1,1,1,1,1,1,1,1,-1,1101,13031,13031,0,0,0,0,[0|0],0,0,0,0,0,0,0,0,21,21,34,10,0,-1,-1,1,0,2,3,1,2,90,0,[0|0],1,0,1,0,0,0,0,0,0,-1,-1,0,1,1,0,0,1,2,0,0.888,0.888,0.914,0.893,0.92,0.905,0.933,109,50,144,50,144,139,139,139,-1,1,0,0.92,0,0,0,0,0,0,0,0,0,0,0,0,0,0,0,0,0,0,0,0,0,0,0,0,0,0,0,0,0,0,0,0,0,0,0,0,[0|0|0|0],0,34,0,0,0,0,0,0,1,1,1,1,0,0,0,0,0,0,0,0,0,1,0,1,0,0,0,0,0,0,0,0,0,0,0,0,0,0,0,0,0,0,1,0,1,1,0,1,0,1,1,1,1,0,1,0,1,1,1,0,1,1,0,0,0,0,0,0,1,0,1,1,0,0,0,1,0,0,0,1,0,0,0,0,0,0,0,0,0,0,0,0,0,0,0,0,0,0,[0|0|0|0|0|0|0|0|0|0|0|0|0|0],龙骑士们穿戴的黑铁制铠甲。\n使用龙的部分身体制成，\n作为对狩猎龙、龙飨引以为傲的象征。\n\n他们生来就不曾说过只字片语，\n默默地追求强大又美丽，\n却也十分可怕的龙的力量。
80000,鳞片头盔,1,0,[0|0|0],509050,0,16,16,0,0.011,1050,0,500,6.8,-1,-1,-1,7000,1.5,0,-1,-1,-1,-1,-1,-1,-1,-1,-1,-1,-1,-1,-1,-1,-1,-1,1,1,1,1,1,1,1,1,-1,1120,13040,13040,0,0,0,0,[0|0],0,0,0,0,0,0,0,0,24,24,35,16,0,-1,-1,1,0,5,4,0,2,100,0,[0|0],1,1,0,0,0,1,0,0,0,-1,-1,0,1,1,0,0,1,2,0,0.942,0.939,0.95,0.942,0.952,0.95,0.954,109,110,106,110,106,139,139,139,-1,1,0,0.952,0,0,0,0,0,0,0,0,0,0,0,0,0,0,0,0,0,0,0,0,0,0,0,0,0,0,0,0,0,0,0,0,0,0,0,0,[0|0|0|0],0,35,0,0,0,1,1,0,0,0,0,0,0,0,0,0,0,0,0,0,0,0,0,0,0,1,0,0,0,0,0,0,0,0,1,0,0,0,0,1,0,0,0,0,0,0,0,0,0,0,0,0,0,0,0,0,0,0,0,0,0,0,1,1,1,1,1,1,1,1,1,1,0,0,0,0,0,1,1,0,1,1,0,0,0,0,0,0,0,0,0,0,0,0,0,0,0,0,[0|0|0|0|0|0|0|0|0|0|0|0|0|0],“古老骑士”伊修托邦的头盔。\n变质的金属部分以坚硬的鳞片修补，\n在抵御物理以外的攻击，表现不错。\n\n伊修托邦是资历较深的褪色者之中，\n其中一位幸存者。
80100,鳞片铠甲,1,0,[0|0|0],609060,0,38,38,100,0.033,1150,0,500,16,-1,-1,-1,7000,1,-0.4,-1,-1,-1,-1,-1,-1,-1,-1,-1,-1,-1,-1,-1,-1,-1,-1,1,1,1,1,1,1,1,1,-1,1120,13041,13041,0,0,0,0,[0|0],0,0,0,0,0,0,0,0,57,57,83,38,0,-1,-1,1,0,2,4,1,2,100,0,[0|0],1,0,1,0,0,0,0,0,0,-1,-1,0,1,1,0,0,1,2,0,0.84,0.832,0.861,0.84,0.865,0.859,0.87,109,50,113,50,106,139,139,139,-1,1,0,0.865,0,0,0,0,0,0,0,0,0,0,0,0,0,0,0,0,0,0,0,0,0,0,0,0,0,0,0,0,0,0,0,0,0,0,0,0,[0|0|0|0],0,83,0,0,0,0,0,1,1,1,1,1,1,0,0,0,0,0,0,0,0,1,1,1,0,0,0,0,0,0,0,0,0,0,0,0,0,0,0,0,0,0,1,0,1,1,0,1,1,1,0,1,1,0,1,0,1,1,0,1,0,1,0,0,0,0,0,0,1,0,1,1,0,0,0,1,0,0,0,1,0,0,0,1,1,1,1,1,1,1,1,1,1,1,1,1,1,0,[0|0|0|0|0|0|0|0|0|0|0|0|0|0],“古老骑士”伊修托邦的铠甲。\n变质的金属部分以坚硬的鳞片修补，\n在抵御物理以外的攻击，表现不错。\n\n伊修托邦是资历较深的褪色者之中，\n其中一位幸存者。
80200,鳞片臂甲,1,0,[0|0|0],708030,0,13,13,0,0.007,1150,0,500,5.3,-1,-1,-1,7000,1.1,0,-1,-1,-1,-1,-1,-1,-1,-1,-1,-1,-1,-1,-1,-1,-1,-1,1,1,1,1,1,1,1,1,-1,1120,13042,13042,0,0,0,0,[0|0],0,0,0,0,0,0,0,0,19,19,28,13,0,-1,-1,1,0,1,4,2,2,90,0,[0|0],1,0,0,1,0,0,0,0,0,-1,-1,0,1,1,0,0,1,2,0,0.96,0.958,0.966,0.96,0.967,0.965,0.968,109,50,106,50,106,139,139,139,-1,1,0,0.967,0,0,0,0,0,0,0,0,0,0,0,0,0,0,0,0,0,0,0,0,0,0,0,0,0,0,0,0,0,0,0,0,0,0,0,0,[0|0|0|0],0,28,0,0,0,0,0,0,0,0,0,0,0,1,0,1,0,0,0,0,1,0,0,0,0,0,1,0,1,0,1,1,0,1,0,0,0,0,0,0,0,0,0,0,0,0,0,0,0,0,0,0,0,0,0,0,0,0,0,0,0,0,0,0,0,0,0,0,0,0,0,0,0,0,0,0,0,0,0,0,0,0,0,0,0,0,0,0,0,0,0,0,0,0,0,0,0,0,[0|0|0|0|0|0|0|0|0|0|0|0|0|0],“古老骑士”伊修托邦的臂甲。\n变质的金属部分以坚硬的鳞片修补，\n在抵御物理以外的攻击，表现不错。\n\n伊修托邦是资历较深的褪色者之中，\n其中一位幸存者。
80300,鳞片腿甲,1,0,[0|0|0],808030,0,24,24,0,0.02,1250,0,500,9.9,-1,-1,-1,7000,1.1,0,-1,-1,-1,-1,-1,-1,-1,-1,-1,-1,-1,-1,-1,-1,-1,-1,1,1,1,1,1,1,1,1,-1,1120,13043,13043,0,0,0,0,[0|0],0,0,0,0,0,0,0,0,35,35,51,24,0,-1,-1,1,0,6,4,3,2,90,0,[0|0],1,0,0,0,1,0,0,0,0,-1,-1,0,1,1,0,0,1,2,0,0.908,0.904,0.92,0.908,0.923,0.919,0.926,109,50,108,50,106,139,139,139,111,1,0,0.923,0,0,0,0,0,0,0,0,0,0,0,0,0,0,0,0,0,0,0,0,0,0,0,0,0,0,0,0,0,0,0,0,0,0,0,0,[0|0|0|0],0,51,0,0,0,0,0,0,0,0,0,0,0,0,1,0,1,1,1,0,0,1,0,0,0,0,0,0,0,0,0,0,0,0,0,0,0,0,0,0,0,0,0,0,0,0,0,0,0,0,0,0,0,0,0,0,0,0,0,0,0,0,0,0,0,0,0,0,0,0,0,0,0,0,1,0,0,0,0,0,0,0,0,0,0,0,0,0,0,0,0,0,0,0,0,0,0,0,[0|0|0|0|0|0|0|0|0|0|0|0|0|0],“古老骑士”伊修托邦的腿甲。\n变质的金属部分以坚硬的鳞片修补，\n在抵御物理以外的攻击，表现不错。\n\n伊修托邦是资历较深的褪色者之中，\n其中一位幸存者。
81100,鳞片铠甲（轻装）,1,0,[0|0|0],609070,0,29,29,100,0.03,1150,0,500,15,-1,-1,-1,7000,1,-0.4,-1,-1,-1,-1,-1,-1,-1,-1,-1,-1,-1,-1,-1,-1,-1,-1,1,1,1,1,1,1,1,1,-1,1121,13051,13051,0,0,0,0,[0|0],0,0,0,0,0,0,0,0,45,45,64,29,0,-1,-1,1,0,2,4,1,2,100,0,[0|0],1,0,1,0,0,0,0,0,0,-1,-1,0,1,1,0,0,1,2,0,0.847,0.84,0.866,0.847,0.872,0.867,0.876,109,50,106,50,106,139,139,139,-1,1,0,0.872,0,0,0,0,0,0,0,0,0,0,0,0,0,0,0,0,0,0,0,0,0,0,0,0,0,0,0,0,0,0,0,0,0,0,0,0,[0|0|0|0],0,64,0,0,0,0,0,1,1,1,1,1,1,0,0,0,0,0,0,0,0,1,1,1,0,0,0,0,0,0,0,0,0,0,0,0,0,0,0,0,0,0,1,0,1,1,0,1,1,1,0,1,1,0,1,0,1,1,0,1,0,1,0,0,0,0,0,0,1,0,1,1,0,0,0,1,0,0,0,1,0,0,0,0,0,0,0,0,0,0,0,0,0,0,0,0,0,0,[0|0|0|0|0|0|0|0|0|0|0|0|0|0],“古老骑士”伊修托邦的铠甲。\n变质的金属部分以坚硬的鳞片修补，\n在抵御物理以外的攻击，表现不错。\n\n伊修托邦是资历较深的褪色者之中，\n其中一位幸存者。
90000,调香师风帽,1,0,[0|0|0],502000,0,27,27,0,0.003,1050,0,500,1.7,-1,-1,-1,7000,1.5,0,-1,-1,-1,-1,-1,-1,-1,-1,-1,-1,-1,-1,-1,-1,-1,-1,1,1,1,1,1,1,1,1,-1,1130,13060,13060,0,0,0,0,[0|0],0,0,0,0,0,0,0,0,26,26,8,29,0,-1,-1,1,0,5,4,0,1,30,0,[0|0],1,1,0,0,0,1,0,0,0,-1,-1,0,1,1,0,0,1,2,0,0.986,0.982,0.979,0.986,0.954,0.958,0.956,109,110,113,110,113,139,139,139,-1,1,0,0.954,0,0,0,0,0,0,0,0,0,0,0,0,0,0,0,0,0,0,0,0,0,0,0,0,0,0,0,0,0,0,0,0,0,0,0,0,[0|0|0|0],0,8,0,1,0,1,1,0,0,0,0,0,0,0,0,0,0,0,0,0,0,0,0,0,0,1,0,0,0,0,0,0,0,0,1,0,0,0,1,0,0,0,0,0,0,0,0,0,0,0,0,0,0,0,0,0,0,0,0,0,0,0,1,1,1,1,1,1,1,1,1,1,0,0,0,0,0,1,1,0,1,1,1,0,0,0,0,0,0,0,0,0,0,0,0,0,0,0,[0|0|0|0|0|0|0|0|0|0|0|0|0|0],黄金树王城的调香师们穿戴的风帽。\n\n调香师原为备受崇敬的药草学家，\n在破碎战争时被送往战场，职责也逐渐变质──\n香药化为毒，亦化为火药。
90100,调香师长袍,1,0,[0|0|0],602000,0,71,71,100,0.01,1150,0,500,5.1,-1,-1,-1,7000,1,-0.4,-1,-1,-1,-1,-1,-1,-1,-1,-1,-1,-1,-1,-1,-1,-1,-1,1,1,1,1,1,1,1,1,-1,1130,13061,13061,0,0,0,0,[0|0],0,0,0,0,0,0,0,0,63,63,21,76,0,-1,-1,1,0,2,4,1,1,30,0,[0|0],1,0,1,0,0,0,0,0,0,-1,-1,0,1,1,0,0,1,2,0,0.947,0.939,0.933,0.947,0.87,0.876,0.874,109,50,113,50,113,139,139,139,-1,1,0,0.87,0,0,0,0,0,0,0,0,0,0,0,0,0,0,0,0,0,0,0,0,0,0,0,0,0,0,0,0,0,0,0,0,0,0,0,0,[0|0|0|0],0,21,0,0,0,0,0,0,1,0,1,0,0,0,0,0,0,0,0,0,0,1,0,1,0,0,0,0,0,0,0,0,0,0,0,0,0,0,0,0,0,0,0,1,1,1,0,1,1,1,0,1,1,1,0,1,1,1,1,1,1,1,0,0,0,0,0,0,1,1,1,0,0,0,0,1,0,0,0,1,0,0,0,1,1,1,1,1,1,1,1,1,1,1,1,1,1,0,[0|0|0|0|0|0|0|0|0|0|0|0|0|0],黄金树王城的调香师们穿戴的长袍。\n\n厚重的围裙上装饰着黄金树的刺绣，\n代表修毕药草学家密技的证明。\n围裙的沉重象征着荣誉与责任。
90200,调香师手套,1,0,[0|0|0],702000,0,21,21,0,0.002,1150,0,500,1.4,-1,-1,-1,7000,1.1,0,-1,-1,-1,-1,-1,-1,-1,-1,-1,-1,-1,-1,-1,-1,-1,-1,1,1,1,1,1,1,1,1,-1,1130,13062,13062,0,0,0,0,[0|0],0,0,0,0,0,0,0,0,20,20,6,22,0,-1,-1,1,0,1,4,2,1,30,0,[0|0],1,0,0,1,0,0,0,0,0,-1,-1,0,1,1,0,0,1,2,0,0.99,0.987,0.985,0.99,0.968,0.971,0.969,109,50,113,50,113,139,139,139,-1,1,0,0.968,0,0,0,0,0,0,0,0,0,0,0,0,0,0,0,0,0,0,0,0,0,0,0,0,0,0,0,0,0,0,0,0,0,0,0,0,[0|0|0|0],0,6,0,0,0,0,0,0,0,0,0,0,1,1,0,1,0,0,0,0,1,0,0,0,0,0,1,1,0,1,0,0,0,1,0,0,0,0,0,0,0,0,0,0,0,0,0,0,0,0,0,0,0,0,0,0,0,0,0,0,0,0,0,0,0,0,0,0,0,0,0,0,0,0,0,0,0,0,0,0,0,0,0,0,0,0,0,0,0,0,0,0,0,0,0,0,0,0,[0|0|0|0|0|0|0|0|0|0|0|0|0|0],黄金树王城的调香师们穿戴的手套。\n\n调香师原为备受崇敬的药草学家，\n在破碎战争时被送往战场，职责也逐渐变质──\n香药化为毒，亦化为火药。
90300,调香师腰巾,1,0,[0|0|0],802000,0,39,39,0,0.004,1250,0,500,2.5,-1,-1,-1,7000,1.1,0,-1,-1,-1,-1,-1,-1,-1,-1,-1,-1,-1,-1,-1,-1,-1,-1,1,1,1,1,1,1,1,1,-1,1130,13063,13063,0,0,0,0,[0|0],0,0,0,0,0,0,0,0,37,37,11,41,0,-1,-1,1,0,6,3,3,1,30,0,[0|0],1,0,0,0,1,0,0,0,0,-1,-1,0,1,1,0,0,1,2,0,0.977,0.97,0.966,0.977,0.927,0.932,0.929,109,50,109,50,113,139,113,139,111,1,0,0.927,0,0,0,0,0,0,0,0,0,0,0,0,0,0,0,0,0,0,0,0,0,0,0,0,0,0,0,0,0,0,0,0,0,0,0,0,[0|0|0|0],0,11,0,0,0,0,0,0,0,0,0,0,0,0,0,0,0,1,1,0,0,1,0,0,0,0,0,0,0,0,0,0,0,0,0,0,0,0,0,0,0,0,0,0,0,0,0,0,0,0,0,0,0,0,0,0,0,0,0,0,0,0,0,0,0,0,0,0,0,0,0,0,0,1,0,0,0,0,0,0,0,0,0,0,0,0,0,0,0,0,0,0,0,0,0,0,0,0,[0|0|0|0|0|0|0|0|0|0|0|0|0|0],黄金树王城的调香师们穿戴的腰巾。\n\n调香师原为备受崇敬的药草学家，\n在破碎战争时被送往战场，职责也逐渐变质──\n香药化为毒，亦化为火药。
91100,调香师长袍（轻装）,1,0,[0|0|0],602010,0,63,57,100,0.008,1150,0,500,4.1,-1,-1,-1,7000,1,-0.4,-1,-1,-1,-1,-1,-1,-1,-1,-1,-1,-1,-1,-1,-1,-1,-1,1,1,1,1,1,1,1,1,-1,1131,13065,13065,0,0,0,0,[0|0],0,0,0,0,0,0,0,0,54,54,18,67,0,-1,-1,1,0,2,4,1,1,30,0,[0|0],1,0,1,0,0,0,0,0,0,-1,-1,0,1,1,0,0,1,2,0,0.958,0.947,0.939,0.958,0.872,0.881,0.876,109,50,113,50,113,139,139,139,-1,1,0,0.872,0,0,0,0,0,0,0,0,0,0,0,0,0,0,0,0,0,0,0,0,0,0,0,0,0,0,0,0,0,0,0,0,0,0,0,0,[0|0|0|0],0,18,0,0,0,0,0,0,1,0,1,0,0,0,0,0,0,0,0,0,0,1,0,1,0,0,0,0,0,0,0,0,0,0,0,0,0,0,0,0,0,0,1,0,1,1,0,1,1,0,1,1,1,1,0,1,1,1,1,1,1,1,0,0,0,0,0,0,1,0,1,1,0,0,0,1,0,0,0,1,0,0,0,0,0,0,0,0,0,0,0,0,0,0,0,0,0,0,[0|0|0|0|0|0|0|0|0|0|0|0|0|0],黄金树王城的调香师们穿戴的长袍。\n\n厚重的围裙上装饰着黄金树的刺绣，\n代表修毕药草学家密技的证明。\n围裙的沉重象征着荣誉与责任。
100000,旅行帽子,1,0,[0|0|0],502010,0,29,29,0,0.003,1050,0,100,1.7,-1,-1,-1,7000,1.5,0,-1,-1,-1,-1,-1,-1,-1,-1,-1,-1,-1,-1,-1,-1,-1,-1,1,1,1,1,1,1,1,1,-1,1140,13070,13070,0,0,0,0,[0|0],0,0,0,0,0,0,0,0,23,23,9,27,0,-1,-1,1,0,5,4,0,1,30,0,[0|0],1,1,0,0,0,1,0,0,0,-1,-1,0,1,1,0,0,1,2,0,0.982,0.986,0.982,0.991,0.954,0.954,0.956,109,110,113,110,113,139,139,139,-1,1,0,0.954,0,0,0,0,0,0,0,0,0,0,0,0,0,0,0,0,0,0,0,0,0,0,0,0,0,0,0,0,0,0,0,0,0,0,0,0,[0|0|0|0],0,9,0,1,0,0,0,0,0,0,0,0,0,0,0,0,0,0,0,0,0,0,0,0,0,0,0,0,0,0,0,0,0,0,1,0,1,0,0,1,0,0,0,0,0,0,0,0,0,0,0,0,0,0,0,0,0,0,0,0,0,0,1,1,1,1,1,1,1,1,1,1,0,0,0,0,0,1,1,0,1,1,1,0,0,0,0,0,0,0,0,0,0,0,0,0,0,1,[0|0|0|0|0|0|0|0|0|0|0|0|0|0],无名的旅行调香师穿戴的帽子。\n\n据说那名男性是治愈者的同伴，\n为了寻找新的香药与花园而踏上旅程。\n他们试图治疗混种、恶兆之子等等\n各种的玷污现象。
100100,调香师旅行装,1,0,[0|0|0],602020,0,76,76,100,0.01,1150,0,100,5.1,-1,-1,-1,7000,1,-0.4,-1,-1,-1,-1,-1,-1,-1,-1,-1,-1,-1,-1,-1,-1,-1,-1,1,1,1,1,1,1,1,1,-1,1140,13071,13071,0,0,0,0,[0|0],0,0,0,0,0,0,0,0,57,57,23,71,0,-1,-1,1,0,2,4,1,1,30,0,[0|0],1,0,1,0,0,0,0,0,0,-1,-1,0,1,1,0,0,1,2,0,0.939,0.947,0.939,0.958,0.87,0.87,0.874,109,50,113,50,113,139,139,139,-1,1,0,0.87,0,0,0,0,0,0,0,0,0,0,0,0,0,0,0,0,0,0,0,0,0,0,0,0,0,0,0,0,0,0,0,0,0,0,0,0,[0|0|0|0],0,23,0,0,0,0,0,0,1,1,1,1,0,0,0,0,0,0,0,0,0,1,1,1,0,0,0,0,0,0,0,0,0,0,0,0,0,0,0,0,0,0,0,1,1,1,0,1,1,0,1,1,1,1,0,1,0,1,1,1,0,1,0,0,0,0,0,0,1,0,1,1,0,0,0,1,0,0,0,1,0,0,0,1,1,1,1,1,1,1,1,1,1,1,1,1,1,0,[0|0|0|0|0|0|0|0|0|0|0|0|0|0],无名的旅行调香师穿戴的上衣。\n\n代表调香师身分的厚重围裙，\n以柔软的皮革重新制作，造型较为简朴。
100200,旅行手套,1,0,[0|0|0],702010,0,22,22,0,0.002,1150,0,100,1.4,-1,-1,-1,7000,1.1,0,-1,-1,-1,-1,-1,-1,-1,-1,-1,-1,-1,-1,-1,-1,-1,-1,1,1,1,1,1,1,1,1,-1,1140,13072,13072,0,0,0,0,[0|0],0,0,0,0,0,0,0,0,18,18,7,21,0,-1,-1,1,0,1,4,2,1,30,0,[0|0],1,0,0,1,0,0,0,0,0,-1,-1,0,1,1,0,0,1,2,0,0.987,0.99,0.987,0.994,0.968,0.968,0.969,109,50,108,50,108,139,139,139,-1,1,0,0.968,0,0,0,0,0,0,0,0,0,0,0,0,0,0,0,0,0,0,0,0,0,0,0,0,0,0,0,0,0,0,0,0,0,0,0,0,[0|0|0|0],0,7,0,0,0,0,0,0,0,0,0,0,0,1,0,1,0,0,0,0,1,0,0,0,0,0,0,1,1,0,1,1,1,0,0,0,0,0,0,0,0,0,0,0,0,0,0,0,0,0,0,0,0,0,0,0,0,0,0,0,0,0,0,0,0,0,0,0,0,0,0,0,0,0,0,0,0,0,0,0,0,0,0,0,0,0,0,0,0,0,0,0,0,0,0,0,0,0,[0|0|0|0|0|0|0|0|0|0|0|0|0|0],无名的旅行调香师穿戴的手套。\n\n据说那名男性是治愈者的同伴，\n为了寻找新的香药与花园而踏上旅程。\n他们试图治疗混种、恶兆之子等等\n各种的玷污现象。
100300,旅行长裤,1,0,[0|0|0],802010,0,41,41,0,0.005,1250,0,100,2.5,-1,-1,-1,7000,1.1,0,-1,-1,-1,-1,-1,-1,-1,-1,-1,-1,-1,-1,-1,-1,-1,-1,1,1,1,1,1,1,1,1,-1,1140,13073,13073,0,0,0,0,[0|0],0,0,0,0,0,0,0,0,34,34,13,39,0,-1,-1,1,0,6,4,3,1,30,0,[0|0],1,0,0,0,1,0,0,0,0,-1,-1,0,1,1,0,0,1,2,0,0.97,0.977,0.97,0.985,0.927,0.927,0.929,109,50,108,50,108,139,139,139,111,1,0,0.927,0,0,0,0,0,0,0,0,0,0,0,0,0,0,0,0,0,0,0,0,0,0,0,0,0,0,0,0,0,0,0,0,0,0,0,0,[0|0|0|0],0,13,0,0,0,0,0,0,0,0,0,0,0,0,1,0,1,1,1,0,0,1,0,0,0,0,0,0,0,0,0,0,0,0,0,0,0,0,0,0,0,0,0,0,0,0,0,0,0,0,0,0,0,0,0,0,0,0,0,0,0,0,0,0,0,0,0,0,0,0,0,0,0,0,1,0,0,0,0,0,0,0,0,0,0,0,0,0,0,0,0,0,0,0,0,0,0,0,[0|0|0|0|0|0|0|0|0|0|0|0|0|0],无名的旅行调香师穿戴的长裤。\n\n据说那名男性是治愈者的同伴，\n为了寻找新的香药与花园而踏上旅程。\n他们试图治疗混种、恶兆之子等等\n各种的玷污现象。
101100,调香师旅行装（轻装）,1,0,[0|0|0],602030,0,67,67,100,0.008,1150,0,100,4.1,-1,-1,-1,7000,1,-0.4,-1,-1,-1,-1,-1,-1,-1,-1,-1,-1,-1,-1,-1,-1,-1,-1,1,1,1,1,1,1,1,1,-1,1141,13081,13081,0,0,0,0,[0|0],0,0,0,0,0,0,0,0,55,55,21,63,0,-1,-1,1,0,2,4,1,1,30,0,[0|0],1,0,1,0,0,0,0,0,0,-1,-1,0,1,1,0,0,1,2,0,0.947,0.958,0.947,0.973,0.872,0.872,0.876,109,50,108,50,108,139,139,139,-1,1,0,0.872,0,0,0,0,0,0,0,0,0,0,0,0,0,0,0,0,0,0,0,0,0,0,0,0,0,0,0,0,0,0,0,0,0,0,0,0,[0|0|0|0],0,21,0,0,0,0,0,0,1,1,1,1,0,0,0,0,0,0,0,0,0,1,1,1,0,0,0,0,0,0,0,0,0,0,0,0,0,0,0,0,0,0,0,1,1,1,0,1,1,0,1,1,1,1,0,1,0,1,1,1,0,1,0,0,0,0,0,0,1,0,1,1,0,0,0,1,0,0,0,1,0,0,0,0,0,0,0,0,0,0,0,0,0,0,0,0,0,0,[0|0|0|0|0|0|0|0|0|0|0|0|0|0],无名的旅行调香师穿戴的上衣。\n\n代表调香师身分的厚重围裙，\n以柔软的皮革重新制作，造型较为简朴。
120000,阿尔佩利希尖帽,1,0,[0|0|0],501100,0,29,29,0,0.002,1050,0,200,1.7,6012000,-1,-1,7000,1.5,0,-1,-1,-1,-1,-1,-1,-1,-1,-1,-1,-1,-1,-1,-1,-1,-1,1,1,1,1,1,1,1,1,-1,1160,13090,13090,0,0,0,0,[0|0],0,0,0,0,0,0,0,0,16,16,10,31,0,-1,-1,1,0,5,4,0,2,20,0,[0|0],1,1,0,0,0,1,0,0,0,-1,-1,0,1,1,0,0,1,2,0,0.982,0.982,0.986,0.982,0.954,0.958,0.956,109,110,113,110,113,139,139,139,-1,1,0,0.954,0,0,0,0,0,0,0,0,0,0,0,0,0,0,0,0,0,0,0,0,0,0,0,0,0,0,0,0,0,0,0,0,0,0,0,0,[0|0|0|0],0,10,0,0,0,0,0,0,0,0,0,0,0,0,0,0,0,0,0,1,0,0,0,0,0,1,0,0,0,0,0,0,0,0,0,1,0,0,0,1,0,0,0,0,0,0,0,0,0,0,0,0,0,0,0,0,0,0,0,0,0,0,1,1,0,1,1,1,0,0,0,0,0,0,0,0,0,1,0,0,0,0,0,0,0,0,0,0,0,0,0,0,0,0,0,0,0,0,[0|0|0|0|0|0|0|0|0|0|0|0|0|0],“发狂之舌”阿尔佩利希的帽子。\n代表异端魔法师身分的尖顶帽。\n\n表面嵌入的红色辉石，\n据说是用活祭品的血液制成。\n能强化荆棘的魔法。\n\n离群、异端又病态的魔法师，\n据说过去不停以嘲弄舌头，保护圆桌厅堂。
120100,阿尔佩利希上衣,1,0,[0|0|0],601100,0,67,67,100,0.007,1150,0,200,4.1,6012010,-1,-1,7000,1,-0.4,-1,-1,-1,-1,-1,-1,-1,-1,-1,-1,-1,-1,-1,-1,-1,-1,1,1,1,1,1,1,1,1,-1,1160,13091,13091,0,0,0,0,[0|0],0,0,0,0,0,0,0,0,38,38,23,71,0,-1,-1,1,0,2,3,1,2,20,0,[0|0],1,0,1,0,0,0,0,0,0,-1,-1,0,1,1,0,0,1,2,0,0.947,0.947,0.958,0.947,0.872,0.881,0.876,109,50,113,50,113,139,139,139,-1,1,0,0.872,0,0,0,0,0,0,0,0,0,0,0,0,0,0,0,0,0,0,0,0,0,0,0,0,0,0,0,0,0,0,0,0,0,0,0,0,[0|0|0|0],0,23,0,0,0,0,0,1,1,1,1,1,1,0,0,0,0,0,0,0,0,1,1,1,0,0,0,0,0,0,0,0,0,0,0,0,0,0,0,0,0,0,1,1,1,0,0,1,1,1,1,0,1,1,0,1,0,1,1,1,0,1,0,0,0,0,0,0,1,1,1,1,1,0,0,1,0,0,0,1,0,0,0,1,1,1,1,1,1,1,1,1,1,1,1,1,1,0,[0|0|0|0|0|0|0|0|0|0|0|0|0|0],“发狂之舌”阿尔佩利希的上衣。\n\n表面嵌入的红色辉石，\n据说是用活祭品的血液制成。\n能强化荆棘的魔法。\n\n离群、异端又病态的魔法师，\n据说过去不停以嘲弄舌头，保护圆桌厅堂。
120200,阿尔佩利希臂甲,1,0,[0|0|0],701050,0,22,22,0,0.001,1150,0,200,1.4,6012020,-1,-1,7000,1.1,0,-1,-1,-1,-1,-1,-1,-1,-1,-1,-1,-1,-1,-1,-1,-1,-1,1,1,1,1,1,1,1,1,-1,1160,13092,13092,0,0,0,0,[0|0],0,0,0,0,0,0,0,0,13,13,8,24,0,-1,-1,1,0,1,4,2,2,20,0,[0|0],1,0,0,1,0,0,0,0,0,-1,-1,0,1,1,0,0,1,2,0,0.987,0.987,0.99,0.987,0.968,0.971,0.969,109,50,108,50,108,139,139,139,-1,1,0,0.968,0,0,0,0,0,0,0,0,0,0,0,0,0,0,0,0,0,0,0,0,0,0,0,0,0,0,0,0,0,0,0,0,0,0,0,0,[0|0|0|0],0,8,0,0,0,0,0,0,0,0,0,0,1,0,0,0,0,0,0,0,1,0,0,0,0,0,0,1,1,0,1,1,1,0,0,0,0,0,0,0,0,0,0,0,0,0,0,0,0,0,0,0,0,0,0,0,0,0,0,0,0,0,0,0,0,0,0,0,0,0,0,0,0,0,0,0,0,0,0,0,0,0,0,0,0,0,0,0,0,0,0,0,0,0,0,0,0,0,[0|0|0|0|0|0|0|0|0|0|0|0|0|0],“发狂之舌”阿尔佩利希的臂甲。\n\n表面嵌入的红色辉石，\n据说是用活祭品的血液制成。\n能强化荆棘的魔法。\n\n离群、异端又病态的魔法师，\n据说过去不停以嘲弄舌头，保护圆桌厅堂。
120300,阿尔佩利希长裤,1,0,[0|0|0],801050,0,41,41,0,0.005,1250,0,200,2.5,-1,-1,-1,7000,1.1,0,-1,-1,-1,-1,-1,-1,-1,-1,-1,-1,-1,-1,-1,-1,-1,-1,1,1,1,1,1,1,1,1,-1,1160,13093,13093,0,0,0,0,[0|0],0,0,0,0,0,0,0,0,26,26,14,44,0,-1,-1,1,0,6,4,3,2,20,0,[0|0],1,0,0,0,1,0,0,0,0,-1,-1,0,1,1,0,0,1,2,0,0.97,0.97,0.977,0.97,0.927,0.932,0.928,109,50,108,50,108,139,139,139,111,1,0,0.927,0,0,0,0,0,0,0,0,0,0,0,0,0,0,0,0,0,0,0,0,0,0,0,0,0,0,0,0,0,0,0,0,0,0,0,0,[0|0|0|0],0,14,0,0,0,0,0,0,0,0,0,0,0,0,1,0,1,1,1,0,0,1,0,0,0,0,0,0,0,0,0,0,0,0,0,0,0,0,0,0,0,0,0,0,0,0,0,0,0,0,0,0,0,0,0,0,0,0,0,0,0,0,0,0,0,0,0,0,0,0,0,0,0,0,1,0,0,0,0,0,0,0,0,0,0,0,0,0,0,0,0,0,0,0,0,0,0,0,[0|0|0|0|0|0|0|0|0|0|0|0|0|0],“发狂之舌”阿尔佩利希的长裤。\n\n离群、异端又病态的魔法师，\n据说过去不停以嘲弄舌头，保护圆桌厅堂。
121000,阿尔佩利希尖帽（轻装）,1,0,[0|0|0],501110,0,23,23,0,0.001,1050,0,200,1,6012000,-1,-1,7000,1.5,0,-1,-1,-1,-1,-1,-1,-1,-1,-1,-1,-1,-1,-1,-1,-1,-1,1,1,1,1,1,1,1,1,-1,1161,13100,13100,0,0,0,0,[0|0],0,0,0,0,0,0,0,0,12,12,7,24,0,-1,-1,1,0,5,4,0,2,20,0,[0|0],1,1,0,0,0,1,0,0,0,-1,-1,0,1,1,0,0,1,2,0,0.991,0.991,0.998,0.991,0.956,0.962,0.96,109,110,113,110,113,139,139,139,-1,1,0,0.956,0,0,0,0,0,0,0,0,0,0,0,0,0,0,0,0,0,0,0,0,0,0,0,0,0,0,0,0,0,0,0,0,0,0,0,0,[0|0|0|0],0,7,0,0,0,0,0,0,0,0,0,0,0,0,0,0,0,0,0,1,0,0,0,0,0,1,0,0,0,0,0,0,0,0,0,1,0,0,0,1,0,0,0,0,0,0,0,0,0,0,0,0,0,0,0,0,0,0,0,0,0,0,1,1,0,1,1,1,0,0,0,0,0,0,0,0,0,1,0,0,0,0,0,0,0,0,0,0,0,0,0,0,0,0,0,0,0,0,[0|0|0|0|0|0|0|0|0|0|0|0|0|0],“发狂之舌”阿尔佩利希的帽子。\n代表异端魔法师身分的尖顶帽。\n\n表面嵌入的红色辉石，\n据说是用活祭品的血液制成。\n能强化荆棘的魔法。\n\n离群、异端又病态的魔法师，\n据说过去不停以嘲弄舌头，保护圆桌厅堂。
121100,阿尔佩利希上衣（轻装）,1,0,[0|0|0],601110,0,57,57,100,0.005,1150,0,200,3.2,-1,-1,-1,7000,1,-0.4,-1,-1,-1,-1,-1,-1,-1,-1,-1,-1,-1,-1,-1,-1,-1,-1,1,1,1,1,1,1,1,1,-1,1161,13101,13101,0,0,0,0,[0|0],0,0,0,0,0,0,0,0,32,32,19,61,0,-1,-1,1,0,2,3,1,2,20,0,[0|0],1,0,1,0,0,0,0,0,0,-1,-1,0,1,1,0,0,1,2,0,0.958,0.958,0.973,0.958,0.874,0.886,0.881,109,50,113,50,113,139,139,139,-1,1,0,0.874,0,0,0,0,0,0,0,0,0,0,0,0,0,0,0,0,0,0,0,0,0,0,0,0,0,0,0,0,0,0,0,0,0,0,0,0,[0|0|0|0],0,19,0,0,0,0,0,1,1,1,1,1,1,0,0,0,0,0,0,0,0,1,1,1,0,0,0,0,0,0,0,0,0,0,0,0,0,0,0,0,0,0,1,0,1,1,0,1,0,1,1,1,1,1,0,1,0,1,1,1,0,1,0,0,0,0,0,0,0,1,1,1,0,0,0,1,0,0,0,1,0,0,0,0,0,0,0,0,0,0,0,0,0,0,0,0,0,0,[0|0|0|0|0|0|0|0|0|0|0|0|0|0],“发狂之舌”阿尔佩利希的上衣。\n\n离群、异端又病态的魔法师，\n据说过去不停以嘲弄舌头，保护圆桌厅堂。
130000,魔法剑士尖帽,1,0,[0|0|0],501090,0,25,25,0,0.002,1050,0,200,1.5,6013000,-1,-1,7000,1.5,0,-1,-1,-1,-1,-1,-1,-1,-1,-1,-1,-1,-1,-1,-1,-1,-1,1,1,1,1,1,1,1,1,-1,1170,13110,13110,0,0,0,0,[0|0],0,0,0,0,0,0,0,0,15,15,8,27,0,-1,-1,1,0,5,4,0,2,20,0,[0|0],1,1,0,0,0,1,0,0,0,-1,-1,0,1,1,0,0,1,2,0,0.987,0.987,0.992,0.987,0.955,0.961,0.959,109,110,113,110,113,139,139,139,-1,1,0,0.955,0,0,0,0,0,0,0,0,0,0,0,0,0,0,0,0,0,0,0,0,0,0,0,0,0,0,0,0,0,0,0,0,0,0,0,0,[0|0|0|0],0,8,0,0,0,1,1,0,0,0,0,0,0,0,0,0,0,0,0,0,0,0,0,0,0,0,0,0,0,0,0,0,0,0,0,1,1,0,0,1,0,0,0,0,0,0,0,0,0,0,0,0,0,0,0,0,0,0,0,0,0,0,1,0,1,1,1,1,1,1,1,1,0,0,0,0,0,1,1,0,1,0,0,0,0,0,0,0,0,0,0,0,0,0,0,0,0,1,[0|0|0|0|0|0|0|0|0|0|0|0|0|0],魔法师罗杰尔的帽子。\n代表异端魔法师身分的尖顶帽。\n能强化辉石魔法的战技。\n\n罗杰尔看似一派从容、不受影响，\n但在那态度底下，愤怒、悲伤、后悔、恐惧──\n其实一直都存在。
130100,魔法剑士旅行装,1,0,[0|0|0],601080,0,59,59,100,0.007,1150,0,200,3.3,6013010,-1,-1,7000,1,-0.4,-1,-1,-1,-1,-1,-1,-1,-1,-1,-1,-1,-1,-1,-1,-1,-1,1,1,1,1,1,1,1,1,-1,1170,13111,13111,0,0,0,0,[0|0],0,0,0,0,0,0,0,0,35,35,17,63,0,-1,-1,1,0,2,4,1,2,20,0,[0|0],1,0,1,0,0,0,0,0,0,-1,-1,0,1,1,0,0,1,2,0,0.959,0.959,0.974,0.959,0.873,0.887,0.882,109,50,113,50,113,139,139,139,-1,1,0,0.873,0,0,0,0,0,0,0,0,0,0,0,0,0,0,0,0,0,0,0,0,0,0,0,0,0,0,0,0,0,0,0,0,0,0,0,0,[0|0|0|0],0,17,0,0,0,0,0,1,1,1,1,1,1,0,0,0,0,0,0,0,0,1,1,1,0,0,0,0,0,0,0,0,0,0,0,0,0,0,0,0,0,0,1,1,0,1,1,0,1,1,0,1,1,0,1,0,1,1,0,0,1,1,0,0,0,0,0,0,1,0,1,1,1,0,0,1,0,0,0,1,0,0,0,1,1,1,1,1,1,1,1,1,1,1,1,1,1,0,[0|0|0|0|0|0|0|0|0|0|0|0|0|0],魔法师罗杰尔的旅行装。\n设计有如贵族风格，缀满细腻的装饰。\n能强化辉石魔法的战技。\n\n罗杰尔看似一派从容、不受影响，\n但在那态度底下，愤怒、悲伤、后悔、恐惧──\n其实一直都存在。
130200,魔法剑士手套,1,0,[0|0|0],701040,0,19,19,0,0.001,1150,0,200,1.2,6013020,-1,-1,7000,1.1,0,-1,-1,-1,-1,-1,-1,-1,-1,-1,-1,-1,-1,-1,-1,-1,-1,1,1,1,1,1,1,1,1,-1,1170,13112,13112,0,0,0,0,[0|0],0,0,0,0,0,0,0,0,11,11,6,20,0,-1,-1,1,0,1,4,2,2,20,0,[0|0],1,0,0,1,0,0,0,0,0,-1,-1,0,1,1,0,0,1,2,0,0.991,0.991,0.995,0.991,0.969,0.973,0.972,109,50,113,50,113,139,139,139,-1,1,0,0.969,0,0,0,0,0,0,0,0,0,0,0,0,0,0,0,0,0,0,0,0,0,0,0,0,0,0,0,0,0,0,0,0,0,0,0,0,[0|0|0|0],0,6,0,0,0,0,0,0,0,0,0,0,0,1,0,1,0,0,0,0,1,0,0,0,0,0,1,1,0,1,0,0,0,1,0,0,0,0,0,0,0,0,0,0,0,0,0,0,0,0,0,0,0,0,0,0,0,0,0,0,0,0,0,0,0,0,0,0,0,0,0,0,0,0,0,0,0,0,0,0,0,0,0,0,0,0,0,0,0,0,0,0,0,0,0,0,0,0,[0|0|0|0|0|0|0|0|0|0|0|0|0|0],魔法师罗杰尔的手套。\n设计有如贵族风格，缀满细腻的装饰。\n能强化辉石魔法的战技。\n\n罗杰尔看似一派从容、不受影响，\n但在那态度底下，愤怒、悲伤、后悔、恐惧──\n其实一直都存在。
130300,魔法剑士长裤,1,0,[0|0|0],801040,0,38,38,0,0.005,1250,0,200,2.6,6013030,-1,-1,7000,1.1,0,-1,-1,-1,-1,-1,-1,-1,-1,-1,-1,-1,-1,-1,-1,-1,-1,1,1,1,1,1,1,1,1,-1,1170,13113,13113,0,0,0,0,[0|0],0,0,0,0,0,0,0,0,25,25,13,41,0,-1,-1,1,0,6,4,3,2,20,0,[0|0],1,0,0,0,1,0,0,0,0,-1,-1,0,1,1,0,0,1,2,0,0.971,0.971,0.978,0.971,0.927,0.933,0.93,109,50,113,50,113,139,139,139,111,1,0,0.927,0,0,0,0,0,0,0,0,0,0,0,0,0,0,0,0,0,0,0,0,0,0,0,0,0,0,0,0,0,0,0,0,0,0,0,0,[0|0|0|0],0,13,0,0,0,0,0,0,0,0,0,0,0,0,1,0,1,1,1,0,0,1,0,0,0,0,0,0,0,0,0,0,0,0,0,0,0,0,0,0,0,0,0,0,0,0,0,0,0,0,0,0,0,0,0,0,0,0,0,0,0,0,0,0,0,0,0,0,0,0,0,0,0,0,1,0,0,0,0,0,0,0,0,0,0,0,0,0,0,0,0,0,0,0,0,0,0,0,[0|0|0|0|0|0|0|0|0|0|0|0|0|0],魔法师罗杰尔的长裤。\n设计有如贵族风格，缀满细腻的装饰。\n能强化辉石魔法的战技。\n\n罗杰尔看似一派从容、不受影响，\n但在那态度底下，愤怒、悲伤、后悔、恐惧──\n其实一直都存在。
131100,魔法剑士旅行装（轻装）,1,0,[0|0|0],601090,0,54,54,100,0.005,1150,0,200,2.5,6013110,-1,-1,7000,1,-0.4,-1,-1,-1,-1,-1,-1,-1,-1,-1,-1,-1,-1,-1,-1,-1,-1,1,1,1,1,1,1,1,1,-1,1171,13121,13121,0,0,0,0,[0|0],0,0,0,0,0,0,0,0,32,32,10,57,0,-1,-1,1,0,2,4,1,2,20,0,[0|0],1,0,1,0,0,0,0,0,0,-1,-1,0,1,1,0,0,1,2,0,0.974,0.974,0.995,0.974,0.874,0.891,0.886,109,50,113,50,113,139,139,139,-1,1,0,0.874,0,0,0,0,0,0,0,0,0,0,0,0,0,0,0,0,0,0,0,0,0,0,0,0,0,0,0,0,0,0,0,0,0,0,0,0,[0|0|0|0],0,10,0,0,0,0,0,1,1,1,1,1,1,0,0,0,0,0,0,0,0,1,1,1,0,0,0,0,0,0,0,0,0,0,0,0,0,0,0,0,0,0,1,0,1,1,0,1,1,0,1,1,1,0,1,0,1,1,0,0,1,1,0,0,0,0,0,0,0,1,1,1,0,0,0,1,0,0,0,1,0,0,0,0,0,0,0,0,0,0,0,0,0,0,0,0,0,0,[0|0|0|0|0|0|0|0|0|0|0|0|0|0],魔法师罗杰尔的旅行装。\n设计有如贵族风格，缀满细腻的装饰。\n能强化辉石魔法的战技。\n\n罗杰尔看似一派从容、不受影响，\n但在那态度底下，愤怒、悲伤、后悔、恐惧──\n其实一直都存在。
140000,大山羊头盔,1,0,[0|0|0],510020,0,20,20,0,0.015,1050,0,500,11.3,-1,-1,-1,7000,1.5,0,-1,-1,-1,-1,-1,-1,-1,-1,-1,-1,-1,-1,-1,-1,-1,-1,1,1,1,1,1,1,1,1,-1,1180,13130,13130,0,0,0,0,[0|0],0,0,0,0,0,0,0,0,31,31,35,23,0,-1,-1,1,0,5,4,0,2,110,0,[0|0],1,1,0,0,0,1,0,0,0,-1,-1,0,1,1,0,0,1,2,0,0.925,0.933,0.926,0.933,0.953,0.952,0.947,109,110,106,110,106,139,139,139,-1,1,0,0.954,0,0,0,0,0,0,0,0,0,0,0,0,0,0,0,0,0,0,0,0,0,0,0,0,0,0,0,0,0,0,0,0,0,0,0,0,[0|0|0|0],0,35,0,0,0,1,0,0,0,0,0,0,0,0,0,0,0,0,0,0,0,0,0,0,0,0,0,0,0,0,0,0,0,0,1,0,1,0,0,1,0,0,0,0,0,0,0,0,0,0,0,0,0,0,0,0,0,0,0,0,0,0,1,1,1,1,1,1,1,1,1,1,0,0,0,0,0,1,1,0,1,1,0,0,0,0,0,0,0,0,0,0,0,0,0,0,0,0,[0|0|0|0|0|0|0|0|0|0|0|0|0|0],“大角”忒拉格斯的头盔。\n参考金色大山羊的形象制成。\n能提升强韧度。\n\n忒拉格斯是以热心助人闻名的骑士。\n数不尽的褪色者受到大角的帮助，\n成功对抗交界地之中的威胁。
140100,大山羊铠甲,1,0,[0|0|0],610020,0,46,46,100,0.047,1150,0,500,26.5,-1,-1,-1,7000,1,-0.4,-1,-1,-1,-1,-1,-1,-1,-1,-1,-1,-1,-1,-1,-1,-1,-1,1,1,1,1,1,1,1,1,-1,1180,13131,13131,0,0,0,0,[0|0],0,0,0,0,0,0,0,0,71,71,83,55,0,-1,-1,1,0,2,4,1,2,110,0,[0|0],1,0,1,0,0,0,0,0,0,-1,-1,0,1,1,0,0,1,2,0,0.796,0.817,0.798,0.817,0.867,0.865,0.851,109,50,106,50,106,139,139,139,-1,1,0,0.872,0,0,0,0,0,0,0,0,0,0,0,0,0,0,0,0,0,0,0,0,0,0,0,0,0,0,0,0,0,0,0,0,0,0,0,1,[0|0|0|0],0,83,0,0,0,0,0,0,1,1,1,1,1,0,0,0,0,0,0,0,0,1,1,1,0,0,0,0,0,0,0,0,0,0,0,0,0,0,0,0,0,0,1,1,0,1,0,1,1,1,0,1,1,0,1,0,1,1,0,1,0,1,0,0,0,0,0,0,1,1,0,1,0,0,0,1,0,0,0,1,0,0,0,0,0,0,0,0,0,0,0,0,0,0,0,0,0,0,[0|0|0|0|0|0|0|0|0|0|0|0|0|0],“大角”忒拉格斯的铠甲。\n铠甲上有一对巨大的角盖住身体，\n给予坚不可摧的强韧力量。\n\n忒拉格斯是以热心助人闻名的骑士。\n数不尽的褪色者受到大角的帮助，\n成功对抗交界地之中的威胁。
140200,大山羊臂甲,1,0,[0|0|0],709010,0,15,15,0,0.01,1150,0,500,8.8,-1,-1,-1,7000,1.1,0,-1,-1,-1,-1,-1,-1,-1,-1,-1,-1,-1,-1,-1,-1,-1,-1,1,1,1,1,1,1,1,1,-1,1180,13132,13132,0,0,0,0,[0|0],0,0,0,0,0,0,0,0,24,24,28,18,0,-1,-1,1,0,1,4,2,2,100,0,[0|0],1,0,0,1,0,0,0,0,0,-1,-1,0,1,1,0,0,1,2,0,0.948,0.954,0.948,0.954,0.967,0.967,0.963,109,50,106,50,106,139,139,139,-1,1,0,0.968,0,0,0,0,0,0,0,0,0,0,0,0,0,0,0,0,0,0,0,0,0,0,0,0,0,0,0,0,0,0,0,0,0,0,0,0,[0|0|0|0],0,28,0,0,0,0,0,0,0,0,0,0,0,1,0,1,0,0,0,0,1,0,0,0,0,0,1,1,0,0,1,1,0,1,0,0,0,0,0,0,0,0,0,0,0,0,0,0,0,0,0,0,0,0,0,0,0,0,0,0,0,0,0,0,0,0,0,0,0,0,0,0,0,0,0,0,0,0,0,0,0,0,0,0,0,0,0,0,0,0,0,0,0,0,0,0,0,0,[0|0|0|0|0|0|0|0|0|0|0|0|0|0],“大角”忒拉格斯的臂甲。\n参考金色大山羊的形象制成。\n能提升强韧度。\n\n忒拉格斯是以热心助人闻名的骑士。\n数不尽的褪色者受到大角的帮助，\n成功对抗交界地之中的威胁。
140300,大山羊腿甲,1,0,[0|0|0],809010,0,29,29,0,0.028,1250,0,500,16.4,-1,-1,-1,7000,1.1,0,-1,-1,-1,-1,-1,-1,-1,-1,-1,-1,-1,-1,-1,-1,-1,-1,1,1,1,1,1,1,1,1,-1,1180,13133,13133,0,0,0,0,[0|0],0,0,0,0,0,0,0,0,44,44,51,34,0,-1,-1,1,0,6,4,3,2,100,0,[0|0],1,0,0,0,1,0,0,0,0,-1,-1,0,1,1,0,0,1,2,0,0.881,0.894,0.882,0.894,0.924,0.923,0.915,109,50,106,50,106,139,139,139,111,1,0,0.927,0,0,0,0,0,0,0,0,0,0,0,0,0,0,0,0,0,0,0,0,0,0,0,0,0,0,0,0,0,0,0,0,0,0,0,0,[0|0|0|0],0,51,0,0,0,0,0,0,0,0,0,0,0,0,1,0,1,1,1,0,0,1,0,0,0,0,0,0,0,0,0,0,0,0,0,0,0,0,0,0,0,0,0,0,0,0,0,0,0,0,0,0,0,0,0,0,0,0,0,0,0,0,0,0,0,0,0,0,0,0,0,0,0,0,1,0,0,0,0,0,0,0,0,0,0,0,0,0,0,0,0,0,0,0,0,0,0,0,[0|0|0|0|0|0|0|0|0|0|0|0|0|0],“大角”忒拉格斯的腿甲。\n参考金色大山羊的形象制成。\n能提升强韧度。\n\n忒拉格斯是以热心助人闻名的骑士。\n数不尽的褪色者受到大角的帮助，\n成功对抗交界地之中的威胁。
150000,铁笠帽,0,0,[0|0|0],506110,0,24,24,0,0.006,1050,0,200,3.8,-1,-1,-1,7000,1.5,0,-1,-1,-1,-1,-1,-1,-1,-1,-1,-1,-1,-1,-1,-1,-1,-1,1,1,1,1,1,1,1,1,-1,1190,13140,13140,0,0,0,0,[0|0],0,0,0,0,0,0,0,0,30,30,23,24,0,-1,-1,1,0,5,4,0,2,70,0,[0|0],1,1,0,0,0,1,0,0,0,-1,-1,0,1,1,0,0,1,2,0,0.964,0.958,0.964,0.964,0.96,0.958,0.956,109,110,106,110,106,139,139,139,-1,1,0,0.96,0,0,0,0,0,0,0,0,0,0,0,0,0,0,0,0,0,0,0,0,0,0,0,0,0,0,0,0,0,0,0,0,0,0,0,0,[0|0|0|0],0,23,0,0,0,0,0,0,0,0,0,0,0,0,0,0,0,0,0,0,0,0,0,0,0,1,0,0,0,0,0,0,0,0,0,1,0,0,0,1,0,0,0,0,0,0,0,0,0,0,0,0,0,0,0,0,0,0,0,0,0,0,1,0,0,1,1,1,0,0,0,0,0,0,0,0,0,1,0,0,0,0,0,0,0,0,0,0,0,0,0,0,0,0,0,0,0,1,[0|0|0|0|0|0|0|0|0|0|0|0|0|0],自称夏玻利利的男人穿戴的铁笠帽。\n模仿芦苇之地的笠帽制成的防具。\n\n那男人在过去被称为尤拉，\n他的心底深处有一名女性的身影。
150100,浪人铠甲,0,0,[0|0|0],606060,0,52,52,100,0.016,1150,0,200,8.5,-1,-1,-1,7000,1,-0.4,-1,-1,-1,-1,-1,-1,-1,-1,-1,-1,-1,-1,-1,-1,-1,-1,1,1,1,1,1,1,1,1,-1,1190,13141,13141,0,0,0,0,[0|0],0,0,0,0,0,0,0,0,66,66,48,57,0,-1,-1,1,0,2,4,1,1,70,0,[0|0],1,0,1,0,0,0,0,0,0,-1,-1,0,1,1,0,0,1,2,0,0.895,0.888,0.895,0.895,0.881,0.876,0.866,109,50,113,50,113,139,139,139,-1,1,0,0.881,0,0,0,0,0,0,0,0,0,0,0,0,0,0,0,0,0,0,0,0,0,0,0,0,0,0,0,0,0,0,0,0,0,0,0,0,[0|0|0|0],0,48,0,0,0,0,0,0,1,1,1,1,0,0,0,0,0,0,0,0,0,1,1,1,0,0,0,0,0,0,0,0,0,0,0,0,0,0,0,0,0,0,1,1,1,0,0,1,1,1,1,0,1,1,0,1,0,1,1,1,0,1,0,0,0,0,0,0,1,1,0,1,1,0,0,1,0,0,0,1,0,0,0,1,1,1,1,1,1,1,1,1,1,1,1,1,1,0,[0|0|0|0|0|0|0|0|0|0|0|0|0|0],自称夏玻利利的男人穿戴的铠甲。\n经过长久使用，适用于战斗的防具。\n\n那男人在过去被称为尤拉，\n他的心底深处有一名女性的身影。
150200,浪人臂甲,0,0,[0|0|0],705120,0,20,20,0,0.004,1150,0,200,3.1,-1,-1,-1,7000,1.1,0,-1,-1,-1,-1,-1,-1,-1,-1,-1,-1,-1,-1,-1,-1,-1,-1,1,1,1,1,1,1,1,1,-1,1190,13142,13142,0,0,0,0,[0|0],0,0,0,0,0,0,0,0,25,25,19,21,0,-1,-1,1,0,1,4,2,1,60,0,[0|0],1,0,0,1,0,0,0,0,0,-1,-1,0,1,1,0,0,1,2,0,0.973,0.972,0.973,0.973,0.971,0.969,0.968,109,50,106,50,106,139,139,139,-1,1,0,0.971,0,0,0,0,0,0,0,0,0,0,0,0,0,0,0,0,0,0,0,0,0,0,0,0,0,0,0,0,0,0,0,0,0,0,0,0,[0|0|0|0],0,19,0,0,0,0,0,0,0,0,0,0,1,1,0,1,0,0,0,0,1,0,0,0,0,0,1,0,1,0,1,1,0,1,0,0,0,0,0,0,0,0,0,0,0,0,0,0,0,0,0,0,0,0,0,0,0,0,0,0,0,0,0,0,0,0,0,0,0,0,0,0,0,0,0,0,0,0,0,0,0,0,0,0,0,0,0,0,0,0,0,0,0,0,0,0,0,0,[0|0|0|0|0|0|0|0|0|0|0|0|0|0],自称夏玻利利的男人穿戴的臂甲。\n经过长久使用，适用于战斗的防具。\n\n那男人在过去被称为尤拉，\n他的心底深处有一名女性的身影。
150300,浪人腿甲,0,0,[0|0|0],805110,0,36,36,0,0.011,1250,0,200,5.7,-1,-1,-1,7000,1.1,0,-1,-1,-1,-1,-1,-1,-1,-1,-1,-1,-1,-1,-1,-1,-1,-1,1,1,1,1,1,1,1,1,-1,1190,13143,13143,0,0,0,0,[0|0],0,0,0,0,0,0,0,0,46,46,35,38,0,-1,-1,1,0,6,4,3,1,60,0,[0|0],1,0,0,0,1,0,0,0,0,-1,-1,0,1,1,0,0,1,2,0,0.938,0.935,0.938,0.938,0.932,0.929,0.927,109,50,108,50,108,139,139,139,111,1,0,0.932,0,0,0,0,0,0,0,0,0,0,0,0,0,0,0,0,0,0,0,0,0,0,0,0,0,0,0,0,0,0,0,0,0,0,0,0,[0|0|0|0],0,35,0,0,0,0,0,0,0,0,0,0,0,0,1,0,1,1,1,0,0,1,0,0,0,0,0,0,0,0,0,0,0,0,0,0,0,0,0,0,0,0,0,0,0,0,0,0,0,0,0,0,0,0,0,0,0,0,0,0,0,0,0,0,0,0,0,0,0,0,0,0,0,0,1,0,0,0,0,0,0,0,0,0,0,0,0,0,0,0,0,0,0,0,0,0,0,0,[0|0|0|0|0|0|0|0|0|0|0|0|0|0],自称夏玻利利的男人穿戴的腿甲。\n经过长久使用，适用于战斗的防具。\n\n那男人在过去被称为尤拉，\n他的心底深处有一名女性的身影。
151100,浪人铠甲（轻装）,1,0,[0|0|0],606070,0,42,42,100,0.015,1150,0,200,7.6,-1,-1,-1,7000,1,-0.4,-1,-1,-1,-1,-1,-1,-1,-1,-1,-1,-1,-1,-1,-1,-1,-1,1,1,1,1,1,1,1,1,-1,1191,13151,13151,0,0,0,0,[0|0],0,0,0,0,0,0,0,0,54,54,38,45,0,-1,-1,1,0,2,4,1,1,70,0,[0|0],1,0,1,0,0,0,0,0,0,-1,-1,0,1,1,0,0,1,2,0,0.912,0.905,0.912,0.912,0.898,0.891,0.881,109,50,108,50,108,139,139,139,-1,1,0,0.898,0,0,0,0,0,0,0,0,0,0,0,0,0,0,0,0,0,0,0,0,0,0,0,0,0,0,0,0,0,0,0,0,0,0,0,0,[0|0|0|0],0,38,0,0,0,0,0,0,1,1,1,1,0,0,0,0,0,0,0,0,0,1,1,1,0,0,0,0,0,0,0,0,0,0,0,0,0,0,0,0,0,0,1,1,1,0,0,1,1,1,1,0,1,1,0,1,0,1,1,1,0,1,0,0,0,0,0,0,1,1,0,1,1,0,0,1,0,0,0,1,0,0,0,0,0,0,0,0,0,0,0,0,0,0,0,0,0,0,[0|0|0|0|0|0|0|0|0|0|0|0|0|0],自称夏玻利利的男人穿戴的铠甲。\n经过长久使用，适用于战斗的防具。\n\n那男人在过去被称为尤拉，\n他的心底深处有一名女性的身影。
160000,罪人风帽,1,0,[0|0|0],500110,0,27,27,0,0.002,1050,0,10,1.4,-1,-1,-1,7000,1.5,0,-1,-1,-1,-1,-1,-1,-1,-1,-1,-1,-1,-1,-1,-1,-1,-1,1,1,1,1,1,1,1,1,-1,1200,13160,13160,0,0,0,0,[0|0],0,0,0,0,0,0,0,0,15,15,9,31,0,-1,-1,1,0,5,4,0,1,10,0,[0|0],1,1,0,0,0,1,0,0,0,-1,-1,0,1,1,0,0,1,2,0,0.991,0.982,0.986,0.998,0.956,0.96,0.955,109,110,113,110,113,139,139,139,-1,1,0,0.954,0,0,0,0,0,0,0,0,0,0,0,0,0,0,0,0,0,0,0,0,0,0,0,0,0,0,0,0,0,0,0,0,0,0,0,0,[0|0|0|0],0,9,0,0,0,0,0,0,0,0,0,0,0,0,0,0,0,0,0,0,0,0,0,0,0,0,0,0,0,0,0,0,0,0,0,0,1,0,0,1,0,0,0,0,0,0,0,0,0,0,0,0,0,0,0,0,0,0,0,0,0,0,1,0,1,1,1,0,1,1,1,1,0,0,0,0,0,1,1,0,0,0,0,0,0,0,0,0,0,0,0,0,0,0,0,0,0,0,[0|0|0|0|0|0|0|0|0|0|0|0|0|0],粗糙的黄褐色附帽斗篷。\n\n犯下轻罪的人穿戴的防具。\n脖子上的尖刺树枝项圈，\n就是犯下轻罪的证明。
160100,布质上衣,1,0,[0|0|0],600000,0,60,60,100,0.005,1150,0,10,3.2,-1,-1,-1,7000,1,-0.4,-1,-1,-1,-1,-1,-1,-1,-1,-1,-1,-1,-1,-1,-1,-1,-1,1,1,1,1,1,1,1,1,-1,1200,13161,13161,0,0,0,0,[0|0],0,0,0,0,0,0,0,0,42,42,23,60,0,-1,-1,1,0,2,3,1,1,10,0,[0|0],1,0,1,0,0,0,0,0,0,-1,-1,0,1,1,0,0,1,2,0,0.947,0.973,0.958,0.958,0.872,0.876,0.881,109,50,113,50,113,139,139,139,-1,1,0,0.876,0,0,0,0,0,0,0,0,0,0,0,0,0,0,0,0,0,0,0,0,0,0,0,0,0,0,0,0,0,0,0,0,0,0,0,0,[0|0|0|0],0,23,0,0,0,0,0,0,1,1,1,1,1,0,0,0,0,0,0,0,0,1,1,1,0,0,0,0,0,0,0,0,0,0,0,0,0,0,0,0,0,0,0,1,1,1,0,1,0,1,1,1,1,1,0,1,1,1,1,1,1,1,0,0,0,0,0,0,0,1,1,1,0,0,0,1,0,0,0,1,0,0,0,0,0,0,0,0,0,0,0,0,0,0,0,0,0,0,[0|0|0|0|0|0|0|0|0|0|0|0|0|0],粗糙的布质上衣。\n在交界地极为常见的防具。
160300,布质长裤,1,0,[0|0|0],800000,0,37,37,0,0.003,1250,0,10,2,-1,-1,-1,7000,1.1,0,-1,-1,-1,-1,-1,-1,-1,-1,-1,-1,-1,-1,-1,-1,-1,-1,1,1,1,1,1,1,1,1,-1,1200,13163,13163,0,0,0,0,[0|0],0,0,0,0,0,0,0,0,26,26,14,37,0,-1,-1,1,0,6,4,3,1,10,0,[0|0],1,0,0,0,1,0,0,0,0,-1,-1,0,1,1,0,0,1,2,0,0.97,0.985,0.977,0.977,0.927,0.929,0.932,109,50,113,50,113,139,139,139,111,1,0,0.929,0,0,0,0,0,0,0,0,0,0,0,0,0,0,0,0,0,0,0,0,0,0,0,0,0,0,0,0,0,0,0,0,0,0,0,0,[0|0|0|0],0,14,0,0,0,0,0,0,0,0,0,0,0,0,1,0,1,1,0,0,0,1,0,0,0,0,0,0,0,0,0,0,0,0,0,0,0,0,0,0,0,0,0,0,0,0,0,0,0,0,0,0,0,0,0,0,0,0,0,0,0,0,0,0,0,0,0,0,0,0,0,0,0,0,1,0,0,0,0,0,0,0,0,0,0,0,0,0,0,0,0,0,0,0,0,0,0,0,[0|0|0|0|0|0|0|0|0|0|0|0|0|0],粗糙的布质长裤。\n在交界地极为常见的防具。
170000,黑狼面具,1,0,[0|0|0],503180,0,11,11,0,0.009,1050,0,500,5.9,-1,-1,-1,7000,1.5,0,-1,-1,-1,-1,-1,-1,-1,-1,-1,-1,-1,-1,-1,-1,-1,-1,1,1,1,1,1,1,1,1,-1,1600,13170,13170,0,0,0,0,[0|0],0,0,0,0,0,0,0,0,16,16,33,11,0,-1,-1,1,0,5,4,0,2,40,0,[0|0],1,1,0,0,0,1,0,0,0,-1,-1,0,1,1,0,0,1,2,0,0.948,0.948,0.954,0.945,0.96,0.955,0.964,109,110,108,110,108,139,139,139,-1,1,0,0.958,0,0,0,0,0,0,0,0,0,0,0,0,0,0,0,0,0,0,0,0,0,0,0,0,0,0,0,0,0,0,0,0,0,0,0,0,[0|0|0|0],0,33,1,1,1,1,0,0,0,0,0,0,0,0,0,0,0,0,0,1,0,0,0,0,0,0,0,0,0,0,0,0,0,0,0,1,1,0,0,1,0,0,0,0,0,0,0,0,0,0,0,0,0,0,0,0,0,0,0,0,0,0,1,1,1,1,1,1,1,1,1,1,0,0,0,0,0,1,1,0,1,1,1,0,0,0,0,0,0,0,0,0,0,0,0,0,0,1,[0|0|0|0|0|0|0|0|0|0|0|0|0|0],参考黑狼头部制成的面具。\n\n在过去，伪装成魔女菈妮的影子，\n意图伤害她的人物所留下的遗物。\n看起来和影子本人一模一样。
170100,布莱泽铠甲,1,0,[0|0|0],608080,0,25,25,100,0.028,1150,0,500,13.7,-1,-1,-1,7000,1,-0.4,-1,-1,-1,-1,-1,-1,-1,-1,-1,-1,-1,-1,-1,-1,-1,-1,1,1,1,1,1,1,1,1,-1,1600,13171,13171,0,0,0,0,[0|0],0,0,0,0,0,0,0,0,38,38,76,25,0,-1,-1,1,0,2,4,1,2,90,0,[0|0],1,0,1,0,0,0,0,0,0,-1,-1,0,1,1,0,0,1,2,0,0.854,0.854,0.871,0.847,0.886,0.874,0.898,109,50,113,50,113,139,139,139,-1,1,0,0.881,0,0,0,0,0,0,0,0,0,0,0,0,0,0,0,0,0,0,0,0,0,0,0,0,0,0,0,0,0,0,0,0,0,0,0,0,[0|0|0|0],0,76,0,0,0,0,0,1,1,1,1,1,1,0,0,0,0,0,0,0,0,1,1,1,0,0,0,0,0,0,0,0,0,0,0,0,0,0,0,0,0,0,1,0,1,1,0,1,1,1,1,0,1,0,1,0,1,1,1,1,0,1,0,0,0,0,0,0,1,1,1,0,1,0,0,1,0,0,0,1,0,0,0,1,1,1,1,1,1,1,1,1,1,1,1,1,1,0,[0|0|0|0|0|0|0|0|0|0|0|0|0|0],“半狼”布莱泽的铠甲。\n经过长久使用的黑色骑士盔甲。\n\n铠甲上有毛皮斗篷，能抵御冻伤。\n即使作为菈妮的剑，布莱泽还是怕冷。
170200,布莱泽臂甲,1,0,[0|0|0],707040,0,8,8,0,0.006,1150,0,500,4.6,-1,-1,-1,7000,1.1,0,-1,-1,-1,-1,-1,-1,-1,-1,-1,-1,-1,-1,-1,-1,-1,-1,1,1,1,1,1,1,1,1,-1,1600,13172,13172,0,0,0,0,[0|0],0,0,0,0,0,0,0,0,13,13,21,8,0,-1,-1,1,0,1,4,2,2,80,0,[0|0],1,0,0,1,0,0,0,0,0,-1,-1,0,1,1,0,0,1,2,0,0.964,0.964,0.968,0.962,0.972,0.968,0.973,109,50,106,50,106,139,139,139,-1,1,0,0.971,0,0,0,0,0,0,0,0,0,0,0,0,0,0,0,0,0,0,0,0,0,0,0,0,0,0,0,0,0,0,0,0,0,0,0,0,[0|0|0|0],0,21,0,0,0,0,0,0,0,0,0,0,1,1,0,1,0,0,0,0,1,0,0,0,0,0,0,1,1,0,1,1,1,0,0,0,0,0,0,0,0,0,0,0,0,0,0,0,0,0,0,0,0,0,0,0,0,0,0,0,0,0,0,0,0,0,0,0,0,0,0,0,0,0,0,0,0,0,0,0,0,0,0,0,0,0,0,0,0,0,0,0,0,0,0,0,0,0,[0|0|0|0|0|0|0|0|0|0|0|0|0|0],“半狼”布莱泽的臂甲。\n经过长久使用的黑色骑士盔甲。\n\n布莱泽是菈妮的影子──\n即使背叛命运，也绝不会背叛她。
170300,布莱泽腿甲,1,0,[0|0|0],807040,0,16,16,0,0.017,1250,0,500,8.5,-1,-1,-1,7000,1.1,0,-1,-1,-1,-1,-1,-1,-1,-1,-1,-1,-1,-1,-1,-1,-1,-1,1,1,1,1,1,1,1,1,-1,1600,13173,13173,0,0,0,0,[0|0],0,0,0,0,0,0,0,0,24,24,39,16,0,-1,-1,1,0,6,4,3,2,80,0,[0|0],1,0,0,0,1,0,0,0,0,-1,-1,0,1,1,0,0,1,2,0,0.916,0.916,0.927,0.912,0.935,0.927,0.938,109,50,106,50,106,139,139,139,111,1,0,0.932,0,0,0,0,0,0,0,0,0,0,0,0,0,0,0,0,0,0,0,0,0,0,0,0,0,0,0,0,0,0,0,0,0,0,0,0,[0|0|0|0],0,39,0,0,0,0,0,0,0,0,0,0,0,0,1,0,1,1,1,0,0,1,0,0,0,0,0,0,0,0,0,0,0,0,0,0,0,0,0,0,0,0,0,0,0,0,0,0,0,0,0,0,0,0,0,0,0,0,0,0,0,0,0,0,0,0,0,0,0,0,0,0,0,0,1,0,0,0,0,0,0,0,0,0,0,0,0,0,0,0,0,0,0,0,0,0,0,0,[0|0|0|0|0|0|0|0|0|0|0|0|0|0],“半狼”布莱泽的腿甲。\n经过长久使用的黑色骑士盔甲。\n\n布莱泽是菈妮的影子──\n即使背叛命运，也绝不会背叛她。
171100,布莱泽铠甲（轻装）,1,0,[0|0|0],608090,0,22,22,100,0.027,1150,0,500,12.5,-1,-1,-1,7000,1,-0.4,-1,-1,-1,-1,-1,-1,-1,-1,-1,-1,-1,-1,-1,-1,-1,-1,1,1,1,1,1,1,1,1,-1,1601,13181,13181,0,0,0,0,[0|0],0,0,0,0,0,0,0,0,32,32,57,21,0,-1,-1,1,0,2,4,1,2,90,0,[0|0],1,0,1,0,0,0,0,0,0,-1,-1,0,1,1,0,0,1,2,0,0.86,0.86,0.876,0.854,0.891,0.876,0.905,109,50,106,50,106,139,139,139,-1,1,0,0.886,0,0,0,0,0,0,0,0,0,0,0,0,0,0,0,0,0,0,0,0,0,0,0,0,0,0,0,0,0,0,0,0,0,0,0,0,[0|0|0|0],0,57,0,0,0,0,0,1,1,1,1,1,1,0,0,0,0,0,0,0,0,1,1,1,0,0,0,0,0,0,0,0,0,0,0,0,0,0,0,0,0,0,1,0,1,1,0,1,1,0,1,1,1,0,1,0,1,1,1,1,0,1,0,0,0,0,0,0,1,0,1,1,1,0,0,1,0,0,0,1,0,0,0,0,0,0,0,0,0,0,0,0,0,0,0,0,0,0,[0|0|0|0|0|0|0|0|0|0|0|0|0|0],“半狼”布莱泽的铠甲。\n经过长久使用的黑色骑士盔甲。\n\n布莱泽是菈妮的影子──\n即使背叛命运，也绝不会背叛她。
180000,黑刀风帽,1,0,[0|0|0],506200,0,9,9,0,0.006,1050,0,500,3.8,-1,-1,-1,7000,1.5,0,-1,-1,-1,-1,-1,-1,-1,-1,-1,-1,-1,-1,-1,-1,-1,-1,1,1,1,1,1,1,1,1,-1,1610,13190,13190,0,0,0,0,[0|0],0,0,0,0,0,0,0,0,11,11,18,9,0,-1,-1,1,0,5,4,0,2,70,0,[0|0],1,1,0,0,0,1,0,0,0,-1,-1,0,1,1,0,0,1,2,0,0.962,0.958,0.964,0.958,0.972,0.969,0.979,109,110,113,110,113,139,139,139,-1,1,0,0.962,0,0,0,0,0,0,0,0,0,0,0,0,0,0,0,0,0,0,0,0,0,0,0,0,0,0,0,0,0,0,0,0,0,0,0,0,[0|0|0|0],0,18,0,0,0,0,0,0,0,0,0,0,0,0,0,0,0,0,0,0,0,0,0,0,0,1,0,0,0,0,0,0,0,0,0,1,0,0,1,0,0,0,0,0,0,0,0,0,0,0,0,0,0,0,0,0,0,0,0,0,0,0,1,0,1,1,1,0,1,1,1,1,0,0,0,0,0,1,1,0,0,0,0,0,0,0,0,0,0,0,0,0,0,0,0,0,0,1,[0|0|0|0|0|0|0|0|0|0|0|0|0|0],黑刀刺客们穿戴的风帽。\n\n在阴谋之夜动手暗杀的刺客们皆是女性。\n也有一种说法，据说那些女性\n和玛莉卡是类似存在──都是稀人。
180100,黑刀铠甲,1,0,[0|0|0],606150,0,23,23,100,0.019,1150,0,500,9.2,6018010,-1,-1,7000,1,-0.4,-1,-1,-1,-1,-1,-1,-1,-1,-1,-1,-1,-1,-1,-1,-1,-1,1,1,1,1,1,1,1,1,-1,1610,13191,13191,0,0,0,0,[0|0],0,0,0,0,0,0,0,0,28,28,46,23,0,-1,-1,1,0,2,4,1,2,70,0,[0|0],1,0,1,0,0,0,0,0,0,-1,-1,0,1,1,0,0,1,2,0,0.886,0.876,0.891,0.876,0.912,0.905,0.933,109,50,144,50,144,139,139,139,-1,1,0,0.886,0,0,0,0,0,0,0,0,0,0,0,0,0,0,0,0,0,0,0,0,0,0,0,0,0,0,0,0,0,0,0,0,0,0,0,0,[0|0|0|0],0,46,0,0,0,0,0,1,1,1,1,1,1,0,0,0,0,0,0,0,0,1,1,1,0,0,0,0,0,0,0,0,0,0,0,0,0,0,0,0,0,0,1,0,1,1,0,1,1,1,1,0,1,1,0,0,1,1,1,1,0,1,0,0,0,0,0,0,1,1,1,0,0,0,0,1,0,0,0,1,0,0,0,1,1,1,1,1,1,1,1,1,1,1,1,1,1,0,[0|0|0|0|0|0|0|0|0|0|0|0|0|0],黑刀刺客们穿戴的铠甲。\n不会发出声音的鳞甲。\n\n隐身面纱还留有些许力量，\n能降低脚步声的声响。\n\n在阴谋之夜动手暗杀的刺客们皆是女性。\n也有一种说法，据说那些女性\n和玛莉卡是类似存在──都是稀人。
180200,黑刀臂甲,1,0,[0|0|0],705180,0,8,8,0,0.004,1150,0,500,3.1,-1,-1,-1,7000,1.1,0,-1,-1,-1,-1,-1,-1,-1,-1,-1,-1,-1,-1,-1,-1,-1,-1,1,1,1,1,1,1,1,1,-1,1610,13192,13192,0,0,0,0,[0|0],0,0,0,0,0,0,0,0,9,9,15,8,0,-1,-1,1,0,1,4,2,2,60,0,[0|0],1,0,0,1,0,0,0,0,0,-1,-1,0,1,1,0,0,1,2,0,0.972,0.969,0.973,0.969,0.979,0.977,0.984,109,50,106,50,106,139,139,139,-1,1,0,0.972,0,0,0,0,0,0,0,0,0,0,0,0,0,0,0,0,0,0,0,0,0,0,0,0,0,0,0,0,0,0,0,0,0,0,0,0,[0|0|0|0],0,15,0,0,0,0,0,0,0,0,0,0,0,1,0,1,0,0,0,0,1,0,0,0,0,0,1,0,1,0,1,1,1,0,0,0,0,0,0,0,0,0,0,0,0,0,0,0,0,0,0,0,0,0,0,0,0,0,0,0,0,0,0,0,0,0,0,0,0,0,0,0,0,0,0,0,0,0,0,0,0,0,0,0,0,0,0,0,0,0,0,0,0,0,0,0,0,0,[0|0|0|0|0|0|0|0|0|0|0|0|0|0],黑刀刺客们穿戴的臂甲。\n不会发出声音的鳞甲。\n\n在阴谋之夜动手暗杀的刺客们皆是女性。\n也有一种说法，据说那些女性\n和玛莉卡是类似存在──都是稀人。
180300,黑刀腿甲,1,0,[0|0|0],805170,0,14,14,0,0.011,1250,0,500,5.7,-1,-1,-1,7000,1.1,0,-1,-1,-1,-1,-1,-1,-1,-1,-1,-1,-1,-1,-1,-1,-1,-1,1,1,1,1,1,1,1,1,-1,1610,13193,13193,0,0,0,0,[0|0],0,0,0,0,0,0,0,0,17,17,29,14,0,-1,-1,1,0,6,4,3,2,60,0,[0|0],1,0,0,0,1,0,0,0,0,-1,-1,0,1,1,0,0,1,2,0,0.935,0.929,0.938,0.929,0.95,0.946,0.962,109,50,108,50,108,139,139,139,111,1,0,0.935,0,0,0,0,0,0,0,0,0,0,0,0,0,0,0,0,0,0,0,0,0,0,0,0,0,0,0,0,0,0,0,0,0,0,0,0,[0|0|0|0],0,29,0,0,0,0,0,0,0,0,0,0,0,0,1,0,1,1,1,0,0,1,0,0,0,0,0,0,0,0,0,0,0,0,0,0,0,0,0,0,0,0,0,0,0,0,0,0,0,0,0,0,0,0,0,0,0,0,0,0,0,0,0,0,0,0,0,0,0,0,0,0,0,0,1,0,0,0,0,0,0,0,0,0,0,0,0,0,0,0,0,0,0,0,0,0,0,0,[0|0|0|0|0|0|0|0|0|0|0|0|0|0],黑刀刺客们穿戴的腿甲。\n不会发出声音的鳞甲。\n\n在阴谋之夜动手暗杀的刺客们皆是女性。\n也有一种说法，据说那些女性\n和玛莉卡是类似存在──都是稀人。
181100,黑刀铠甲（轻装）,1,0,[0|0|0],606160,0,21,21,100,0.019,1150,0,500,9,-1,-1,-1,7000,1,-0.4,-1,-1,-1,-1,-1,-1,-1,-1,-1,-1,-1,-1,-1,-1,-1,-1,1,1,1,1,1,1,1,1,-1,1611,13201,13201,0,0,0,0,[0|0],0,0,0,0,0,0,0,0,25,25,42,21,0,-1,-1,1,0,2,4,1,2,70,0,[0|0],1,0,1,0,0,0,0,0,0,-1,-1,0,1,1,0,0,1,2,0,0.887,0.877,0.892,0.877,0.913,0.906,0.934,109,50,144,50,144,139,139,139,-1,1,0,0.887,0,0,0,0,0,0,0,0,0,0,0,0,0,0,0,0,0,0,0,0,0,0,0,0,0,0,0,0,0,0,0,0,0,0,0,0,[0|0|0|0],0,42,0,0,0,0,0,1,1,1,1,1,1,0,0,0,0,0,0,0,0,1,1,1,0,0,0,0,0,0,0,0,0,0,0,0,0,0,0,0,0,0,1,0,1,1,0,1,1,0,1,1,1,1,0,0,1,1,1,1,0,1,0,0,0,0,0,0,0,1,1,1,0,0,0,1,0,0,0,1,0,0,0,0,0,0,0,0,0,0,0,0,0,0,0,0,0,0,[0|0|0|0|0|0|0|0|0|0|0|0|0|0],黑刀刺客们穿戴的铠甲。\n不会发出声音的鳞甲。\n\n在阴谋之夜动手暗杀的刺客们皆是女性。\n也有一种说法，据说那些女性\n和玛莉卡是类似存在──都是稀人。
190000,流刑士兵风帽,1,0,[0|0|0],506070,0,9,9,0,0.006,1050,0,100,4,-1,-1,-1,7000,1.5,0,-1,-1,-1,-1,-1,-1,-1,-1,-1,-1,-1,-1,-1,-1,-1,-1,1,1,1,1,1,1,1,1,-1,1640,13210,13210,0,0,0,0,[0|0],0,0,0,0,0,0,0,0,12,12,23,8,0,-1,-1,1,0,5,4,0,1,70,0,[0|0],1,1,0,0,0,1,0,0,0,-1,-1,0,1,1,0,0,1,2,0,0.956,0.954,0.966,0.956,0.972,0.962,0.977,109,110,113,110,113,139,139,139,-1,1,0,0.966,0,0,0,0,0,0,0,0,0,0,0,0,0,0,0,0,0,0,0,0,0,0,0,0,0,0,0,0,0,0,0,0,0,0,0,0,[0|0|0|0],0,23,0,0,0,1,1,0,0,0,0,0,0,0,0,0,0,0,0,0,0,0,0,0,0,1,0,0,0,0,0,0,0,0,1,0,0,0,0,1,0,0,0,0,0,0,0,0,0,0,0,0,0,0,0,0,0,0,0,0,0,0,1,1,1,1,1,1,1,1,1,1,0,0,0,0,0,1,1,0,1,1,0,0,0,0,0,0,0,0,0,0,0,0,0,0,0,0,[0|0|0|0|0|0|0|0|0|0|0|0|0|0],用来盖住头部的深红色风帽。\n送往流刑地的士兵们穿戴的防具。\n\n他们不被允许露出颜面。
190100,流刑士兵铠甲,1,0,[0|0|0],606010,0,21,21,100,0.019,1150,0,100,9.2,-1,-1,-1,7000,1,-0.4,-1,-1,-1,-1,-1,-1,-1,-1,-1,-1,-1,-1,-1,-1,-1,-1,1,1,1,1,1,1,1,1,-1,1640,13211,13211,0,0,0,0,[0|0],0,0,0,0,0,0,0,0,28,28,55,18,0,-1,-1,1,0,2,4,1,1,70,0,[0|0],1,0,1,0,0,0,0,0,0,-1,-1,0,1,1,0,0,1,2,0,0.876,0.871,0.905,0.876,0.92,0.891,0.933,109,50,108,50,108,139,139,139,-1,1,0,0.905,0,0,0,0,0,0,0,0,0,0,0,0,0,0,0,0,0,0,0,0,0,0,0,0,0,0,0,0,0,0,0,0,0,0,0,0,[0|0|0|0],0,55,0,0,0,0,0,1,1,1,1,1,1,0,0,0,0,0,0,0,0,1,1,1,0,0,0,0,0,0,0,0,0,0,0,0,0,0,0,0,0,0,1,1,1,0,1,0,1,1,0,1,1,1,0,0,1,1,1,1,0,1,0,0,0,0,0,0,1,1,1,0,1,0,0,1,0,0,0,1,0,0,0,0,0,0,0,0,0,0,0,0,0,0,0,0,0,0,[0|0|0|0|0|0|0|0|0|0|0|0|0|0],布满伤痕的铠甲，表面盖着大片深红色布料。\n送往流刑地的士兵们穿戴的防具。
190200,流刑士兵臂甲,1,0,[0|0|0],705080,0,6,6,0,0.004,1150,0,100,2.9,-1,-1,-1,7000,1.1,0,-1,-1,-1,-1,-1,-1,-1,-1,-1,-1,-1,-1,-1,-1,-1,-1,1,1,1,1,1,1,1,1,-1,1640,13212,13212,0,0,0,0,[0|0],0,0,0,0,0,0,0,0,8,8,17,4,0,-1,-1,1,0,1,4,2,1,60,0,[0|0],1,0,0,1,0,0,0,0,0,-1,-1,0,1,1,0,0,1,2,0,0.971,0.969,0.979,0.971,0.983,0.975,0.985,109,50,108,50,108,139,139,139,-1,1,0,0.979,0,0,0,0,0,0,0,0,0,0,0,0,0,0,0,0,0,0,0,0,0,0,0,0,0,0,0,0,0,0,0,0,0,0,0,0,[0|0|0|0],0,17,0,0,0,0,0,0,0,0,0,0,1,1,0,1,0,0,0,0,1,0,0,0,0,0,0,1,1,0,1,1,1,0,0,0,0,0,0,0,0,0,0,0,0,0,0,0,0,0,0,0,0,0,0,0,0,0,0,0,0,0,0,0,0,0,0,0,0,0,0,0,0,0,0,0,0,0,0,0,0,0,0,0,0,0,0,0,0,0,0,0,0,0,0,0,0,0,[0|0|0|0|0|0|0|0|0|0|0|0|0|0],布满伤痕的铁制臂甲。\n送往流刑地的士兵们穿戴的防具。
190300,流刑士兵腿甲,1,0,[0|0|0],805070,0,13,13,0,0.011,1250,0,100,5.7,-1,-1,-1,7000,1.1,0,-1,-1,-1,-1,-1,-1,-1,-1,-1,-1,-1,-1,-1,-1,-1,-1,1,1,1,1,1,1,1,1,-1,1640,13213,13213,0,0,0,0,[0|0],0,0,0,0,0,0,0,0,17,17,34,11,0,-1,-1,1,0,6,4,3,1,60,0,[0|0],1,0,0,0,1,0,0,0,0,-1,-1,0,1,1,0,0,1,2,0,0.929,0.926,0.946,0.929,0.955,0.938,0.962,109,50,108,50,108,139,139,139,111,1,0,0.946,0,0,0,0,0,0,0,0,0,0,0,0,0,0,0,0,0,0,0,0,0,0,0,0,0,0,0,0,0,0,0,0,0,0,0,0,[0|0|0|0],0,34,0,0,0,0,0,0,0,0,0,0,0,0,1,0,1,1,1,0,0,1,0,0,0,0,0,0,0,0,0,0,0,0,0,0,0,0,0,0,0,0,0,0,0,0,0,0,0,0,0,0,0,0,0,0,0,0,0,0,0,0,0,0,0,0,0,0,0,0,0,0,0,0,1,0,0,0,0,0,0,0,0,0,0,0,0,0,0,0,0,0,0,0,0,0,0,0,[0|0|0|0|0|0|0|0|0|0|0|0|0|0],布满伤痕的铁制腿甲。\n送往流刑地的士兵们穿戴的防具。
200000,失乡骑士头盔,1,0,[0|0|0],509000,0,16,16,0,0.011,1050,0,100,7.5,-1,-1,-1,7000,1.5,0,-1,-1,-1,-1,-1,-1,-1,-1,-1,-1,-1,-1,-1,-1,-1,-1,1,1,1,1,1,1,1,1,-1,1650,13220,13220,0,0,0,0,[0|0],0,0,0,0,0,0,0,0,26,26,35,18,0,-1,-1,1,0,5,4,0,1,100,0,[0|0],1,1,0,0,0,1,0,0,0,-1,-1,0,1,1,0,0,1,2,0,0.932,0.93,0.946,0.937,0.952,0.952,0.954,109,110,108,110,108,139,139,139,-1,1,0,0.953,0,0,0,0,0,0,0,0,0,0,0,0,0,0,0,0,0,0,0,0,0,0,0,0,0,0,0,0,0,0,0,0,0,0,0,0,[0|0|0|0],0,35,0,1,1,1,0,0,0,0,0,0,0,0,0,0,0,0,0,0,0,0,0,0,0,0,0,0,0,0,0,0,0,0,1,0,1,0,0,1,0,1,0,0,0,0,0,0,0,0,0,0,0,0,0,0,0,0,0,0,0,0,1,1,1,1,1,1,1,1,1,1,0,0,0,0,0,1,1,0,1,1,1,0,0,0,0,0,0,0,0,0,0,0,0,0,0,1,[0|0|0|0|0|0|0|0|0|0|0|0|0|0],基于某种理由或罪刑，\n因此失去故乡的失乡骑士们穿戴的头盔。\n为保护全身的厚重盔甲。\n\n深红色的披肩带可能是用于挡风，\n毕竟边境的风寒冷刺骨。
200100,失乡骑士铠甲,1,0,[0|0|0],609000,0,38,38,100,0.034,1150,0,100,17.5,-1,-1,-1,7000,1,-0.4,-1,-1,-1,-1,-1,-1,-1,-1,-1,-1,-1,-1,-1,-1,-1,-1,1,1,1,1,1,1,1,1,-1,1650,13221,13221,0,0,0,0,[0|0],0,0,0,0,0,0,0,0,60,60,83,42,0,-1,-1,1,0,2,4,1,1,100,0,[0|0],1,0,1,0,0,0,0,0,0,-1,-1,0,1,1,0,0,1,2,0,0.813,0.808,0.85,0.825,0.865,0.865,0.87,109,50,113,50,113,139,139,139,-1,1,0,0.867,0,0,0,0,0,0,0,0,0,0,0,0,0,0,0,0,0,0,0,0,0,0,0,0,0,0,0,0,0,0,0,0,0,0,0,0,[0|0|0|0],0,83,0,0,0,0,0,0,1,1,1,1,1,0,0,0,0,0,0,0,0,1,1,1,0,0,0,0,0,0,0,0,0,0,0,0,0,0,0,0,0,0,1,1,1,0,0,1,1,0,1,1,1,1,0,1,0,1,0,1,0,1,0,0,0,0,0,0,1,0,1,1,1,0,0,1,0,0,0,1,0,0,0,1,1,1,1,1,1,1,1,1,1,1,1,1,1,0,[0|0|0|0|0|0|0|0|0|0|0|0|0|0],基于某种理由或罪刑，\n因此失去故乡的失乡骑士们穿戴的铠甲。\n为保护全身的厚重盔甲。\n\n过去的他们各个都是万夫莫敌的猛将，\n也因此即使失去故乡，也能受封骑士。
200200,失乡骑士臂甲,1,0,[0|0|0],708000,0,13,13,0,0.007,1150,0,100,5.8,-1,-1,-1,7000,1.1,0,-1,-1,-1,-1,-1,-1,-1,-1,-1,-1,-1,-1,-1,-1,-1,-1,1,1,1,1,1,1,1,1,-1,1650,13222,13222,0,0,0,0,[0|0],0,0,0,0,0,0,0,0,20,20,28,14,0,-1,-1,1,0,1,4,2,1,90,0,[0|0],1,0,0,1,0,0,0,0,0,-1,-1,0,1,1,0,0,1,2,0,0.953,0.951,0.963,0.956,0.967,0.967,0.968,109,50,106,50,106,139,139,139,-1,1,0,0.967,0,0,0,0,0,0,0,0,0,0,0,0,0,0,0,0,0,0,0,0,0,0,0,0,0,0,0,0,0,0,0,0,0,0,0,0,[0|0|0|0],0,28,0,0,0,0,0,0,0,0,0,0,0,1,0,1,0,0,0,0,1,0,0,0,0,0,1,0,1,0,1,1,1,0,0,0,0,0,0,0,0,0,0,0,0,0,0,0,0,0,0,0,0,0,0,0,0,0,0,0,0,0,0,0,0,0,0,0,0,0,0,0,0,0,0,0,0,0,0,0,0,0,0,0,0,0,0,0,0,0,0,0,0,0,0,0,0,0,[0|0|0|0|0|0|0|0|0|0|0|0|0|0],基于某种理由或罪刑，\n因此失去故乡的失乡骑士们穿戴的臂甲。\n为保护全身的厚重盔甲。\n\n过去的他们各个都是万夫莫敌的猛将，\n也因此即使失去故乡，也能受封骑士。
200300,失乡骑士腿甲,1,0,[0|0|0],808000,0,24,24,0,0.02,1250,0,100,10.8,-1,-1,-1,7000,1.1,0,-1,-1,-1,-1,-1,-1,-1,-1,-1,-1,-1,-1,-1,-1,-1,-1,1,1,1,1,1,1,1,1,-1,1650,13223,13223,0,0,0,0,[0|0],0,0,0,0,0,0,0,0,37,37,51,26,0,-1,-1,1,0,6,4,3,1,90,0,[0|0],1,0,0,0,1,0,0,0,0,-1,-1,0,1,1,0,0,1,2,0,0.892,0.889,0.914,0.899,0.923,0.923,0.926,109,50,106,50,106,139,106,139,111,1,0,0.924,0,0,0,0,0,0,0,0,0,0,0,0,0,0,0,0,0,0,0,0,0,0,0,0,0,0,0,0,0,0,0,0,0,0,0,0,[0|0|0|0],0,51,0,0,0,0,0,0,0,0,0,0,0,0,1,0,1,1,1,0,0,1,0,0,0,0,0,0,0,0,0,0,0,0,0,0,0,0,0,0,0,0,0,0,0,0,0,0,0,0,0,0,0,0,0,0,0,0,0,0,0,0,0,0,0,0,0,0,0,0,0,0,0,0,1,0,0,0,0,0,0,0,0,0,0,0,0,0,0,0,0,0,0,0,0,0,0,0,[0|0|0|0|0|0|0|0|0|0|0|0|0|0],基于某种理由或罪刑，\n因此失去故乡的失乡骑士们穿戴的腿甲。\n为保护全身的厚重盔甲。\n\n过去的他们各个都是万夫莫敌的猛将，\n也因此即使失去故乡，也能受封骑士。
201000,失乡骑士头盔（轻装）,1,0,[0|0|0],509010,0,13,13,0,0.011,1050,0,100,7.1,-1,-1,-1,7000,1.5,0,-1,-1,-1,-1,-1,-1,-1,-1,-1,-1,-1,-1,-1,-1,-1,-1,1,1,1,1,1,1,1,1,-1,1651,13230,13230,0,0,0,0,[0|0],0,0,0,0,0,0,0,0,21,21,30,14,0,-1,-1,1,0,5,4,0,1,100,0,[0|0],1,1,0,0,0,1,0,0,0,-1,-1,0,1,1,0,0,1,2,0,0.933,0.932,0.948,0.939,0.953,0.953,0.954,109,110,106,110,106,139,139,139,-1,1,0,0.954,0,0,0,0,0,0,0,0,0,0,0,0,0,0,0,0,0,0,0,0,0,0,0,0,0,0,0,0,0,0,0,0,0,0,0,0,[0|0|0|0],0,30,0,1,1,1,0,0,0,0,0,0,0,0,0,0,0,0,0,0,0,0,0,0,0,0,0,0,0,0,0,0,0,0,1,0,1,0,0,1,0,0,0,0,0,0,0,0,0,0,0,0,0,0,0,0,0,0,0,0,0,0,1,1,1,1,1,1,1,1,1,1,0,0,0,0,0,1,1,0,1,1,1,0,0,0,0,0,0,0,0,0,0,0,0,0,0,1,[0|0|0|0|0|0|0|0|0|0|0|0|0|0],基于某种理由或罪刑，\n因此失去故乡的失乡骑士们穿戴的头盔。\n为保护全身的厚重盔甲。\n\n过去的他们各个都是万夫莫敌的猛将，\n也因此即使失去故乡，也能受封骑士。
201100,失乡骑士铠甲（轻装）,1,0,[0|0|0],609010,0,32,32,100,0.033,1150,0,100,16.5,-1,-1,-1,7000,1,-0.4,-1,-1,-1,-1,-1,-1,-1,-1,-1,-1,-1,-1,-1,-1,-1,-1,1,1,1,1,1,1,1,1,-1,1651,13231,13231,0,0,0,0,[0|0],0,0,0,0,0,0,0,0,52,52,69,34,0,-1,-1,1,0,2,4,1,1,100,0,[0|0],1,0,1,0,0,0,0,0,0,-1,-1,0,1,1,0,0,1,2,0,0.817,0.813,0.856,0.832,0.867,0.867,0.872,109,50,106,50,106,139,139,139,-1,1,0,0.87,0,0,0,0,0,0,0,0,0,0,0,0,0,0,0,0,0,0,0,0,0,0,0,0,0,0,0,0,0,0,0,0,0,0,0,0,[0|0|0|0],0,69,0,0,0,0,0,0,1,1,1,1,1,0,0,0,0,0,0,0,0,1,1,1,0,0,0,0,0,0,0,0,0,0,0,0,0,0,0,0,0,0,1,0,1,1,0,1,1,0,1,1,1,0,1,0,1,1,0,1,0,1,0,0,0,0,0,0,1,0,1,1,0,0,0,1,0,0,0,1,0,0,0,0,0,0,0,0,0,0,0,0,0,0,0,0,0,0,[0|0|0|0|0|0|0|0|0|0|0|0|0|0],基于某种理由或罪刑，\n因此失去故乡的失乡骑士们穿戴的铠甲。\n为保护全身的厚重盔甲。\n\n过去的他们各个都是万夫莫敌的猛将，\n也因此即使失去故乡，也能受封骑士。
202100,,1,0,[0|0|0],999999,0,38,38,100,0.034,1150,0,100,17.5,-1,-1,-1,7000,1,-0.4,-1,-1,-1,-1,-1,-1,-1,-1,-1,-1,-1,-1,-1,-1,-1,-1,1,1,1,1,1,1,1,1,-1,1652,13221,13221,0,0,0,0,[0|0],0,0,0,0,0,0,0,0,60,60,83,42,0,-1,-1,1,0,2,4,1,1,255,0,[0|0],1,0,1,0,0,0,0,0,0,-1,-1,0,1,0,0,0,1,2,0,0.813,0.808,0.85,0.825,0.865,0.865,0.87,109,50,106,50,106,139,139,139,-1,1,0,0.867,0,0,0,0,0,0,0,0,0,0,0,0,0,0,0,0,0,0,0,0,0,0,0,0,0,0,0,0,0,0,0,0,0,0,0,0,[0|0|0|0],0,83,0,0,0,0,0,0,1,1,1,1,1,0,0,0,0,0,0,0,0,1,1,1,0,0,0,0,0,0,0,0,0,0,0,0,0,0,0,0,0,0,1,1,1,0,0,1,1,0,1,1,1,1,0,1,0,1,0,1,0,1,0,0,0,0,0,0,1,0,1,1,1,0,0,1,0,0,0,1,0,0,0,1,1,1,1,1,1,1,1,1,1,1,1,1,1,0,[0|0|0|0|0|0|0|0|0|0|0|0|0|0],
210000,铁棘头盔,1,0,[0|0|0],508060,0,10,10,0,0.009,1050,0,500,5.1,6021000,-1,-1,7000,1.5,0,-1,-1,-1,-1,-1,-1,-1,-1,-1,-1,-1,-1,-1,-1,-1,-1,1,1,1,1,1,1,1,1,-1,1670,13240,13240,0,0,0,0,[0|0],0,0,0,0,0,0,0,0,15,15,31,10,0,-1,-1,1,0,5,4,0,2,90,0,[0|0],1,1,0,0,0,1,0,0,0,-1,-1,0,1,1,0,0,1,2,0,0.954,0.952,0.96,0.956,0.962,0.956,0.969,109,110,106,110,106,139,139,139,-1,1,0,0.962,0,0,0,0,0,0,0,0,0,0,0,0,0,0,0,0,0,0,0,0,0,0,0,0,0,0,0,0,0,0,0,0,0,0,0,0,[0|0|0|0],0,31,1,1,1,1,1,0,0,0,0,0,0,0,0,0,0,0,0,1,0,0,0,0,0,0,0,0,0,0,0,0,0,0,1,0,1,0,0,1,0,0,0,0,0,0,0,0,0,0,0,0,0,0,0,0,0,0,0,0,0,0,1,1,1,1,1,1,1,1,1,1,0,0,0,0,0,1,1,0,1,1,1,0,0,0,0,0,0,0,0,0,0,0,0,0,0,0,[0|0|0|0|0|0|0|0|0|0|0|0|0|0],快要毁坏的异国铁制头盔。\n“铁棘”艾隆梅尔的防具。\n\n头盔上缠绕的生锈铁棘\n是罪人之中，代表死囚的象征。\n以翻滚接触敌人时，能给予伤害。\n\n艾隆梅尔杀害了无数老师、商人，\n以铃珠猎人身分受人畏惧。
210100,铁棘铠甲,1,0,[0|0|0],608100,0,24,24,100,0.021,1150,0,500,11.8,6021010,-1,-1,7000,1,-0.4,-1,-1,-1,-1,-1,-1,-1,-1,-1,-1,-1,-1,-1,-1,-1,-1,1,1,1,1,1,1,1,1,-1,1670,13241,13241,0,0,0,0,[0|0],0,0,0,0,0,0,0,0,35,35,71,24,0,-1,-1,1,0,2,4,1,2,90,0,[0|0],1,0,1,0,0,0,0,0,0,-1,-1,0,1,1,0,0,1,2,0,0.871,0.865,0.886,0.876,0.891,0.876,0.912,109,50,113,50,113,139,139,139,-1,1,0,0.891,0,0,0,0,0,0,0,0,0,0,0,0,0,0,0,0,0,0,0,0,0,0,0,0,0,0,0,0,0,0,0,0,0,0,0,0,[0|0|0|0],0,71,0,0,0,0,0,1,1,1,1,1,0,0,0,0,0,0,0,0,0,1,1,1,0,0,0,0,0,0,0,0,0,0,0,0,0,0,0,0,0,0,1,1,1,0,1,0,1,1,1,0,1,0,1,0,1,1,0,1,0,1,0,0,0,0,0,0,1,1,0,1,1,0,0,1,0,0,0,1,0,0,0,1,1,1,1,1,1,1,1,1,1,1,1,1,1,0,[0|0|0|0|0|0|0|0|0|0|0|0|0|0],快要毁坏的异国铁制铠甲。\n“铁棘”艾隆梅尔的防具。\n\n铠甲上缠绕的生锈铁棘\n是罪人之中，代表死囚的象征。\n以翻滚接触敌人时，能给予伤害。\n\n艾隆梅尔杀害了无数老师、商人，\n以铃珠猎人身分受人畏惧。
210200,铁棘臂甲,1,0,[0|0|0],707050,0,8,8,0,0.005,1150,0,500,3.9,6021020,-1,-1,7000,1.1,0,-1,-1,-1,-1,-1,-1,-1,-1,-1,-1,-1,-1,-1,-1,-1,-1,1,1,1,1,1,1,1,1,-1,1670,13242,13242,0,0,0,0,[0|0],0,0,0,0,0,0,0,0,12,12,24,8,0,-1,-1,1,0,1,4,2,2,80,0,[0|0],1,0,0,1,0,0,0,0,0,-1,-1,0,1,1,0,0,1,2,0,0.968,0.967,0.972,0.969,0.973,0.969,0.979,109,50,144,50,144,139,139,139,-1,1,0,0.973,0,0,0,0,0,0,0,0,0,0,0,0,0,0,0,0,0,0,0,0,0,0,0,0,0,0,0,0,0,0,0,0,0,0,0,0,[0|0|0|0],0,24,0,0,0,0,0,0,0,0,0,0,1,1,0,1,0,0,0,0,1,0,0,0,0,0,0,1,1,0,1,1,1,0,0,0,0,0,0,0,0,0,0,0,0,0,0,0,0,0,0,0,0,0,0,0,0,0,0,0,0,0,0,0,0,0,0,0,0,0,0,0,0,0,0,0,0,0,0,0,0,0,0,0,0,0,0,0,0,0,0,0,0,0,0,0,0,0,[0|0|0|0|0|0|0|0|0|0|0|0|0|0],快要毁坏的异国臂甲。\n“铁棘”艾隆梅尔的防具。\n\n臂甲上缠绕的生锈铁棘\n是罪人之中，代表死囚的象征。\n以翻滚接触敌人时，能给予伤害。\n\n艾隆梅尔杀害了无数老师、商人，\n以铃珠猎人身分受人畏惧。
210300,铁棘腿甲,1,0,[0|0|0],807050,0,15,15,0,0.012,1250,0,500,7.3,6021030,-1,-1,7000,1.1,0,-1,-1,-1,-1,-1,-1,-1,-1,-1,-1,-1,-1,-1,-1,-1,-1,1,1,1,1,1,1,1,1,-1,1670,13243,13243,0,0,0,0,[0|0],0,0,0,0,0,0,0,0,22,22,44,15,0,-1,-1,1,0,6,4,3,2,80,0,[0|0],1,0,0,0,1,0,0,0,0,-1,-1,0,1,1,0,0,1,2,0,0.926,0.923,0.935,0.929,0.938,0.929,0.95,109,50,108,50,108,139,139,139,111,1,0,0.938,0,0,0,0,0,0,0,0,0,0,0,0,0,0,0,0,0,0,0,0,0,0,0,0,0,0,0,0,0,0,0,0,0,0,0,0,[0|0|0|0],0,44,0,0,0,0,0,0,0,0,0,0,0,0,1,0,1,1,1,0,0,1,0,0,0,0,0,0,0,0,0,0,0,0,0,0,0,0,0,0,0,0,0,0,0,0,0,0,0,0,0,0,0,0,0,0,0,0,0,0,0,0,0,0,0,0,0,0,0,0,0,0,0,0,1,0,0,0,0,0,0,0,0,0,0,0,0,0,0,0,0,0,0,0,0,0,0,0,[0|0|0|0|0|0|0|0|0|0|0|0|0|0],快要毁坏的异国腿甲。\n“铁棘”艾隆梅尔的防具。\n\n腿甲上缠绕的生锈铁棘\n是罪人之中，代表死囚的象征。\n以翻滚接触敌人时，能给予伤害。\n\n艾隆梅尔杀害了无数老师、商人，\n以铃珠猎人身分受人畏惧。
211100,铁棘铠甲（轻装）,1,0,[0|0|0],608110,0,21,21,100,0.019,1150,0,500,10.7,6021110,-1,-1,7000,1,-0.4,-1,-1,-1,-1,-1,-1,-1,-1,-1,-1,-1,-1,-1,-1,-1,-1,1,1,1,1,1,1,1,1,-1,1671,13251,13251,0,0,0,0,[0|0],0,0,0,0,0,0,0,0,29,29,61,21,0,-1,-1,1,0,2,4,1,2,90,0,[0|0],1,0,1,0,0,0,0,0,0,-1,-1,0,1,1,0,0,1,2,0,0.876,0.876,0.891,0.881,0.898,0.886,0.929,109,50,144,50,144,139,139,139,-1,1,0,0.905,0,0,0,0,0,0,0,0,0,0,0,0,0,0,0,0,0,0,0,0,0,0,0,0,0,0,0,0,0,0,0,0,0,0,0,0,[0|0|0|0],0,61,0,0,0,0,0,0,1,1,1,1,0,0,0,0,0,0,0,0,0,1,1,1,0,0,0,0,0,0,0,0,0,0,0,0,0,0,0,0,0,0,1,1,0,1,1,0,1,1,0,1,1,0,1,0,1,1,0,1,0,1,0,0,0,0,0,0,1,0,1,1,0,0,0,1,0,0,0,1,0,0,0,0,0,0,0,0,0,0,0,0,0,0,0,0,0,0,[0|0|0|0|0|0|0|0|0|0|0|0|0|0],快要毁坏的异国铁制铠甲。\n“铁棘”艾隆梅尔的防具。\n\n铠甲上缠绕的生锈铁棘\n是罪人之中，代表死囚的象征。\n以翻滚接触敌人时，能给予伤害。\n\n艾隆梅尔杀害了无数老师、商人，\n以铃珠猎人身分受人畏惧。
220000,随从风帽,1,0,[0|0|0],500050,0,29,29,0,0.002,1050,0,200,1.4,-1,-1,-1,7000,1.5,0,-1,-1,-1,-1,-1,-1,-1,-1,-1,-1,-1,-1,-1,-1,-1,-1,1,1,1,1,1,1,1,1,-1,1680,13260,13260,0,0,0,0,[0|0],0,0,0,0,0,0,0,0,15,15,8,29,0,-1,-1,1,0,5,4,0,1,10,0,[0|0],1,1,0,0,0,1,0,0,0,-1,-1,0,1,1,0,0,1,2,0,0.982,0.991,0.986,0.991,0.956,0.958,0.955,109,110,113,110,113,139,139,139,-1,1,0,0.955,0,0,0,0,0,0,0,0,0,0,0,0,0,0,0,0,0,0,0,0,0,0,0,0,0,0,0,0,0,0,0,0,0,0,0,0,[0|0|0|0],0,8,0,0,0,0,0,0,0,0,0,0,0,0,0,0,0,0,0,0,0,0,0,0,0,0,0,0,0,0,0,0,0,0,1,0,1,0,0,1,0,0,0,0,0,0,0,0,0,0,0,0,0,0,0,0,0,0,0,0,0,0,1,0,1,1,1,0,1,1,1,1,0,0,0,0,0,1,1,0,0,0,0,0,0,0,0,0,0,0,0,0,0,0,0,0,0,0,[0|0|0|0|0|0|0|0|0|0|0|0|0|0],侍奉权贵、保护主人的随从们穿戴的风帽。\n\n形似麻布袋的风帽，是无名者的象征。
220100,随从上衣,1,0,[0|0|0],600100,0,83,83,100,0.01,1150,0,200,5.1,-1,-1,-1,7000,1,-0.4,-1,-1,-1,-1,-1,-1,-1,-1,-1,-1,-1,-1,-1,-1,-1,-1,1,1,1,1,1,1,1,1,-1,1680,13261,13261,0,0,0,0,[0|0],0,0,0,0,0,0,0,0,42,42,23,83,0,-1,-1,1,0,2,4,1,1,10,0,[0|0],1,0,1,0,0,0,0,0,0,-1,-1,0,1,1,0,0,1,2,0,0.933,0.947,0.939,0.947,0.872,0.874,0.87,109,50,113,50,113,139,139,139,-1,1,0,0.87,0,0,0,0,0,0,0,0,0,0,0,0,0,0,0,0,0,0,0,0,0,0,0,0,0,0,0,0,0,0,0,0,0,0,0,0,[0|0|0|0],0,23,0,0,0,0,0,1,1,1,1,1,1,0,0,0,0,0,0,0,0,1,1,1,0,0,0,0,0,0,0,0,0,0,0,0,0,0,0,0,0,0,1,0,1,1,1,0,1,1,0,1,1,1,0,0,1,1,1,1,0,1,0,0,0,0,0,0,1,0,1,1,1,0,0,1,0,0,0,1,0,0,0,1,1,1,1,1,1,1,1,1,1,1,1,1,1,0,[0|0|0|0|0|0|0|0|0|0|0|0|0|0],侍奉权贵、保护主人的随从们穿戴的上衣。\n\n制作得颇为优质的旅行服装，\n为的是不失体面。
220300,随从长裤,1,0,[0|0|0],800050,0,44,44,0,0.005,1250,0,200,2.5,-1,-1,-1,7000,1.1,0,-1,-1,-1,-1,-1,-1,-1,-1,-1,-1,-1,-1,-1,-1,-1,-1,1,1,1,1,1,1,1,1,-1,1680,13263,13263,0,0,0,0,[0|0],0,0,0,0,0,0,0,0,24,24,13,44,0,-1,-1,1,0,6,4,3,1,10,0,[0|0],1,0,0,0,1,0,0,0,0,-1,-1,0,1,1,0,0,1,2,0,0.966,0.977,0.97,0.977,0.928,0.929,0.927,109,50,113,50,113,139,139,139,111,1,0,0.927,0,0,0,0,0,0,0,0,0,0,0,0,0,0,0,0,0,0,0,0,0,0,0,0,0,0,0,0,0,0,0,0,0,0,0,0,[0|0|0|0],0,13,0,0,0,0,0,0,0,0,0,0,0,0,1,0,1,1,1,0,0,1,0,0,0,0,0,0,0,0,0,0,0,0,0,0,0,0,0,0,0,0,0,0,0,0,0,0,0,0,0,0,0,0,0,0,0,0,0,0,0,0,0,0,0,0,0,0,0,0,0,0,0,0,1,0,0,0,0,0,0,0,0,0,0,0,0,0,0,0,0,0,0,0,0,0,0,0,[0|0|0|0|0|0|0|0|0|0|0|0|0|0],侍奉权贵、保护主人的随从们穿戴的长裤。\n\n制作得颇为优质的旅行服装，\n为的是不失体面。
221100,随从上衣（轻装）,1,0,[0|0|0],600110,0,64,64,100,0.008,1150,0,200,4.5,-1,-1,-1,7000,1,-0.4,-1,-1,-1,-1,-1,-1,-1,-1,-1,-1,-1,-1,-1,-1,-1,-1,1,1,1,1,1,1,1,1,-1,1681,13271,13271,0,0,0,0,[0|0],0,0,0,0,0,0,0,0,34,34,19,64,0,-1,-1,1,0,2,4,1,1,10,0,[0|0],1,0,1,0,0,0,0,0,0,-1,-1,0,1,1,0,0,1,2,0,0.937,0.956,0.945,0.956,0.872,0.874,0.87,109,50,113,50,113,139,139,139,-1,1,0,0.87,0,0,0,0,0,0,0,0,0,0,0,0,0,0,0,0,0,0,0,0,0,0,0,0,0,0,0,0,0,0,0,0,0,0,0,0,[0|0|0|0],0,19,0,0,0,0,0,1,1,1,1,1,1,0,0,0,0,0,0,0,0,1,1,1,0,0,0,0,0,0,0,0,0,0,0,0,0,0,0,0,0,0,1,0,1,1,1,0,0,1,1,1,1,1,0,0,1,1,1,1,0,1,0,0,0,0,0,0,0,1,1,1,1,0,0,1,0,0,0,1,0,0,0,0,0,0,0,0,0,0,0,0,0,0,0,0,0,0,[0|0|0|0|0|0|0|0|0|0|0|0|0|0],侍奉权贵、保护主人的随从们穿戴的上衣。\n\n制作得颇为优质的旅行服装，\n为的是不失体面。
230000,黑夜骑兵头盔,1,0,[0|0|0],509020,0,10,10,0,0.008,1050,0,500,5.5,-1,-1,-1,7000,1.5,0,-1,-1,-1,-1,-1,-1,-1,-1,-1,-1,-1,-1,-1,-1,-1,-1,1,1,1,1,1,1,1,1,-1,1690,13280,13280,0,0,0,0,[0|0],0,0,0,0,0,0,0,0,16,16,24,10,0,-1,-1,1,0,5,4,0,1,100,0,[0|0],1,1,0,0,0,1,0,0,0,-1,-1,0,1,1,0,0,1,2,0,0.95,0.95,0.954,0.952,0.962,0.955,0.962,109,110,106,110,106,139,139,139,-1,1,0,0.955,0,0,0,0,0,0,0,0,0,0,0,0,0,0,0,0,0,0,0,0,0,0,0,0,0,0,0,0,0,0,0,0,0,0,0,0,[0|0|0|0],0,24,1,1,1,1,1,0,0,0,0,0,0,0,0,0,0,0,0,1,0,0,0,0,0,1,0,0,0,0,0,0,0,0,1,0,0,0,0,1,0,0,0,0,0,0,0,0,0,0,0,0,0,0,0,0,0,0,0,0,0,0,1,1,1,1,1,1,1,1,1,1,0,0,0,0,0,1,1,0,1,1,1,0,0,0,0,0,0,0,0,0,0,0,0,0,0,1,[0|0|0|0|0|0|0|0|0|0|0|0|0|0],黑发飘扬的漆黑头盔。\n骑着送葬马的黑夜骑兵们穿戴的防具。\n\n夜幕低垂，于大道徘徊的骑兵们，\n在过去由“恶兆妖鬼”率领作战，\n是所有战士、骑士，以及英雄的死神。
230100,黑夜骑兵铠甲,1,0,[0|0|0],609020,0,24,24,100,0.025,1150,0,500,12.8,-1,-1,-1,7000,1,-0.4,-1,-1,-1,-1,-1,-1,-1,-1,-1,-1,-1,-1,-1,-1,-1,-1,1,1,1,1,1,1,1,1,-1,1690,13281,13281,0,0,0,0,[0|0],0,0,0,0,0,0,0,0,38,38,57,24,0,-1,-1,1,0,2,4,1,1,100,0,[0|0],1,0,1,0,0,0,0,0,0,-1,-1,0,1,1,0,0,1,2,0,0.86,0.86,0.871,0.865,0.891,0.874,0.891,109,50,113,50,113,139,139,139,-1,1,0,0.874,0,0,0,0,0,0,0,0,0,0,0,0,0,0,0,0,0,0,0,0,0,0,0,0,0,0,0,0,0,0,0,0,0,0,0,0,[0|0|0|0],0,57,0,0,0,0,0,1,1,1,1,1,1,0,0,0,0,0,0,0,0,1,1,1,0,0,0,0,0,0,0,0,0,0,0,0,0,0,0,0,0,0,1,1,1,0,0,1,1,1,1,0,1,1,0,0,1,1,1,1,0,1,0,0,0,0,0,0,1,1,1,0,1,0,0,1,0,0,0,1,0,0,0,1,1,1,1,1,1,1,1,1,1,1,1,1,1,0,[0|0|0|0|0|0|0|0|0|0|0|0|0|0],表面有着淡淡血迹的漆黑铠甲。\n骑着送葬马的黑夜骑兵们穿戴的防具。\n\n夜幕低垂，于大道徘徊的骑兵们，\n在过去由“恶兆妖鬼”率领作战，\n是所有战士、骑士，以及英雄的死神。
230200,黑夜骑兵臂甲,1,0,[0|0|0],708010,0,8,8,0,0.005,1150,0,500,4.3,-1,-1,-1,7000,1.1,0,-1,-1,-1,-1,-1,-1,-1,-1,-1,-1,-1,-1,-1,-1,-1,-1,1,1,1,1,1,1,1,1,-1,1690,13282,13282,0,0,0,0,[0|0],0,0,0,0,0,0,0,0,13,13,19,8,0,-1,-1,1,0,1,4,2,1,90,0,[0|0],1,0,0,1,0,0,0,0,0,-1,-1,0,1,1,0,0,1,2,0,0.965,0.965,0.968,0.967,0.973,0.969,0.973,109,50,106,50,106,139,139,139,-1,1,0,0.969,0,0,0,0,0,0,0,0,0,0,0,0,0,0,0,0,0,0,0,0,0,0,0,0,0,0,0,0,0,0,0,0,0,0,0,0,[0|0|0|0],0,19,0,0,0,0,0,0,0,0,0,0,0,1,0,1,0,0,0,0,1,0,0,0,0,0,1,0,1,0,1,1,0,1,0,0,0,0,0,0,0,0,0,0,0,0,0,0,0,0,0,0,0,0,0,0,0,0,0,0,0,0,0,0,0,0,0,0,0,0,0,0,0,0,0,0,0,0,0,0,0,0,0,0,0,0,0,0,0,0,0,0,0,0,0,0,0,0,[0|0|0|0|0|0|0|0|0|0|0|0|0|0],表面有着淡淡血迹的漆黑臂甲。\n骑着送葬马的黑夜骑兵们穿戴的防具。\n\n夜幕低垂，于大道徘徊的骑兵们，\n在过去由“恶兆妖鬼”率领作战，\n是所有战士、骑士，以及英雄的死神。
230300,黑夜骑兵腿甲,1,0,[0|0|0],808010,0,15,15,0,0.015,1250,0,500,7.9,-1,-1,-1,7000,1.1,0,-1,-1,-1,-1,-1,-1,-1,-1,-1,-1,-1,-1,-1,-1,-1,-1,1,1,1,1,1,1,1,1,-1,1690,13283,13283,0,0,0,0,[0|0],0,0,0,0,0,0,0,0,24,24,35,15,0,-1,-1,1,0,6,4,3,1,90,0,[0|0],1,0,0,0,1,0,0,0,0,-1,-1,0,1,1,0,0,1,2,0,0.92,0.92,0.927,0.923,0.938,0.928,0.938,109,50,106,50,106,139,139,139,111,1,0,0.928,0,0,0,0,0,0,0,0,0,0,0,0,0,0,0,0,0,0,0,0,0,0,0,0,0,0,0,0,0,0,0,0,0,0,0,0,[0|0|0|0],0,35,0,0,0,0,0,0,0,0,0,0,0,0,1,0,1,1,1,0,0,1,0,0,0,0,0,0,0,0,0,0,0,0,0,0,0,0,0,0,0,0,0,0,0,0,0,0,0,0,0,0,0,0,0,0,0,0,0,0,0,0,0,0,0,0,0,0,0,0,0,0,0,0,1,0,0,0,0,0,0,0,0,0,0,0,0,0,0,0,0,0,0,0,0,0,0,0,[0|0|0|0|0|0|0|0|0|0|0|0|0|0],表面有着淡淡血迹的漆黑腿甲。\n骑着送葬马的黑夜骑兵们穿戴的防具。\n\n夜幕低垂，于大道徘徊的骑兵们，\n在过去由“恶兆妖鬼”率领作战，\n是所有战士、骑士，以及英雄的死神。
231000,黑夜骑兵头盔（轻装）,1,0,[0|0|0],509030,0,9,9,0,0.008,1050,0,500,5.1,-1,-1,-1,7000,1.5,0,-1,-1,-1,-1,-1,-1,-1,-1,-1,-1,-1,-1,-1,-1,-1,-1,1,1,1,1,1,1,1,1,-1,1691,13290,13290,0,0,0,0,[0|0],0,0,0,0,0,0,0,0,13,13,21,9,0,-1,-1,1,0,5,4,0,1,100,0,[0|0],1,1,0,0,0,1,0,0,0,-1,-1,0,1,1,0,0,1,2,0,0.952,0.952,0.956,0.956,0.964,0.956,0.964,109,110,106,110,106,139,139,139,-1,1,0,0.956,0,0,0,0,0,0,0,0,0,0,0,0,0,0,0,0,0,0,0,0,0,0,0,0,0,0,0,0,0,0,0,0,0,0,0,0,[0|0|0|0],0,21,1,1,1,1,1,0,0,0,0,0,0,0,0,0,0,0,0,1,0,0,0,0,0,1,0,0,0,0,0,0,0,0,1,0,0,0,0,1,0,0,0,0,0,0,0,0,0,0,0,0,0,0,0,0,0,0,0,0,0,0,1,1,1,1,1,1,1,1,1,1,0,0,0,0,0,1,1,0,1,1,1,0,0,0,0,0,0,0,0,0,0,0,0,0,0,0,[0|0|0|0|0|0|0|0|0|0|0|0|0|0],表面有着淡淡血迹的漆黑头盔。\n骑着送葬马的黑夜骑兵们穿戴的防具。\n\n夜幕低垂，于大道徘徊的骑兵们。\n在过去由“恶兆妖鬼”率领作战，\n是所有战士、骑士，以及英雄的死神。
231100,黑夜骑兵铠甲（轻装）,1,0,[0|0|0],609030,0,21,21,100,0.024,1150,0,500,11.8,-1,-1,-1,7000,1,-0.4,-1,-1,-1,-1,-1,-1,-1,-1,-1,-1,-1,-1,-1,-1,-1,-1,1,1,1,1,1,1,1,1,-1,1691,13291,13291,0,0,0,0,[0|0],0,0,0,0,0,0,0,0,32,32,50,21,0,-1,-1,1,0,2,4,1,1,100,0,[0|0],1,0,1,0,0,0,0,0,0,-1,-1,0,1,1,0,0,1,2,0,0.865,0.865,0.876,0.876,0.898,0.876,0.898,109,50,106,50,106,139,139,139,-1,1,0,0.876,0,0,0,0,0,0,0,0,0,0,0,0,0,0,0,0,0,0,0,0,0,0,0,0,0,0,0,0,0,0,0,0,0,0,0,0,[0|0|0|0],0,50,0,0,0,0,0,1,1,1,1,1,1,0,0,0,0,0,0,0,0,1,1,1,0,0,0,0,0,0,0,0,0,0,0,0,0,0,0,0,0,0,1,1,1,0,0,1,1,1,0,1,1,1,0,0,1,1,1,1,0,1,0,0,0,0,0,0,1,0,1,1,1,0,0,1,0,0,0,1,0,0,0,0,0,0,0,0,0,0,0,0,0,0,0,0,0,0,[0|0|0|0|0|0|0|0|0|0|0|0|0|0],表面有着淡淡血迹的漆黑铠甲。\n骑着送葬马的黑夜骑兵们穿戴的防具。\n\n夜幕低垂，于大道徘徊的骑兵们，\n在过去由“恶兆妖鬼”率领作战，\n是所有战士、骑士，以及英雄的死神。
240000,苍银风帽,1,0,[0|0|0],506160,0,5,5,0,0.006,1050,0,500,3.8,-1,-1,-1,7000,1.5,0,-1,-1,-1,-1,-1,-1,-1,-1,-1,-1,-1,-1,-1,-1,-1,-1,1,1,1,1,1,1,1,1,-1,1700,13300,13300,0,0,0,0,[0|0],0,0,0,0,0,0,0,0,10,10,24,5,0,-1,-1,1,0,5,4,0,1,70,0,[0|0],1,1,0,0,0,1,0,0,0,-1,-1,0,1,1,0,0,1,2,0,0.958,0.956,0.969,0.962,0.964,0.966,0.975,109,110,144,110,144,139,139,139,-1,1,0,0.975,0,0,0,0,0,0,0,0,0,0,0,0,0,0,0,0,0,0,0,0,0,0,0,0,0,0,0,0,0,0,0,0,0,0,0,0,[0|0|0|0],0,24,0,0,0,1,0,0,0,0,0,0,0,0,0,0,0,0,0,0,0,0,0,0,0,1,0,0,0,0,0,0,0,0,1,0,0,0,0,1,0,0,0,0,0,0,0,0,0,0,0,0,0,0,0,0,0,0,0,0,0,0,1,1,1,1,1,1,1,1,1,1,0,0,0,0,0,1,1,0,1,0,0,0,0,0,0,0,0,0,0,0,0,0,0,0,0,0,[0|0|0|0|0|0|0|0|0|0|0|0|0|0],以苍银编成的锁子风帽。\n骑在狼的背上的白金之子射手们的防具。\n\n苍银是与她们系出同源的金属，\n具有抵御魔力属性以及冻伤的效果。
240100,苍银铠甲,1,0,[0|0|0],606100,0,18,18,100,0.019,1150,0,500,9.2,-1,-1,-1,7000,1,-0.4,-1,-1,-1,-1,-1,-1,-1,-1,-1,-1,-1,-1,-1,-1,-1,-1,1,1,1,1,1,1,1,1,-1,1700,13301,13301,0,0,0,0,[0|0],0,0,0,0,0,0,0,0,25,25,60,18,0,-1,-1,1,0,2,3,1,1,70,0,[0|0],1,0,1,0,0,0,0,0,0,-1,-1,0,1,1,0,0,1,2,0,0.876,0.871,0.905,0.886,0.891,0.898,0.92,109,50,113,50,113,139,139,139,-1,1,0,0.92,0,0,0,0,0,0,0,0,0,0,0,0,0,0,0,0,0,0,0,0,0,0,0,0,0,0,0,0,0,0,0,0,0,0,0,0,[0|0|0|0],0,60,0,0,0,0,0,1,1,1,1,0,0,0,0,0,0,0,0,0,0,1,0,1,0,0,0,0,0,0,0,0,0,0,0,0,0,0,0,0,0,0,1,0,1,1,0,1,1,0,1,1,1,1,0,1,0,1,1,1,0,1,0,0,0,0,0,0,1,0,1,1,0,0,0,1,0,0,0,1,0,0,0,1,1,1,1,1,1,1,1,1,1,1,1,1,1,0,[0|0|0|0|0|0|0|0|0|0|0|0|0|0],以苍银编成的锁子铠甲。\n骑在狼的背上的白金之子射手们的防具。\n\n苍银是与她们系出同源的金属，\n具有抵御魔力属性以及冻伤的效果。
240200,苍银手环,1,0,[0|0|0],705140,0,4,4,0,0.003,1150,0,500,2.1,-1,-1,-1,7000,1.1,0,-1,-1,-1,-1,-1,-1,-1,-1,-1,-1,-1,-1,-1,-1,-1,-1,1,1,1,1,1,1,1,1,-1,1700,13302,13302,0,0,0,0,[0|0],0,0,0,0,0,0,0,0,4,4,14,4,0,-1,-1,1,0,1,4,2,1,60,0,[0|0],1,0,0,1,0,0,0,0,0,-1,-1,0,1,1,0,0,1,2,0,0.977,0.975,0.985,0.981,0.981,0.984,0.99,109,50,106,50,106,139,139,139,-1,1,0,0.99,0,0,0,0,0,0,0,0,0,0,0,0,0,0,0,0,0,0,0,0,0,0,0,0,0,0,0,0,0,0,0,0,0,0,0,0,[0|0|0|0],0,14,0,0,0,0,0,0,0,0,0,0,0,0,0,0,0,0,0,0,1,0,0,0,0,0,1,1,0,1,0,0,0,1,0,0,0,0,0,0,0,0,0,0,0,0,0,0,0,0,0,0,0,0,0,0,0,0,0,0,0,0,0,0,0,0,0,0,0,0,0,0,0,0,0,0,0,0,0,0,0,0,0,0,0,0,0,0,0,0,0,0,0,0,0,0,0,0,[0|0|0|0|0|0|0|0|0|0|0|0|0|0],以苍银制成的手环。\n骑在狼的背上的白金之子射手们的防具。\n\n苍银是与她们系出同源的金属，\n具有抵御魔力属性以及冻伤的效果。
240300,苍银长裙,1,0,[0|0|0],805130,0,7,7,0,0.01,1250,0,500,5.5,-1,-1,-1,7000,1.1,0,-1,-1,-1,-1,-1,-1,-1,-1,-1,-1,-1,-1,-1,-1,-1,-1,1,1,1,1,1,1,1,1,-1,1700,13303,13303,0,0,0,0,[0|0],0,0,0,0,0,0,0,0,15,15,35,7,0,-1,-1,1,0,6,4,3,1,60,0,[0|0],1,0,0,0,1,0,0,0,0,-1,-1,0,1,1,0,0,1,2,0,0.932,0.929,0.95,0.938,0.942,0.946,0.96,109,50,144,50,144,139,109,139,111,1,0,0.96,0,0,0,0,0,0,0,0,0,0,0,0,0,0,0,0,0,0,0,0,0,0,0,0,0,0,0,0,0,0,0,0,0,0,0,0,[0|0|0|0],0,35,0,0,0,0,0,0,0,0,0,0,0,0,1,0,1,1,0,0,0,1,0,0,0,0,0,0,0,0,0,0,0,0,0,0,0,0,0,0,0,0,0,0,0,0,0,0,0,0,0,0,0,0,0,0,0,0,0,0,0,0,0,0,0,0,0,0,0,0,0,0,0,0,1,0,0,0,0,0,0,0,0,0,0,0,0,0,0,0,0,0,0,0,0,0,0,0,[0|0|0|0|0|0|0|0|0|0|0|0|0|0],以苍银编成的锁子长裙。\n骑在狼的背上的白金之子射手们的防具。\n\n苍银是与她们系出同源的金属，\n具有抵御魔力属性以及冻伤的效果。
241100,苍银铠甲（轻装）,1,0,[0|0|0],606110,0,10,10,100,0.017,1150,0,500,8.5,-1,-1,-1,7000,1,-0.4,-1,-1,-1,-1,-1,-1,-1,-1,-1,-1,-1,-1,-1,-1,-1,-1,1,1,1,1,1,1,1,1,-1,1701,13311,13311,0,0,0,0,[0|0],0,0,0,0,0,0,0,0,21,21,52,10,0,-1,-1,1,0,2,3,1,1,70,0,[0|0],1,0,1,0,0,0,0,0,0,-1,-1,0,1,1,0,0,1,2,0,0.879,0.874,0.91,0.889,0.896,0.903,0.927,109,50,144,50,144,139,139,139,-1,1,0,0.927,0,0,0,0,0,0,0,0,0,0,0,0,0,0,0,0,0,0,0,0,0,0,0,0,0,0,0,0,0,0,0,0,0,0,0,0,[0|0|0|0],0,52,0,0,0,0,0,1,1,1,1,1,0,0,0,0,0,0,0,0,0,1,0,1,0,0,0,0,0,0,0,0,0,0,0,0,0,0,0,0,0,0,1,0,1,1,0,1,0,1,1,1,1,0,1,0,1,1,1,0,1,1,0,0,0,0,0,0,1,0,1,1,0,0,0,1,0,0,0,1,0,0,0,0,0,0,0,0,0,0,0,0,0,0,0,0,0,0,[0|0|0|0|0|0|0|0|0|0|0|0|0|0],以苍银编成的锁子铠甲。\n骑在狼的背上的白金之子射手们的防具。\n\n苍银是与她们系出同源的金属，\n具有抵御魔力属性以及冻伤的效果。
250000,流浪商人帽子,1,0,[0|0|0],504040,0,31,31,0,0.004,1050,0,100,3,-1,-1,-1,7000,1.5,0,-1,-1,-1,-1,-1,-1,-1,-1,-1,-1,-1,-1,-1,-1,-1,-1,1,1,1,1,1,1,1,1,-1,1710,13320,13320,0,0,0,0,[0|0],0,0,0,0,0,0,0,0,24,24,14,20,0,-1,-1,1,0,5,4,0,1,50,0,[0|0],1,1,0,0,0,1,0,0,0,-1,-1,0,1,1,0,0,1,2,0,0.972,0.975,0.969,0.977,0.966,0.966,0.966,109,110,113,110,113,139,139,139,-1,1,0,0.969,0,0,0,0,0,0,0,0,0,0,0,0,0,0,0,0,0,0,0,0,0,0,0,0,0,0,0,0,0,0,0,0,0,0,0,0,[0|0|0|0],0,14,0,1,0,0,0,0,0,0,0,0,0,0,0,0,0,0,0,0,0,0,0,0,0,0,0,0,0,0,0,0,0,0,1,0,1,0,0,1,0,0,0,0,0,0,0,0,0,0,0,0,0,0,0,0,0,0,0,0,0,0,1,0,1,1,1,1,1,1,1,1,0,0,0,0,0,1,1,0,1,1,1,0,0,0,0,0,0,0,0,0,0,0,0,0,0,0,[0|0|0|0|0|0|0|0|0|0|0|0|0|0],流浪民族的商人穿戴的帽子。\n表面缀以色彩缤纷的小颗宝石。\n\n在过去，以大商队活跃一时的商人们，\n被怀疑与异教相关，整个民族受到逮捕，\n活埋地底深处。\n\n因此他们发出绝望的诅咒，召唤了癫火。
250100,流浪商人上衣,1,0,[0|0|0],603050,0,71,71,100,0.013,1150,0,100,7.2,-1,-1,-1,7000,1,-0.4,-1,-1,-1,-1,-1,-1,-1,-1,-1,-1,-1,-1,-1,-1,-1,-1,1,1,1,1,1,1,1,1,-1,1710,13321,13321,0,0,0,0,[0|0],0,0,0,0,0,0,0,0,57,57,32,46,0,-1,-1,1,0,2,4,1,1,40,0,[0|0],1,0,1,0,0,0,0,0,0,-1,-1,0,1,1,0,0,1,2,0,0.92,0.929,0.912,0.933,0.905,0.905,0.905,109,50,113,50,113,139,139,139,-1,1,0,0.912,0,0,0,0,0,0,0,0,0,0,0,0,0,0,0,0,0,0,0,0,0,0,0,0,0,0,0,0,0,0,0,0,0,0,0,0,[0|0|0|0],0,32,0,0,0,0,0,0,1,1,1,1,0,0,0,0,0,0,0,0,0,1,0,1,0,0,0,0,0,0,0,0,0,0,0,0,0,0,0,0,0,0,0,1,1,1,0,1,1,1,1,0,1,0,1,0,1,1,0,1,0,1,0,0,0,0,0,0,1,1,0,1,0,0,0,1,0,0,0,1,0,0,0,1,1,1,1,1,1,1,1,1,1,1,1,1,1,0,[0|0|0|0|0|0|0|0|0|0|0|0|0|0],流浪民族的商人穿戴的上衣。\n表面缀以色彩缤纷的小颗宝石。\n\n在过去，以大商队活跃一时的商人们，\n被怀疑与异教相关，整个民族受到逮捕，\n活埋地底深处。\n\n因此他们发出绝望的诅咒，召唤了癫火。
250300,流浪商人长裤,1,0,[0|0|0],803050,0,44,44,0,0.008,1250,0,100,4.4,-1,-1,-1,7000,1.1,0,-1,-1,-1,-1,-1,-1,-1,-1,-1,-1,-1,-1,-1,-1,-1,-1,1,1,1,1,1,1,1,1,-1,1710,13323,13323,0,0,0,0,[0|0],0,0,0,0,0,0,0,0,35,35,20,29,0,-1,-1,1,0,6,4,3,1,40,0,[0|0],1,0,0,0,1,0,0,0,0,-1,-1,0,1,1,0,0,1,2,0,0.955,0.96,0.95,0.962,0.946,0.946,0.946,109,50,113,50,113,139,108,139,111,1,0,0.95,0,0,0,0,0,0,0,0,0,0,0,0,0,0,0,0,0,0,0,0,0,0,0,0,0,0,0,0,0,0,0,0,0,0,0,0,[0|0|0|0],0,20,0,0,0,0,0,0,0,0,0,0,0,0,1,0,1,1,1,0,0,1,0,0,0,0,0,0,0,0,0,0,0,0,0,0,0,0,0,0,0,0,0,0,0,0,0,0,0,0,0,0,0,0,0,0,0,0,0,0,0,0,0,0,0,0,0,0,0,0,0,0,0,0,1,0,0,0,0,0,0,0,0,0,0,0,0,0,0,0,0,0,0,0,0,0,0,0,[0|0|0|0|0|0|0|0|0|0|0|0|0|0],流浪民族的商人穿戴的长裤。\n\n在过去，以大商队活跃一时的商人们，\n被怀疑与异教相关，整个民族受到逮捕，\n活埋地底深处。\n\n因此他们发出绝望的诅咒，召唤了癫火。
251100,流浪商人上衣（轻装）,1,0,[0|0|0],603060,0,61,61,100,0.012,1150,0,100,6.1,-1,-1,-1,7000,1,-0.4,-1,-1,-1,-1,-1,-1,-1,-1,-1,-1,-1,-1,-1,-1,-1,-1,1,1,1,1,1,1,1,1,-1,1711,13331,13331,0,0,0,0,[0|0],0,0,0,0,0,0,0,0,50,50,25,38,0,-1,-1,1,0,2,4,1,1,40,0,[0|0],1,0,1,0,0,0,0,0,0,-1,-1,0,1,1,0,0,1,2,0,0.93,0.934,0.921,0.94,0.913,0.913,0.913,109,50,108,50,108,139,139,139,-1,1,0,0.921,0,0,0,0,0,0,0,0,0,0,0,0,0,0,0,0,0,0,0,0,0,0,0,0,0,0,0,0,0,0,0,0,0,0,0,0,[0|0|0|0],0,25,0,0,0,0,0,0,1,1,1,1,0,0,0,0,0,0,0,0,0,1,0,1,0,0,0,0,0,0,0,0,0,0,0,0,0,0,0,0,0,0,1,1,1,0,0,1,1,0,1,1,1,0,1,0,1,1,0,1,0,1,0,0,0,0,0,0,1,0,1,1,1,0,0,1,0,0,0,1,0,0,0,0,0,0,0,0,0,0,0,0,0,0,0,0,0,0,[0|0|0|0|0|0|0|0|0|0|0|0|0|0],流浪民族的商人穿戴的上衣。\n表面缀以色彩缤纷的小颗宝石。\n\n在过去，以大商队活跃一时的商人们，\n被怀疑与异教相关，整个民族受到逮捕，\n活埋地底深处。\n\n因此他们发出绝望的诅咒，召唤了癫火。
260000,异形龙盔,1,0,[0|0|0],509080,0,16,16,0,0.01,1050,0,1000,6.8,-1,-1,-1,7000,1.5,0,-1,-1,-1,-1,-1,-1,-1,-1,-1,-1,-1,-1,-1,-1,-1,-1,1,1,1,1,1,1,1,1,-1,1720,13340,13340,0,0,0,0,[0|0],0,0,0,0,0,0,0,0,24,24,33,16,0,-1,-1,1,0,5,4,0,2,100,0,[0|0],1,1,0,0,0,1,0,0,0,-1,-1,0,1,1,0,0,1,2,0,0.939,0.937,0.946,0.939,0.954,0.954,0.951,109,110,106,110,106,139,139,139,-1,1,0,0.954,0,0,0,0,0,0,0,0,0,0,0,0,0,0,0,0,0,0,0,0,0,0,0,0,0,0,0,0,0,0,0,0,0,0,0,0,[0|0|0|0],0,33,1,1,1,1,1,0,0,0,0,0,0,0,0,0,0,0,0,1,0,0,0,0,0,0,0,0,0,0,0,0,0,0,1,0,1,0,0,1,0,0,0,0,0,0,0,0,0,0,0,0,0,0,0,0,0,0,0,0,0,0,1,1,1,1,1,1,1,1,1,1,0,0,0,0,0,1,1,0,1,1,1,0,0,0,0,0,0,0,0,0,0,0,0,0,0,1,[0|0|0|0|0|0|0|0|0|0|0|0|0|0],以黄金制成的歪扭头盔。\n表面布满龙之百相，\n异形大树守卫穿戴的防具。\n\n在大古龙来袭之后，他们彻底明白──\n想要继续保护黄金树，\n唯一的方法就是自己化为龙。
260100,异形龙铠,1,0,[0|0|0],609120,0,38,38,100,0.031,1150,0,1000,16,-1,-1,-1,7000,1,-0.4,-1,-1,-1,-1,-1,-1,-1,-1,-1,-1,-1,-1,-1,-1,-1,-1,1,1,1,1,1,1,1,1,-1,1720,13341,13341,0,0,0,0,[0|0],0,0,0,0,0,0,0,0,57,57,76,38,0,-1,-1,1,0,2,4,1,2,100,0,[0|0],1,0,1,0,0,0,0,0,0,-1,-1,0,1,1,0,0,1,2,0,0.832,0.825,0.85,0.832,0.87,0.87,0.862,109,50,106,50,106,139,139,139,-1,1,0,0.87,0,0,0,0,0,0,0,0,0,0,0,0,0,0,0,0,0,0,0,0,0,0,0,0,0,0,0,0,0,0,0,0,0,0,0,0,[0|0|0|0],0,76,0,0,0,0,0,1,1,1,1,1,0,0,0,0,0,0,0,0,0,1,1,1,0,0,0,0,0,0,0,0,0,0,0,0,0,0,0,0,0,0,1,1,0,1,1,0,1,1,0,1,1,0,1,0,1,1,0,1,0,1,0,0,0,0,0,0,1,0,1,1,0,0,0,1,0,0,0,1,0,0,0,0,0,0,0,0,0,0,0,0,0,0,0,0,0,0,[0|0|0|0|0|0|0|0|0|0|0|0|0|0],以黄金制成的歪扭铠甲。\n表面布满龙之百相，\n异形大树守卫穿戴的防具。\n\n在大古龙来袭之后，他们彻底明白──\n想要继续保护黄金树，\n唯一的方法就是自己化为龙。
260200,异形龙臂甲,1,0,[0|0|0],708060,0,13,13,0,0.007,1150,0,1000,5.3,-1,-1,-1,7000,1.1,0,-1,-1,-1,-1,-1,-1,-1,-1,-1,-1,-1,-1,-1,-1,-1,-1,1,1,1,1,1,1,1,1,-1,1720,13342,13342,0,0,0,0,[0|0],0,0,0,0,0,0,0,0,19,19,25,13,0,-1,-1,1,0,1,4,2,2,90,0,[0|0],1,0,0,1,0,0,0,0,0,-1,-1,0,1,1,0,0,1,2,0,0.958,0.956,0.963,0.958,0.968,0.968,0.966,109,50,106,50,106,139,139,139,-1,1,0,0.968,0,0,0,0,0,0,0,0,0,0,0,0,0,0,0,0,0,0,0,0,0,0,0,0,0,0,0,0,0,0,0,0,0,0,0,0,[0|0|0|0],0,25,0,0,0,0,0,0,0,0,0,0,1,1,0,1,0,0,0,0,1,0,0,0,0,0,1,0,1,0,1,1,1,0,0,0,0,0,0,0,0,0,0,0,0,0,0,0,0,0,0,0,0,0,0,0,0,0,0,0,0,0,0,0,0,0,0,0,0,0,0,0,0,0,0,0,0,0,0,0,0,0,0,0,0,0,0,0,0,0,0,0,0,0,0,0,0,0,[0|0|0|0|0|0|0|0|0|0|0|0|0|0],以黄金制成的歪扭臂甲。\n表面布满龙之百相，\n异形大树守卫穿戴的防具。\n\n在大古龙来袭之后，他们彻底明白──\n想要继续保护黄金树，\n唯一的方法就是自己化为龙。
260300,异形龙腿甲,1,0,[0|0|0],808060,0,24,24,0,0.019,1250,0,1000,9.9,-1,-1,-1,7000,1.1,0,-1,-1,-1,-1,-1,-1,-1,-1,-1,-1,-1,-1,-1,-1,-1,-1,1,1,1,1,1,1,1,1,-1,1720,13343,13343,0,0,0,0,[0|0],0,0,0,0,0,0,0,0,35,35,47,24,0,-1,-1,1,0,6,4,3,2,90,0,[0|0],1,0,0,0,1,0,0,0,0,-1,-1,0,1,1,0,0,1,2,0,0.904,0.899,0.914,0.904,0.926,0.926,0.921,109,50,106,50,106,139,139,139,111,1,0,0.926,0,0,0,0,0,0,0,0,0,0,0,0,0,0,0,0,0,0,0,0,0,0,0,0,0,0,0,0,0,0,0,0,0,0,0,0,[0|0|0|0],0,47,0,0,0,0,0,0,0,0,0,0,0,0,1,0,1,1,1,0,0,1,0,0,0,0,0,0,0,0,0,0,0,0,0,0,0,0,0,0,0,0,0,0,0,0,0,0,0,0,0,0,0,0,0,0,0,0,0,0,0,0,0,0,0,0,0,0,0,0,0,0,0,0,1,0,0,0,0,0,0,0,0,0,0,0,0,0,0,0,0,0,0,0,0,0,0,0,[0|0|0|0|0|0|0|0|0|0|0|0|0|0],以黄金制成的歪扭腿甲。\n表面布满龙之百相，\n异形大树守卫穿戴的防具。\n\n在大古龙来袭之后，他们彻底明白──\n想要继续保护黄金树，\n唯一的方法就是自己化为龙。
270000,大树守卫头盔,1,0,[0|0|0],509070,0,18,18,0,0.012,1050,0,1000,8.1,-1,-1,-1,7000,1.5,0,-1,-1,-1,-1,-1,-1,-1,-1,-1,-1,-1,-1,-1,-1,-1,-1,1,1,1,1,1,1,1,1,-1,1730,13350,13350,0,0,0,0,[0|0],0,0,0,0,0,0,0,0,29,29,39,20,0,-1,-1,1,0,5,4,0,2,100,0,[0|0],1,1,0,0,0,1,0,0,0,-1,-1,0,1,1,0,0,1,2,0,0.932,0.932,0.946,0.937,0.954,0.938,0.955,109,110,106,110,106,139,139,139,-1,1,0,0.95,0,0,0,0,0,0,0,0,0,0,0,0,0,0,0,0,0,0,0,0,0,0,0,0,0,0,0,0,0,0,0,0,0,0,0,0,[0|0|0|0],0,39,1,1,1,1,1,0,0,0,0,0,0,0,0,0,0,0,0,1,0,0,0,0,0,0,0,0,0,0,0,0,0,0,1,0,1,0,0,1,0,0,0,0,0,0,0,0,0,0,0,0,0,0,0,0,0,0,0,0,0,0,1,1,1,1,1,1,1,1,1,1,0,0,0,0,0,1,1,0,1,1,1,0,0,0,0,0,0,0,0,0,0,0,0,0,0,0,[0|0|0|0|0|0|0|0|0|0|0|0|0|0],侍奉黄金树的重装骑士──\n大树守卫的黄金制头盔。\n\n头盔上大上一圈的黄金树冠顶饰，\n只有少部分的人能够配戴。
270100,大树守卫铠甲,1,0,[0|0|0],609100,0,42,42,100,0.039,1150,0,1000,18.9,-1,-1,-1,7000,1,-0.4,-1,-1,-1,-1,-1,-1,-1,-1,-1,-1,-1,-1,-1,-1,-1,-1,1,1,1,1,1,1,1,1,-1,1730,13351,13351,0,0,0,0,[0|0],0,0,0,0,0,0,0,0,67,67,90,46,0,-1,-1,1,0,2,4,1,2,100,0,[0|0],1,0,1,0,0,0,0,0,0,-1,-1,0,1,1,0,0,1,2,0,0.813,0.813,0.85,0.825,0.87,0.829,0.874,109,50,106,50,106,139,139,139,-1,1,0,0.859,0,0,0,0,0,0,0,0,0,0,0,0,0,0,0,0,0,0,0,0,0,0,0,0,0,0,0,0,0,0,0,0,0,0,0,0,[0|0|0|0],0,90,0,0,0,0,0,0,1,1,1,1,0,0,0,0,0,0,0,0,0,1,1,1,0,0,0,0,0,0,0,0,0,0,0,0,0,0,0,0,0,0,1,1,1,0,1,0,1,1,1,0,1,1,0,0,1,1,0,1,0,1,0,0,0,0,0,0,1,1,0,1,1,0,0,1,0,0,0,1,0,0,0,1,1,1,1,1,1,1,1,1,1,1,1,1,1,0,[0|0|0|0|0|0|0|0|0|0|0|0|0|0],侍奉黄金树的重装骑士──\n大树守卫的黄金制铠甲。\n披着大树图案的斗篷。\n\n厚重得令人吃惊，连带着也相当坚固。\n还残留着过去获得的赐福。
270200,大树守卫臂甲,1,0,[0|0|0],708050,0,14,14,0,0.008,1150,0,1000,6.3,-1,-1,-1,7000,1.1,0,-1,-1,-1,-1,-1,-1,-1,-1,-1,-1,-1,-1,-1,-1,-1,-1,1,1,1,1,1,1,1,1,-1,1730,13352,13352,0,0,0,0,[0|0],0,0,0,0,0,0,0,0,22,22,30,15,0,-1,-1,1,0,1,4,2,2,90,0,[0|0],1,0,0,1,0,0,0,0,0,-1,-1,0,1,1,0,0,1,2,0,0.953,0.953,0.963,0.956,0.968,0.957,0.969,109,50,106,50,106,139,139,139,-1,1,0,0.965,0,0,0,0,0,0,0,0,0,0,0,0,0,0,0,0,0,0,0,0,0,0,0,0,0,0,0,0,0,0,0,0,0,0,0,0,[0|0|0|0],0,30,0,0,0,0,0,0,0,0,0,0,0,1,0,1,0,0,0,0,1,0,0,0,0,0,1,1,0,0,1,1,0,1,0,0,0,0,0,0,0,0,0,0,0,0,0,0,0,0,0,0,0,0,0,0,0,0,0,0,0,0,0,0,0,0,0,0,0,0,0,0,0,0,0,0,0,0,0,0,0,0,0,0,0,0,0,0,0,0,0,0,0,0,0,0,0,0,[0|0|0|0|0|0|0|0|0|0|0|0|0|0],侍奉黄金树的重装骑士──\n大树守卫的黄金制臂甲。\n\n厚重得令人吃惊，连带着也相当坚固。\n还残留着过去获得的赐福。
270300,大树守卫腿甲,1,0,[0|0|0],808050,0,26,26,0,0.023,1250,0,1000,11.7,-1,-1,-1,7000,1.1,0,-1,-1,-1,-1,-1,-1,-1,-1,-1,-1,-1,-1,-1,-1,-1,-1,1,1,1,1,1,1,1,1,-1,1730,13353,13353,0,0,0,0,[0|0],0,0,0,0,0,0,0,0,41,41,56,29,0,-1,-1,1,0,6,4,3,2,90,0,[0|0],1,0,0,0,1,0,0,0,0,-1,-1,0,1,1,0,0,1,2,0,0.892,0.892,0.914,0.899,0.926,0.901,0.928,109,50,106,50,106,139,139,139,111,1,0,0.919,0,0,0,0,0,0,0,0,0,0,0,0,0,0,0,0,0,0,0,0,0,0,0,0,0,0,0,0,0,0,0,0,0,0,0,0,[0|0|0|0],0,56,0,0,0,0,0,0,0,0,0,0,0,0,1,0,1,1,1,0,0,1,0,0,0,0,0,0,0,0,0,0,0,0,0,0,0,0,0,0,0,0,0,0,0,0,0,0,0,0,0,0,0,0,0,0,0,0,0,0,0,0,0,0,0,0,0,0,0,0,0,0,0,0,1,0,0,0,0,0,0,0,0,0,0,0,0,0,0,0,0,0,0,0,0,0,0,0,[0|0|0|0|0|0|0|0|0|0|0|0|0|0],侍奉黄金树的重装骑士──\n大树守卫的黄金制腿甲。\n\n厚重得令人吃惊，连带着也相当坚固。\n还残留着过去获得的赐福。
271100,大树守卫铠甲（轻装）,1,0,[0|0|0],609110,0,34,34,100,0.035,1150,0,1000,18.1,-1,-1,-1,7000,1,-0.4,-1,-1,-1,-1,-1,-1,-1,-1,-1,-1,-1,-1,-1,-1,-1,-1,1,1,1,1,1,1,1,1,-1,1731,13361,13361,0,0,0,0,[0|0],0,0,0,0,0,0,0,0,57,57,75,38,0,-1,-1,1,0,2,4,1,2,100,0,[0|0],1,0,1,0,0,0,0,0,0,-1,-1,0,1,1,0,0,1,2,0,0.815,0.815,0.852,0.827,0.874,0.836,0.876,109,50,106,50,106,139,139,139,-1,1,0,0.86,0,0,0,0,0,0,0,0,0,0,0,0,0,0,0,0,0,0,0,0,0,0,0,0,0,0,0,0,0,0,0,0,0,0,0,0,[0|0|0|0],0,75,0,0,0,0,0,0,1,1,1,1,0,0,0,0,0,0,0,0,0,1,1,1,0,0,0,0,0,0,0,0,0,0,0,0,0,0,0,0,0,0,1,1,1,0,1,0,1,1,1,0,1,1,0,0,1,1,0,1,0,1,0,0,0,0,0,0,1,1,0,1,1,0,0,1,0,0,0,1,0,0,0,0,0,0,0,0,0,0,0,0,0,0,0,0,0,0,[0|0|0|0|0|0|0|0|0|0|0|0|0|0],侍奉黄金树的重装骑士──\n大树守卫的黄金制铠甲。\n\n厚重得令人吃惊，连带着也相当坚固。\n还残留着过去获得的赐福。
280000,禁卫骑士头盔,1,0,[0|0|0],508100,0,15,15,0,0.009,1050,0,1000,6.6,-1,-1,-1,7000,1.5,0,-1,-1,-1,-1,-1,-1,-1,-1,-1,-1,-1,-1,-1,-1,-1,-1,1,1,1,1,1,1,1,1,-1,1740,13370,13370,0,0,0,0,[0|0],0,0,0,0,0,0,0,0,22,22,29,15,0,-1,-1,1,0,5,4,0,2,90,0,[0|0],1,1,0,0,0,1,0,0,0,-1,-1,0,1,1,0,0,1,2,0,0.942,0.937,0.948,0.939,0.95,0.953,0.956,109,110,106,110,106,139,139,139,-1,1,0,0.954,0,0,0,0,0,0,0,0,0,0,0,0,0,0,0,0,0,0,0,0,0,0,0,0,0,0,0,0,0,0,0,0,0,0,0,0,[0|0|0|0],0,29,1,1,1,1,1,0,0,0,0,0,0,0,0,0,0,0,0,1,0,0,0,0,0,0,0,0,0,0,0,0,0,0,1,0,1,0,0,1,0,0,0,0,0,0,0,0,0,0,0,0,0,0,0,0,0,0,0,0,0,0,1,1,1,1,1,1,1,1,1,1,0,0,0,0,0,1,1,0,1,1,1,0,0,0,0,0,0,0,0,0,0,0,0,0,0,0,[0|0|0|0|0|0|0|0|0|0|0|0|0|0],侍奉米凯拉的圣树的骑士──\n罗蕾塔的银铁制头盔。\n\n她在过去曾是卡利亚禁卫骑士，\n为了寻找白金之子的安身之地踏上旅程。\n最后她将希望寄托在圣树的未来。
280100,禁卫骑士铠甲,1,0,[0|0|0],608170,0,35,35,100,0.024,1150,0,1000,15.5,-1,-1,-1,7000,1,-0.4,-1,-1,-1,-1,-1,-1,-1,-1,-1,-1,-1,-1,-1,-1,-1,-1,1,1,1,1,1,1,1,1,-1,1740,13371,13371,0,0,0,0,[0|0],0,0,0,0,0,0,0,0,50,50,67,35,0,-1,-1,1,0,2,4,1,2,90,0,[0|0],1,0,1,0,0,0,0,0,0,-1,-1,0,1,1,0,0,1,2,0,0.84,0.825,0.856,0.832,0.859,0.867,0.876,109,50,106,50,106,139,139,139,-1,1,0,0.87,0,0,0,0,0,0,0,0,0,0,0,0,0,0,0,0,0,0,0,0,0,0,0,0,0,0,0,0,0,0,0,0,0,0,0,0,[0|0|0|0],0,67,0,0,0,0,0,1,1,1,1,1,0,0,0,0,0,0,0,0,0,1,1,1,0,0,0,0,0,0,0,0,0,0,0,0,0,0,0,0,0,0,1,0,1,1,0,1,1,1,0,1,1,0,1,0,1,1,0,1,0,1,0,0,0,0,0,0,1,0,1,1,0,0,0,1,0,0,0,1,0,0,0,1,1,1,1,1,1,1,1,1,1,1,1,1,1,0,[0|0|0|0|0|0|0|0|0|0|0|0|0|0],侍奉米凯拉的圣树的骑士──\n罗蕾塔的银铁制铠甲。\n\n她在过去曾是卡利亚禁卫骑士，\n直到今日也为此感到骄傲──\n蓝如青金石的斗篷就是证明。
280200,禁卫骑士臂甲,1,0,[0|0|0],707090,0,12,12,0,0.006,1150,0,1000,5.2,-1,-1,-1,7000,1.1,0,-1,-1,-1,-1,-1,-1,-1,-1,-1,-1,-1,-1,-1,-1,-1,-1,1,1,1,1,1,1,1,1,-1,1740,13372,13372,0,0,0,0,[0|0],0,0,0,0,0,0,0,0,17,17,22,12,0,-1,-1,1,0,1,4,2,2,80,0,[0|0],1,0,0,1,0,0,0,0,0,-1,-1,0,1,1,0,0,1,2,0,0.96,0.956,0.964,0.958,0.965,0.967,0.969,109,50,106,50,106,139,139,139,-1,1,0,0.968,0,0,0,0,0,0,0,0,0,0,0,0,0,0,0,0,0,0,0,0,0,0,0,0,0,0,0,0,0,0,0,0,0,0,0,0,[0|0|0|0],0,22,0,0,0,0,0,0,0,0,0,0,0,1,0,1,0,0,0,0,1,0,0,0,0,0,1,1,0,0,1,1,0,1,0,0,0,0,0,0,0,0,0,0,0,0,0,0,0,0,0,0,0,0,0,0,0,0,0,0,0,0,0,0,0,0,0,0,0,0,0,0,0,0,0,0,0,0,0,0,0,0,0,0,0,0,0,0,0,0,0,0,0,0,0,0,0,0,[0|0|0|0|0|0|0|0|0|0|0|0|0|0],侍奉米凯拉的圣树的骑士──\n罗蕾塔的银铁制臂甲。\n\n她在过去曾是卡利亚禁卫骑士，\n为了寻找白金之子的安身之地踏上旅程。\n最后她将希望寄托在圣树的未来。
280300,禁卫骑士腿甲,1,0,[0|0|0],807090,0,22,22,0,0.014,1250,0,1000,9.6,-1,-1,-1,7000,1.1,0,-1,-1,-1,-1,-1,-1,-1,-1,-1,-1,-1,-1,-1,-1,-1,-1,1,1,1,1,1,1,1,1,-1,1740,13373,13373,0,0,0,0,[0|0],0,0,0,0,0,0,0,0,31,31,41,22,0,-1,-1,1,0,6,4,3,2,80,0,[0|0],1,0,0,0,1,0,0,0,0,-1,-1,0,1,1,0,0,1,2,0,0.908,0.899,0.917,0.904,0.919,0.924,0.929,109,50,106,50,106,139,139,139,111,1,0,0.926,0,0,0,0,0,0,0,0,0,0,0,0,0,0,0,0,0,0,0,0,0,0,0,0,0,0,0,0,0,0,0,0,0,0,0,0,[0|0|0|0],0,41,0,0,0,0,0,0,0,0,0,0,0,0,1,0,1,1,1,0,0,1,0,0,0,0,0,0,0,0,0,0,0,0,0,0,0,0,0,0,0,0,0,0,0,0,0,0,0,0,0,0,0,0,0,0,0,0,0,0,0,0,0,0,0,0,0,0,0,0,0,0,0,0,1,0,0,0,0,0,0,0,0,0,0,0,0,0,0,0,0,0,0,0,0,0,0,0,[0|0|0|0|0|0|0|0|0|0|0|0|0|0],侍奉米凯拉的圣树的骑士──\n罗蕾塔的银铁制腿甲。\n\n她在过去曾是卡利亚禁卫骑士，\n为了寻找白金之子的安身之地踏上旅程。\n最后她将希望寄托在圣树的未来。
281100,禁卫骑士铠甲（轻装）,1,0,[0|0|0],608180,0,32,32,100,0.028,1150,0,1000,15,-1,-1,-1,7000,1,-0.4,-1,-1,-1,-1,-1,-1,-1,-1,-1,-1,-1,-1,-1,-1,-1,-1,1,1,1,1,1,1,1,1,-1,1741,13381,13381,0,0,0,0,[0|0],0,0,0,0,0,0,0,0,45,45,61,32,0,-1,-1,1,0,2,4,1,2,90,0,[0|0],1,0,1,0,0,0,0,0,0,-1,-1,0,1,1,0,0,1,2,0,0.842,0.827,0.858,0.834,0.861,0.869,0.878,109,50,106,50,106,139,139,139,-1,1,0,0.872,0,0,0,0,0,0,0,0,0,0,0,0,0,0,0,0,0,0,0,0,0,0,0,0,0,0,0,0,0,0,0,0,0,0,0,0,[0|0|0|0],0,61,0,0,0,0,0,1,1,1,1,1,0,0,0,0,0,0,0,0,0,1,1,1,0,0,0,0,0,0,0,0,0,0,0,0,0,0,0,0,0,0,1,0,1,1,0,1,1,1,0,1,1,0,1,0,1,1,0,1,0,1,0,0,0,0,0,0,0,1,1,1,0,0,0,1,0,0,0,1,0,0,0,0,0,0,0,0,0,0,0,0,0,0,0,0,0,0,[0|0|0|0|0|0|0|0|0|0|0|0|0|0],侍奉米凯拉的圣树的骑士──\n罗蕾塔的银铁制铠甲。\n\n她在过去曾是卡利亚禁卫骑士，\n为了寻找白金之子的安身之地踏上旅程。\n最后她将希望寄托在圣树的未来。
290000,诺克斯修士风帽,1,0,[0|0|0],505090,0,18,18,0,0.004,1050,0,200,3,-1,-1,-1,7000,1.5,0,-1,-1,-1,-1,-1,-1,-1,-1,-1,-1,-1,-1,-1,-1,-1,-1,1,1,1,1,1,1,1,1,-1,1750,13390,13390,0,0,0,0,[0|0],0,0,0,0,0,0,0,0,24,24,15,18,0,-1,-1,1,0,5,4,0,1,60,0,[0|0],1,1,0,0,0,1,0,0,0,-1,-1,0,1,1,0,0,1,2,0,0.972,0.972,0.969,0.975,0.96,0.962,0.962,109,110,113,110,113,139,139,139,-1,1,0,0.969,0,0,0,0,0,0,0,0,0,0,0,0,0,0,0,0,0,0,0,0,0,0,0,0,0,0,0,0,0,0,0,0,0,0,0,0,[0|0|0|0],0,15,0,1,0,1,1,0,0,0,0,0,0,0,0,0,0,0,0,0,0,0,0,0,0,0,0,0,0,0,0,0,0,0,1,0,1,0,0,1,1,1,0,0,0,0,0,0,0,0,0,0,0,0,0,0,0,0,0,0,0,0,1,1,1,1,1,1,1,1,1,1,0,0,0,0,0,1,1,0,1,1,1,0,0,0,0,0,0,0,0,0,0,0,0,0,0,1,[0|0|0|0|0|0|0|0|0|0|0|0|0|0],永恒之城的修士们穿戴的丝质风帽。\n\n在遥远过去，诺克斯之民\n触怒无上意志，因此毁灭地底深处。\n他们头顶虚假的夜空，不停等待──\n星星时代、黑夜之王的来临。
290100,诺克斯修士铠甲,1,0,[0|0|0],604120,0,50,50,100,0.016,1150,0,200,8.1,-1,-1,-1,7000,1,-0.4,-1,-1,-1,-1,-1,-1,-1,-1,-1,-1,-1,-1,-1,-1,-1,-1,1,1,1,1,1,1,1,1,-1,1750,13391,13391,0,0,0,0,[0|0],0,0,0,0,0,0,0,0,63,63,42,50,0,-1,-1,1,0,2,4,1,1,50,0,[0|0],1,0,1,0,0,0,0,0,0,-1,-1,0,1,1,0,0,1,2,0,0.907,0.907,0.9,0.914,0.878,0.883,0.883,109,50,113,50,113,139,139,139,-1,1,0,0.9,0,0,0,0,0,0,0,0,0,0,0,0,0,0,0,0,0,0,0,0,0,0,0,0,0,0,0,0,0,0,0,0,0,0,0,0,[0|0|0|0],0,42,0,0,0,0,0,1,1,1,1,0,0,0,0,0,0,0,0,0,0,1,0,1,0,0,0,0,0,0,0,0,0,0,0,0,0,0,0,0,0,0,1,0,1,1,0,1,0,1,1,1,0,0,1,0,1,1,0,0,1,1,0,0,0,0,0,0,1,0,1,1,0,0,0,1,0,0,0,1,0,0,0,1,1,1,1,1,1,1,1,1,1,1,1,1,1,0,[0|0|0|0|0|0|0|0|0|0|0|0|0|0],永恒之城的修士们穿戴的铠甲。\n披着丝质的斗篷。\n\n在遥远过去，诺克斯之民\n触怒无上意志，因此毁灭地底深处。\n他们头顶虚假的夜空，不停等待──\n星星时代、黑夜之王的来临。
290200,诺克斯修士手环,1,0,[0|0|0],704030,0,15,15,0,0.003,1150,0,200,2.6,-1,-1,-1,7000,1.1,0,-1,-1,-1,-1,-1,-1,-1,-1,-1,-1,-1,-1,-1,-1,-1,-1,1,1,1,1,1,1,1,1,-1,1750,13392,13392,0,0,0,0,[0|0],0,0,0,0,0,0,0,0,20,20,13,15,0,-1,-1,1,0,1,4,2,1,50,0,[0|0],1,0,0,1,0,0,0,0,0,-1,-1,0,1,1,0,0,1,2,0,0.979,0.979,0.977,0.981,0.971,0.972,0.972,109,50,113,50,113,139,139,139,-1,1,0,0.977,0,0,0,0,0,0,0,0,0,0,0,0,0,0,0,0,0,0,0,0,0,0,0,0,0,0,0,0,0,0,0,0,0,0,0,0,[0|0|0|0],0,13,0,0,0,0,0,0,0,0,0,0,1,1,0,1,0,0,0,0,1,0,0,0,0,0,1,0,1,1,0,1,0,1,0,0,0,0,0,0,0,0,0,0,0,0,0,0,0,0,0,0,0,0,0,0,0,0,0,0,0,0,0,0,0,0,0,0,0,0,0,0,0,0,0,0,0,0,0,0,0,0,0,0,0,0,0,0,0,0,0,0,0,0,0,0,0,0,[0|0|0|0|0|0|0|0|0|0|0|0|0|0],永恒之城的修士们穿戴的手环。\n\n在遥远过去，诺克斯之民\n触怒无上意志，因此毁灭地底深处。\n他们头顶虚假的夜空，不停等待──\n星星时代、黑夜之王的来临。
290300,诺克斯修士腿甲,1,0,[0|0|0],804040,0,31,31,0,0.01,1250,0,200,5.1,-1,-1,-1,7000,1.1,0,-1,-1,-1,-1,-1,-1,-1,-1,-1,-1,-1,-1,-1,-1,-1,-1,1,1,1,1,1,1,1,1,-1,1750,13393,13393,0,0,0,0,[0|0],0,0,0,0,0,0,0,0,39,39,26,31,0,-1,-1,1,0,6,4,3,1,50,0,[0|0],1,0,0,0,1,0,0,0,0,-1,-1,0,1,1,0,0,1,2,0,0.946,0.946,0.942,0.95,0.929,0.932,0.932,109,50,113,50,113,139,108,139,111,1,0,0.942,0,0,0,0,0,0,0,0,0,0,0,0,0,0,0,0,0,0,0,0,0,0,0,0,0,0,0,0,0,0,0,0,0,0,0,0,[0|0|0|0],0,26,0,0,0,0,0,0,0,0,0,0,0,0,1,0,1,1,1,0,0,1,0,0,0,0,0,0,0,0,0,0,0,0,0,0,0,1,0,0,0,0,0,0,0,0,0,0,0,0,0,0,0,0,0,0,0,0,0,0,0,0,0,0,0,0,0,0,0,0,0,0,0,0,1,0,0,0,0,0,0,0,0,0,0,0,0,0,0,0,0,0,0,0,0,0,0,0,[0|0|0|0|0|0|0|0|0|0|0|0|0|0],永恒之城的修士们穿戴的腿甲。\n\n在遥远过去，诺克斯之民\n触怒无上意志，因此毁灭地底深处。\n他们头顶虚假的夜空，不停等待──\n星星时代、黑夜之王的来临。
291000,诺克斯修士风帽（轻装）,1,0,[0|0|0],505100,0,14,14,0,0.003,1050,0,200,2.7,-1,-1,-1,7000,1.5,0,-1,-1,-1,-1,-1,-1,-1,-1,-1,-1,-1,-1,-1,-1,-1,-1,1,1,1,1,1,1,1,1,-1,1751,13400,13400,0,0,0,0,[0|0],0,0,0,0,0,0,0,0,21,21,12,14,0,-1,-1,1,0,5,4,0,1,60,0,[0|0],1,1,0,0,0,1,0,0,0,-1,-1,0,1,1,0,0,1,2,0,0.975,0.975,0.972,0.977,0.962,0.964,0.964,109,110,108,110,108,139,139,139,-1,1,0,0.972,0,0,0,0,0,0,0,0,0,0,0,0,0,0,0,0,0,0,0,0,0,0,0,0,0,0,0,0,0,0,0,0,0,0,0,0,[0|0|0|0],0,12,0,1,0,1,1,0,0,0,0,0,0,0,0,0,0,0,0,0,0,0,0,0,0,1,0,0,0,0,0,0,0,0,1,0,0,0,1,0,0,0,0,0,0,0,0,0,0,0,0,0,0,0,0,0,0,0,0,0,0,0,1,1,1,1,1,1,1,1,1,1,0,0,0,0,0,1,1,0,1,1,1,0,0,0,0,0,0,0,0,0,0,0,0,0,0,0,[0|0|0|0|0|0|0|0|0|0|0|0|0|0],永恒之城的修士们穿戴的风帽。\n\n在遥远过去，诺克斯之民\n触怒无上意志，因此毁灭地底深处。\n他们头顶虚假的夜空，不停等待──\n星星时代、黑夜之王的来临。
291100,诺克斯修士铠甲（轻装）,1,0,[0|0|0],604130,0,42,42,100,0.015,1150,0,200,7.4,-1,-1,-1,7000,1,-0.4,-1,-1,-1,-1,-1,-1,-1,-1,-1,-1,-1,-1,-1,-1,-1,-1,1,1,1,1,1,1,1,1,-1,1751,13401,13401,0,0,0,0,[0|0],0,0,0,0,0,0,0,0,54,54,34,42,0,-1,-1,1,0,2,4,1,1,50,0,[0|0],1,0,1,0,0,0,0,0,0,-1,-1,0,1,1,0,0,1,2,0,0.914,0.914,0.907,0.922,0.883,0.888,0.888,109,50,108,50,108,139,139,139,-1,1,0,0.907,0,0,0,0,0,0,0,0,0,0,0,0,0,0,0,0,0,0,0,0,0,0,0,0,0,0,0,0,0,0,0,0,0,0,0,0,[0|0|0|0],0,34,0,0,0,0,0,1,1,1,1,0,0,0,0,0,0,0,0,0,0,1,0,1,0,0,0,0,0,0,0,0,0,0,0,0,0,0,0,0,0,0,1,0,1,1,0,1,0,1,1,1,0,0,1,0,1,1,0,0,1,1,0,0,0,0,0,0,1,0,1,1,0,0,0,1,0,0,0,1,0,0,0,0,0,0,0,0,0,0,0,0,0,0,0,0,0,0,[0|0|0|0|0|0|0|0|0|0|0|0|0|0],永恒之城的修士们穿戴的铠甲。\n\n在遥远过去，诺克斯之民\n触怒无上意志，因此毁灭地底深处。\n他们头顶虚假的夜空，不停等待──\n星星时代、黑夜之王的来临。
292000,诺克斯剑士头冠,1,0,[0|0|0],505110,0,22,22,0,0.005,1050,0,200,3.3,-1,-1,-1,7000,1.5,0,-1,-1,-1,-1,-1,-1,-1,-1,-1,-1,-1,-1,-1,-1,-1,-1,1,1,1,1,1,1,1,1,-1,1755,13410,13410,0,0,0,0,[0|0],0,0,0,0,0,0,0,0,24,24,15,22,0,-1,-1,1,0,5,4,0,1,60,0,[0|0],1,1,0,0,0,1,0,0,0,-1,-1,0,1,1,0,0,1,2,0,0.972,0.972,0.966,0.969,0.956,0.964,0.958,109,110,113,110,113,139,139,139,-1,1,0,0.962,0,0,0,0,0,0,0,0,0,0,0,0,0,0,0,0,0,0,0,0,0,0,0,0,0,0,0,0,0,0,0,0,0,0,0,0,[0|0|0|0],0,15,0,0,0,1,1,0,0,0,0,0,0,0,0,0,0,0,0,0,0,0,0,0,0,0,0,0,0,0,0,0,0,0,0,1,1,0,0,1,0,0,0,0,0,0,0,0,0,0,0,0,0,0,0,0,0,0,0,0,0,0,1,1,1,1,1,1,1,1,1,1,0,0,0,0,0,1,1,0,1,1,0,0,0,0,0,0,0,0,0,0,0,0,0,0,0,1,[0|0|0|0|0|0|0|0|0|0|0|0|0|0],永恒之城的剑士们穿戴的头冠。\n她们是黑夜女巫的卫兵，以丝布遮住了双眼。\n\n在遥远过去，诺克斯之民\n触怒无上意志，因此毁灭地底深处。\n他们头顶虚假的夜空，不停等待──\n星星时代、黑夜之王的来临。
292100,诺克斯剑士铠甲,1,0,[0|0|0],604140,0,55,55,100,0.017,1150,0,200,8.3,-1,-1,-1,7000,1,-0.4,-1,-1,-1,-1,-1,-1,-1,-1,-1,-1,-1,-1,-1,-1,-1,-1,1,1,1,1,1,1,1,1,-1,1755,13411,13411,0,0,0,0,[0|0],0,0,0,0,0,0,0,0,60,60,38,55,0,-1,-1,1,0,2,3,1,1,50,0,[0|0],1,0,1,0,0,0,0,0,0,-1,-1,0,1,1,0,0,1,2,0,0.912,0.912,0.898,0.905,0.874,0.891,0.876,109,50,113,50,113,139,139,139,-1,1,0,0.886,0,0,0,0,0,0,0,0,0,0,0,0,0,0,0,0,0,0,0,0,0,0,0,0,0,0,0,0,0,0,0,0,0,0,0,0,[0|0|0|0],0,38,0,0,0,0,0,1,1,1,1,0,0,0,0,0,0,0,0,0,0,1,0,1,0,0,0,0,0,0,0,0,0,0,0,0,0,0,0,0,0,0,0,1,1,1,0,1,0,1,1,1,0,0,1,0,1,1,0,0,1,1,0,0,0,0,0,0,1,0,1,1,0,0,0,1,0,0,0,1,0,0,0,1,1,1,1,1,1,1,1,1,1,1,1,1,1,0,[0|0|0|0|0|0|0|0|0|0|0|0|0|0],永恒之城的剑士们穿戴的铠甲。\n她们是黑夜女巫的卫兵，披着丝质斗篷。\n\n在遥远过去，诺克斯之民\n触怒无上意志，因此毁灭地底深处。\n他们头顶虚假的夜空，不停等待──\n星星时代、黑夜之王的来临。
293000,黑夜女巫双生冠,1,0,[0|0|0],505130,0,22,22,0,0.005,1050,0,200,3.3,-1,-1,-1,7000,1.5,0,-1,-1,-1,-1,-1,-1,-1,-1,-1,-1,-1,-1,-1,-1,-1,-1,1,1,1,1,1,1,1,1,-1,2630,15460,15460,0,0,0,0,[0|0],0,0,0,0,0,0,0,0,26,26,15,22,0,-1,-1,1,0,5,4,0,1,60,0,[0|0],1,1,0,0,0,1,0,0,0,-1,-1,0,1,1,0,0,1,2,0,0.975,0.975,0.969,0.966,0.958,0.962,0.96,109,110,113,110,113,139,139,139,-1,1,0,0.958,0,0,0,0,0,0,0,0,0,0,0,0,0,0,0,0,0,0,0,0,0,0,0,0,0,0,0,0,0,0,0,0,0,0,0,0,[0|0|0|0],0,15,0,0,0,1,1,0,0,0,0,0,0,0,0,0,0,0,0,0,0,0,0,0,0,0,0,0,0,0,0,0,0,0,0,1,1,0,0,1,0,0,0,0,0,0,0,0,0,0,0,0,0,0,0,0,0,0,0,0,0,0,1,1,1,1,1,1,1,1,1,1,0,0,0,0,0,1,1,0,1,1,0,0,0,0,0,0,0,0,0,0,0,0,0,0,0,1,[0|0|0|0|0|0|0|0|0|0|0|0|0|0],永恒之城的黑夜女巫们穿戴的双生冠。\n此为最高阶圣职人员的证明，\n以丝布遮住了双眼。\n\n在遥远过去，诺克斯之民\n触怒无上意志，因此毁灭地底深处。\n他们头顶虚假的夜空，不停等待──\n星星时代、黑夜之王的来临。
293100,黑夜女巫铠甲,1,0,[0|0|0],604160,0,55,55,100,0.016,1150,0,200,8.3,-1,-1,-1,7000,1,-0.4,-1,-1,-1,-1,-1,-1,-1,-1,-1,-1,-1,-1,-1,-1,-1,-1,1,1,1,1,1,1,1,1,-1,2630,15461,15461,0,0,0,0,[0|0],0,0,0,0,0,0,0,0,63,63,38,55,0,-1,-1,1,0,2,3,1,1,50,0,[0|0],1,0,1,0,0,0,0,0,0,-1,-1,0,1,1,0,0,1,2,0,0.92,0.92,0.905,0.898,0.876,0.886,0.881,109,50,113,50,113,139,139,139,-1,1,0,0.876,0,0,0,0,0,0,0,0,0,0,0,0,0,0,0,0,0,0,0,0,0,0,0,0,0,0,0,0,0,0,0,0,0,0,0,0,[0|0|0|0],0,38,0,0,0,0,0,1,1,1,1,0,0,0,0,0,0,0,0,0,0,1,0,1,0,0,0,0,0,0,0,0,0,0,0,0,0,0,0,0,0,0,0,1,1,1,0,1,0,1,1,1,0,0,1,0,1,1,0,0,1,1,0,0,0,0,0,0,1,0,1,1,0,0,0,1,0,0,0,1,0,0,0,1,1,1,1,1,1,1,1,1,1,1,1,1,1,0,[0|0|0|0|0|0|0|0|0|0|0|0|0|0],永恒之城的黑夜女巫们穿戴的铠甲。\n此为最高阶圣职人员的证明，披着丝质斗篷。\n\n在遥远过去，诺克斯之民\n触怒无上意志，因此毁灭地底深处。\n他们头顶虚假的夜空，不停等待──\n星星时代、黑夜之王的来临。
294000,诺克斯剑士头冠（轻装）,1,0,[0|0|0],505120,0,17,17,0,0.002,1050,0,200,2.7,-1,-1,-1,7000,1.5,0,-1,-1,-1,-1,-1,-1,-1,-1,-1,-1,-1,-1,-1,-1,-1,-1,1,1,1,1,1,1,1,1,-1,1756,15470,15470,0,0,0,0,[0|0],0,0,0,0,0,0,0,0,21,21,11,17,0,-1,-1,1,0,5,4,0,1,60,0,[0|0],1,1,0,0,0,1,0,0,0,-1,-1,0,1,1,0,0,1,2,0,0.977,0.977,0.972,0.975,0.96,0.969,0.962,109,110,108,110,108,139,139,139,-1,1,0,0.966,0,0,0,0,0,0,0,0,0,0,0,0,0,0,0,0,0,0,0,0,0,0,0,0,0,0,0,0,0,0,0,0,0,0,0,0,[0|0|0|0],0,11,0,0,0,1,1,0,0,0,0,0,0,0,0,0,0,0,0,0,0,0,0,0,0,1,0,0,0,0,0,0,0,0,0,1,0,0,1,0,0,0,0,0,0,0,0,0,0,0,0,0,0,0,0,0,0,0,0,0,0,0,1,0,1,1,1,1,1,1,1,1,0,0,0,0,0,1,1,0,1,1,0,0,0,0,0,0,0,0,0,0,0,0,0,0,0,0,[0|0|0|0|0|0|0|0|0|0|0|0|0|0],永恒之城的剑士们穿戴的头冠。\n移除遮眼丝布原本是不被允许的行为。\n\n在遥远过去，诺克斯之民\n触怒无上意志，因此毁灭地底深处。\n他们头顶虚假的夜空，不停等待──\n星星时代、黑夜之王的来临。
294100,诺克斯剑士铠甲（轻装）,1,0,[0|0|0],604150,0,49,49,100,0.016,1150,0,200,7.5,-1,-1,-1,7000,1,-0.4,-1,-1,-1,-1,-1,-1,-1,-1,-1,-1,-1,-1,-1,-1,-1,-1,1,1,1,1,1,1,1,1,-1,1756,15471,15471,0,0,0,0,[0|0],0,0,0,0,0,0,0,0,56,56,34,49,0,-1,-1,1,0,2,3,1,1,50,0,[0|0],1,0,1,0,0,0,0,0,0,-1,-1,0,1,1,0,0,1,2,0,0.92,0.92,0.905,0.912,0.876,0.898,0.881,109,50,108,50,108,139,139,139,-1,1,0,0.891,0,0,0,0,0,0,0,0,0,0,0,0,0,0,0,0,0,0,0,0,0,0,0,0,0,0,0,0,0,0,0,0,0,0,0,0,[0|0|0|0],0,34,0,0,0,0,0,1,1,1,1,0,0,0,0,0,0,0,0,0,0,1,0,1,0,0,0,0,0,0,0,0,0,0,0,0,0,0,0,0,0,0,0,1,1,1,0,1,0,1,1,1,0,0,1,0,1,1,0,0,1,1,0,0,0,0,0,0,1,0,1,1,0,0,0,1,0,0,0,1,0,0,0,0,0,0,0,0,0,0,0,0,0,0,0,0,0,0,[0|0|0|0|0|0|0|0|0|0|0|0|0|0],永恒之城的剑士们穿戴的铠甲。\n她们是黑夜女巫的卫兵。\n\n在遥远过去，诺克斯之民\n触怒无上意志，因此毁灭地底深处。\n他们头顶虚假的夜空，不停等待──\n星星时代、黑夜之王的来临。
300000,大角头带,1,0,[0|0|0],502060,0,27,27,0,0.004,1050,0,100,3.3,-1,-1,-1,7000,1.5,0,-1,-1,-1,-1,-1,-1,-1,-1,-1,-1,-1,-1,-1,-1,-1,-1,1,1,1,1,1,1,1,1,-1,1760,13420,13420,0,0,0,0,[0|0],0,0,0,0,0,0,0,0,33,33,23,22,0,-1,-1,1,0,5,4,0,1,30,0,[0|0],1,1,0,0,0,1,0,0,0,-1,-1,0,1,1,0,0,1,2,0,0.972,0.972,0.969,0.972,0.969,0.966,0.962,109,110,108,110,108,139,139,139,-1,1,0,0.966,0,0,0,0,0,0,0,0,0,0,0,0,0,0,0,0,0,0,0,0,0,0,0,0,0,0,0,0,0,0,0,0,0,0,0,0,[0|0|0|0],0,23,0,0,0,0,0,0,0,0,0,0,0,0,0,0,0,0,0,0,0,0,0,0,0,1,0,0,0,0,0,0,0,0,0,1,0,0,0,1,0,0,0,0,0,0,0,0,0,0,0,0,0,0,0,0,0,0,0,0,0,0,1,1,1,1,0,1,0,0,0,0,0,0,0,0,0,1,0,0,0,0,0,0,0,0,0,0,0,0,0,0,0,0,0,0,0,0,[0|0|0|0|0|0|0|0|0|0|0|0|0|0],附有一对大角的头带。\n祖灵之民的战士穿戴的防具。\n\n远离黄金树的祖灵之民，\n持续等待萌发新芽的时刻──\n从自己的身体，以及灵魂。
300100,毛皮上衣,1,0,[0|0|0],602110,0,55,55,100,0.008,1150,0,100,5.1,-1,-1,-1,7000,1,-0.4,-1,-1,-1,-1,-1,-1,-1,-1,-1,-1,-1,-1,-1,-1,-1,-1,1,1,1,1,1,1,1,1,-1,1760,13421,13421,0,0,0,0,[0|0],0,0,0,0,0,0,0,0,63,63,42,38,0,-1,-1,1,0,2,3,1,1,30,0,[0|0],1,0,1,0,0,0,0,0,0,-1,-1,0,1,1,0,0,1,2,0,0.939,0.939,0.933,0.939,0.933,0.929,0.912,109,50,108,50,108,139,139,139,-1,1,0,0.929,0,0,0,0,0,0,0,0,0,0,0,0,0,0,0,0,0,0,0,0,0,0,0,0,0,0,0,0,0,0,0,0,0,0,0,0,[0|0|0|0],0,42,0,0,0,0,0,0,0,0,0,0,0,0,0,0,0,0,0,0,0,1,0,0,0,0,0,0,0,0,0,0,0,0,0,0,0,0,0,0,0,0,1,0,1,1,0,1,1,1,0,1,1,0,1,0,1,0,1,0,1,1,0,0,0,0,0,0,1,0,1,1,0,0,0,1,0,0,0,0,0,0,0,0,0,0,0,0,0,0,0,0,0,0,0,0,0,0,[0|0|0|0|0|0|0|0|0|0|0|0|0|0],用硬质毛皮加工制成的上衣。\n祖灵之民的战士穿戴的防具。\n\n远离黄金树的祖灵之民，\n持续等待萌发新芽的时刻──\n从自己的身体，以及灵魂。
300300,毛皮绑腿,1,0,[0|0|0],802040,0,34,34,0,0.005,1250,0,100,3.1,-1,-1,-1,7000,1.1,0,-1,-1,-1,-1,-1,-1,-1,-1,-1,-1,-1,-1,-1,-1,-1,-1,1,1,1,1,1,1,1,1,-1,1760,13423,13423,0,0,0,0,[0|0],0,0,0,0,0,0,0,0,39,39,26,24,0,-1,-1,1,0,6,3,3,1,30,0,[0|0],1,0,0,0,1,0,0,0,0,-1,-1,0,1,1,0,0,1,2,0,0.966,0.966,0.962,0.966,0.962,0.96,0.95,109,50,113,50,113,139,139,139,111,1,0,0.96,0,0,0,0,0,0,0,0,0,0,0,0,0,0,0,0,0,0,0,0,0,0,0,0,0,0,0,0,0,0,0,0,0,0,0,0,[0|0|0|0],0,26,0,0,0,0,0,0,0,0,0,0,0,0,0,0,0,0,0,0,0,1,0,0,0,0,0,0,0,0,0,0,0,0,0,0,0,0,0,0,0,0,0,0,0,0,0,0,0,0,0,0,0,0,0,0,0,0,0,0,0,0,0,0,0,0,0,0,0,0,0,0,0,1,0,0,0,0,0,0,0,0,0,0,0,0,0,0,0,0,0,0,0,0,0,0,0,0,[0|0|0|0|0|0|0|0|0|0|0|0|0|0],用硬质毛皮缠绕的绑腿。\n祖灵之民的战士穿戴的防具。\n\n远离黄金树的祖灵之民，\n持续等待萌发新芽的时刻──\n从自己的身体，以及灵魂。
301000,光角头带,1,0,[0|0|0],502070,0,27,27,0,0.004,1050,0,100,3.3,6030100,-1,-1,7000,1.5,0,-1,-1,-1,-1,-1,-1,-1,-1,-1,-1,-1,-1,-1,-1,-1,-1,1,1,1,1,1,1,1,1,-1,1765,13425,13425,0,0,0,0,[0|0],0,0,0,0,0,0,0,0,33,33,23,20,0,-1,-1,1,0,5,4,0,2,30,0,[0|0],1,1,0,0,0,1,0,0,0,-1,-1,0,1,1,0,0,1,2,0,0.975,0.975,0.972,0.964,0.964,0.966,0.964,109,110,108,110,108,139,139,139,-1,1,0,0.969,0,0,0,0,0,0,0,0,0,0,0,0,0,0,0,0,0,0,0,0,0,0,0,0,0,0,0,0,0,0,0,0,0,0,0,0,[0|0|0|0],0,23,0,0,0,0,0,0,0,0,0,0,0,0,0,0,0,0,0,0,0,0,0,0,0,1,0,0,0,0,0,0,0,0,0,1,0,0,0,1,0,0,0,0,0,0,0,0,0,0,0,0,0,0,0,0,0,0,0,0,0,0,1,1,1,1,0,1,0,0,0,0,0,0,0,0,0,1,0,0,0,0,0,0,0,0,0,0,0,0,0,0,0,0,0,0,0,0,[0|0|0|0|0|0|0|0|0|0|0|0|0|0],附有一对发光角的头带。\n祖灵之民的祭司穿戴的防具。\n\n萌发新芽并散发光芒的角，\n是最为接近祖灵的特殊祭祀用具。\n能强化“稚幼祖灵头部”。
301100,祭司毛皮上衣,1,0,[0|0|0],602120,0,55,55,100,0.01,1150,0,100,5.1,-1,-1,-1,7000,1,-0.4,-1,-1,-1,-1,-1,-1,-1,-1,-1,-1,-1,-1,-1,-1,-1,-1,1,1,1,1,1,1,1,1,-1,1765,13426,13426,0,0,0,0,[0|0],0,0,0,0,0,0,0,0,63,63,42,35,0,-1,-1,1,0,2,3,1,1,30,0,[0|0],1,0,1,0,0,0,0,0,0,-1,-1,0,1,1,0,0,1,2,0,0.947,0.947,0.939,0.92,0.92,0.929,0.92,109,50,108,50,108,139,139,139,-1,1,0,0.933,0,0,0,0,0,0,0,0,0,0,0,0,0,0,0,0,0,0,0,0,0,0,0,0,0,0,0,0,0,0,0,0,0,0,0,0,[0|0|0|0],0,42,0,0,0,0,0,0,0,0,0,0,0,0,0,0,0,0,0,0,0,1,0,0,0,0,0,0,0,0,0,0,0,0,0,0,0,0,0,0,0,0,1,0,1,1,0,1,1,0,1,1,1,0,1,0,1,1,1,1,0,1,0,0,0,0,0,0,0,1,1,1,0,0,0,1,0,0,0,0,0,0,0,0,0,0,0,0,0,0,0,0,0,0,0,0,0,0,[0|0|0|0|0|0|0|0|0|0|0|0|0|0],用硬质毛皮加工制成的上衣。\n祖灵之民的祭司穿戴的防具。\n\n远离黄金树的祖灵之民，\n持续等待萌发新芽的时刻──\n从自己的身体，以及灵魂。
301300,祭司绑腿,1,0,[0|0|0],802050,0,34,34,0,0.004,1250,0,100,3.1,-1,-1,-1,7000,1.1,0,-1,-1,-1,-1,-1,-1,-1,-1,-1,-1,-1,-1,-1,-1,-1,-1,1,1,1,1,1,1,1,1,-1,1765,13428,13428,0,0,0,0,[0|0],0,0,0,0,0,0,0,0,39,39,26,22,0,-1,-1,1,0,6,3,3,1,30,0,[0|0],1,0,0,0,1,0,0,0,0,-1,-1,0,1,1,0,0,1,2,0,0.97,0.97,0.966,0.955,0.955,0.96,0.955,109,50,113,50,113,139,139,139,111,1,0,0.962,0,0,0,0,0,0,0,0,0,0,0,0,0,0,0,0,0,0,0,0,0,0,0,0,0,0,0,0,0,0,0,0,0,0,0,0,[0|0|0|0],0,26,0,0,0,0,0,0,0,0,0,0,0,0,0,0,0,0,0,0,0,1,0,0,0,0,0,0,0,0,0,0,0,0,0,0,0,0,0,0,0,0,0,0,0,0,0,0,0,0,0,0,0,0,0,0,0,0,0,0,0,0,0,0,0,0,0,0,0,0,0,0,0,1,0,0,0,0,0,0,0,0,0,0,0,0,0,0,0,0,0,0,0,0,0,0,0,0,[0|0|0|0|0|0|0|0|0|0|0|0|0|0],用硬质毛皮缠绕的绑腿。\n祖灵之民的祭司穿戴的防具。\n\n远离黄金树的祖灵之民，\n持续等待萌发新芽的时刻──\n从自己的身体，以及灵魂。
310000,斗士头盔,1,0,[0|0|0],505070,0,11,11,0,0.01,1050,0,200,6.2,6031000,-1,-1,7000,1.5,0,-1,-1,-1,-1,-1,-1,-1,-1,-1,-1,-1,-1,-1,-1,-1,-1,1,1,1,1,1,1,1,1,-1,1770,13430,13430,0,0,0,0,[0|0],0,0,0,0,0,0,0,0,24,24,24,12,0,-1,-1,1,0,5,4,0,2,60,0,[0|0],1,1,0,0,0,1,0,0,0,-1,-1,0,1,1,0,0,1,2,0,0.942,0.939,0.948,0.939,0.96,0.955,0.964,109,110,106,110,106,139,139,139,-1,1,0,0.958,0,0,0,0,0,0,0,0,0,0,0,0,0,0,0,0,0,0,0,0,0,0,0,0,0,0,0,0,0,0,0,0,0,0,0,0,[0|0|0|0],0,24,0,0,0,0,0,0,0,0,0,0,0,0,0,0,0,0,0,0,0,0,0,0,0,0,0,0,0,0,0,0,0,0,0,1,1,0,0,1,0,0,0,0,0,0,0,0,0,0,0,0,0,0,0,0,0,0,0,0,0,0,1,0,1,1,1,0,1,1,1,1,0,0,0,0,1,0,1,0,0,0,0,0,0,0,0,0,0,0,0,0,0,0,0,0,0,1,[0|0|0|0|0|0|0|0|0|0|0|0|0|0],以大量的蛇装饰的青铜制头盔。\n被赶出竞技场的斗士们穿戴的防具。\n会稍微变得容易受敌人攻击。\n\n蛇被视为背叛黄金树的存在，\n因此人们见到它受伤，都会喜上眉梢。
310100,守墓斗篷,1,0,[0|0|0],604080,0,42,42,100,0.012,1150,0,200,6.3,0,-1,-1,7000,1,-0.4,-1,-1,-1,-1,-1,-1,-1,-1,-1,-1,-1,-1,-1,-1,-1,-1,1,1,1,1,1,1,1,1,-1,1770,13431,13431,0,0,0,0,[0|0],0,0,0,0,0,0,0,0,63,63,25,42,0,-1,-1,1,0,2,3,1,2,50,0,[0|0],1,0,1,0,0,0,0,0,0,-1,-1,0,1,1,0,0,1,2,0,0.929,0.929,0.912,0.929,0.92,0.905,0.898,109,50,113,50,113,139,139,139,-1,1,0,0.912,0,0,0,0,0,0,0,0,0,0,0,0,0,0,0,0,0,0,0,0,0,0,0,0,0,0,0,0,0,0,0,0,0,0,0,0,[0|0|0|0],0,25,0,0,0,0,0,0,0,0,0,0,0,0,0,0,0,0,0,0,0,1,1,1,0,0,0,0,0,0,0,0,0,0,0,0,0,0,0,0,0,0,0,1,1,1,0,1,1,1,1,0,0,0,1,0,1,0,1,0,1,0,0,0,0,0,0,0,1,1,1,0,0,0,0,1,0,0,0,0,0,0,0,1,1,1,1,1,1,1,1,1,1,1,1,1,1,0,[0|0|0|0|0|0|0|0|0|0|0|0|0|0],硬质的厚实斗篷。\n身为地下墓地守墓者的证明。\n\n过去以战斗为业的人们，\n被赶出竞技场之后，成为了归树守卫。
310300,斗士腿甲,1,0,[0|0|0],804020,0,15,15,0,0.014,1250,0,200,7.3,6031030,-1,-1,7000,1.1,0,-1,-1,-1,-1,-1,-1,-1,-1,-1,-1,-1,-1,-1,-1,-1,-1,1,1,1,1,1,1,1,1,-1,1770,13433,13433,0,0,0,0,[0|0],0,0,0,0,0,0,0,0,29,29,31,15,0,-1,-1,1,0,6,4,3,2,50,0,[0|0],1,0,0,0,1,0,0,0,0,-1,-1,0,1,1,0,0,1,2,0,0.92,0.92,0.929,0.926,0.942,0.932,0.946,109,50,108,50,108,139,113,139,111,1,0,0.938,0,0,0,0,0,0,0,0,0,0,0,0,0,0,0,0,0,0,0,0,0,0,0,0,0,0,0,0,0,0,0,0,0,0,0,0,[0|0|0|0],0,31,0,0,0,0,0,0,0,0,0,0,0,0,0,0,0,1,0,0,0,1,0,0,0,0,0,0,0,0,0,0,0,0,0,0,0,0,0,0,0,0,0,0,0,0,0,0,0,0,0,0,0,0,0,0,0,0,0,0,0,0,0,0,0,0,0,0,0,0,0,0,0,0,1,0,0,0,0,0,0,0,0,0,0,0,0,0,0,0,0,0,0,0,0,0,0,0,[0|0|0|0|0|0|0|0|0|0|0|0|0|0],缠上青铜制蛇的腿甲。\n被赶出竞技场的斗士们穿戴的防具。\n会稍微变得容易受敌人攻击。\n\n蛇被视为背叛黄金树的存在，\n因此人们见到它受伤，都会喜上眉梢。
311100,守墓斗篷（轻装）,1,0,[0|0|0],604090,0,34,34,100,0.008,1150,0,200,5.1,6031110,-1,-1,7000,1,-0.4,-1,-1,-1,-1,-1,-1,-1,-1,-1,-1,-1,-1,-1,-1,-1,-1,1,1,1,1,1,1,1,1,-1,1771,13441,13446,0,0,0,0,[0|0],0,0,0,0,0,0,0,0,54,54,22,34,0,-1,-1,1,0,2,3,1,2,50,0,[0|0],1,0,1,0,0,0,0,0,0,-1,-1,0,1,1,0,0,1,2,0,0.933,0.933,0.92,0.933,0.929,0.912,0.905,109,50,109,50,139,139,139,139,-1,1,0,0.92,0,0,0,0,0,0,0,0,0,0,0,0,0,0,0,0,0,0,0,0,0,0,0,0,0,0,0,0,0,0,0,0,0,0,0,0,[0|0|0|0],0,22,0,0,0,0,0,0,0,0,0,0,0,0,0,0,0,0,0,0,0,0,1,1,0,0,0,0,0,0,0,0,0,0,0,0,0,0,0,0,0,0,0,1,1,1,0,1,0,1,1,1,0,0,1,0,1,0,1,0,1,0,0,0,0,0,0,0,0,1,1,1,0,0,0,1,0,0,0,0,0,0,0,0,0,0,0,0,0,0,0,0,0,0,0,0,0,0,[0|0|0|0|0|0|0|0|0|0|0|0|0|0],缠上青铜制蛇的防具。\n被赶出竞技场的斗士们穿戴的防具。\n会稍微变得容易受敌人攻击。\n\n蛇被视为背叛黄金树的存在，\n因此人们见到它受伤，都会喜上眉梢。
320000,鲜血贵族风帽,0,0,[0|0|0],502100,0,29,29,0,0.002,1050,0,500,1.4,-1,-1,-1,7000,1.5,0,-1,-1,-1,-1,-1,-1,-1,-1,-1,-1,-1,-1,-1,-1,-1,-1,1,1,1,1,1,1,1,1,-1,1790,13450,13450,0,0,0,0,[0|0],0,0,0,0,0,0,0,0,18,18,5,27,0,-1,-1,1,0,5,4,0,1,30,0,[0|0],1,1,0,0,0,1,0,0,0,-1,-1,0,1,1,0,0,1,2,0,0.986,0.991,0.991,0.991,0.954,0.962,0.955,109,110,113,110,113,139,139,139,-1,1,0,0.954,0,0,0,0,0,0,0,0,0,0,0,0,0,0,0,0,0,0,0,0,0,0,0,0,0,0,0,0,0,0,0,0,0,0,0,0,[0|0|0|0],0,5,0,0,0,1,0,0,0,0,0,0,0,0,0,0,0,0,0,0,0,0,0,0,0,1,0,0,0,0,0,0,0,0,1,0,0,0,0,1,0,0,0,0,0,0,0,0,0,0,0,0,0,0,0,0,0,0,0,0,0,0,1,0,1,1,1,1,1,1,1,1,0,0,0,0,0,1,1,0,0,0,0,0,0,0,0,0,0,0,0,0,0,0,0,0,0,0,[0|0|0|0|0|0|0|0|0|0|0|0|0|0],黑布上缀以金色刺绣的风帽。\n侍奉鲜血君王的贵族们穿戴的防具。\n\n据说他们会藏身血水滩里偷袭，\n是广传诅咒之血的传教士。
320100,鲜血贵族长袍,0,0,[0|0|0],602160,0,83,83,100,0.01,1150,0,500,5.1,-1,-1,-1,7000,1,-0.4,-1,-1,-1,-1,-1,-1,-1,-1,-1,-1,-1,-1,-1,-1,-1,-1,1,1,1,1,1,1,1,1,-1,1790,13451,13451,0,0,0,0,[0|0],0,0,0,0,0,0,0,0,50,50,21,76,0,-1,-1,1,0,2,4,1,1,30,0,[0|0],1,0,1,0,0,0,0,0,0,-1,-1,0,1,1,0,0,1,2,0,0.939,0.947,0.947,0.947,0.867,0.881,0.87,109,50,113,50,113,139,139,139,-1,1,0,0.865,0,0,0,0,0,0,0,0,0,0,0,0,0,0,0,0,0,0,0,0,0,0,0,0,0,0,0,0,0,0,0,0,0,0,0,0,[0|0|0|0],0,21,0,0,0,0,0,1,1,1,1,1,0,0,0,0,0,0,0,0,0,1,0,1,0,0,0,0,0,0,0,0,0,0,0,0,0,0,0,0,0,0,1,1,1,0,0,1,1,1,1,0,1,1,0,1,0,1,1,0,1,1,0,0,0,0,0,0,1,1,1,0,1,0,0,1,0,0,0,1,0,0,0,1,1,1,1,1,1,1,1,1,1,1,1,1,1,0,[0|0|0|0|0|0|0|0|0|0|0|0|0|0],黑布上缀以金色刺绣的长袍。\n侍奉鲜血君王的贵族们穿戴的防具。\n\n具有奢华金色花纹的披肩，\n据说是即将到来的王朝中，身为贵族的象征。
320300,鲜血贵族腰巾,0,0,[0|0|0],802080,0,44,44,0,0.005,1250,0,500,2.5,-1,-1,-1,7000,1.1,0,-1,-1,-1,-1,-1,-1,-1,-1,-1,-1,-1,-1,-1,-1,-1,-1,1,1,1,1,1,1,1,1,-1,1790,13453,13453,0,0,0,0,[0|0],0,0,0,0,0,0,0,0,29,29,11,41,0,-1,-1,1,0,6,4,3,1,30,0,[0|0],1,0,0,0,1,0,0,0,0,-1,-1,0,1,1,0,0,1,2,0,0.97,0.977,0.977,0.977,0.926,0.935,0.927,109,50,113,50,113,139,109,139,111,1,0,0.924,0,0,0,0,0,0,0,0,0,0,0,0,0,0,0,0,0,0,0,0,0,0,0,0,0,0,0,0,0,0,0,0,0,0,0,0,[0|0|0|0],0,11,0,0,0,0,0,0,0,0,0,0,0,0,1,0,1,0,0,0,0,1,0,0,0,0,0,0,0,0,0,0,0,0,0,0,0,0,0,0,0,0,0,0,0,0,0,0,0,0,0,0,0,0,0,0,0,0,0,0,0,0,0,0,0,0,0,0,0,0,0,0,0,0,1,0,0,0,0,0,0,0,0,0,0,0,0,0,0,0,0,0,0,0,0,0,0,0,[0|0|0|0|0|0|0|0|0|0|0|0|0|0],以黑布制成的腰巾。\n侍奉鲜血君王的贵族们穿戴的防具。\n\n据说他们会藏身血水滩里偷袭，\n是广传诅咒之血的传教士。
330000,守卫面具,1,0,[0|0|0],500070,0,26,26,0,0.005,1050,0,100,3.8,-1,-1,-1,7000,1.5,0,-1,-1,-1,-1,-1,-1,-1,-1,-1,-1,-1,-1,-1,-1,-1,-1,1,1,1,1,1,1,1,1,-1,1800,13460,13460,0,0,0,0,[0|0],0,0,0,0,0,0,0,0,33,33,22,24,0,-1,-1,1,0,5,4,0,1,10,0,[0|0],1,1,0,0,0,1,0,0,0,-1,-1,0,1,1,0,0,1,2,0,0.962,0.964,0.964,0.966,0.958,0.96,0.958,109,110,113,110,113,139,139,139,-1,1,0,0.958,0,0,0,0,0,0,0,0,0,0,0,0,0,0,0,0,0,0,0,0,0,0,0,0,0,0,0,0,0,0,0,0,0,0,0,0,[0|0|0|0],0,22,1,1,1,1,0,0,0,0,0,0,0,0,0,0,0,0,0,1,0,0,0,0,0,1,0,0,0,0,0,0,0,0,1,0,0,0,0,1,0,0,0,0,0,0,0,0,0,0,0,0,0,0,0,0,0,0,0,0,0,0,1,1,1,1,1,1,1,1,1,1,0,0,0,0,0,1,1,0,1,1,1,0,0,0,0,0,0,0,0,0,0,0,0,0,0,0,[0|0|0|0|0|0|0|0|0|0|0|0|0|0],表面雕满花纹的黄金面具。\n小黄金树的守卫们穿戴的防具。\n\n受到与黄金树缔结的古老契约影响，\n据说他们死后依旧不灭，是永恒的守卫。
330100,守卫上衣（开花）,1,0,[0|0|0],600150,0,57,57,100,0.015,1150,0,100,8.8,6033010,-1,-1,7000,1,-0.4,-1,-1,-1,-1,-1,-1,-1,-1,-1,-1,-1,-1,-1,-1,-1,-1,1,1,1,1,1,1,1,1,-1,1800,13461,13461,0,0,0,0,[0|0],0,0,0,0,0,0,0,0,71,71,46,55,0,-1,-1,1,0,2,4,1,2,10,0,[0|0],1,0,1,0,0,0,0,0,0,-1,-1,0,1,1,0,0,1,2,0,0.898,0.905,0.898,0.905,0.881,1.023,0.881,109,50,113,50,113,139,139,139,-1,1,0,0.886,0,0,0,0,0,0,0,0,0,0,0,0,0,0,0,0,0,0,0,0,0,0,0,0,0,0,0,0,0,0,0,0,0,0,0,0,[0|0|0|0],0,46,0,0,0,0,0,0,1,1,1,1,1,0,0,0,0,0,0,0,0,1,1,1,0,0,0,0,0,0,0,0,0,0,0,0,0,0,0,0,0,0,1,0,1,1,0,1,1,1,1,0,1,1,0,1,0,1,1,1,0,1,0,0,0,0,0,0,1,1,1,0,0,0,0,1,0,0,0,1,0,0,0,0,0,0,0,0,0,0,0,0,0,0,0,0,0,0,[0|0|0|0|0|0|0|0|0|0|0|0|0|0],表面雕满花纹的黄金上衣。\n小黄金树的守卫们穿戴的防具。\n\n能提升红露滴圣杯瓶的恢复量，\n但会大幅降低火属性减伤率。\n\n据说在背后绽放的血红花朵，\n是古老契约带来的影响。\n他们有可能已经半化为树。
330200,守卫臂甲,1,0,[0|0|0],700010,0,20,20,0,0.003,1150,0,100,2.9,-1,-1,-1,7000,1.1,0,-1,-1,-1,-1,-1,-1,-1,-1,-1,-1,-1,-1,-1,-1,-1,-1,1,1,1,1,1,1,1,1,-1,1800,13462,13462,0,0,0,0,[0|0],0,0,0,0,0,0,0,0,25,25,17,19,0,-1,-1,1,0,1,4,2,1,10,0,[0|0],1,0,0,1,0,0,0,0,0,-1,-1,0,1,1,0,0,1,2,0,0.973,0.975,0.975,0.977,0.971,0.972,0.971,109,50,106,50,106,139,139,139,-1,1,0,0.971,0,0,0,0,0,0,0,0,0,0,0,0,0,0,0,0,0,0,0,0,0,0,0,0,0,0,0,0,0,0,0,0,0,0,0,0,[0|0|0|0],0,17,0,0,0,0,0,0,0,0,0,0,1,0,0,0,0,0,0,0,0,0,0,0,0,0,0,1,1,0,1,1,1,0,0,0,0,0,0,0,0,0,0,0,0,0,0,0,0,0,0,0,0,0,0,0,0,0,0,0,0,0,0,0,0,0,0,0,0,0,0,0,0,0,0,0,0,0,0,0,0,0,0,0,0,0,0,0,0,0,0,0,0,0,0,0,0,0,[0|0|0|0|0|0|0|0|0|0|0|0|0|0],表面雕满花纹的黄金臂甲。\n小黄金树的守卫们穿戴的防具。\n\n受到与黄金树缔结的古老契约影响，\n据说他们死后依旧不灭，是永恒的守卫。
330300,守卫腿甲,1,0,[0|0|0],800060,0,37,37,0,0.009,1250,0,100,5.5,-1,-1,-1,7000,1.1,0,-1,-1,-1,-1,-1,-1,-1,-1,-1,-1,-1,-1,-1,-1,-1,-1,1,1,1,1,1,1,1,1,-1,1800,13463,13463,0,0,0,0,[0|0],0,0,0,0,0,0,0,0,47,47,31,35,0,-1,-1,1,0,6,4,3,1,10,0,[0|0],1,0,0,0,1,0,0,0,0,-1,-1,0,1,1,0,0,1,2,0,0.938,0.942,0.942,0.946,0.932,0.935,0.932,109,50,108,50,108,139,109,139,111,1,0,0.932,0,0,0,0,0,0,0,0,0,0,0,0,0,0,0,0,0,0,0,0,0,0,0,0,0,0,0,0,0,0,0,0,0,0,0,0,[0|0|0|0],0,31,0,0,0,0,0,0,0,0,0,0,0,0,1,0,1,0,0,0,0,1,0,0,0,0,0,0,0,0,0,0,0,0,0,0,0,0,0,0,0,0,0,0,0,0,0,0,0,0,0,0,0,0,0,0,0,0,0,0,0,0,0,0,0,0,0,0,0,0,0,0,0,0,1,0,0,0,0,0,0,0,0,0,0,0,0,0,0,0,0,0,0,0,0,0,0,0,[0|0|0|0|0|0|0|0|0|0|0|0|0|0],表面雕满花纹的黄金腿甲。\n小黄金树的守卫们穿戴的防具。\n\n受到与黄金树缔结的古老契约影响，\n据说他们死后依旧不灭，是永恒的守卫。
331100,守卫上衣,1,0,[0|0|0],600140,0,50,50,100,0.015,1150,0,100,7.7,-1,-1,-1,7000,1,-0.4,-1,-1,-1,-1,-1,-1,-1,-1,-1,-1,-1,-1,-1,-1,-1,-1,1,1,1,1,1,1,1,1,-1,1801,13471,13471,0,0,0,0,[0|0],0,0,0,0,0,0,0,0,61,61,38,42,0,-1,-1,1,0,2,4,1,1,10,0,[0|0],1,0,1,0,0,0,0,0,0,-1,-1,0,1,1,0,0,1,2,0,0.905,0.912,0.905,0.92,0.891,0.898,0.891,109,50,108,50,108,139,139,139,-1,1,0,0.891,0,0,0,0,0,0,0,0,0,0,0,0,0,0,0,0,0,0,0,0,0,0,0,0,0,0,0,0,0,0,0,0,0,0,0,0,[0|0|0|0],0,38,0,0,0,0,0,0,1,1,1,1,1,0,0,0,0,0,0,0,0,1,1,1,0,0,0,0,0,0,0,0,0,0,0,0,0,0,0,0,0,0,1,0,1,1,0,1,1,0,1,1,1,1,0,1,0,1,1,1,0,1,0,0,0,0,0,0,1,0,1,1,0,0,0,1,0,0,0,1,0,0,0,0,0,0,0,0,0,0,0,0,0,0,0,0,0,0,[0|0|0|0|0|0|0|0|0|0|0|0|0|0],表面雕满花纹的黄金上衣。\n小黄金树的守卫们穿戴的防具。\n\n受到与黄金树缔结的古老契约影响，\n据说他们死后依旧不灭，是永恒的守卫。
340000,尊腐骑士头盔,1,0,[0|0|0],507110,0,12,12,0,0.009,1050,0,200,6.4,-1,-1,-1,7000,1.5,0,-1,-1,-1,-1,-1,-1,-1,-1,-1,-1,-1,-1,-1,-1,-1,-1,1,1,1,1,1,1,1,1,-1,1810,13480,13480,0,0,0,0,[0|0],0,0,0,0,0,0,0,0,27,27,29,14,0,-1,-1,1,0,5,4,0,2,80,0,[0|0],1,1,0,0,0,1,0,0,0,-1,-1,0,1,1,0,0,1,2,0,0.948,0.942,0.952,0.937,0.955,0.954,0.96,109,110,106,110,106,139,139,139,-1,1,0,0.952,0,0,0,0,0,0,0,0,0,0,0,0,0,0,0,0,0,0,0,0,0,0,0,0,0,0,0,0,0,0,0,0,0,0,0,0,[0|0|0|0],0,29,1,1,1,1,1,0,0,0,0,0,0,0,0,0,0,0,0,1,0,0,0,0,0,0,0,0,0,0,0,0,0,0,1,0,1,0,0,1,0,0,0,0,0,0,0,0,0,0,0,0,0,0,0,0,0,0,0,0,0,0,1,1,1,1,1,1,1,1,1,1,0,0,0,0,0,1,1,0,1,1,1,0,0,0,0,0,0,0,0,0,0,0,0,0,0,1,[0|0|0|0|0|0|0|0|0|0|0|0|0|0],在破碎战争被誉为战无不胜的\n尊腐骑士们穿戴的飞翼头盔。\n\n他们自愿与玛莲妮亚并肩作战，\n接受逐渐步入腐败的后果──\n因此他们的战斗十分壮烈。
340100,尊腐骑士铠甲,1,0,[0|0|0],607210,0,28,28,100,0.027,1150,0,200,15,-1,-1,-1,7000,1,-0.4,-1,-1,-1,-1,-1,-1,-1,-1,-1,-1,-1,-1,-1,-1,-1,-1,1,1,1,1,1,1,1,1,-1,1810,13481,13481,0,0,0,0,[0|0],0,0,0,0,0,0,0,0,63,63,67,32,0,-1,-1,1,0,2,4,1,2,80,0,[0|0],1,0,1,0,0,0,0,0,0,-1,-1,0,1,1,0,0,1,2,0,0.854,0.84,0.866,0.825,0.874,0.872,0.886,109,50,106,50,106,139,139,139,-1,1,0,0.865,0,0,0,0,0,0,0,0,0,0,0,0,0,0,0,0,0,0,0,0,0,0,0,0,0,0,0,0,0,0,0,0,0,0,0,0,[0|0|0|0],0,67,0,0,0,0,0,1,1,1,1,1,0,0,0,0,0,0,0,0,0,1,0,1,0,0,0,0,0,0,0,0,0,0,0,0,0,0,0,0,0,0,1,1,0,1,0,1,1,0,1,1,1,1,0,0,1,1,1,1,0,1,0,0,0,0,0,0,1,0,1,1,0,0,0,1,0,0,0,1,0,0,0,0,0,0,0,0,0,0,0,0,0,0,0,0,0,0,[0|0|0|0|0|0|0|0|0|0|0|0|0|0],在破碎战争被誉为战无不胜的\n尊腐骑士们穿戴的铠甲。\n\n他们自愿与玛莲妮亚并肩作战，\n接受逐渐步入腐败的后果──\n因此他们的战斗十分壮烈。
340200,尊腐骑士臂甲,1,0,[0|0|0],706110,0,9,9,0,0.006,1150,0,200,5,-1,-1,-1,7000,1.1,0,-1,-1,-1,-1,-1,-1,-1,-1,-1,-1,-1,-1,-1,-1,-1,-1,1,1,1,1,1,1,1,1,-1,1810,13482,13482,0,0,0,0,[0|0],0,0,0,0,0,0,0,0,21,21,22,11,0,-1,-1,1,0,1,4,2,2,70,0,[0|0],1,0,0,1,0,0,0,0,0,-1,-1,0,1,1,0,0,1,2,0,0.964,0.96,0.967,0.956,0.969,0.968,0.972,109,50,106,50,106,139,139,139,-1,1,0,0.967,0,0,0,0,0,0,0,0,0,0,0,0,0,0,0,0,0,0,0,0,0,0,0,0,0,0,0,0,0,0,0,0,0,0,0,0,[0|0|0|0],0,22,0,0,0,0,0,0,0,0,0,0,1,1,0,1,0,0,0,0,1,0,0,0,0,0,0,1,1,0,1,1,1,0,0,0,0,0,0,0,0,0,0,0,0,0,0,0,0,0,0,0,0,0,0,0,0,0,0,0,0,0,0,0,0,0,0,0,0,0,0,0,0,0,0,0,0,0,0,0,0,0,0,0,0,0,0,0,0,0,0,0,0,0,0,0,0,0,[0|0|0|0|0|0|0|0|0|0|0|0|0|0],在破碎战争被誉为战无不胜的\n尊腐骑士们穿戴的臂甲。\n\n他们自愿与玛莲妮亚并肩作战，\n接受逐渐步入腐败的后果──\n因此他们的战斗十分壮烈。
340300,尊腐骑士腿甲,1,0,[0|0|0],806110,0,17,17,0,0.016,1250,0,200,9.3,-1,-1,-1,7000,1.1,0,-1,-1,-1,-1,-1,-1,-1,-1,-1,-1,-1,-1,-1,-1,-1,-1,1,1,1,1,1,1,1,1,-1,1810,13483,13483,0,0,0,0,[0|0],0,0,0,0,0,0,0,0,39,39,41,20,0,-1,-1,1,0,6,4,3,2,70,0,[0|0],1,0,0,0,1,0,0,0,0,-1,-1,0,1,1,0,0,1,2,0,0.916,0.908,0.924,0.899,0.928,0.927,0.935,109,50,106,50,106,139,139,139,111,1,0,0.923,0,0,0,0,0,0,0,0,0,0,0,0,0,0,0,0,0,0,0,0,0,0,0,0,0,0,0,0,0,0,0,0,0,0,0,0,[0|0|0|0],0,41,0,0,0,0,0,0,0,0,0,0,0,0,1,0,1,1,1,0,0,1,0,0,0,0,0,0,0,0,0,0,0,0,0,0,0,0,0,0,0,0,0,0,0,0,0,0,0,0,0,0,0,0,0,0,0,0,0,0,0,0,0,0,0,0,0,0,0,0,0,0,0,0,1,0,0,0,0,0,0,0,0,0,0,0,0,0,0,0,0,0,0,0,0,0,0,0,[0|0|0|0|0|0|0|0|0|0|0|0|0|0],在破碎战争被誉为战无不胜的\n尊腐骑士们穿戴的腿甲。\n\n他们自愿与玛莲妮亚并肩作战，\n接受逐渐步入腐败的后果──\n因此他们的战斗十分壮烈。
341000,尊腐骑士头盔（轻装）,1,0,[0|0|0],507120,0,9,9,0,0.007,1050,0,200,5.5,-1,-1,-1,7000,1.5,0,-1,-1,-1,-1,-1,-1,-1,-1,-1,-1,-1,-1,-1,-1,-1,-1,1,1,1,1,1,1,1,1,-1,1811,13490,13490,0,0,0,0,[0|0],0,0,0,0,0,0,0,0,21,21,21,10,0,-1,-1,1,0,5,4,0,2,80,0,[0|0],1,1,0,0,0,1,0,0,0,-1,-1,0,1,1,0,0,1,2,0,0.954,0.95,0.958,0.945,0.96,0.958,0.966,109,110,106,110,106,139,139,139,-1,1,0,0.954,0,0,0,0,0,0,0,0,0,0,0,0,0,0,0,0,0,0,0,0,0,0,0,0,0,0,0,0,0,0,0,0,0,0,0,0,[0|0|0|0],0,21,1,1,1,1,1,0,0,0,0,0,0,0,0,0,0,0,0,1,0,0,0,0,0,0,0,0,0,0,0,0,0,0,1,0,1,0,0,1,0,0,0,0,0,0,0,0,0,0,0,0,0,0,0,0,0,0,0,0,0,0,1,1,1,1,1,1,1,1,1,1,0,0,0,0,0,1,1,0,1,1,1,0,0,0,0,0,0,0,0,0,0,0,0,0,0,0,[0|0|0|0|0|0|0|0|0|0|0|0|0|0],在破碎战争被誉为战无不胜的\n尊腐骑士们穿戴的飞翼头盔。\n\n他们自愿与玛莲妮亚并肩作战，\n接受逐渐步入腐败的后果──\n因此他们的战斗十分壮烈。
341100,尊腐骑士铠甲（轻装）,1,0,[0|0|0],607220,0,22,22,100,0.024,1150,0,200,13.7,-1,-1,-1,7000,1,-0.4,-1,-1,-1,-1,-1,-1,-1,-1,-1,-1,-1,-1,-1,-1,-1,-1,1,1,1,1,1,1,1,1,-1,1811,13491,13491,0,0,0,0,[0|0],0,0,0,0,0,0,0,0,52,52,54,22,0,-1,-1,1,0,2,4,1,2,80,0,[0|0],1,0,1,0,0,0,0,0,0,-1,-1,0,1,1,0,0,1,2,0,0.865,0.854,0.876,0.84,0.881,0.876,0.898,109,50,106,50,106,139,139,139,-1,1,0,0.87,0,0,0,0,0,0,0,0,0,0,0,0,0,0,0,0,0,0,0,0,0,0,0,0,0,0,0,0,0,0,0,0,0,0,0,0,[0|0|0|0],0,54,0,0,0,0,0,1,1,1,1,1,0,0,0,0,0,0,0,0,0,1,0,1,0,0,0,0,0,0,0,0,0,0,0,0,0,0,0,0,0,0,1,1,0,1,0,1,1,0,1,1,1,1,0,0,1,1,1,1,0,1,0,0,0,0,0,0,1,0,1,1,0,0,0,1,0,0,0,1,0,0,0,0,0,0,0,0,0,0,0,0,0,0,0,0,0,0,[0|0|0|0|0|0|0|0|0|0|0|0|0|0],在破碎战争被誉为战无不胜的\n尊腐骑士们穿戴的铠甲。\n\n他们自愿与玛莲妮亚并肩作战，\n接受逐渐步入腐败的后果──\n因此他们的战斗十分壮烈。
350000,火焰习武修士头盔,1,0,[0|0|0],506170,0,9,9,0,0.006,1050,0,100,4,-1,-1,-1,7000,1.5,0,-1,-1,-1,-1,-1,-1,-1,-1,-1,-1,-1,-1,-1,-1,-1,-1,1,1,1,1,1,1,1,1,-1,1820,13500,13500,0,0,0,0,[0|0],0,0,0,0,0,0,0,0,11,11,20,9,0,-1,-1,1,0,5,4,0,1,70,0,[0|0],1,1,0,0,0,1,0,0,0,-1,-1,0,1,1,0,0,1,2,0,0.954,0.958,0.962,0.96,0.969,0.955,0.975,109,110,144,110,144,139,139,139,-1,1,0,0.975,0,0,0,0,0,0,0,0,0,0,0,0,0,0,0,0,0,0,0,0,0,0,0,0,0,0,0,0,0,0,0,0,0,0,0,0,[0|0|0|0],0,20,0,0,0,0,0,0,0,0,0,0,0,0,0,0,0,0,0,0,0,0,0,0,0,0,0,0,0,0,0,0,0,0,1,0,1,0,0,1,0,0,0,0,0,0,0,0,0,0,0,0,0,0,0,0,0,0,0,0,0,0,0,1,1,1,1,0,1,1,1,1,0,0,0,0,0,1,0,0,0,0,0,0,0,0,0,0,0,0,0,0,0,0,0,0,0,1,[0|0|0|0|0|0|0|0|0|0|0|0|0|0],在火纹头带上披着锁子头盔，\n火焰习武修士们穿戴的防具。\n\n据说在巨人山顶\n存在着黄金树的禁忌──灰灭火焰。\n而他们是那灰灭火焰的监视者。
350100,火焰习武修士铠甲,1,0,[0|0|0],606120,0,24,24,100,0.022,1150,0,100,11.8,-1,-1,-1,7000,1,-0.4,-1,-1,-1,-1,-1,-1,-1,-1,-1,-1,-1,-1,-1,-1,-1,-1,1,1,1,1,1,1,1,1,-1,1820,13501,13501,0,0,0,0,[0|0],0,0,0,0,0,0,0,0,32,32,55,24,0,-1,-1,1,0,2,4,1,1,70,0,[0|0],1,0,1,0,0,0,0,0,0,-1,-1,0,1,1,0,0,1,2,0,0.86,0.865,0.876,0.876,0.891,0.867,0.905,109,50,113,50,113,139,139,139,-1,1,0,0.905,0,0,0,0,0,0,0,0,0,0,0,0,0,0,0,0,0,0,0,0,0,0,0,0,0,0,0,0,0,0,0,0,0,0,0,0,[0|0|0|0],0,55,0,0,0,0,0,1,1,1,1,1,0,0,0,0,0,0,0,0,0,1,1,1,0,0,0,0,0,0,0,0,0,0,0,0,0,0,0,0,0,0,0,1,1,1,0,1,1,1,1,0,1,1,0,1,1,1,1,1,1,1,0,0,0,0,0,0,1,1,1,0,0,0,0,1,0,0,0,1,0,0,0,0,0,0,0,0,0,0,0,0,0,0,0,0,0,0,[0|0|0|0|0|0|0|0|0|0|0|0|0|0],搭配鲜红上衣的黑铁制铠甲。\n火焰习武修士们的防具。\n\n胸铠上的异形脸孔图案，\n据说是源自古老火焰的恶神。\n因为恐惧，禁忌留下更深刻的印象。
350200,火焰习武修士臂甲,1,0,[0|0|0],705150,0,8,8,0,0.005,1150,0,100,3.9,-1,-1,-1,7000,1.1,0,-1,-1,-1,-1,-1,-1,-1,-1,-1,-1,-1,-1,-1,-1,-1,-1,1,1,1,1,1,1,1,1,-1,1820,13502,13502,0,0,0,0,[0|0],0,0,0,0,0,0,0,0,11,11,18,8,0,-1,-1,1,0,1,4,2,1,60,0,[0|0],1,0,0,1,0,0,0,0,0,-1,-1,0,1,1,0,0,1,2,0,0.965,0.967,0.969,0.969,0.973,0.967,0.977,109,50,106,50,106,139,139,139,-1,1,0,0.977,0,0,0,0,0,0,0,0,0,0,0,0,0,0,0,0,0,0,0,0,0,0,0,0,0,0,0,0,0,0,0,0,0,0,0,0,[0|0|0|0],0,18,0,0,0,0,0,0,0,0,0,0,1,1,0,1,0,0,0,0,1,0,0,0,0,0,1,0,1,0,1,1,0,1,0,0,0,0,0,0,0,0,0,0,0,0,0,0,0,0,0,0,0,0,0,0,0,0,0,0,0,0,0,0,0,0,0,0,0,0,0,0,0,0,0,0,0,0,0,0,0,0,0,0,0,0,0,0,0,0,0,0,0,0,0,0,0,0,[0|0|0|0|0|0|0|0|0|0|0|0|0|0],以火纹形象制成的黑铁制臂甲。\n火焰习武修士们穿戴的防具。\n\n据说在巨人山顶\n存在着黄金树的禁忌──灰灭火焰。\n而他们是那灰灭火焰的监视者。
350300,火焰习武修士腿甲,1,0,[0|0|0],805140,0,15,15,0,0.013,1250,0,100,7.3,-1,-1,-1,7000,1.1,0,-1,-1,-1,-1,-1,-1,-1,-1,-1,-1,-1,-1,-1,-1,-1,-1,1,1,1,1,1,1,1,1,-1,1820,13503,13503,0,0,0,0,[0|0],0,0,0,0,0,0,0,0,20,20,34,15,0,-1,-1,1,0,6,4,3,1,60,0,[0|0],1,0,0,0,1,0,0,0,0,-1,-1,0,1,1,0,0,1,2,0,0.92,0.923,0.929,0.929,0.938,0.924,0.946,109,50,108,50,108,139,139,139,111,1,0,0.946,0,0,0,0,0,0,0,0,0,0,0,0,0,0,0,0,0,0,0,0,0,0,0,0,0,0,0,0,0,0,0,0,0,0,0,0,[0|0|0|0],0,34,0,0,0,0,0,0,0,0,0,0,0,0,1,0,1,1,1,0,0,1,0,0,0,0,0,0,0,0,0,0,0,0,0,0,0,0,0,0,0,0,0,0,0,0,0,0,0,0,0,0,0,0,0,0,0,0,0,0,0,0,0,0,0,0,0,0,0,0,0,0,0,0,1,0,0,0,0,0,0,0,0,0,0,0,0,0,0,0,0,0,0,0,0,0,0,0,[0|0|0|0|0|0|0|0|0|0|0|0|0|0],以火纹形象制成的黑铁制腿甲。\n火焰习武修士们穿戴的防具。\n\n据说在巨人山顶\n存在着黄金树的禁忌──灰灭火焰。\n而他们是那灰灭火焰的监视者。
351000,黑焰习武修士头盔,1,0,[0|0|0],506180,0,5,5,0,0.007,1050,0,100,4,-1,-1,-1,7000,1.5,0,-1,-1,-1,-1,-1,-1,-1,-1,-1,-1,-1,-1,-1,-1,-1,-1,1,1,1,1,1,1,1,1,-1,1825,13510,13510,0,0,0,0,[0|0],0,0,0,0,0,0,0,0,11,11,20,11,0,-1,-1,1,0,5,4,0,1,70,0,[0|0],1,1,0,0,0,1,0,0,0,-1,-1,0,1,1,0,0,1,2,0,0.956,0.954,0.966,0.958,0.972,0.956,0.979,109,110,144,110,144,139,139,139,-1,1,0,0.972,0,0,0,0,0,0,0,0,0,0,0,0,0,0,0,0,0,0,0,0,0,0,0,0,0,0,0,0,0,0,0,0,0,0,0,0,[0|0|0|0],0,20,0,0,0,0,0,0,0,0,0,0,0,0,0,0,0,0,0,0,0,0,0,0,0,0,0,0,0,0,0,0,0,0,1,0,1,0,0,1,0,0,0,0,0,0,0,0,0,0,0,0,0,0,0,0,0,0,0,0,0,0,0,1,1,1,1,0,1,1,1,1,0,0,0,0,0,1,0,0,0,0,0,0,0,0,0,0,0,0,0,0,0,0,0,0,0,1,[0|0|0|0|0|0|0|0|0|0|0|0|0|0],在火纹头带上披着锁子头盔，\n黑焰习武修士们穿戴的防具。\n\n他们对狩猎神祇的黑焰为之倾倒，\n因此舍弃监视者身分，转为叛徒。\n所谓的禁忌，是难以抗拒的诱惑。
351100,黑焰习武修士铠甲,1,0,[0|0|0],606130,0,21,21,100,0.024,1150,0,100,11.8,-1,-1,-1,7000,1,-0.4,-1,-1,-1,-1,-1,-1,-1,-1,-1,-1,-1,-1,-1,-1,-1,-1,1,1,1,1,1,1,1,1,-1,1825,13511,13511,0,0,0,0,[0|0],0,0,0,0,0,0,0,0,32,32,55,32,0,-1,-1,1,0,2,4,1,1,70,0,[0|0],1,0,1,0,0,0,0,0,0,-1,-1,0,1,1,0,0,1,2,0,0.865,0.854,0.886,0.871,0.898,0.87,0.92,109,50,113,50,113,139,139,139,-1,1,0,0.898,0,0,0,0,0,0,0,0,0,0,0,0,0,0,0,0,0,0,0,0,0,0,0,0,0,0,0,0,0,0,0,0,0,0,0,0,[0|0|0|0],0,55,0,0,0,0,0,1,1,1,1,1,0,0,0,0,0,0,0,0,0,1,1,1,0,0,0,0,0,0,0,0,0,0,0,0,0,0,0,0,0,0,0,1,1,1,0,1,1,1,1,0,1,1,0,1,1,1,1,1,1,1,0,0,0,0,0,0,1,1,1,0,0,0,0,1,0,0,0,1,0,0,0,0,0,0,0,0,0,0,0,0,0,0,0,0,0,0,[0|0|0|0|0|0|0|0|0|0|0|0|0|0],搭配灰色上衣的黑铁制铠甲。\n黑焰习武修士们的防具。\n\n他们对狩猎神祇的黑焰为之倾倒，\n因此舍弃监视者身分，转为叛徒。\n所谓的禁忌，是难以抗拒的诱惑。
351200,黑焰习武修士臂甲,1,0,[0|0|0],705160,0,7,7,0,0.005,1150,0,100,3.9,-1,-1,-1,7000,1.1,0,-1,-1,-1,-1,-1,-1,-1,-1,-1,-1,-1,-1,-1,-1,-1,-1,1,1,1,1,1,1,1,1,-1,1825,13512,13512,0,0,0,0,[0|0],0,0,0,0,0,0,0,0,11,11,18,11,0,-1,-1,1,0,1,4,2,1,60,0,[0|0],1,0,0,1,0,0,0,0,0,-1,-1,0,1,1,0,0,1,2,0,0.967,0.964,0.972,0.968,0.975,0.968,0.981,109,50,106,50,106,139,139,139,-1,1,0,0.975,0,0,0,0,0,0,0,0,0,0,0,0,0,0,0,0,0,0,0,0,0,0,0,0,0,0,0,0,0,0,0,0,0,0,0,0,[0|0|0|0],0,18,0,0,0,0,0,0,0,0,0,0,1,1,0,1,0,0,0,0,1,0,0,0,0,0,1,0,1,0,1,1,0,1,0,0,0,0,0,0,0,0,0,0,0,0,0,0,0,0,0,0,0,0,0,0,0,0,0,0,0,0,0,0,0,0,0,0,0,0,0,0,0,0,0,0,0,0,0,0,0,0,0,0,0,0,0,0,0,0,0,0,0,0,0,0,0,0,[0|0|0|0|0|0|0|0|0|0|0|0|0|0],以火纹形象制成的黑铁制臂甲。\n黑焰习武修士们穿戴的防具。\n\n他们对狩猎神祇的黑焰为之倾倒，\n因此舍弃监视者身分，转为叛徒。\n所谓的禁忌，是难以抗拒的诱惑。
351300,黑焰习武修士腿甲,1,0,[0|0|0],805150,0,13,13,0,0.014,1250,0,100,7.3,-1,-1,-1,7000,1.1,0,-1,-1,-1,-1,-1,-1,-1,-1,-1,-1,-1,-1,-1,-1,-1,-1,1,1,1,1,1,1,1,1,-1,1825,13513,13513,0,0,0,0,[0|0],0,0,0,0,0,0,0,0,20,20,34,20,0,-1,-1,1,0,6,4,3,1,60,0,[0|0],1,0,0,0,1,0,0,0,0,-1,-1,0,1,1,0,0,1,2,0,0.923,0.916,0.935,0.926,0.942,0.926,0.955,109,50,108,50,108,139,139,139,111,1,0,0.942,0,0,0,0,0,0,0,0,0,0,0,0,0,0,0,0,0,0,0,0,0,0,0,0,0,0,0,0,0,0,0,0,0,0,0,0,[0|0|0|0],0,34,0,0,0,0,0,0,0,0,0,0,0,0,1,0,1,1,1,0,0,1,0,0,0,0,0,0,0,0,0,0,0,0,0,0,0,0,0,0,0,0,0,0,0,0,0,0,0,0,0,0,0,0,0,0,0,0,0,0,0,0,0,0,0,0,0,0,0,0,0,0,0,0,1,0,0,0,0,0,0,0,0,0,0,0,0,0,0,0,0,0,0,0,0,0,0,0,[0|0|0|0|0|0|0|0|0|0|0|0|0|0],以火纹形象制成的黑铁制腿甲。\n黑焰习武修士们穿戴的防具。\n\n他们对狩猎神祇的黑焰为之倾倒，\n因此舍弃监视者身分，转为叛徒。\n所谓的禁忌，是难以抗拒的诱惑。
360000,火焰主教头盔,1,0,[0|0|0],510040,0,39,39,0,0.014,1050,0,500,10.6,-1,-1,-1,7000,1.5,0,-1,-1,-1,-1,-1,-1,-1,-1,-1,-1,-1,-1,-1,-1,-1,-1,1,1,1,1,1,1,1,1,-1,1830,13520,13520,0,0,0,0,[0|0],0,0,0,0,0,0,0,0,29,29,27,22,0,-1,-1,1,0,5,4,0,2,110,0,[0|0],1,1,0,0,0,1,0,0,0,-1,-1,0,1,1,0,0,1,2,0,0.93,0.933,0.939,0.933,0.952,0.928,0.954,109,110,106,110,106,139,139,139,-1,1,0,0.953,0,0,0,0,0,0,0,0,0,0,0,0,0,0,0,0,0,0,0,0,0,0,0,0,0,0,0,0,0,0,0,0,0,0,0,0,[0|0|0|0],0,27,1,1,1,1,1,0,0,0,0,0,0,0,0,0,0,0,0,1,0,0,0,0,0,0,0,0,0,0,0,0,0,0,1,0,1,0,0,1,0,0,0,0,0,0,0,0,0,0,0,0,0,0,0,0,0,0,0,0,0,0,1,1,1,1,1,1,1,1,1,1,0,0,0,0,0,1,1,0,1,1,1,0,0,0,0,0,0,0,0,0,0,0,0,0,0,1,[0|0|0|0|0|0|0|0|0|0|0|0|0|0],有着头顶火杯的尊容头盔。\n火焰习武修士们的领导者，\n主教穿戴的防具。\n\n据说头顶的火杯原本有放置火种，\n当虔诚的心到达颠峰时，会冒出滚烫火焰。\n只是那景象已经难以重现。
360100,火焰主教铠甲,1,0,[0|0|0],610040,0,90,90,100,0.045,1150,0,500,24.7,-1,-1,-1,7000,1,-0.4,-1,-1,-1,-1,-1,-1,-1,-1,-1,-1,-1,-1,-1,-1,-1,-1,1,1,1,1,1,1,1,1,-1,1830,13521,13521,0,0,0,0,[0|0],0,0,0,0,0,0,0,0,67,67,63,50,0,-1,-1,1,0,2,4,1,2,110,0,[0|0],1,0,1,0,0,0,0,0,0,-1,-1,0,1,1,0,0,1,2,0,0.808,0.817,0.83,0.817,0.865,0.802,0.87,109,50,144,50,144,139,139,139,-1,1,0,0.867,0,0,0,0,0,0,0,0,0,0,0,0,0,0,0,0,0,0,0,0,0,0,0,0,0,0,0,0,0,0,0,0,0,0,0,1,[0|0|0|0],0,63,0,0,0,0,0,1,1,1,1,1,1,0,0,0,0,0,0,0,0,1,1,1,0,0,0,0,0,0,0,0,0,0,0,0,0,0,0,0,0,0,1,1,0,1,1,0,1,1,0,1,1,0,1,0,1,1,1,0,1,0,0,0,0,0,0,0,1,0,1,1,1,0,0,1,0,0,0,1,0,0,0,1,1,1,1,1,1,1,1,1,1,1,1,1,1,0,[0|0|0|0|0|0|0|0|0|0|0|0|0|0],搭配鲜红上衣的黑铁制铠甲。\n火焰习武修士们的领导者，\n主教穿戴的防具。\n\n身躯庞大的模样是担下火焰监视者，\n此一重责大任的象征。\n\n　将我等形如盘石的模样，牢记心底了。
360200,火焰主教臂甲,1,0,[0|0|0],709030,0,30,30,0,0.01,1150,0,500,8.2,-1,-1,-1,7000,1.1,0,-1,-1,-1,-1,-1,-1,-1,-1,-1,-1,-1,-1,-1,-1,-1,-1,1,1,1,1,1,1,1,1,-1,1830,13522,13522,0,0,0,0,[0|0],0,0,0,0,0,0,0,0,22,22,21,17,0,-1,-1,1,0,1,4,2,1,100,0,[0|0],1,0,0,1,0,0,0,0,0,-1,-1,0,1,1,0,0,1,2,0,0.951,0.954,0.957,0.954,0.967,0.95,0.968,109,50,106,50,106,139,139,139,-1,1,0,0.967,0,0,0,0,0,0,0,0,0,0,0,0,0,0,0,0,0,0,0,0,0,0,0,0,0,0,0,0,0,0,0,0,0,0,0,0,[0|0|0|0],0,21,0,0,0,0,0,0,0,0,0,0,1,1,0,1,0,0,0,0,1,0,0,0,0,0,1,0,1,0,1,1,0,1,0,0,0,0,0,0,0,0,0,0,0,0,0,0,0,0,0,0,0,0,0,0,0,0,0,0,0,0,0,0,0,0,0,0,0,0,0,0,0,0,0,0,0,0,0,0,0,0,0,0,0,0,0,0,0,0,0,0,0,0,0,0,0,0,[0|0|0|0|0|0|0|0|0|0|0|0|0|0],以火纹形象制成的黑铁制臂甲。\n火焰习武修士们的领导者，\n主教穿戴的防具。\n\n身躯庞大的模样是担下火焰监视者，\n此一重责大任的象征。\n\n　将我等形如盘石的模样，牢记心底了。
360300,火焰主教腿甲,1,0,[0|0|0],809030,0,56,56,0,0.027,1250,0,500,15.3,-1,-1,-1,7000,1.1,0,-1,-1,-1,-1,-1,-1,-1,-1,-1,-1,-1,-1,-1,-1,-1,-1,1,1,1,1,1,1,1,1,-1,1830,13523,13523,0,0,0,0,[0|0],0,0,0,0,0,0,0,0,41,41,39,31,0,-1,-1,1,0,6,4,3,1,100,0,[0|0],1,0,0,0,1,0,0,0,0,-1,-1,0,1,1,0,0,1,2,0,0.889,0.894,0.902,0.894,0.923,0.885,0.926,109,50,106,50,106,139,139,139,111,1,0,0.924,0,0,0,0,0,0,0,0,0,0,0,0,0,0,0,0,0,0,0,0,0,0,0,0,0,0,0,0,0,0,0,0,0,0,0,0,[0|0|0|0],0,39,0,0,0,0,0,0,0,0,0,0,0,0,1,0,1,1,1,0,0,1,0,0,0,0,0,0,0,0,0,0,0,0,0,0,0,0,0,0,0,0,0,0,0,0,0,0,0,0,0,0,0,0,0,0,0,0,0,0,0,0,0,0,0,0,0,0,0,0,0,0,0,0,1,0,0,0,0,0,0,0,0,0,0,0,0,0,0,0,0,0,0,0,0,0,0,0,[0|0|0|0|0|0|0|0|0|0|0|0|0|0],以火纹形象制成的黑铁制腿甲。\n火焰习武修士们的领导者，\n主教穿戴的防具。\n\n身躯庞大的模样是担下火焰监视者，\n此一重责大任的象征。\n\n　将我等形如盘石的模样，牢记心底了。
361100,火焰主教铠甲（轻装）,1,0,[0|0|0],610050,0,75,75,100,0.043,1150,0,500,23.6,-1,-1,-1,7000,1,-0.4,-1,-1,-1,-1,-1,-1,-1,-1,-1,-1,-1,-1,-1,-1,-1,-1,1,1,1,1,1,1,1,1,-1,1831,13531,13531,0,0,0,0,[0|0],0,0,0,0,0,0,0,0,57,57,54,42,0,-1,-1,1,0,2,4,1,2,110,0,[0|0],1,0,1,0,0,0,0,0,0,-1,-1,0,1,1,0,0,1,2,0,0.813,0.825,0.837,0.825,0.867,0.817,0.872,109,50,106,50,106,139,139,139,-1,1,0,0.87,0,0,0,0,0,0,0,0,0,0,0,0,0,0,0,0,0,0,0,0,0,0,0,0,0,0,0,0,0,0,0,0,0,0,0,1,[0|0|0|0],0,54,0,0,0,0,0,1,1,1,1,1,1,0,0,0,0,0,0,0,0,1,1,1,0,0,0,0,0,0,0,0,0,0,0,0,0,0,0,0,0,0,1,1,0,1,1,0,1,1,0,1,1,0,1,0,1,1,1,0,1,0,0,0,0,0,0,0,1,0,1,1,1,0,0,1,0,0,0,1,0,0,0,1,1,1,1,1,1,1,1,1,1,1,1,1,1,0,[0|0|0|0|0|0|0|0|0|0|0|0|0|0],黑铁制的铠甲。\n火焰习武修士们的领导者，\n主教穿戴的防具。\n\n身躯庞大的模样是担下火焰监视者，\n此一重责大任的象征。\n\n　将我等形如盘石的模样，牢记心底了。
370000,权贵头带,1,0,[0|0|0],500020,0,25,25,0,0.002,1050,0,1000,1.2,-1,-1,-1,7000,1.5,0,-1,-1,-1,-1,-1,-1,-1,-1,-1,-1,-1,-1,-1,-1,-1,-1,1,1,1,1,1,1,1,1,-1,1860,13540,13540,0,0,0,0,[0|0],0,0,0,0,0,0,0,0,15,15,10,22,0,-1,-1,1,0,5,4,0,1,10,0,[0|0],1,1,0,0,0,1,0,0,0,-1,-1,0,1,1,0,0,1,2,0,0.981,0.981,0.981,0.984,0.96,0.964,0.962,109,110,109,110,139,139,139,139,-1,1,0,0.96,0,0,0,0,0,0,0,0,0,0,0,0,0,0,0,0,0,0,0,0,0,0,0,0,0,0,0,0,0,0,0,0,0,0,0,0,[0|0|0|0],0,10,0,0,0,0,0,0,0,0,0,0,0,0,0,0,0,0,0,0,0,0,0,0,0,1,0,0,0,0,0,0,0,0,0,1,0,0,0,1,0,0,0,0,0,0,0,0,0,0,0,0,0,0,0,0,0,0,0,0,0,0,1,1,0,0,1,1,0,0,0,0,0,0,0,0,0,1,0,0,0,0,0,0,0,0,0,0,0,0,0,0,0,0,0,0,0,0,[0|0|0|0|0|0|0|0|0|0|0|0|0|0],缀以黄金雕饰的昂贵头带。\n王城的权贵们的旅行服装。\n\n他们在破碎战争后舍弃了故乡，\n最后变成四处徘徊的长生者，\n活在只剩下不死的长生不老之中。
370100,权贵上衣,1,0,[0|0|0],600060,0,36,36,100,0.012,1150,0,10,4.9,-1,-1,-1,7000,1,-0.4,-1,-1,-1,-1,-1,-1,-1,-1,-1,-1,-1,-1,-1,-1,-1,-1,1,1,1,1,1,1,1,1,-1,1860,13541,13541,0,0,0,0,[0|0],0,0,0,0,0,0,0,0,47,47,33,30,0,-1,-1,1,0,2,3,1,1,10,0,[0|0],1,0,1,0,0,0,0,0,0,-1,-1,0,1,1,0,0,1,2,0,0.922,0.922,0.914,0.922,0.935,0.931,0.922,109,50,113,50,113,139,139,139,-1,1,0,0.935,0,0,0,0,0,0,0,0,0,0,0,0,0,0,0,0,0,0,0,0,0,0,0,0,0,0,0,0,0,0,0,0,0,0,0,0,[0|0|0|0],0,33,0,0,0,0,0,1,1,1,1,1,1,0,0,0,0,0,0,0,0,1,1,1,0,0,0,0,0,0,0,0,0,0,0,0,0,0,0,0,0,0,1,0,1,1,0,1,1,1,0,1,1,1,0,0,1,1,1,1,0,1,0,0,0,0,0,0,1,1,0,1,0,0,0,1,0,0,0,1,0,0,0,1,1,1,1,1,1,1,1,1,1,1,1,1,1,0,[0|0|0|0|0|0|0|0|0|0|0|0|0|0],缀以细致金色刺绣的优质上衣。\n王城的权贵们的旅行服装。\n受损、褪色得非常严重。\n\n他们在破碎战争后舍弃了故乡，\n最后变成四处徘徊的长生者，\n活在只剩下不死的长生不老之中。
370300,权贵靴子,1,0,[0|0|0],800030,0,23,23,0,0.007,1250,0,10,2.9,-1,-1,-1,7000,1.1,0,-1,-1,-1,-1,-1,-1,-1,-1,-1,-1,-1,-1,-1,-1,-1,-1,1,1,1,1,1,1,1,1,-1,1860,13543,13543,0,0,0,0,[0|0],0,0,0,0,0,0,0,0,29,29,21,19,0,-1,-1,1,0,6,4,3,1,10,0,[0|0],1,0,0,0,1,0,0,0,0,-1,-1,0,1,1,0,0,1,2,0,0.957,0.957,0.952,0.957,0.964,0.962,0.957,109,50,108,50,108,139,139,139,111,1,0,0.964,0,0,0,0,0,0,0,0,0,0,0,0,0,0,0,0,0,0,0,0,0,0,0,0,0,0,0,0,0,0,0,0,0,0,0,0,[0|0|0|0],0,21,0,0,0,0,0,0,0,0,0,0,0,0,1,0,1,1,1,0,0,1,0,0,0,0,0,0,0,0,0,0,0,0,0,0,0,0,0,0,0,0,0,0,0,0,0,0,0,0,0,0,0,0,0,0,0,0,0,0,0,0,0,0,0,0,0,0,0,0,0,0,0,0,1,0,0,0,0,0,0,0,0,0,0,0,0,0,0,0,0,0,0,0,0,0,0,0,[0|0|0|0|0|0|0|0|0|0|0|0|0|0],用皮革鞣制而成的靴子。\n王城的权贵们的旅行服装。\n\n他们在破碎战争后舍弃了故乡，\n最后变成四处徘徊的长生者，\n活在只剩下不死的长生不老之中。
371100,权贵上衣（轻装）,1,0,[0|0|0],600070,0,32,32,100,0.01,1150,0,10,4.1,-1,-1,-1,7000,1,-0.4,-1,-1,-1,-1,-1,-1,-1,-1,-1,-1,-1,-1,-1,-1,-1,-1,1,1,1,1,1,1,1,1,-1,1861,13551,13551,0,0,0,0,[0|0],0,0,0,0,0,0,0,0,42,42,29,25,0,-1,-1,1,0,2,3,1,1,10,0,[0|0],1,0,1,0,0,0,0,0,0,-1,-1,0,1,1,0,0,1,2,0,0.929,0.929,0.92,0.929,0.939,0.933,0.929,109,50,108,50,108,139,139,139,-1,1,0,0.939,0,0,0,0,0,0,0,0,0,0,0,0,0,0,0,0,0,0,0,0,0,0,0,0,0,0,0,0,0,0,0,0,0,0,0,0,[0|0|0|0],0,29,0,0,0,0,0,1,1,1,1,1,1,0,0,0,0,0,0,0,0,1,1,1,0,0,0,0,0,0,0,0,0,0,0,0,0,0,0,0,0,0,1,0,1,1,0,1,0,1,1,1,1,1,0,0,1,1,1,1,0,1,0,0,0,0,0,0,0,1,1,1,0,0,0,1,0,0,0,1,0,0,0,0,0,0,0,0,0,0,0,0,0,0,0,0,0,0,[0|0|0|0|0|0|0|0|0|0|0|0|0|0],缀以细致金色刺绣的优质上衣。\n王城的权贵们的旅行服装。\n受损、褪色得非常严重。\n\n他们在破碎战争后舍弃了故乡，\n最后变成四处徘徊的长生者，\n活在只剩下不死的长生不老之中。
380000,权贵帽子,1,0,[0|0|0],500030,0,18,18,0,0.004,1050,0,10,3,-1,-1,-1,7000,1.5,0,-1,-1,-1,-1,-1,-1,-1,-1,-1,-1,-1,-1,-1,-1,-1,-1,1,1,1,1,1,1,1,1,-1,1870,13560,13560,0,0,0,0,[0|0],0,0,0,0,0,0,0,0,22,22,14,20,0,-1,-1,1,0,5,4,0,1,10,0,[0|0],1,1,0,0,0,1,0,0,0,-1,-1,0,1,1,0,0,1,2,0,0.969,0.972,0.969,0.969,0.962,0.96,0.962,109,110,109,110,139,139,139,139,-1,1,0,0.969,0,0,0,0,0,0,0,0,0,0,0,0,0,0,0,0,0,0,0,0,0,0,0,0,0,0,0,0,0,0,0,0,0,0,0,0,[0|0|0|0],0,14,0,0,0,0,0,0,0,0,0,0,0,0,0,0,0,0,0,0,0,0,0,0,0,1,0,0,0,0,0,0,0,0,0,1,0,0,0,1,0,0,0,0,0,0,0,0,0,0,0,0,0,0,0,0,0,0,0,0,0,0,1,0,0,1,1,1,0,0,0,0,0,0,0,0,0,1,0,0,0,0,0,0,0,0,0,0,0,0,0,0,0,0,0,0,0,0,[0|0|0|0|0|0|0|0|0|0|0|0|0|0],用稀疏羽毛装饰的皮革帽子。\n王城的权贵们的旅行服装。\n先人挤身骑士之列的家族持有的物品。\n\n他们在破碎战争后舍弃了故乡，\n最后变成四处徘徊的长生者，\n活在只剩下不死的长生不老之中。
380100,权贵大衣,1,0,[0|0|0],600080,0,42,42,100,0.013,1150,0,10,7.1,-1,-1,-1,7000,1,-0.4,-1,-1,-1,-1,-1,-1,-1,-1,-1,-1,-1,-1,-1,-1,-1,-1,1,1,1,1,1,1,1,1,-1,1870,13561,13561,0,0,0,0,[0|0],0,0,0,0,0,0,0,0,50,50,32,46,0,-1,-1,1,0,2,4,1,1,10,0,[0|0],1,0,1,0,0,0,0,0,0,-1,-1,0,1,1,0,0,1,2,0,0.912,0.92,0.912,0.912,0.891,0.886,0.891,109,50,108,50,108,139,139,139,-1,1,0,0.912,0,0,0,0,0,0,0,0,0,0,0,0,0,0,0,0,0,0,0,0,0,0,0,0,0,0,0,0,0,0,0,0,0,0,0,0,[0|0|0|0],0,32,0,0,0,0,0,1,1,1,1,1,0,0,0,0,0,0,0,0,0,1,0,1,0,0,0,0,0,0,0,0,0,0,0,0,0,0,0,0,0,0,1,1,0,1,1,0,1,0,1,1,1,1,0,1,0,1,1,1,0,1,0,0,0,0,0,0,0,1,1,1,1,0,0,1,0,0,0,1,0,0,0,0,0,0,0,0,0,0,0,0,0,0,0,0,0,0,[0|0|0|0|0|0|0|0|0|0|0|0|0|0],缀以细致金色刺绣的皮革大衣。\n王城的权贵们的旅行服装。\n先人挤身骑士之列的家族持有的物品。\n\n他们在破碎战争后舍弃了故乡，\n最后变成四处徘徊的长生者，\n活在只剩下不死的长生不老之中。
390000,年迈权贵头巾,1,0,[0|0|0],500040,0,15,15,0,0.003,1050,0,10,2.2,-1,-1,-1,7000,1.5,0,-1,-1,-1,-1,-1,-1,-1,-1,-1,-1,-1,-1,-1,-1,-1,-1,1,1,1,1,1,1,1,1,-1,1880,13570,13570,0,0,0,0,[0|0],0,0,0,0,0,0,0,0,18,18,11,16,0,-1,-1,1,0,5,4,0,1,10,0,[0|0],1,1,0,0,0,1,0,0,0,-1,-1,0,1,1,0,0,1,2,0,0.975,0.977,0.975,0.975,0.966,0.964,0.966,109,110,113,110,113,139,139,139,-1,1,0,0.975,0,0,0,0,0,0,0,0,0,0,0,0,0,0,0,0,0,0,0,0,0,0,0,0,0,0,0,0,0,0,0,0,0,0,0,0,[0|0|0|0],0,11,0,0,0,0,0,0,0,0,0,0,0,0,0,0,0,0,0,0,0,0,0,0,0,0,0,0,0,0,0,0,0,0,0,1,1,0,0,1,0,0,0,0,0,0,0,0,0,0,0,0,0,0,0,0,0,0,0,0,0,0,1,1,0,1,1,1,0,0,0,0,0,0,0,0,0,1,1,0,0,0,0,0,0,0,0,0,0,0,0,0,0,0,0,0,0,1,[0|0|0|0|0|0|0|0|0|0|0|0|0|0],用柔软布料制作的头巾。\n王城的权贵们的旅行服装。\n常见于年长者穿戴。\n\n他们在破碎战争后舍弃了故乡，\n最后变成四处徘徊的长生者，\n活在只剩下不死的长生不老之中。
390100,年迈权贵长袍,1,0,[0|0|0],600090,0,35,35,100,0.01,1150,0,10,5.1,-1,-1,-1,7000,1,-0.4,-1,-1,-1,-1,-1,-1,-1,-1,-1,-1,-1,-1,-1,-1,-1,-1,1,1,1,1,1,1,1,1,-1,1880,13571,13571,0,0,0,0,[0|0],0,0,0,0,0,0,0,0,42,42,25,38,0,-1,-1,1,0,2,4,1,1,10,0,[0|0],1,0,1,0,0,0,0,0,0,-1,-1,0,1,1,0,0,1,2,0,0.929,0.933,0.929,0.929,0.905,0.898,0.905,109,50,113,50,113,139,139,139,-1,1,0,0.929,0,0,0,0,0,0,0,0,0,0,0,0,0,0,0,0,0,0,0,0,0,0,0,0,0,0,0,0,0,0,0,0,0,0,0,0,[0|0|0|0],0,25,0,0,0,0,0,1,1,1,1,0,0,0,0,0,0,0,0,0,0,1,1,1,0,0,0,0,0,0,0,0,0,0,0,0,0,0,0,0,0,0,1,0,1,1,0,1,0,1,1,1,1,1,0,1,0,1,1,1,0,1,0,0,0,0,0,0,0,1,1,1,0,0,0,1,0,0,0,1,0,0,0,0,0,0,0,0,0,0,0,0,0,0,0,0,0,0,[0|0|0|0|0|0|0|0|0|0|0|0|0|0],缀以细致金色刺绣的柔软长袍。\n王城的权贵们的旅行服装。\n常见于年长者穿戴。\n\n他们在破碎战争后舍弃了故乡，\n最后变成四处徘徊的长生者，\n活在只剩下不死的长生不老之中。
390300,年迈权贵短靴,1,0,[0|0|0],800040,0,17,17,0,0.002,1250,0,10,2,-1,-1,-1,7000,1.1,0,-1,-1,-1,-1,-1,-1,-1,-1,-1,-1,-1,-1,-1,-1,-1,-1,1,1,1,1,1,1,1,1,-1,1880,13573,13573,0,0,0,0,[0|0],0,0,0,0,0,0,0,0,22,22,15,20,0,-1,-1,1,0,6,3,3,1,10,0,[0|0],1,0,0,0,1,0,0,0,0,-1,-1,0,1,1,0,0,1,2,0,0.966,0.97,0.966,0.966,0.955,0.95,0.955,109,50,108,50,108,139,139,139,111,1,0,0.966,0,0,0,0,0,0,0,0,0,0,0,0,0,0,0,0,0,0,0,0,0,0,0,0,0,0,0,0,0,0,0,0,0,0,0,0,[0|0|0|0],0,15,0,0,0,0,0,0,0,0,0,0,0,0,0,0,0,0,1,0,0,1,0,0,0,0,0,0,0,0,0,0,0,0,0,0,0,0,0,0,0,0,0,0,0,0,0,0,0,0,0,0,0,0,0,0,0,0,0,0,0,0,0,0,0,0,0,0,0,0,0,0,0,1,0,0,0,0,0,0,0,0,0,0,0,0,0,0,0,0,0,0,0,0,0,0,0,0,[0|0|0|0|0|0|0|0|0|0|0|0|0|0],作工坚固，皮革制的短靴。\n王城的权贵们的旅行服装。\n常见于年长者穿戴。\n\n他们在破碎战争后舍弃了故乡，\n最后变成四处徘徊的长生者，\n活在只剩下不死的长生不老之中。
420000,恶兵头盔,1,0,[0|0|0],505060,0,23,23,0,0.006,1050,0,10,3.6,-1,-1,-1,7000,1.5,0,-1,-1,-1,-1,-1,-1,-1,-1,-1,-1,-1,-1,-1,-1,-1,-1,1,1,1,1,1,1,1,1,-1,1930,13600,13600,0,0,0,0,[0|0],0,0,0,0,0,0,0,0,31,31,16,23,0,-1,-1,1,0,5,4,0,1,60,0,[0|0],1,1,0,0,0,1,0,0,0,-1,-1,0,1,1,0,0,1,2,0,0.966,0.964,0.962,0.969,0.962,0.962,0.96,109,110,108,110,108,139,139,139,-1,1,0,0.962,0,0,0,0,0,0,0,0,0,0,0,0,0,0,0,0,0,0,0,0,0,0,0,0,0,0,0,0,0,0,0,0,0,0,0,0,[0|0|0|0],0,16,0,0,0,1,1,0,0,0,0,0,0,0,0,0,0,0,0,1,0,0,0,0,0,1,0,0,0,0,0,0,0,0,0,1,0,0,0,1,0,0,0,0,0,0,0,0,0,0,0,0,0,0,0,0,0,0,0,0,0,0,1,1,1,1,1,1,1,1,1,1,0,0,0,0,0,1,1,0,1,1,0,0,0,0,0,0,0,0,0,0,0,0,0,0,0,0,[0|0|0|0|0|0|0|0|0|0|0|0|0|0],体型娇小的恶兵们穿戴的骯脏头盔。\n\n为了让自己的身形看起来更大，\n头顶被改造得更为细长。
420100,恶兵铠甲,1,0,[0|0|0],604070,0,50,50,100,0.016,1150,0,10,7.7,-1,-1,-1,7000,1,-0.4,-1,-1,-1,-1,-1,-1,-1,-1,-1,-1,-1,-1,-1,-1,-1,-1,1,1,1,1,1,1,1,1,-1,1930,13601,13601,0,0,0,0,[0|0],0,0,0,0,0,0,0,0,67,67,35,50,0,-1,-1,1,0,2,4,1,1,50,0,[0|0],1,0,1,0,0,0,0,0,0,-1,-1,0,1,1,0,0,1,2,0,0.912,0.905,0.898,0.92,0.898,0.898,0.891,109,50,108,50,108,139,139,139,-1,1,0,0.898,0,0,0,0,0,0,0,0,0,0,0,0,0,0,0,0,0,0,0,0,0,0,0,0,0,0,0,0,0,0,0,0,0,0,0,0,[0|0|0|0],0,35,0,0,0,0,0,1,1,1,1,1,1,0,0,0,0,0,0,0,0,1,1,1,0,0,0,0,0,0,0,0,0,0,0,0,0,0,0,0,0,0,1,1,0,1,1,0,1,1,0,1,1,1,0,0,1,1,1,1,0,1,1,0,0,0,0,0,1,0,1,1,1,0,0,1,0,0,0,1,0,0,0,0,0,0,0,0,0,0,0,0,0,0,0,0,0,0,[0|0|0|0|0|0|0|0|0|0|0|0|0|0],体型娇小的恶兵们穿戴的骯脏铠甲。\n\n没有人会主动靠近、散发恶臭的战场遗迹，\n或是该被遗忘的禁域──\n恶兵是保护这类地方，无从得到名誉的守卫。
420200,恶兵臂甲,1,0,[0|0|0],704020,0,14,14,0,0.003,1150,0,10,2.1,-1,-1,-1,7000,1.1,0,-1,-1,-1,-1,-1,-1,-1,-1,-1,-1,-1,-1,-1,-1,-1,-1,1,1,1,1,1,1,1,1,-1,1930,13602,13602,0,0,0,0,[0|0],0,0,0,0,0,0,0,0,20,20,9,14,0,-1,-1,1,0,1,4,2,1,50,0,[0|0],1,0,0,1,0,0,0,0,0,-1,-1,0,1,1,0,0,1,2,0,0.983,0.981,0.979,0.984,0.979,0.979,0.977,109,50,108,50,108,139,139,139,-1,1,0,0.979,0,0,0,0,0,0,0,0,0,0,0,0,0,0,0,0,0,0,0,0,0,0,0,0,0,0,0,0,0,0,0,0,0,0,0,0,[0|0|0|0],0,9,0,0,0,0,0,0,0,0,0,0,0,1,0,1,0,0,0,0,1,0,0,0,0,0,1,1,0,0,1,1,0,1,0,0,0,0,0,0,0,0,0,0,0,0,0,0,0,0,0,0,0,0,0,0,0,0,0,0,0,0,0,0,0,0,0,0,0,0,0,0,0,0,0,0,0,0,0,0,0,0,0,0,0,0,0,0,0,0,0,0,0,0,0,0,0,0,[0|0|0|0|0|0|0|0|0|0|0|0|0|0],体型娇小的恶兵们穿戴的骯脏臂甲。\n\n没有人会主动靠近、散发恶臭的战场遗迹，\n或是该被遗忘的禁域──\n恶兵是保护这类地方，无从得到名誉的守卫。
420300,恶兵腿甲,1,0,[0|0|0],804010,0,34,34,0,0.01,1250,0,10,5.1,-1,-1,-1,7000,1.1,0,-1,-1,-1,-1,-1,-1,-1,-1,-1,-1,-1,-1,-1,-1,-1,-1,1,1,1,1,1,1,1,1,-1,1930,13603,13603,0,0,0,0,[0|0],0,0,0,0,0,0,0,0,44,44,24,34,0,-1,-1,1,0,6,4,3,1,50,0,[0|0],1,0,0,0,1,0,0,0,0,-1,-1,0,1,1,0,0,1,2,0,0.946,0.942,0.938,0.95,0.938,0.938,0.935,109,50,108,50,108,139,139,139,111,1,0,0.938,0,0,0,0,0,0,0,0,0,0,0,0,0,0,0,0,0,0,0,0,0,0,0,0,0,0,0,0,0,0,0,0,0,0,0,0,[0|0|0|0],0,24,0,0,0,0,0,0,0,0,0,0,0,0,1,0,1,1,1,0,0,1,0,0,0,0,0,0,0,0,0,0,0,0,0,0,0,0,0,0,0,0,0,0,0,0,0,0,0,0,0,0,0,0,0,0,0,0,0,0,0,0,0,0,0,0,0,0,0,0,0,0,0,0,1,0,0,0,0,0,0,0,0,0,0,0,0,0,0,0,0,0,0,0,0,0,0,0,[0|0|0|0|0|0|0|0|0|0|0|0|0|0],体型娇小的恶兵们穿戴的骯脏腿甲。\n\n没有人会主动靠近、散发恶臭的战场遗迹，\n或是该被遗忘的禁域──\n恶兵是保护这类地方，无从得到名誉的守卫。
430000,贤者风帽,1,0,[0|0|0],501220,0,31,31,0,0.003,1050,0,100,2.2,-1,-1,-1,7000,1.5,0,-1,-1,-1,-1,-1,-1,-1,-1,-1,-1,-1,-1,-1,-1,-1,-1,1,1,1,1,1,1,1,1,-1,1940,13610,13610,0,0,0,0,[0|0],0,0,0,0,0,0,0,0,16,16,10,33,0,-1,-1,1,0,5,4,0,1,20,0,[0|0],1,1,0,0,0,1,0,0,0,-1,-1,0,1,1,0,0,1,2,0,0.977,0.979,0.979,0.986,0.952,0.955,0.954,109,110,113,110,113,139,139,139,-1,1,0,0.952,0,0,0,0,0,0,0,0,0,0,0,0,0,0,0,0,0,0,0,0,0,0,0,0,0,0,0,0,0,0,0,0,0,0,0,0,[0|0|0|0],0,10,0,0,0,0,0,0,0,0,0,0,0,0,0,0,0,0,0,0,0,0,0,0,0,0,0,0,0,0,0,0,0,0,1,0,1,0,0,1,0,0,0,0,0,0,0,0,0,0,0,0,0,0,0,0,0,0,0,0,0,0,0,0,1,1,1,0,1,1,1,1,0,0,0,0,0,1,1,0,0,0,0,0,0,0,0,0,0,0,0,0,0,0,0,0,0,0,[0|0|0|0|0|0|0|0|0|0|0|0|0|0],深红色的尖顶风帽。\n为异端智者──贤者们的防具。\n\n也是被赶出城镇的证明。
430100,贤者长袍,1,0,[0|0|0],601290,0,71,71,100,0.008,1150,0,100,5.1,-1,-1,-1,7000,1,-0.4,-1,-1,-1,-1,-1,-1,-1,-1,-1,-1,-1,-1,-1,-1,-1,-1,1,1,1,1,1,1,1,1,-1,1940,13611,13611,0,0,0,0,[0|0],0,0,0,0,0,0,0,0,38,38,23,76,0,-1,-1,1,0,2,4,1,1,20,0,[0|0],1,0,1,0,0,0,0,0,0,-1,-1,0,1,1,0,0,1,2,0,0.933,0.939,0.939,0.958,0.865,0.874,0.87,109,50,113,50,113,139,139,139,-1,1,0,0.865,0,0,0,0,0,0,0,0,0,0,0,0,0,0,0,0,0,0,0,0,0,0,0,0,0,0,0,0,0,0,0,0,0,0,0,0,[0|0|0|0],0,23,0,0,0,0,0,0,1,1,1,0,0,0,0,0,0,0,0,0,0,1,1,1,0,0,0,0,0,0,0,0,0,0,0,0,0,0,0,0,0,0,1,1,1,0,0,1,1,1,0,1,1,1,0,1,1,1,1,1,1,1,0,0,0,0,0,0,1,1,1,0,1,0,0,1,0,0,0,1,0,0,0,0,0,0,0,0,0,0,0,0,0,0,0,0,0,0,[0|0|0|0|0|0|0|0|0|0|0|0|0|0],深红色的厚实长袍。\n为异端智者──贤者们的防具。\n\n也是被赶出城镇的证明。
430300,贤者长裤,1,0,[0|0|0],801130,0,39,39,0,0.004,1250,0,100,2.5,-1,-1,-1,7000,1.1,0,-1,-1,-1,-1,-1,-1,-1,-1,-1,-1,-1,-1,-1,-1,-1,-1,1,1,1,1,1,1,1,1,-1,1940,13613,13613,0,0,0,0,[0|0],0,0,0,0,0,0,0,0,22,22,13,41,0,-1,-1,1,0,6,4,3,1,20,0,[0|0],1,0,0,0,1,0,0,0,0,-1,-1,0,1,1,0,0,1,2,0,0.966,0.97,0.97,0.985,0.924,0.929,0.927,109,50,108,50,108,139,139,139,111,1,0,0.924,0,0,0,0,0,0,0,0,0,0,0,0,0,0,0,0,0,0,0,0,0,0,0,0,0,0,0,0,0,0,0,0,0,0,0,0,[0|0|0|0],0,13,0,0,0,0,0,0,0,0,0,0,0,0,1,0,1,1,1,0,0,1,0,0,0,0,0,0,0,0,0,0,0,0,0,0,0,0,0,0,0,0,0,0,0,0,0,0,0,0,0,0,0,0,0,0,0,0,0,0,0,0,0,0,0,0,0,0,0,0,0,0,0,0,1,0,0,0,0,0,0,0,0,0,0,0,0,0,0,0,0,0,0,0,0,0,0,0,[0|0|0|0|0|0|0|0|0|0|0|0|0|0],深红色的厚实长裤。\n为异端智者──贤者们的防具。\n\n也是被赶出城镇的证明。
440000,南瓜头盔,0,0,[0|0|0],510050,0,44,44,0,0.011,1050,0,100,12.3,6044000,-1,-1,7000,1.5,0,-1,-1,-1,-1,-1,-1,-1,-1,-1,-1,-1,-1,-1,-1,-1,-1,1,1,1,1,1,1,1,1,-1,1950,13620,13620,0,0,0,0,[0|0],0,0,0,0,0,0,0,0,27,27,42,18,0,-1,-1,1,0,5,4,0,2,110,0,[0|0],1,1,0,0,0,1,0,0,0,-1,-1,0,1,1,0,0,1,2,0,0.93,0.933,0.941,0.933,0.954,0.953,0.948,109,110,106,110,106,139,139,139,-1,1,0,0.955,0,0,0,0,0,0,0,0,0,0,0,0,0,0,0,0,0,0,0,0,0,0,0,0,0,0,0,0,0,0,0,0,0,0,0,0,[0|0|0|0],0,42,0,0,0,0,0,0,0,0,0,0,0,0,0,0,0,0,0,1,0,0,0,0,0,0,0,0,0,0,0,0,0,0,1,0,1,0,0,1,0,0,0,0,0,0,0,0,0,0,0,0,0,0,0,0,0,0,0,0,0,0,0,0,1,1,1,0,1,1,1,1,0,0,0,0,0,1,0,0,1,1,0,0,0,0,0,0,0,0,0,0,0,0,0,0,0,1,[0|0|0|0|0|0|0|0|0|0|0|0|0|0],完全覆盖头部的椭圆形头盔。\n非常地重，也非常地坚硬。\n\n能减少头部射击造成的损伤与冲击。\n\n戴上头盔后一片漆黑，\n能抑制发狂士兵的恐慌情绪。\n头的侧边预留一些空间，\n为的是消除穿戴时的压迫感。
460000,艾尔登之王头冠,1,0,[0|0|0],506220,0,0,0,0,0.005,1050,0,2000,3.6,-1,-1,-1,7000,1.5,0,-1,-1,-1,-1,-1,-1,-1,-1,-1,-1,-1,-1,-1,-1,-1,-1,1,1,1,1,1,1,1,1,-1,2000,13650,13650,0,0,0,0,[0|0],0,0,0,0,0,0,0,0,11,11,20,5,0,-1,-1,1,0,5,4,0,3,70,0,[0|0],1,1,0,0,0,1,0,0,0,-1,-1,0,1,1,0,0,1,2,0,0.962,0.964,0.966,0.96,0.975,0.964,0.979,109,110,109,110,139,139,139,139,-1,1,0,0.977,0,0,0,0,0,0,0,0,0,0,0,0,0,0,0,0,0,0,0,0,0,0,0,0,0,0,0,0,0,0,0,0,0,0,0,0,[0|0|0|0],0,20,0,0,0,0,0,0,0,0,0,0,0,0,0,0,0,0,0,0,0,0,0,0,0,0,0,0,0,0,0,0,0,0,0,1,1,0,0,1,0,0,0,0,0,0,0,0,0,0,0,0,0,0,0,0,0,0,0,0,0,0,1,1,1,1,1,1,1,1,1,1,0,0,0,0,0,1,0,0,0,0,0,0,0,0,0,0,0,0,0,0,0,0,0,0,0,1,[0|0|0|0|0|0|0|0|0|0|0|0|0|0],“初始艾尔登之王”葛孚雷的王冠。\n\n在黄金树之始，战争不断，\n因此葛孚雷也是战场之王。\n\n巨人战争时，葛孚雷与风暴王一对一交手……\n当劲敌消失之际，据说王的眼睛也随之褪色。
460100,艾尔登之王铠甲,1,0,[0|0|0],606190,0,18,18,100,0.019,1150,0,2000,9.2,-1,-1,-1,7000,1,-0.4,-1,-1,-1,-1,-1,-1,-1,-1,-1,-1,-1,-1,-1,-1,-1,-1,1,1,1,1,1,1,1,1,-1,2000,13651,13651,0,0,0,0,[0|0],0,0,0,0,0,0,0,0,32,32,55,21,0,-1,-1,1,0,2,4,1,3,70,0,[0|0],1,0,1,0,0,0,0,0,0,-1,-1,0,1,1,0,0,1,2,0,0.881,0.886,0.891,0.876,0.912,0.886,0.929,109,50,144,50,144,139,139,139,-1,1,0,0.92,0,0,0,0,0,0,0,0,0,0,0,0,0,0,0,0,0,0,0,0,0,0,0,0,0,0,0,0,0,0,0,0,0,0,0,0,[0|0|0|0],0,55,0,0,0,0,0,1,1,0,0,0,0,0,0,0,0,0,0,0,0,1,0,0,0,0,0,0,0,0,0,0,0,0,0,0,0,0,0,0,0,0,0,1,1,1,0,1,1,1,0,1,1,1,0,1,0,1,1,1,0,1,0,0,0,0,0,0,1,1,1,0,1,0,0,1,0,0,0,0,0,0,0,1,1,1,1,1,1,1,1,1,1,1,1,1,1,0,[0|0|0|0|0|0|0|0|0|0|0|0|0|0],“初始艾尔登之王”葛孚雷的铠甲。\n\n在黄金树之始，战争不断，\n因此葛孚雷也是战场之王。\n\n巨人战争时，葛孚雷与风暴王一对一交手……\n当劲敌消失之际，据说王的眼睛也随之褪色。
460200,艾尔登之王臂甲,1,0,[0|0|0],705200,0,6,6,0,0.004,1150,0,2000,3.1,-1,-1,-1,7000,1.1,0,-1,-1,-1,-1,-1,-1,-1,-1,-1,-1,-1,-1,-1,-1,-1,-1,1,1,1,1,1,1,1,1,-1,2000,13652,13652,0,0,0,0,[0|0],0,0,0,0,0,0,0,0,11,11,18,7,0,-1,-1,1,0,1,4,2,3,60,0,[0|0],1,0,0,1,0,0,0,0,0,-1,-1,0,1,1,0,0,1,2,0,0.971,0.972,0.973,0.969,0.979,0.972,0.983,109,50,106,50,106,139,139,139,-1,1,0,0.981,0,0,0,0,0,0,0,0,0,0,0,0,0,0,0,0,0,0,0,0,0,0,0,0,0,0,0,0,0,0,0,0,0,0,0,0,[0|0|0|0],0,18,0,0,0,0,0,0,0,0,0,0,1,0,0,0,0,0,0,0,0,0,0,0,0,0,1,0,1,0,1,1,1,0,0,0,0,0,0,0,0,0,0,0,0,0,0,0,0,0,0,0,0,0,0,0,0,0,0,0,0,0,0,0,0,0,0,0,0,0,0,0,0,0,0,0,0,0,0,0,0,0,0,0,0,0,0,0,0,0,0,0,0,0,0,0,0,0,[0|0|0|0|0|0|0|0|0|0|0|0|0|0],“初始艾尔登之王”葛孚雷的臂甲。\n\n在黄金树之始，战争不断，\n因此葛孚雷也是战场之王。\n\n巨人战争时，葛孚雷与风暴王一对一交手……\n当劲敌消失之际，据说王的眼睛也随之褪色。
460300,艾尔登之王腿甲,1,0,[0|0|0],805190,0,7,7,0,0.01,1250,0,2000,5.5,-1,-1,-1,7000,1.1,0,-1,-1,-1,-1,-1,-1,-1,-1,-1,-1,-1,-1,-1,-1,-1,-1,1,1,1,1,1,1,1,1,-1,2000,13653,13653,0,0,0,0,[0|0],0,0,0,0,0,0,0,0,16,16,31,11,0,-1,-1,1,0,6,4,3,3,60,0,[0|0],1,0,0,0,1,0,0,0,0,-1,-1,0,1,1,0,0,1,2,0,0.935,0.938,0.942,0.932,0.955,0.938,0.962,109,50,108,50,108,139,139,139,111,1,0,0.96,0,0,0,0,0,0,0,0,0,0,0,0,0,0,0,0,0,0,0,0,0,0,0,0,0,0,0,0,0,0,0,0,0,0,0,0,[0|0|0|0],0,31,0,0,0,0,0,0,0,0,0,0,0,0,1,0,0,1,1,0,0,1,0,0,0,0,0,0,0,0,0,0,0,0,0,0,0,0,0,0,0,0,0,0,0,0,0,0,0,0,0,0,0,0,0,0,0,0,0,0,0,0,0,0,0,0,0,0,0,0,0,0,0,0,1,0,0,0,0,0,0,0,0,0,0,0,0,0,0,0,0,0,0,0,0,0,0,0,[0|0|0|0|0|0|0|0|0|0|0|0|0|0],“初始艾尔登之王”葛孚雷的腿甲。\n\n在黄金树之始，战争不断，\n因此葛孚雷也是战场之王。\n\n巨人战争时，葛孚雷与风暴王一对一交手……\n当劲敌消失之际，据说王的眼睛也随之褪色。
461100,艾尔登之王铠甲（轻装）,1,0,[0|0|0],606200,0,10,10,100,0.017,1150,0,2000,8.4,-1,-1,-1,7000,1,-0.4,-1,-1,-1,-1,-1,-1,-1,-1,-1,-1,-1,-1,-1,-1,-1,-1,1,1,1,1,1,1,1,1,-1,2001,13661,13661,0,0,0,0,[0|0],0,0,0,0,0,0,0,0,22,22,45,16,0,-1,-1,1,0,2,4,1,3,70,0,[0|0],1,0,1,0,0,0,0,0,0,-1,-1,0,1,1,0,0,1,2,0,0.889,0.894,0.901,0.884,0.923,0.894,0.936,109,50,144,50,144,139,139,139,-1,1,0,0.932,0,0,0,0,0,0,0,0,0,0,0,0,0,0,0,0,0,0,0,0,0,0,0,0,0,0,0,0,0,0,0,0,0,0,0,0,[0|0|0|0],0,45,0,0,0,0,0,1,1,0,0,0,0,0,0,0,0,0,0,0,0,1,0,0,0,0,0,0,0,0,0,0,0,0,0,0,0,0,0,0,0,0,0,1,1,1,0,1,1,1,0,1,1,1,0,1,0,1,1,1,0,1,0,0,0,0,0,0,1,1,1,0,0,0,0,1,0,0,0,0,0,0,0,0,0,0,0,0,0,0,0,0,0,0,0,0,0,0,[0|0|0|0|0|0|0|0|0|0|0|0|0|0],“初始艾尔登之王”葛孚雷的铠甲。\n\n在黄金树之始，战争不断，\n因此葛孚雷也是战场之王。\n\n巨人战争时，葛孚雷与风暴王一对一交手……\n当劲敌消失之际，据说王的眼睛也随之褪色。
470000,拉塔恩红发头盔,1,0,[0|0|0],509110,0,18,18,0,0.011,1050,0,2000,7.5,-1,-1,-1,7000,1.5,0,-1,-1,-1,-1,-1,-1,-1,-1,-1,-1,-1,-1,-1,-1,-1,-1,1,1,1,1,1,1,1,1,-1,2010,13670,13670,0,0,0,0,[0|0],0,0,0,0,0,0,0,0,26,26,42,16,0,-1,-1,1,0,5,4,0,3,100,0,[0|0],1,1,0,0,0,1,0,0,0,-1,-1,0,1,1,0,0,1,2,0,0.932,0.933,0.946,0.937,0.952,0.95,0.955,109,110,106,110,106,139,139,139,-1,1,0,0.952,0,0,0,0,0,0,0,0,0,0,0,0,0,0,0,0,0,0,0,0,0,0,0,0,0,0,0,0,0,0,0,0,0,0,0,0,[0|0|0|0],0,42,0,0,0,1,1,0,0,0,0,0,0,0,0,0,0,0,0,0,0,0,0,0,0,0,0,0,0,0,0,0,0,0,1,0,1,0,0,1,0,0,0,0,0,0,0,0,0,0,0,0,0,0,0,0,0,0,0,0,0,0,1,1,1,1,1,1,1,1,1,1,0,0,0,0,0,1,1,0,1,1,0,0,0,0,0,0,0,0,0,0,0,0,0,0,0,0,[0|0|0|0|0|0|0|0|0|0|0|0|0|0],红发飘扬的黄金狮子头盔。\n拉塔恩将军的防具。\n\n拉塔恩的火红头发继承自父亲拉达冈，\n他认为是英雄的象征，感到自豪。\n\n　我正是英雄之子，也是战王的狮子。
470100,拉塔恩狮子铠甲,1,0,[0|0|0],609170,0,42,42,100,0.034,1150,0,2000,17.5,-1,-1,-1,7000,1,-0.4,-1,-1,-1,-1,-1,-1,-1,-1,-1,-1,-1,-1,-1,-1,-1,-1,1,1,1,1,1,1,1,1,-1,2010,13671,13671,0,0,0,0,[0|0],0,0,0,0,0,0,0,0,60,60,99,38,0,-1,-1,1,0,2,4,1,3,100,0,[0|0],1,0,1,0,0,0,0,0,0,-1,-1,0,1,1,0,0,1,2,0,0.813,0.817,0.85,0.825,0.865,0.859,0.874,109,50,106,50,106,139,139,139,-1,1,0,0.865,0,0,0,0,0,0,0,0,0,0,0,0,0,0,0,0,0,0,0,0,0,0,0,0,0,0,0,0,0,0,0,0,0,0,0,0,[0|0|0|0],0,99,0,0,0,0,0,1,1,1,1,1,1,0,0,0,0,0,0,0,0,1,1,1,0,0,0,0,0,0,0,0,0,0,0,0,0,0,0,0,0,0,1,1,0,1,0,1,1,1,1,0,1,0,1,0,1,1,1,0,1,1,0,0,0,0,0,0,1,1,0,1,1,0,0,1,0,0,0,1,0,0,0,1,1,1,1,1,1,1,1,1,1,1,1,1,1,0,[0|0|0|0|0|0|0|0|0|0|0|0|0|0],参考黄金狮子的形象制成的铠甲。\n拉塔恩将军的防具。\n\n据说黄金狮子的由来，是来自“初始之王”葛孚雷\n以及他的“宰相野兽”瑟洛修。\n拉塔恩在年幼时期，就十分崇拜战王。
470200,拉塔恩臂甲,1,0,[0|0|0],708080,0,14,14,0,0.007,1150,0,2000,5.8,-1,-1,-1,7000,1.1,0,-1,-1,-1,-1,-1,-1,-1,-1,-1,-1,-1,-1,-1,-1,-1,-1,1,1,1,1,1,1,1,1,-1,2010,13672,13672,0,0,0,0,[0|0],0,0,0,0,0,0,0,0,20,20,33,13,0,-1,-1,1,0,1,4,2,3,90,0,[0|0],1,0,0,1,0,0,0,0,0,-1,-1,0,1,1,0,0,1,2,0,0.953,0.954,0.963,0.956,0.967,0.965,0.969,109,50,106,50,106,139,139,139,-1,1,0,0.967,0,0,0,0,0,0,0,0,0,0,0,0,0,0,0,0,0,0,0,0,0,0,0,0,0,0,0,0,0,0,0,0,0,0,0,0,[0|0|0|0],0,33,0,0,0,0,0,0,0,0,0,0,1,1,0,1,0,0,0,0,1,0,0,0,0,0,1,0,1,0,1,1,1,0,0,0,0,0,0,0,0,0,0,0,0,0,0,0,0,0,0,0,0,0,0,0,0,0,0,0,0,0,0,0,0,0,0,0,0,0,0,0,0,0,0,0,0,0,0,0,0,0,0,0,0,0,0,0,0,0,0,0,0,0,0,0,0,0,[0|0|0|0|0|0|0|0|0|0|0|0|0|0],参考黄金狮子的形象制成的臂甲。\n拉塔恩将军的防具。\n\n据说黄金狮子的由来，是来自“初始之王”葛孚雷\n以及他的“宰相野兽”瑟洛修。\n拉塔恩在年幼时期，就十分崇拜战王。
470300,拉塔恩腿甲,1,0,[0|0|0],808080,0,26,26,0,0.02,1250,0,2000,10.8,-1,-1,-1,7000,1.1,0,-1,-1,-1,-1,-1,-1,-1,-1,-1,-1,-1,-1,-1,-1,-1,-1,1,1,1,1,1,1,1,1,-1,2010,13673,13673,0,0,0,0,[0|0],0,0,0,0,0,0,0,0,37,37,61,24,0,-1,-1,1,0,6,4,3,3,90,0,[0|0],1,0,0,0,1,0,0,0,0,-1,-1,0,1,1,0,0,1,2,0,0.892,0.894,0.914,0.899,0.923,0.919,0.928,109,50,106,50,106,139,139,139,111,1,0,0.923,0,0,0,0,0,0,0,0,0,0,0,0,0,0,0,0,0,0,0,0,0,0,0,0,0,0,0,0,0,0,0,0,0,0,0,0,[0|0|0|0],0,61,0,0,0,0,0,0,0,0,0,0,0,0,1,0,1,1,1,0,0,1,0,0,0,0,0,0,0,0,0,0,0,0,0,0,0,0,0,0,0,0,0,0,0,0,0,0,0,0,0,0,0,0,0,0,0,0,0,0,0,0,0,0,0,0,0,0,0,0,0,0,0,0,1,0,0,0,0,0,0,0,0,0,0,0,0,0,0,0,0,0,0,0,0,0,0,0,[0|0|0|0|0|0|0|0|0|0|0|0|0|0],参考黄金狮子的形象制成的腿甲。\n拉塔恩将军的防具。\n\n据说黄金狮子的由来，是来自“初始之王”葛孚雷\n以及他的“宰相野兽”瑟洛修。\n拉塔恩在年幼时期，就十分崇拜战王。
471100,拉塔恩狮子铠甲（轻装）,1,0,[0|0|0],609180,0,34,34,100,0.033,1150,0,2000,16.4,-1,-1,-1,7000,1,-0.4,-1,-1,-1,-1,-1,-1,-1,-1,-1,-1,-1,-1,-1,-1,-1,-1,1,1,1,1,1,1,1,1,-1,2011,14701,14701,0,0,0,0,[0|0],0,0,0,0,0,0,0,0,52,52,82,32,0,-1,-1,1,0,2,4,1,3,100,0,[0|0],1,0,1,0,0,0,0,0,0,-1,-1,0,1,1,0,0,1,2,0,0.815,0.823,0.854,0.83,0.867,0.86,0.876,109,50,106,50,106,139,139,139,-1,1,0,0.867,0,0,0,0,0,0,0,0,0,0,0,0,0,0,0,0,0,0,0,0,0,0,0,0,0,0,0,0,0,0,0,0,0,0,0,0,[0|0|0|0],0,82,0,0,0,0,0,1,1,1,1,1,1,0,0,0,0,0,0,0,0,1,1,1,0,0,0,0,0,0,0,0,0,0,0,0,0,0,0,0,0,0,1,1,0,1,0,1,1,1,0,1,1,0,1,0,1,1,1,0,1,1,0,0,0,0,0,0,1,0,1,1,1,0,0,1,0,0,0,1,0,0,0,0,0,0,0,0,0,0,0,0,0,0,0,0,0,0,[0|0|0|0|0|0|0|0|0|0|0|0|0|0],参考黄金狮子的形象制成的铠甲。\n拉塔恩将军的防具。\n\n据说黄金狮子的由来，是来自“初始之王”葛孚雷\n以及他的“宰相野兽”瑟洛修。\n拉塔恩在年幼时期，就十分崇拜战王。
480100,鲜血君王上衣,1,0,[0|0|0],602170,0,55,55,100,0.017,1150,0,2000,8.1,-1,-1,-1,7000,1,-0.4,-1,-1,-1,-1,-1,-1,-1,-1,-1,-1,-1,-1,-1,-1,-1,-1,1,1,1,1,1,1,1,1,-1,2020,13681,13681,0,0,0,0,[0|0],0,0,0,0,0,0,0,0,63,63,23,55,0,-1,-1,1,0,2,4,1,3,30,0,[0|0],1,0,1,0,0,0,0,0,0,-1,-1,0,1,1,0,0,1,2,0,0.907,0.914,0.9,0.914,0.9,0.878,0.878,109,50,113,50,113,139,139,139,-1,1,0,0.867,0,0,0,0,0,0,0,0,0,0,0,0,0,0,0,0,0,0,0,0,0,0,0,0,0,0,0,0,0,0,0,0,0,0,0,0,[0|0|0|0],0,23,0,0,0,0,0,1,1,1,1,1,0,0,0,0,0,0,0,0,0,1,1,1,0,0,0,0,0,0,0,0,0,0,0,0,0,0,0,0,0,0,1,1,0,1,0,1,1,1,0,1,1,1,0,1,1,1,1,1,1,1,0,0,0,0,0,0,1,0,1,1,1,0,0,1,0,0,0,1,0,0,0,1,1,1,1,1,1,1,1,1,1,1,1,1,1,0,[0|0|0|0|0|0|0|0|0|0|0|0|0|0],黑布上缀以金色奢华设计的上衣。\n“鲜血君王”蒙格的防具。\n\n即将到来的新王朝“蒙格温”之中，\n身为王以及大祭司的证明。\n或者说，这是那漫无止境的妄想证明。
481100,鲜血君王上衣（轻装）,1,0,[0|0|0],602180,0,47,47,100,0.016,1150,0,2000,7.3,-1,-1,-1,7000,1,-0.4,-1,-1,-1,-1,-1,-1,-1,-1,-1,-1,-1,-1,-1,-1,-1,-1,1,1,1,1,1,1,1,1,-1,2021,14711,14711,0,0,0,0,[0|0],0,0,0,0,0,0,0,0,57,57,19,47,0,-1,-1,1,0,2,4,1,3,30,0,[0|0],1,0,1,0,0,0,0,0,0,-1,-1,0,1,1,0,0,1,2,0,0.911,0.919,0.904,0.919,0.904,0.88,0.88,109,50,113,50,113,139,139,139,-1,1,0,0.866,0,0,0,0,0,0,0,0,0,0,0,0,0,0,0,0,0,0,0,0,0,0,0,0,0,0,0,0,0,0,0,0,0,0,0,0,[0|0|0|0],0,19,0,0,0,0,0,1,1,1,1,1,0,0,0,0,0,0,0,0,0,1,1,1,0,0,0,0,0,0,0,0,0,0,0,0,0,0,0,0,0,0,1,1,0,1,0,1,1,1,0,1,1,1,0,1,1,1,1,1,1,1,0,0,0,0,0,0,1,0,1,1,1,0,0,1,0,0,0,1,0,0,0,0,0,0,0,0,0,0,0,0,0,0,0,0,0,0,[0|0|0|0|0|0|0|0|0|0|0|0|0|0],黑布上缀以金色奢华设计的上衣。\n“鲜血君王”蒙格的防具。\n\n即将到来的新王朝“蒙格温”之中，\n身为王以及大祭司的证明。\n或者说，这是那漫无止境的妄想证明。
510000,女王弯月冠,1,0,[0|0|0],501160,0,31,31,0,0.003,1050,0,2000,2.2,6051000,-1,-1,7000,1.5,0,-1,-1,-1,-1,-1,-1,-1,-1,-1,-1,-1,-1,-1,-1,-1,-1,1,1,1,1,1,1,1,1,-1,2050,13710,13710,0,0,0,0,[0|0],0,0,0,0,0,0,0,0,18,18,11,35,0,-1,-1,1,0,5,4,0,3,20,0,[0|0],1,1,0,0,0,1,0,0,0,-1,-1,0,1,1,0,0,1,2,0,0.979,0.982,0.982,0.986,0.951,0.955,0.954,109,110,113,110,113,139,139,139,-1,1,0,0.953,0,0,0,0,0,0,0,0,0,0,0,0,0,0,0,0,0,0,0,0,0,0,0,0,0,0,0,0,0,0,0,0,0,0,0,0,[0|0|0|0],0,11,0,0,0,0,0,0,0,0,0,0,0,0,0,0,0,0,0,0,0,0,0,0,0,1,0,0,0,0,0,0,0,0,0,1,0,0,0,1,0,0,0,0,0,0,0,0,0,0,0,0,0,0,0,0,0,0,0,0,0,0,1,0,0,1,1,1,0,0,0,0,0,0,0,0,0,1,0,0,0,0,0,0,0,0,0,0,0,0,0,0,0,0,0,0,0,0,[0|0|0|0|0|0|0|0|0|0|0|0|0|0],参考月亮的模样制成的长型头冠。\n“满月女王”蕾娜菈的防具。\n能提升智力。\n\n蕾娜菈身兼魔法学院雷亚卢卡利亚，\n以及卡利亚王室领导者──\n从失去伴侣拉达冈的那一刻起，也失去了心。\n\n随后学院立刻就察觉到，\n蕾娜菈已经不是英雄。
510100,女王长袍,1,0,[0|0|0],601160,0,71,71,100,0.008,1150,0,2000,5.1,-1,-1,-1,7000,1,-0.4,-1,-1,-1,-1,-1,-1,-1,-1,-1,-1,-1,-1,-1,-1,-1,-1,1,1,1,1,1,1,1,1,-1,2050,13711,13711,0,0,0,0,[0|0],0,0,0,0,0,0,0,0,42,42,25,83,0,-1,-1,1,0,2,4,1,3,20,0,[0|0],1,0,1,0,0,0,0,0,0,-1,-1,0,1,1,0,0,1,2,0,0.939,0.947,0.947,0.958,0.862,0.874,0.872,109,50,113,50,113,139,139,139,-1,1,0,0.867,0,0,0,0,0,0,0,0,0,0,0,0,0,0,0,0,0,0,0,0,0,0,0,0,0,0,0,0,0,0,0,0,0,0,0,0,[0|0|0|0],0,25,0,0,0,0,0,1,1,0,1,0,0,0,0,0,0,0,0,0,0,1,0,1,0,0,0,0,0,0,0,0,0,0,0,0,0,0,0,0,0,0,1,0,1,1,0,1,1,1,1,0,1,1,0,1,1,1,1,1,1,1,0,0,0,0,0,0,1,0,1,1,0,0,0,1,0,0,0,1,0,0,0,1,1,1,1,1,1,1,1,1,1,1,1,1,1,0,[0|0|0|0|0|0|0|0|0|0|0|0|0|0],象征最高阶魔法师身分的长袍。\n“满月女王”蕾娜菈的防具。\n\n蕾娜菈身兼魔法学院雷亚卢卡利亚，\n以及卡利亚王室领导者──\n从失去伴侣拉达冈的那一刻起，也失去了心。\n\n随后学院立刻就察觉到，\n蕾娜菈已经不是英雄。
510200,女王手环,1,0,[0|0|0],701090,0,24,24,0,0.002,1150,0,2000,1.7,-1,-1,-1,7000,1.1,0,-1,-1,-1,-1,-1,-1,-1,-1,-1,-1,-1,-1,-1,-1,-1,-1,1,1,1,1,1,1,1,1,-1,2050,13712,13712,0,0,0,0,[0|0],0,0,0,0,0,0,0,0,14,14,8,28,0,-1,-1,1,0,1,4,2,3,20,0,[0|0],1,0,0,1,0,0,0,0,0,-1,-1,0,1,1,0,0,1,2,0,0.985,0.987,0.987,0.99,0.966,0.969,0.968,109,50,113,50,113,139,139,139,-1,1,0,0.967,0,0,0,0,0,0,0,0,0,0,0,0,0,0,0,0,0,0,0,0,0,0,0,0,0,0,0,0,0,0,0,0,0,0,0,0,[0|0|0|0],0,8,0,0,0,0,0,0,0,0,0,0,1,0,0,0,0,0,0,0,1,0,0,0,0,0,1,1,0,1,0,0,0,1,0,0,0,0,0,0,0,0,0,0,0,0,0,0,0,0,0,0,0,0,0,0,0,0,0,0,0,0,0,0,0,0,0,0,0,0,0,0,0,0,0,0,0,0,0,0,0,0,0,0,0,0,0,0,0,0,0,0,0,0,0,0,0,0,[0|0|0|0|0|0|0|0|0|0|0|0|0|0],象征最高阶魔法师身分的手环。\n“满月女王”蕾娜菈的防具。\n\n蕾娜菈身兼魔法学院雷亚卢卡利亚，\n以及卡利亚王室领导者──\n从失去伴侣拉达冈的那一刻起，也失去了心。\n\n随后学院立刻就察觉到，\n蕾娜菈已经不是英雄。
510300,女王长裤,1,0,[0|0|0],801080,0,37,37,0,0.003,1250,0,2000,2,-1,-1,-1,7000,1.1,0,-1,-1,-1,-1,-1,-1,-1,-1,-1,-1,-1,-1,-1,-1,-1,-1,1,1,1,1,1,1,1,1,-1,2050,13713,13713,0,0,0,0,[0|0],0,0,0,0,0,0,0,0,22,22,14,41,0,-1,-1,1,0,6,4,3,3,20,0,[0|0],1,0,0,0,1,0,0,0,0,-1,-1,0,1,1,0,0,1,2,0,0.977,0.985,0.985,0.997,0.924,0.932,0.929,109,50,109,50,113,139,109,139,111,1,0,0.927,0,0,0,0,0,0,0,0,0,0,0,0,0,0,0,0,0,0,0,0,0,0,0,0,0,0,0,0,0,0,0,0,0,0,0,0,[0|0|0|0],0,14,0,0,0,0,0,0,0,0,0,0,0,0,1,0,1,0,0,0,0,1,0,0,0,0,0,0,0,0,0,0,0,0,0,0,0,0,0,0,0,0,0,0,0,0,0,0,0,0,0,0,0,0,0,0,0,0,0,0,0,0,0,0,0,0,0,0,0,0,0,0,0,0,1,0,0,0,0,0,0,0,0,0,0,0,0,0,0,0,0,0,0,0,0,0,0,0,[0|0|0|0|0|0|0|0|0|0|0|0|0|0],象征最高阶魔法师身分的长裤。\n“满月女王”蕾娜菈的防具。\n\n蕾娜菈身兼魔法学院雷亚卢卡利亚，\n以及卡利亚王室领导者──\n从失去伴侣拉达冈的那一刻起，也失去了心。\n\n随后学院立刻就察觉到，\n蕾娜菈已经不是英雄。
520000,神皮使徒风帽,1,0,[0|0|0],502080,0,33,33,0,0.003,1050,0,1000,2.2,-1,-1,-1,7000,1.5,0,-1,-1,-1,-1,-1,-1,-1,-1,-1,-1,-1,-1,-1,-1,-1,-1,1,1,1,1,1,1,1,1,-1,2060,13720,13720,0,0,0,0,[0|0],0,0,0,0,0,0,0,0,20,20,10,31,0,-1,-1,1,0,5,4,0,2,30,0,[0|0],1,1,0,0,0,1,0,0,0,-1,-1,0,1,1,0,0,1,2,0,0.977,0.979,0.979,0.986,0.954,0.956,0.955,109,110,108,110,108,139,139,139,-1,1,0,0.95,0,0,0,0,0,0,0,0,0,0,0,0,0,0,0,0,0,0,0,0,0,0,0,0,0,0,0,0,0,0,0,0,0,0,0,0,[0|0|0|0],0,10,0,0,0,0,0,0,0,0,0,0,0,0,0,0,0,0,0,0,0,0,0,0,0,0,0,0,0,0,0,0,0,0,1,0,1,0,0,1,1,1,0,0,0,0,0,0,0,0,0,0,0,0,0,0,0,0,0,0,0,0,1,0,1,1,1,0,1,1,1,1,0,0,0,0,0,1,1,0,0,0,0,0,0,0,0,0,0,0,0,0,0,0,0,0,0,1,[0|0|0|0|0|0|0|0|0|0|0|0|0|0],以平滑的皮肤拼制缝成的风帽。\n神皮使徒们穿戴的防具。\n\n使徒们操控着狩猎神祇的黑焰，\n据说在过去，他们侍奉命定之死。\n然而当他们败给了“黑剑”玛利喀斯，\n命定之死也受到了封印。
520100,神皮使徒长袍,1,0,[0|0|0],602130,0,67,67,100,0.008,1150,0,1000,4.1,-1,-1,-1,7000,1,-0.4,-1,-1,-1,-1,-1,-1,-1,-1,-1,-1,-1,-1,-1,-1,-1,-1,1,1,1,1,1,1,1,1,-1,2060,13721,13721,0,0,0,0,[0|0],0,0,0,0,0,0,0,0,42,42,21,63,0,-1,-1,1,0,2,4,1,2,30,0,[0|0],1,0,1,0,0,0,0,0,0,-1,-1,0,1,1,0,0,1,2,0,0.939,0.947,0.947,0.973,0.874,0.881,0.876,109,50,113,50,113,139,139,139,-1,1,0,0.862,0,0,0,0,0,0,0,0,0,0,0,0,0,0,0,0,0,0,0,0,0,0,0,0,0,0,0,0,0,0,0,0,0,0,0,0,[0|0|0|0],0,21,0,0,0,0,0,1,1,1,1,1,1,0,0,0,0,0,0,0,0,1,1,1,0,0,0,0,0,0,0,0,0,0,0,0,0,0,0,0,0,0,1,0,1,1,0,1,0,1,1,1,1,1,0,1,0,1,1,1,0,1,0,0,0,0,0,0,0,1,1,1,0,0,0,1,0,0,0,1,0,0,0,1,1,1,1,1,1,1,1,1,1,1,1,1,1,0,[0|0|0|0|0|0|0|0|0|0|0|0|0|0],以平滑的皮肤拼制缝成的长袍。\n神皮使徒们穿戴的防具。\n\n使徒们操控着狩猎神祇的黑焰，\n据说在过去，他们侍奉命定之死。\n然而当他们败给了“黑剑”玛利喀斯，\n命定之死也受到了封印。
520200,使徒手环,1,0,[0|0|0],702030,0,28,28,0,0.003,1150,0,1000,2.1,-1,-1,-1,7000,1.1,0,-1,-1,-1,-1,-1,-1,-1,-1,-1,-1,-1,-1,-1,-1,-1,-1,1,1,1,1,1,1,1,1,-1,2060,13722,13722,0,0,0,0,[0|0],0,0,0,0,0,0,0,0,17,17,8,25,0,-1,-1,1,0,1,4,2,2,30,0,[0|0],1,0,0,1,0,0,0,0,0,-1,-1,0,1,1,0,0,1,2,0,0.983,0.984,0.984,0.987,0.968,0.969,0.968,109,50,108,50,108,139,139,139,-1,1,0,0.964,0,0,0,0,0,0,0,0,0,0,0,0,0,0,0,0,0,0,0,0,0,0,0,0,0,0,0,0,0,0,0,0,0,0,0,0,[0|0|0|0],0,8,0,0,0,0,0,0,0,0,0,0,1,0,0,0,0,0,0,0,0,0,0,0,0,0,1,0,1,0,1,1,0,1,0,0,0,0,0,0,0,0,0,0,0,0,0,0,0,0,0,0,0,0,0,0,0,0,0,0,0,0,0,0,0,0,0,0,0,0,0,0,0,0,0,0,0,0,0,0,0,0,0,0,0,0,0,0,0,0,0,0,0,0,0,0,0,0,[0|0|0|0|0|0|0|0|0|0|0|0|0|0],神皮使徒们穿戴的黑色手环。\n\n使徒们操控着狩猎神祇的黑焰，\n据说在过去，他们侍奉命定之死。\n然而当他们败给了“黑剑”玛利喀斯，\n命定之死也受到了封印。
520300,使徒长裤,1,0,[0|0|0],802060,0,41,41,0,0.005,1250,0,1000,2.5,-1,-1,-1,7000,1.1,0,-1,-1,-1,-1,-1,-1,-1,-1,-1,-1,-1,-1,-1,-1,-1,-1,1,1,1,1,1,1,1,1,-1,2060,13723,13723,0,0,0,0,[0|0],0,0,0,0,0,0,0,0,26,26,13,39,0,-1,-1,1,0,6,4,3,2,30,0,[0|0],1,0,0,0,1,0,0,0,0,-1,-1,0,1,1,0,0,1,2,0,0.966,0.97,0.97,0.985,0.928,0.932,0.929,109,50,108,50,108,139,139,139,111,1,0,0.921,0,0,0,0,0,0,0,0,0,0,0,0,0,0,0,0,0,0,0,0,0,0,0,0,0,0,0,0,0,0,0,0,0,0,0,0,[0|0|0|0],0,13,0,0,0,0,0,0,0,0,0,0,0,0,1,0,1,1,1,0,0,1,0,0,0,0,0,0,0,0,0,0,0,0,0,0,0,0,0,0,0,0,0,0,0,0,0,0,0,0,0,0,0,0,0,0,0,0,0,0,0,0,0,0,0,0,0,0,0,0,0,0,0,0,1,0,0,0,0,0,0,0,0,0,0,0,0,0,0,0,0,0,0,0,0,0,0,0,[0|0|0|0|0|0|0|0|0|0|0|0|0|0],以平滑的皮肤拼制缝成的长裤。\n神皮使徒们穿戴的防具。\n\n使徒们操控着狩猎神祇的黑焰，\n据说在过去，他们侍奉命定之死。\n然而当他们败给了“黑剑”玛利喀斯，\n命定之死也受到了封印。
530000,神皮贵族风帽,1,0,[0|0|0],502090,0,27,27,0,0.003,1050,0,1000,1.7,-1,-1,-1,7000,1.5,0,-1,-1,-1,-1,-1,-1,-1,-1,-1,-1,-1,-1,-1,-1,-1,-1,1,1,1,1,1,1,1,1,-1,2070,13730,13730,0,0,0,0,[0|0],0,0,0,0,0,0,0,0,16,16,10,29,0,-1,-1,1,0,5,4,0,2,30,0,[0|0],1,1,0,0,0,1,0,0,0,-1,-1,0,1,1,0,0,1,2,0,0.986,0.982,0.972,0.986,0.955,0.96,0.958,109,110,108,110,108,139,139,139,-1,1,0,0.952,0,0,0,0,0,0,0,0,0,0,0,0,0,0,0,0,0,0,0,0,0,0,0,0,0,0,0,0,0,0,0,0,0,0,0,0,[0|0|0|0],0,10,0,0,0,0,0,0,0,0,0,0,0,0,0,0,0,0,0,0,0,0,0,0,0,0,0,0,0,0,0,0,0,0,1,0,1,0,0,1,0,0,0,0,0,0,0,0,0,0,0,0,0,0,0,0,0,0,0,0,0,0,1,0,1,1,1,0,1,1,1,1,0,0,0,0,0,1,1,0,0,0,0,0,0,0,0,0,0,0,0,0,0,0,0,0,0,1,[0|0|0|0|0|0|0|0|0|0|0|0|0|0],以平滑的皮肤拼制缝成的风帽。\n剥下的皮还残存油脂，因此柔软富弹性。\n神皮贵族们穿戴的防具。\n\n贵族是最古老的一群使徒，\n据说身上寄宿着人身不可能有的百相，\n那副模样与初始黄金树的“熔炉”十分相似。
530100,神皮贵族长袍,1,0,[0|0|0],602140,0,76,76,100,0.012,1150,0,1000,6.3,6053010,-1,-1,7000,1,-0.4,-1,-1,-1,-1,-1,-1,-1,-1,-1,-1,-1,-1,-1,-1,-1,-1,1,1,1,1,1,1,1,1,-1,2070,13731,13731,0,0,0,0,[0|0],0,0,0,0,0,0,0,0,46,46,25,83,0,-1,-1,1,0,2,4,1,2,30,0,[0|0],1,0,1,0,0,0,0,0,0,-1,-1,0,1,1,0,0,1,2,0,0.939,0.933,0.905,0.939,0.87,0.876,0.874,109,50,113,50,113,139,139,139,-1,1,0,0.859,0,0,0,0,0,0,0,0,0,0,0,0,0,0,0,0,0,0,0,0,0,0,0,0,0,0,0,0,0,0,0,0,0,0,0,2,[0|0|0|0],0,25,0,0,0,0,0,1,1,0,1,0,0,0,0,0,0,0,0,0,0,1,0,1,0,0,0,0,0,0,0,0,0,0,0,0,0,0,0,0,0,0,1,1,0,1,1,0,1,1,1,0,1,0,1,0,1,0,1,0,1,0,0,0,0,0,0,0,1,1,1,0,1,0,0,1,0,0,0,0,0,0,0,1,1,1,1,1,1,1,1,1,1,1,1,1,1,0,[0|0|0|0|0|0|0|0|0|0|0|0|0|0],以平滑的皮肤拼制缝成的长袍。\n剥下的皮还残存油脂，因此柔软富弹性。\n神皮贵族们穿戴的防具，围裙上有七张面孔。\n\n能强化气场的祷告。\n\n贵族是最古老的一群使徒，\n据说身上寄宿着人身不可能有的百相，\n那副模样与初始黄金树的“熔炉”十分相似。
530200,贵族手环,1,0,[0|0|0],702040,0,24,24,0,0.003,1150,0,1000,1.7,-1,-1,-1,7000,1.1,0,-1,-1,-1,-1,-1,-1,-1,-1,-1,-1,-1,-1,-1,-1,-1,-1,1,1,1,1,1,1,1,1,-1,2070,13732,13732,0,0,0,0,[0|0],0,0,0,0,0,0,0,0,14,14,8,25,0,-1,-1,1,0,1,4,2,2,30,0,[0|0],1,0,0,1,0,0,0,0,0,-1,-1,0,1,1,0,0,1,2,0,0.987,0.985,0.979,0.987,0.968,0.971,0.969,109,50,108,50,108,139,139,139,-1,1,0,0.966,0,0,0,0,0,0,0,0,0,0,0,0,0,0,0,0,0,0,0,0,0,0,0,0,0,0,0,0,0,0,0,0,0,0,0,0,[0|0|0|0],0,8,0,0,0,0,0,0,0,0,0,0,0,0,0,0,0,0,0,0,1,0,0,0,0,0,1,1,0,1,0,0,0,1,0,0,0,0,0,0,0,0,0,0,0,0,0,0,0,0,0,0,0,0,0,0,0,0,0,0,0,0,0,0,0,0,0,0,0,0,0,0,0,0,0,0,0,0,0,0,0,0,0,0,0,0,0,0,0,0,0,0,0,0,0,0,0,0,[0|0|0|0|0|0|0|0|0|0|0|0|0|0],神皮贵族们穿戴的黑色手环。\n\n贵族是最古老的一群使徒，\n据说身上寄宿着人身不可能有的百相，\n那副模样与初始黄金树的“熔炉”十分相似。
530300,贵族长裤,1,0,[0|0|0],802070,0,39,39,0,0.006,1250,0,1000,2.5,-1,-1,-1,7000,1.1,0,-1,-1,-1,-1,-1,-1,-1,-1,-1,-1,-1,-1,-1,-1,-1,-1,1,1,1,1,1,1,1,1,-1,2070,13733,13733,0,0,0,0,[0|0],0,0,0,0,0,0,0,0,24,24,14,41,0,-1,-1,1,0,6,4,3,2,30,0,[0|0],1,0,0,0,1,0,0,0,0,-1,-1,0,1,1,0,0,1,2,0,0.977,0.97,0.955,0.977,0.928,0.935,0.932,109,50,108,50,108,139,139,139,111,1,0,0.923,0,0,0,0,0,0,0,0,0,0,0,0,0,0,0,0,0,0,0,0,0,0,0,0,0,0,0,0,0,0,0,0,0,0,0,0,[0|0|0|0],0,14,0,0,0,0,0,0,0,0,0,0,0,0,1,0,1,1,1,0,0,1,0,0,0,0,0,0,0,0,0,0,0,0,0,0,0,0,0,0,0,0,0,0,0,0,0,0,0,0,0,0,0,0,0,0,0,0,0,0,0,0,0,0,0,0,0,0,0,0,0,0,0,0,1,0,0,0,0,0,0,0,0,0,0,0,0,0,0,0,0,0,0,0,0,0,0,0,[0|0|0|0|0|0|0|0|0|0|0|0|0|0],以平滑的皮肤拼制缝成的长裤。\n剥下的皮还残存油脂，因此柔软富弹性。\n神皮贵族们穿戴的防具。\n\n贵族是最古老的一群使徒，\n据说身上寄宿着人身不可能有的百相，\n那副模样与初始黄金树的“熔炉”十分相似。
540000,堕落调香师帽子,1,0,[0|0|0],502020,0,25,25,0,0.003,1050,0,500,2.1,-1,-1,-1,7000,1.5,0,-1,-1,-1,-1,-1,-1,-1,-1,-1,-1,-1,-1,-1,-1,-1,-1,1,1,1,1,1,1,1,1,-1,2080,13740,13740,0,0,0,0,[0|0],0,0,0,0,0,0,0,0,28,28,10,34,0,-1,-1,1,0,5,4,0,1,30,0,[0|0],1,1,0,0,0,1,0,0,0,-1,-1,0,1,1,0,0,1,2,0,0.98,0.983,0.98,0.987,0.954,0.955,0.956,109,110,113,110,113,139,139,139,-1,1,0,0.955,0,0,0,0,0,0,0,0,0,0,0,0,0,0,0,0,0,0,0,0,0,0,0,0,0,0,0,0,0,0,0,0,0,0,0,0,[0|0|0|0],0,10,0,1,0,1,0,0,0,0,0,0,0,0,0,0,0,0,0,0,0,0,0,0,0,1,0,0,0,0,0,0,0,0,1,0,0,0,0,1,0,0,0,0,0,0,0,0,0,0,0,0,0,0,0,0,0,0,0,0,0,0,1,1,1,1,1,1,1,1,1,1,0,0,0,0,0,1,1,0,1,1,1,0,0,0,0,0,0,0,0,0,0,0,0,0,0,0,[0|0|0|0|0|0|0|0|0|0|0|0|0|0],堕落调香师们穿戴的帽子。\n\n自行喝下香粉，影响身体与神经──\n调香师的堕落，是指执行这种异端派别的作法。\n这类慢性自毁的调香师，因此得名“堕落”。
540100,堕落调香师长袍,1,0,[0|0|0],602040,0,55,55,100,0.008,1150,0,500,5,-1,-1,-1,7000,1,-0.4,-1,-1,-1,-1,-1,-1,-1,-1,-1,-1,-1,-1,-1,-1,-1,-1,1,1,1,1,1,1,1,1,-1,2080,13741,13741,0,0,0,0,[0|0],0,0,0,0,0,0,0,0,65,65,22,80,0,-1,-1,1,0,2,4,1,1,30,0,[0|0],1,0,1,0,0,0,0,0,0,-1,-1,0,1,1,0,0,1,2,0,0.94,0.948,0.94,0.959,0.868,0.873,0.875,109,50,113,50,113,139,139,139,-1,1,0,0.873,0,0,0,0,0,0,0,0,0,0,0,0,0,0,0,0,0,0,0,0,0,0,0,0,0,0,0,0,0,0,0,0,0,0,0,0,[0|0|0|0],0,22,0,0,0,0,0,1,1,1,1,1,0,0,0,0,0,0,0,0,0,1,0,1,0,0,0,0,0,0,0,0,0,0,0,0,0,0,0,0,0,0,0,1,1,1,0,1,1,1,1,0,1,0,1,0,1,1,1,1,0,1,0,0,0,0,0,0,1,1,1,0,1,0,0,1,0,0,0,1,0,0,0,1,1,1,1,1,1,1,1,1,1,1,1,1,1,0,[0|0|0|0|0|0|0|0|0|0|0|0|0|0],堕落调香师们穿戴的长袍。\n围裙上的刺绣，描述着对黄金树的诅咒。\n\n自行喝下香粉，影响身体与神经──\n调香师的堕落，是指执行这种异端派别的作法。\n这类慢性自毁的调香师，因此得名“堕落”。
540200,堕落调香师手套,1,0,[0|0|0],702020,0,20,20,0,0.002,1150,0,500,2,-1,-1,-1,7000,1.1,0,-1,-1,-1,-1,-1,-1,-1,-1,-1,-1,-1,-1,-1,-1,-1,-1,1,1,1,1,1,1,1,1,-1,2080,13742,13742,0,0,0,0,[0|0],0,0,0,0,0,0,0,0,23,23,8,28,0,-1,-1,1,0,1,4,2,1,30,0,[0|0],1,0,0,1,0,0,0,0,0,-1,-1,0,1,1,0,0,1,2,0,0.985,0.986,0.985,0.988,0.968,0.969,0.969,109,50,108,50,108,139,139,139,-1,1,0,0.969,0,0,0,0,0,0,0,0,0,0,0,0,0,0,0,0,0,0,0,0,0,0,0,0,0,0,0,0,0,0,0,0,0,0,0,0,[0|0|0|0],0,8,0,0,0,0,0,0,0,0,0,0,1,1,0,1,0,0,0,0,1,0,0,0,0,0,1,1,0,1,0,0,0,1,0,0,0,0,0,0,0,0,0,0,0,0,0,0,0,0,0,0,0,0,0,0,0,0,0,0,0,0,0,0,0,0,0,0,0,0,0,0,0,0,0,0,0,0,0,0,0,0,0,0,0,0,0,0,0,0,0,0,0,0,0,0,0,0,[0|0|0|0|0|0|0|0|0|0|0|0|0|0],堕落调香师们穿戴的手套。\n\n自行喝下香粉，影响身体与神经──\n调香师的堕落，是指执行这种异端派别的作法。\n这类慢性自毁的调香师，因此得名“堕落”。
540300,堕落调香师长裤,1,0,[0|0|0],802020,0,40,40,0,0.007,1250,0,500,4.3,-1,-1,-1,7000,1.1,0,-1,-1,-1,-1,-1,-1,-1,-1,-1,-1,-1,-1,-1,-1,-1,-1,1,1,1,1,1,1,1,1,-1,2080,13743,13743,0,0,0,0,[0|0],0,0,0,0,0,0,0,0,46,46,15,58,0,-1,-1,1,0,6,4,3,1,30,0,[0|0],1,0,0,0,1,0,0,0,0,-1,-1,0,1,1,0,0,1,2,0,0.961,0.963,0.961,0.967,0.922,0.925,0.927,109,50,108,50,108,139,139,139,111,1,0,0.925,0,0,0,0,0,0,0,0,0,0,0,0,0,0,0,0,0,0,0,0,0,0,0,0,0,0,0,0,0,0,0,0,0,0,0,0,[0|0|0|0],0,15,0,0,0,0,0,0,0,0,0,0,0,0,1,0,1,1,1,0,0,1,0,0,0,0,0,0,0,0,0,0,0,0,0,0,0,0,0,0,0,0,0,0,0,0,0,0,0,0,0,0,0,0,0,0,0,0,0,0,0,0,0,0,0,0,0,0,0,0,0,0,0,0,1,0,0,0,0,0,0,0,0,0,0,0,0,0,0,0,0,0,0,0,0,0,0,0,[0|0|0|0|0|0|0|0|0|0|0|0|0|0],堕落调香师们穿戴的长裤。\n\n自行喝下香粉，影响身体与神经──\n调香师的堕落，是指执行这种异端派别的作法。\n这类慢性自毁的调香师，因此得名“堕落”。
541100,堕落调香师长袍（轻装）,1,0,[0|0|0],602050,0,48,48,100,0.007,1150,0,500,4,-1,-1,-1,7000,1,-0.4,-1,-1,-1,-1,-1,-1,-1,-1,-1,-1,-1,-1,-1,-1,-1,-1,1,1,1,1,1,1,1,1,-1,2081,13751,13751,0,0,0,0,[0|0],0,0,0,0,0,0,0,0,63,63,18,63,0,-1,-1,1,0,2,4,1,1,30,0,[0|0],1,0,1,0,0,0,0,0,0,-1,-1,0,1,1,0,0,1,2,0,0.947,0.959,0.948,0.974,0.87,0.874,0.876,109,50,108,50,108,139,139,139,-1,1,0,0.874,0,0,0,0,0,0,0,0,0,0,0,0,0,0,0,0,0,0,0,0,0,0,0,0,0,0,0,0,0,0,0,0,0,0,0,0,[0|0|0|0],0,18,0,0,0,0,0,1,1,1,1,1,0,0,0,0,0,0,0,0,0,1,0,1,0,0,0,0,0,0,0,0,0,0,0,0,0,0,0,0,0,0,1,0,1,1,0,1,0,1,1,1,1,0,1,0,1,1,1,1,0,1,0,0,0,0,0,0,0,1,1,1,0,0,0,1,0,0,0,1,0,0,0,0,0,0,0,0,0,0,0,0,0,0,0,0,0,0,[0|0|0|0|0|0|0|0|0|0|0|0|0|0],堕落调香师们穿戴的长袍。\n围裙上的刺绣，描述着对黄金树的诅咒。\n\n自行喝下香粉，影响身体与神经──\n调香师的堕落，是指执行这种异端派别的作法。\n这类慢性自毁的调香师，因此得名“堕落”。
570000,熔炉斧形盔,0,0,[0|0|0],509090,0,15,15,0,0.011,1050,0,1000,6.6,6057000,-1,-1,7000,1.5,0,-1,-1,-1,-1,-1,-1,-1,-1,-1,-1,-1,-1,-1,-1,-1,-1,1,1,1,1,1,1,1,1,-1,2110,13800,13800,0,0,0,0,[0|0],0,0,0,0,0,0,0,0,22,22,31,15,0,-1,-1,1,0,5,4,0,2,100,0,[0|0],1,1,0,0,0,1,0,0,0,-1,-1,0,1,1,0,0,1,2,0,0.937,0.939,0.95,0.939,0.954,0.954,0.96,109,110,106,110,106,139,139,139,-1,1,0,0.952,0,0,0,0,0,0,0,0,0,0,0,0,0,0,0,0,0,0,0,0,0,0,0,0,0,0,0,0,0,0,0,0,0,0,0,0,[0|0|0|0],0,31,1,1,1,1,1,0,0,0,0,0,0,0,0,0,0,0,0,1,0,0,0,0,0,0,0,0,0,0,0,0,0,0,1,0,1,0,0,1,0,0,0,0,0,0,0,0,0,0,0,0,0,0,0,0,0,0,0,0,0,0,1,1,1,1,1,1,1,1,1,1,0,0,0,0,0,1,1,0,1,1,1,0,0,0,0,0,0,0,0,0,0,0,0,0,0,1,[0|0|0|0|0|0|0|0|0|0|0|0|0|0],侍奉“初始之王”葛孚雷的\n熔炉骑士们穿戴的头盔。\n\n头盔上的斧头顶饰，\n为骑士奥陶琵斯与其部下的象征。\n\n蕴含初始黄金树──生命熔炉的力量，\n能强化熔炉百相的祷告。
570100,熔炉斧形铠,0,0,[0|0|0],609130,0,35,35,100,0.033,1150,0,1000,15.5,6057010,-1,-1,7000,1,-0.4,-1,-1,-1,-1,-1,-1,-1,-1,-1,-1,-1,-1,-1,-1,-1,-1,1,1,1,1,1,1,1,1,-1,2110,13801,13801,0,0,0,0,[0|0],0,0,0,0,0,0,0,0,50,50,71,35,0,-1,-1,1,0,2,4,1,2,100,0,[0|0],1,0,1,0,0,0,0,0,0,-1,-1,0,1,1,0,0,1,2,0,0.825,0.832,0.861,0.832,0.87,0.872,0.886,109,50,106,50,106,139,139,139,-1,1,0,0.865,0,0,0,0,0,0,0,0,0,0,0,0,0,0,0,0,0,0,0,0,0,0,0,0,0,0,0,0,0,0,0,0,0,0,0,0,[0|0|0|0],0,71,0,0,0,0,0,1,1,1,1,1,0,0,0,0,0,0,0,0,0,1,1,1,0,0,0,0,0,0,0,0,0,0,0,0,0,0,0,0,0,0,1,1,1,0,0,1,1,1,1,0,1,1,0,1,0,1,0,1,0,1,0,0,0,0,0,0,1,1,1,0,1,0,0,1,0,0,0,1,0,0,0,1,1,1,1,1,1,1,1,1,1,1,1,1,1,0,[0|0|0|0|0|0|0|0|0|0|0|0|0|0],侍奉“初始之王”葛孚雷的\n熔炉骑士们穿戴的铠甲。\n\n属于骑士奥陶琵斯与其部下的防具。\n\n蕴含初始黄金树──生命熔炉的力量，\n能强化熔炉百相的祷告。
570200,熔炉臂甲,0,0,[0|0|0],708070,0,12,12,0,0.007,1150,0,1000,5.2,6057020,-1,-1,7000,1.1,0,-1,-1,-1,-1,-1,-1,-1,-1,-1,-1,-1,-1,-1,-1,-1,-1,1,1,1,1,1,1,1,1,-1,2110,13802,13802,0,0,0,0,[0|0],0,0,0,0,0,0,0,0,17,17,24,12,0,-1,-1,1,0,1,4,2,2,90,0,[0|0],1,0,0,1,0,0,0,0,0,-1,-1,0,1,1,0,0,1,2,0,0.956,0.958,0.966,0.958,0.968,0.968,0.972,109,50,106,50,106,139,139,139,-1,1,0,0.967,0,0,0,0,0,0,0,0,0,0,0,0,0,0,0,0,0,0,0,0,0,0,0,0,0,0,0,0,0,0,0,0,0,0,0,0,[0|0|0|0],0,24,0,0,0,0,0,0,0,0,0,0,1,1,0,1,0,0,0,0,1,0,0,0,0,0,0,1,1,0,1,1,1,0,0,0,0,0,0,0,0,0,0,0,0,0,0,0,0,0,0,0,0,0,0,0,0,0,0,0,0,0,0,0,0,0,0,0,0,0,0,0,0,0,0,0,0,0,0,0,0,0,0,0,0,0,0,0,0,0,0,0,0,0,0,0,0,0,[0|0|0|0|0|0|0|0|0|0|0|0|0|0],侍奉“初始之王”葛孚雷的\n熔炉骑士们穿戴的臂甲。\n\n蕴含初始黄金树──生命熔炉的力量，\n能强化熔炉百相的祷告。\n\n然而这副模样、这股力量\n被认为脱离秩序，因此受到轻视。
570300,熔炉腿甲,0,0,[0|0|0],808070,0,22,22,0,0.02,1250,0,1000,9.6,6057030,-1,-1,7000,1.1,0,-1,-1,-1,-1,-1,-1,-1,-1,-1,-1,-1,-1,-1,-1,-1,-1,1,1,1,1,1,1,1,1,-1,2110,13803,13803,0,0,0,0,[0|0],0,0,0,0,0,0,0,0,31,31,44,22,0,-1,-1,1,0,6,4,3,2,90,0,[0|0],1,0,0,0,1,0,0,0,0,-1,-1,0,1,1,0,0,1,2,0,0.899,0.904,0.92,0.904,0.926,0.927,0.935,109,50,106,50,106,139,139,139,111,1,0,0.923,0,0,0,0,0,0,0,0,0,0,0,0,0,0,0,0,0,0,0,0,0,0,0,0,0,0,0,0,0,0,0,0,0,0,0,0,[0|0|0|0],0,44,0,0,0,0,0,0,0,0,0,0,0,0,1,0,1,1,1,0,0,1,0,0,0,0,0,0,0,0,0,0,0,0,0,0,0,0,0,0,0,0,0,0,0,0,0,0,0,0,0,0,0,0,0,0,0,0,0,0,0,0,0,0,0,0,0,0,0,0,0,0,0,0,1,0,0,0,0,0,0,0,0,0,0,0,0,0,0,0,0,0,0,0,0,0,0,0,[0|0|0|0|0|0|0|0|0|0|0|0|0|0],侍奉“初始之王”葛孚雷的\n熔炉骑士们穿戴的腿甲。\n\n蕴含初始黄金树──生命熔炉的力量，\n能强化熔炉百相的祷告。\n\n然而这副模样、这股力量\n被认为脱离秩序，因此受到轻视。
571000,熔炉树形盔,1,0,[0|0|0],509100,0,15,15,0,0.011,1050,0,1000,6.6,6057100,-1,-1,7000,1.5,0,-1,-1,-1,-1,-1,-1,-1,-1,-1,-1,-1,-1,-1,-1,-1,-1,1,1,1,1,1,1,1,1,-1,2115,13810,13810,0,0,0,0,[0|0],0,0,0,0,0,0,0,0,22,22,31,15,0,-1,-1,1,0,5,4,0,2,100,0,[0|0],1,1,0,0,0,1,0,0,0,-1,-1,0,1,1,0,0,1,2,0,0.935,0.937,0.95,0.944,0.954,0.958,0.96,109,110,106,110,106,139,139,139,-1,1,0,0.948,0,0,0,0,0,0,0,0,0,0,0,0,0,0,0,0,0,0,0,0,0,0,0,0,0,0,0,0,0,0,0,0,0,0,0,0,[0|0|0|0],0,31,1,1,1,1,1,0,0,0,0,0,0,0,0,0,0,0,0,1,0,0,0,0,0,0,0,0,0,0,0,0,0,0,1,0,1,0,0,1,0,0,0,0,0,0,0,0,0,0,0,0,0,0,0,0,0,0,0,0,0,0,1,1,1,1,1,1,1,1,1,1,0,0,0,0,0,1,1,0,1,1,1,0,0,0,0,0,0,0,0,0,0,0,0,0,0,1,[0|0|0|0|0|0|0|0|0|0|0|0|0|0],侍奉“初始之王”葛孚雷的\n熔炉骑士们穿戴的头盔。\n\n头盔上的大树顶饰，\n为骑士志留亚与其部下的象征。\n\n蕴含初始黄金树──生命熔炉的力量，\n能强化熔炉百相的祷告。
571100,熔炉树形铠,1,0,[0|0|0],609150,0,35,35,100,0.033,1150,0,1000,15.5,6057110,-1,-1,7000,1,-0.4,-1,-1,-1,-1,-1,-1,-1,-1,-1,-1,-1,-1,-1,-1,-1,-1,1,1,1,1,1,1,1,1,-1,2115,13811,13811,0,0,0,0,[0|0],0,0,0,0,0,0,0,0,50,50,71,35,0,-1,-1,1,0,2,4,1,2,100,0,[0|0],1,0,1,0,0,0,0,0,0,-1,-1,0,1,1,0,0,1,2,0,0.823,0.825,0.861,0.842,0.87,0.881,0.886,109,50,106,50,106,139,139,139,-1,1,0,0.855,0,0,0,0,0,0,0,0,0,0,0,0,0,0,0,0,0,0,0,0,0,0,0,0,0,0,0,0,0,0,0,0,0,0,0,0,[0|0|0|0],0,71,0,0,0,0,0,1,1,1,1,1,0,0,0,0,0,0,0,0,0,1,1,1,0,0,0,0,0,0,0,0,0,0,0,0,0,0,0,0,0,0,1,1,1,0,0,1,1,1,1,0,1,1,0,1,0,1,0,1,0,1,0,0,0,0,0,0,1,1,1,0,1,0,0,1,0,0,0,1,0,0,0,1,1,1,1,1,1,1,1,1,1,1,1,1,1,0,[0|0|0|0|0|0|0|0|0|0|0|0|0|0],侍奉“初始之王”葛孚雷的\n熔炉骑士们穿戴的铠甲。\n\n属于骑士志留亚与其部下的防具。\n\n蕴含初始黄金树──生命熔炉的力量，\n能强化熔炉百相的祷告。
572100,熔炉斧形铠（轻装）,1,0,[0|0|0],609140,0,29,29,100,0.031,1150,0,1000,14.9,6057210,-1,-1,7000,1,-0.4,-1,-1,-1,-1,-1,-1,-1,-1,-1,-1,-1,-1,-1,-1,-1,-1,1,1,1,1,1,1,1,1,-1,2111,13821,13821,0,0,0,0,[0|0],0,0,0,0,0,0,0,0,42,42,61,29,0,-1,-1,1,0,2,4,1,2,100,0,[0|0],1,0,1,0,0,0,0,0,0,-1,-1,0,1,1,0,0,1,2,0,0.832,0.84,0.866,0.84,0.872,0.874,0.891,109,50,106,50,106,139,139,139,-1,1,0,0.867,0,0,0,0,0,0,0,0,0,0,0,0,0,0,0,0,0,0,0,0,0,0,0,0,0,0,0,0,0,0,0,0,0,0,0,0,[0|0|0|0],0,61,0,0,0,0,0,1,1,1,1,1,0,0,0,0,0,0,0,0,0,1,1,1,0,0,0,0,0,0,0,0,0,0,0,0,0,0,0,0,0,0,1,1,1,0,0,1,1,1,1,0,1,1,0,1,0,1,0,1,0,1,0,0,0,0,0,0,1,1,1,0,1,0,0,1,0,0,0,1,0,0,0,0,0,0,0,0,0,0,0,0,0,0,0,0,0,0,[0|0|0|0|0|0|0|0|0|0|0|0|0|0],侍奉“初始之王”葛孚雷的\n熔炉骑士们穿戴的铠甲。\n\n属于骑士奥陶琵斯与其部下的防具。\n\n蕴含初始黄金树──生命熔炉的力量，\n能强化熔炉百相的祷告。
573100,熔炉树形铠（轻装）,1,0,[0|0|0],609160,0,29,29,100,0.031,1150,0,1000,14.9,6057310,-1,-1,7000,1,-0.4,-1,-1,-1,-1,-1,-1,-1,-1,-1,-1,-1,-1,-1,-1,-1,-1,1,1,1,1,1,1,1,1,-1,2116,13831,13831,0,0,0,0,[0|0],0,0,0,0,0,0,0,0,42,42,61,29,0,-1,-1,1,0,2,4,1,2,100,0,[0|0],1,0,1,0,0,0,0,0,0,-1,-1,0,1,1,0,0,1,2,0,0.83,0.84,0.866,0.844,0.872,0.886,0.891,109,50,106,50,106,139,139,139,-1,1,0,0.859,0,0,0,0,0,0,0,0,0,0,0,0,0,0,0,0,0,0,0,0,0,0,0,0,0,0,0,0,0,0,0,0,0,0,0,0,[0|0|0|0],0,61,0,0,0,0,0,1,1,1,1,1,0,0,0,0,0,0,0,0,0,1,1,1,0,0,0,0,0,0,0,0,0,0,0,0,0,0,0,0,0,0,1,1,1,0,0,1,1,1,1,0,1,1,0,1,0,1,0,1,0,1,0,0,0,0,0,0,1,1,1,0,1,0,0,1,0,0,0,1,0,0,0,0,0,0,0,0,0,0,0,0,0,0,0,0,0,0,[0|0|0|0|0|0|0|0|0|0|0|0|0|0],侍奉“初始之王”葛孚雷的\n熔炉骑士们穿戴的铠甲。\n\n属于骑士志留亚与其部下的防具。\n\n蕴含初始黄金树──生命熔炉的力量，\n能强化熔炉百相的祷告。
580000,卢瑟特辉石头冠,1,0,[0|0|0],501150,0,39,39,0,0.004,1050,0,1000,3.6,6058000,6058001,-1,7000,1.5,0,-1,-1,-1,-1,-1,-1,-1,-1,-1,-1,-1,-1,-1,-1,-1,-1,1,1,1,1,1,1,1,1,-1,2120,13840,13840,0,0,0,0,[0|0],0,0,0,0,0,0,0,0,23,23,11,44,0,-1,-1,1,0,5,4,0,2,20,0,[0|0],1,1,0,0,0,1,0,0,0,-1,-1,0,1,1,0,0,1,2,0,0.969,0.969,0.977,0.977,0.945,0.954,0.952,109,110,106,110,106,139,139,139,-1,1,0,0.951,0,0,0,0,0,0,0,0,0,0,0,0,0,0,0,0,0,0,0,0,0,0,0,0,0,0,0,0,0,0,0,0,0,0,0,0,[0|0|0|0],0,11,0,0,0,1,1,0,0,0,0,0,0,0,0,0,0,0,0,1,0,0,0,0,0,0,0,0,0,0,0,0,0,0,1,0,1,0,0,1,0,0,0,0,0,0,0,0,0,0,0,0,0,0,0,0,0,0,0,0,0,0,1,1,1,1,1,1,1,1,1,1,0,0,0,0,0,1,1,0,1,1,0,0,0,0,0,0,0,0,0,0,0,0,0,0,0,0,[0|0|0|0|0|0|0|0|0|0|0|0|0|0],“起源魔法师”卢瑟特的\n巨大蓝色辉石头冠。\n\n替换、取代大脑与头盖骨的头冠，\n在离开原主人之后，几乎陷入死亡状态。\n能提升卢瑟特的起源魔法威力，\n但是会增加消耗的专注值。
580100,卢瑟特长袍,1,0,[0|0|0],601150,0,83,83,100,0.012,1150,0,1000,7.1,-1,-1,-1,7000,1,-0.4,-1,-1,-1,-1,-1,-1,-1,-1,-1,-1,-1,-1,-1,-1,-1,-1,1,1,1,1,1,1,1,1,-1,2120,13841,13841,0,0,0,0,[0|0],0,0,0,0,0,0,0,0,50,50,25,99,0,-1,-1,1,0,2,4,1,2,20,0,[0|0],1,0,1,0,0,0,0,0,0,-1,-1,0,1,1,0,0,1,2,0,0.92,0.92,0.939,0.939,0.846,0.872,0.867,109,50,113,50,113,139,139,139,-1,1,0,0.865,0,0,0,0,0,0,0,0,0,0,0,0,0,0,0,0,0,0,0,0,0,0,0,0,0,0,0,0,0,0,0,0,0,0,0,0,[0|0|0|0],0,25,0,0,0,0,0,1,1,1,1,0,0,0,0,0,0,0,0,0,0,1,0,1,0,0,0,0,0,0,0,0,0,0,0,0,0,0,0,0,0,0,0,1,1,1,1,0,1,1,1,0,1,1,0,1,1,1,1,1,1,1,0,0,0,0,0,0,1,1,1,0,1,0,0,1,0,0,0,0,0,0,0,1,1,1,1,1,1,1,1,1,1,1,1,1,1,0,[0|0|0|0|0|0|0|0|0|0|0|0|0|0],魔法学院雷亚卢卡利亚，\n其中最高阶的老师才能穿着的长袍。\n受到蓝色辉石侵蚀。\n\n亚兹勒与卢瑟特──\n在两位最高阶老师被逐出学院后，\n没有魔法师能达到相同地位。
580200,卢瑟特腕套,1,0,[0|0|0],701080,0,20,20,0,0.001,1150,0,1000,1.1,-1,-1,-1,7000,1.1,0,-1,-1,-1,-1,-1,-1,-1,-1,-1,-1,-1,-1,-1,-1,-1,-1,1,1,1,1,1,1,1,1,-1,2120,13842,13842,0,0,0,0,[0|0],0,0,0,0,0,0,0,0,12,12,6,22,0,-1,-1,1,0,1,4,2,2,20,0,[0|0],1,0,0,1,0,0,0,0,0,-1,-1,0,1,1,0,0,1,2,0,0.987,0.987,0.999,0.999,0.966,0.972,0.969,109,50,109,50,139,139,139,139,-1,1,0,0.969,0,0,0,0,0,0,0,0,0,0,0,0,0,0,0,0,0,0,0,0,0,0,0,0,0,0,0,0,0,0,0,0,0,0,0,0,[0|0|0|0],0,6,0,0,0,0,0,0,0,0,0,0,0,0,0,0,0,0,0,0,1,0,0,0,0,0,1,1,0,1,0,0,0,1,0,0,0,0,0,0,0,0,0,0,0,0,0,0,0,0,0,0,0,0,0,0,0,0,0,0,0,0,0,0,0,0,0,0,0,0,0,0,0,0,0,0,0,0,0,0,0,0,0,0,0,0,0,0,0,0,0,0,0,0,0,0,0,0,[0|0|0|0|0|0|0|0|0|0|0|0|0|0],受到蓝色辉石侵蚀的腕套。\n“起源魔法师”卢瑟特的防具。\n\n卢瑟特已经是半无机物的存在。
580300,古老魔法师绑腿,1,0,[0|0|0],801070,0,39,39,0,0.004,1250,0,1000,2.5,-1,-1,-1,7000,1.1,0,-1,-1,-1,-1,-1,-1,-1,-1,-1,-1,-1,-1,-1,-1,-1,-1,1,1,1,1,1,1,1,1,-1,2120,13843,13843,0,0,0,0,[0|0],0,0,0,0,0,0,0,0,24,24,13,44,0,-1,-1,1,0,6,4,3,2,20,0,[0|0],1,0,0,0,1,0,0,0,0,-1,-1,0,1,1,0,0,1,2,0,0.966,0.966,0.985,0.985,0.919,0.932,0.928,109,50,109,50,139,139,139,139,111,1,0,0.927,0,0,0,0,0,0,0,0,0,0,0,0,0,0,0,0,0,0,0,0,0,0,0,0,0,0,0,0,0,0,0,0,0,0,0,0,[0|0|0|0],0,13,0,0,0,0,0,0,0,0,0,0,0,0,0,0,0,0,0,0,0,1,0,0,0,0,0,0,0,0,0,0,0,0,0,0,0,0,0,0,0,0,0,0,0,0,0,0,0,0,0,0,0,0,0,0,0,0,0,0,0,0,0,0,0,0,0,0,0,0,0,0,0,1,0,0,0,0,0,0,0,0,0,0,0,0,0,0,0,0,0,0,0,0,0,0,0,0,[0|0|0|0|0|0|0|0|0|0|0|0|0|0],用破布随意缠绕到大腿的绑腿。\n此为古老魔法师们的缠绕法。
581000,亚兹勒辉石头冠,1,0,[0|0|0],501140,0,44,44,0,0.004,1050,0,1000,3.6,6058100,6058101,-1,7000,1.5,0,-1,-1,-1,-1,-1,-1,-1,-1,-1,-1,-1,-1,-1,-1,-1,-1,1,1,1,1,1,1,1,1,-1,2125,13850,13850,0,0,0,0,[0|0],0,0,0,0,0,0,0,0,23,23,14,39,0,-1,-1,1,0,5,4,0,2,20,0,[0|0],1,1,0,0,0,1,0,0,0,-1,-1,0,1,1,0,0,1,2,0,0.972,0.975,0.977,0.975,0.942,0.954,0.953,109,110,106,110,106,139,139,139,-1,1,0,0.95,0,0,0,0,0,0,0,0,0,0,0,0,0,0,0,0,0,0,0,0,0,0,0,0,0,0,0,0,0,0,0,0,0,0,0,0,[0|0|0|0],0,14,0,0,0,1,1,0,0,0,0,0,0,0,0,0,0,0,0,1,0,0,0,0,0,1,0,0,0,0,0,0,0,0,1,0,0,0,0,1,0,0,0,0,0,0,0,0,0,0,0,0,0,0,0,0,0,0,0,0,0,0,1,1,1,1,1,1,1,1,1,1,0,0,0,0,0,1,1,0,1,0,0,0,0,0,0,0,0,0,0,0,0,0,0,0,0,0,[0|0|0|0|0|0|0|0|0|0|0|0|0|0],“起源魔法师”亚兹勒的\n耸立蓝绿色辉石头冠。\n\n替换、取代大脑与头盖骨的头冠，\n在离开原主人之后，几乎陷入死亡状态。\n能提升亚兹勒的起源魔法威力，\n但是会增加消耗的专注值。
581100,亚兹勒长袍,1,0,[0|0|0],601140,0,99,99,100,0.012,1150,0,1000,7.1,-1,-1,-1,7000,1,-0.4,-1,-1,-1,-1,-1,-1,-1,-1,-1,-1,-1,-1,-1,-1,-1,-1,1,1,1,1,1,1,1,1,-1,2125,13851,13851,0,0,0,0,[0|0],0,0,0,0,0,0,0,0,50,50,28,83,0,-1,-1,1,0,2,4,1,2,20,0,[0|0],1,0,1,0,0,0,0,0,0,-1,-1,0,1,1,0,0,1,2,0,0.929,0.933,0.939,0.933,0.846,0.872,0.87,109,50,113,50,113,139,139,139,-1,1,0,0.862,0,0,0,0,0,0,0,0,0,0,0,0,0,0,0,0,0,0,0,0,0,0,0,0,0,0,0,0,0,0,0,0,0,0,0,0,[0|0|0|0],0,28,0,0,0,0,0,1,1,1,1,0,0,0,0,0,0,0,0,0,0,1,0,1,0,0,0,0,0,0,0,0,0,0,0,0,0,0,0,0,0,0,0,1,1,1,1,0,1,1,1,0,1,1,0,1,1,1,1,1,1,1,0,0,0,0,0,0,1,1,1,0,1,0,0,1,0,0,0,0,0,0,0,1,1,1,1,1,1,1,1,1,1,1,1,1,1,0,[0|0|0|0|0|0|0|0|0|0|0|0|0|0],魔法学院雷亚卢卡利亚，\n其中最高阶的老师才能穿着的长袍。\n受到蓝绿色辉石侵蚀。\n\n亚兹勒与卢瑟特──\n在两位最高阶老师被逐出学院后，\n没有魔法师能达到相同地位。
581200,亚兹勒腕套,1,0,[0|0|0],701070,0,22,22,0,0.001,1150,0,1000,1.1,-1,-1,-1,7000,1.1,0,-1,-1,-1,-1,-1,-1,-1,-1,-1,-1,-1,-1,-1,-1,-1,-1,1,1,1,1,1,1,1,1,-1,2125,13852,13852,0,0,0,0,[0|0],0,0,0,0,0,0,0,0,12,12,8,20,0,-1,-1,1,0,1,4,2,2,20,0,[0|0],1,0,0,1,0,0,0,0,0,-1,-1,0,1,1,0,0,1,2,0,0.99,0.994,0.999,0.994,0.966,0.972,0.971,109,50,109,50,139,139,139,139,-1,1,0,0.968,0,0,0,0,0,0,0,0,0,0,0,0,0,0,0,0,0,0,0,0,0,0,0,0,0,0,0,0,0,0,0,0,0,0,0,0,[0|0|0|0],0,8,0,0,0,0,0,0,0,0,0,0,0,0,0,0,0,0,0,0,1,0,0,0,0,0,1,1,0,1,0,0,0,1,0,0,0,0,0,0,0,0,0,0,0,0,0,0,0,0,0,0,0,0,0,0,0,0,0,0,0,0,0,0,0,0,0,0,0,0,0,0,0,0,0,0,0,0,0,0,0,0,0,0,0,0,0,0,0,0,0,0,0,0,0,0,0,0,[0|0|0|0|0|0|0|0|0|0|0|0|0|0],受到蓝绿色辉石侵蚀的腕套。\n“起源魔法师”亚兹勒的防具。\n\n亚兹勒已经是半无机物的存在。
590000,百智头盔,1,0,[0|0|0],508090,0,9,9,0,0.007,1050,0,1000,4.6,-1,-1,-1,7000,1.5,0,-1,-1,-1,-1,-1,-1,-1,-1,-1,-1,-1,-1,-1,-1,-1,-1,1,1,1,1,1,1,1,1,-1,1210,13860,13860,0,0,0,0,[0|0],0,0,0,0,0,0,0,0,12,12,20,9,0,-1,-1,1,0,5,4,0,2,90,0,[0|0],1,1,0,0,0,1,0,0,0,-1,-1,0,1,1,0,0,1,2,0,0.954,0.952,0.958,0.958,0.956,0.966,0.964,109,110,106,110,106,139,139,139,-1,1,0,0.969,0,0,0,0,0,0,0,0,0,0,0,0,0,0,0,0,0,0,0,0,0,0,0,0,0,0,0,0,0,0,0,0,0,0,0,0,[0|0|0|0],0,20,1,1,1,1,1,0,0,0,0,0,0,0,0,0,0,0,0,1,0,0,0,0,0,0,0,0,0,0,0,0,0,0,0,1,1,0,0,1,0,0,0,0,0,0,0,0,0,0,0,0,0,0,0,0,0,0,0,0,0,0,1,1,1,1,1,1,1,1,1,1,0,0,0,0,0,1,1,0,1,1,1,0,0,0,0,0,0,0,0,0,0,0,0,0,0,0,[0|0|0|0|0|0|0|0|0|0|0|0|0|0],表面布满无数眼睛与耳朵的头盔。\n“百智爵士”基甸·奥夫尼尔的防具。\n\n所谓的知，指的是认清自身的无知，\n以及认清知识无穷。\n然而当基甸接触到玛莉卡女王的遗愿后，\n不禁感到恐惧──\n\n他看到了那不可能存在的终点。
590100,百智铠甲,1,0,[0|0|0],608150,0,21,21,100,0.022,1150,0,1000,10.7,-1,-1,-1,7000,1,-0.4,-1,-1,-1,-1,-1,-1,-1,-1,-1,-1,-1,-1,-1,-1,-1,-1,1,1,1,1,1,1,1,1,-1,1210,13861,13861,0,0,0,0,[0|0],0,0,0,0,0,0,0,0,28,28,46,21,0,-1,-1,1,0,2,4,1,2,90,0,[0|0],1,0,1,0,0,0,0,0,0,-1,-1,0,1,1,0,0,1,2,0,0.871,0.865,0.881,0.881,0.876,0.905,0.898,109,50,113,50,113,139,139,139,-1,1,0,0.912,0,0,0,0,0,0,0,0,0,0,0,0,0,0,0,0,0,0,0,0,0,0,0,0,0,0,0,0,0,0,0,0,0,0,0,0,[0|0|0|0],0,46,0,0,0,0,0,0,1,1,1,1,1,0,0,0,0,0,0,0,0,1,1,1,0,0,0,0,0,0,0,0,0,0,0,0,0,0,0,0,0,0,1,1,0,1,0,1,1,1,0,1,1,0,1,0,1,1,1,1,0,1,0,0,0,0,0,0,1,0,1,1,1,0,0,1,0,0,0,1,0,0,0,0,0,0,0,0,0,0,0,0,0,0,0,0,0,0,[0|0|0|0|0|0|0|0|0|0|0|0|0|0],表面布满无数眼睛与耳朵的铠甲。\n“百智爵士”基甸·奥夫尼尔的防具。\n\n所谓的知，指的是认清自身的无知，\n以及认清知识无穷。\n然而当基甸接触到玛莉卡女王的遗愿后，\n不禁感到恐惧──\n\n他看到了那不可能存在的终点。
590200,百智臂甲,1,0,[0|0|0],707080,0,7,7,0,0.005,1150,0,1000,3.5,-1,-1,-1,7000,1.1,0,-1,-1,-1,-1,-1,-1,-1,-1,-1,-1,-1,-1,-1,-1,-1,-1,1,1,1,1,1,1,1,1,-1,1210,13862,13862,0,0,0,0,[0|0],0,0,0,0,0,0,0,0,9,9,15,7,0,-1,-1,1,0,1,4,2,2,80,0,[0|0],1,0,0,1,0,0,0,0,0,-1,-1,0,1,1,0,0,1,2,0,0.968,0.967,0.971,0.971,0.969,0.977,0.975,109,50,106,50,106,139,139,139,-1,1,0,0.979,0,0,0,0,0,0,0,0,0,0,0,0,0,0,0,0,0,0,0,0,0,0,0,0,0,0,0,0,0,0,0,0,0,0,0,0,[0|0|0|0],0,15,0,0,0,0,0,0,0,0,0,0,1,1,0,1,0,0,0,0,1,0,0,0,0,0,0,1,1,0,1,1,1,0,0,0,0,0,0,0,0,0,0,0,0,0,0,0,0,0,0,0,0,0,0,0,0,0,0,0,0,0,0,0,0,0,0,0,0,0,0,0,0,0,0,0,0,0,0,0,0,0,0,0,0,0,0,0,0,0,0,0,0,0,0,0,0,0,[0|0|0|0|0|0|0|0|0|0|0|0|0|0],表面布满无数眼睛与耳朵的臂甲。\n“百智爵士”基甸·奥夫尼尔的防具。\n\n所谓的知，指的是认清自身的无知，\n以及认清知识无穷。\n然而当基甸接触到玛莉卡女王的遗愿后，\n不禁感到恐惧──\n\n他看到了那不可能存在的终点。
590300,百智腿甲,1,0,[0|0|0],807080,0,13,13,0,0.013,1250,0,1000,6.6,-1,-1,-1,7000,1.1,0,-1,-1,-1,-1,-1,-1,-1,-1,-1,-1,-1,-1,-1,-1,-1,-1,1,1,1,1,1,1,1,1,-1,1210,13863,13863,0,0,0,0,[0|0],0,0,0,0,0,0,0,0,17,17,29,13,0,-1,-1,1,0,6,4,3,2,80,0,[0|0],1,0,0,0,1,0,0,0,0,-1,-1,0,1,1,0,0,1,2,0,0.926,0.923,0.932,0.932,0.929,0.946,0.942,109,50,106,50,106,139,139,139,111,1,0,0.95,0,0,0,0,0,0,0,0,0,0,0,0,0,0,0,0,0,0,0,0,0,0,0,0,0,0,0,0,0,0,0,0,0,0,0,0,[0|0|0|0],0,29,0,0,0,0,0,0,0,0,0,0,0,0,1,0,1,1,1,0,0,1,0,0,0,0,0,0,0,0,0,0,0,0,0,0,0,0,0,0,0,0,0,0,0,0,0,0,0,0,0,0,0,0,0,0,0,0,0,0,0,0,0,0,0,0,0,0,0,0,0,0,0,0,1,0,0,0,0,0,0,0,0,0,0,0,0,0,0,0,0,0,0,0,0,0,0,0,[0|0|0|0|0|0|0|0|0|0|0|0|0|0],表面布满无数眼睛与耳朵的腿甲。\n“百智爵士”基甸·奥夫尼尔的防具。\n\n所谓的知，指的是认清自身的无知，\n以及认清知识无穷。\n然而当基甸接触到玛莉卡女王的遗愿后，\n不禁感到恐惧──\n\n他看到了那不可能存在的终点。
591100,百智铠甲（轻装）,1,0,[0|0|0],608160,0,16,16,100,0.021,1150,0,1000,9.3,-1,-1,-1,7000,1,-0.4,-1,-1,-1,-1,-1,-1,-1,-1,-1,-1,-1,-1,-1,-1,-1,-1,1,1,1,1,1,1,1,1,-1,1211,13871,13871,0,0,0,0,[0|0],0,0,0,0,0,0,0,0,22,22,38,16,0,-1,-1,1,0,2,4,1,2,90,0,[0|0],1,0,1,0,0,0,0,0,0,-1,-1,0,1,1,0,0,1,2,0,0.876,0.871,0.891,0.886,0.886,0.912,0.905,109,50,106,50,106,139,139,139,-1,1,0,0.92,0,0,0,0,0,0,0,0,0,0,0,0,0,0,0,0,0,0,0,0,0,0,0,0,0,0,0,0,0,0,0,0,0,0,0,0,[0|0|0|0],0,38,0,0,0,0,0,0,1,1,1,1,1,0,0,0,0,0,0,0,0,1,1,1,0,0,0,0,0,0,0,0,0,0,0,0,0,0,0,0,0,0,1,1,0,1,0,1,1,0,1,1,1,0,1,0,1,1,1,1,0,1,0,0,0,0,0,0,1,0,1,1,0,0,0,1,0,0,0,1,0,0,0,0,0,0,0,0,0,0,0,0,0,0,0,0,0,0,[0|0|0|0|0|0|0|0|0|0|0|0|0|0],表面布满无数眼睛与耳朵的铠甲。\n“百智爵士”基甸·奥夫尼尔的防具。\n\n所谓的知，指的是认清自身的无知，\n以及认清知识无穷。\n然而当基甸接触到玛莉卡女王的遗愿后，\n不禁感到恐惧──\n\n他看到了那不可能存在的终点。
600000,孪生头盔,1,0,[0|0|0],508030,0,9,9,0,0.007,1050,0,1000,5.1,-1,-1,-1,7000,1.5,0,-1,-1,-1,-1,-1,-1,-1,-1,-1,-1,-1,-1,-1,-1,-1,-1,1,1,1,1,1,1,1,1,-1,1220,13880,13880,0,0,0,0,[0|0],0,0,0,0,0,0,0,0,14,14,23,23,0,-1,-1,1,0,5,4,0,2,90,0,[0|0],1,1,0,0,0,1,0,0,0,-1,-1,0,1,1,0,0,1,2,0,0.952,0.948,0.956,0.958,0.96,0.96,0.969,109,110,106,110,106,139,139,139,-1,1,0,0.964,0,0,0,0,0,0,0,0,0,0,0,0,0,0,0,0,0,0,0,0,0,0,0,0,0,0,0,0,0,0,0,0,0,0,0,0,[0|0|0|0],0,23,1,1,1,1,1,0,0,0,0,0,0,0,0,0,0,0,0,1,0,0,0,0,0,0,0,0,0,0,0,0,0,0,1,0,1,0,0,1,0,0,0,0,0,0,0,0,0,0,0,0,0,0,0,0,0,0,0,0,0,0,1,1,1,1,1,1,1,1,1,1,0,0,0,0,0,1,1,0,1,1,1,0,0,0,0,0,0,0,0,0,0,0,0,0,0,0,[0|0|0|0|0|0|0|0|0|0|0|0|0|0],黄金与白银交叉结合──\n以孪生子形象制成的头盔。\n\n密不可分的孪生子Ｄ，共有两位──\n两个身体、两个意识，却只有一个灵魂。\n他们不会同时醒着、不曾彼此交谈。\n\n……也许这副头盔会想到另外一位Ｄ的身边。
600100,孪生铠甲,1,0,[0|0|0],608040,0,24,24,100,0.025,1150,0,1000,13.7,-1,-1,-1,7000,1,-0.4,-1,-1,-1,-1,-1,-1,-1,-1,-1,-1,-1,-1,-1,-1,-1,-1,1,1,1,1,1,1,1,1,-1,1220,13881,13881,0,0,0,0,[0|0],0,0,0,0,0,0,0,0,38,38,60,60,0,-1,-1,1,0,2,4,1,2,90,0,[0|0],1,0,1,0,0,0,0,0,0,-1,-1,0,1,1,0,0,1,2,0,0.854,0.84,0.866,0.865,0.876,0.876,0.898,109,50,106,50,106,139,139,139,-1,1,0,0.886,0,0,0,0,0,0,0,0,0,0,0,0,0,0,0,0,0,0,0,0,0,0,0,0,0,0,0,0,0,0,0,0,0,0,0,3,[0|0|0|0],0,60,0,0,0,0,0,0,1,1,1,1,1,0,0,0,0,0,0,0,0,1,1,1,0,0,0,0,0,0,0,0,0,0,0,0,0,0,0,0,0,0,1,1,1,0,1,0,1,1,0,1,1,1,0,0,1,1,1,1,0,1,0,0,0,0,0,0,1,1,0,1,1,0,0,1,0,0,0,1,0,0,0,1,1,1,1,1,1,1,1,1,1,1,1,1,1,0,[0|0|0|0|0|0|0|0|0|0|0|0|0|0],黄金与白银交叉结合──\n以孪生子形象制成的铠甲。\n\n密不可分的孪生子Ｄ，共有两位──\n两个身体、两个意识，却只有一个灵魂。\n他们不会同时醒着、不曾彼此交谈。\n\n……也许这副铠甲会想到另外一位Ｄ的身边。
600200,孪生臂甲,1,0,[0|0|0],707020,0,7,7,0,0.005,1150,0,1000,3.9,-1,-1,-1,7000,1.1,0,-1,-1,-1,-1,-1,-1,-1,-1,-1,-1,-1,-1,-1,-1,-1,-1,1,1,1,1,1,1,1,1,-1,1220,13882,13882,0,0,0,0,[0|0],0,0,0,0,0,0,0,0,11,11,18,18,0,-1,-1,1,0,1,4,2,2,80,0,[0|0],1,0,0,1,0,0,0,0,0,-1,-1,0,1,1,0,0,1,2,0,0.967,0.964,0.969,0.971,0.972,0.972,0.979,109,50,106,50,106,139,139,139,-1,1,0,0.975,0,0,0,0,0,0,0,0,0,0,0,0,0,0,0,0,0,0,0,0,0,0,0,0,0,0,0,0,0,0,0,0,0,0,0,0,[0|0|0|0],0,18,0,0,0,0,0,0,0,0,0,0,0,1,0,1,0,0,0,0,1,0,0,0,0,0,0,1,1,0,1,1,1,0,0,0,0,0,0,0,0,0,0,0,0,0,0,0,0,0,0,0,0,0,0,0,0,0,0,0,0,0,0,0,0,0,0,0,0,0,0,0,0,0,0,0,0,0,0,0,0,0,0,0,0,0,0,0,0,0,0,0,0,0,0,0,0,0,[0|0|0|0|0|0|0|0|0|0|0|0|0|0],黄金与白银交叉结合──\n以孪生子形象制成的臂甲。\n\n密不可分的孪生子Ｄ，共有两位──\n两个身体、两个意识，却只有一个灵魂。\n他们不会同时醒着、不曾彼此交谈。\n\n……也许这副臂甲会想到另外一位Ｄ的身边。
600300,孪生腿甲,1,0,[0|0|0],807020,0,13,13,0,0.013,1250,0,1000,7.3,-1,-1,-1,7000,1.1,0,-1,-1,-1,-1,-1,-1,-1,-1,-1,-1,-1,-1,-1,-1,-1,-1,1,1,1,1,1,1,1,1,-1,1220,13883,13883,0,0,0,0,[0|0],0,0,0,0,0,0,0,0,20,20,34,34,0,-1,-1,1,0,6,4,3,2,80,0,[0|0],1,0,0,0,1,0,0,0,0,-1,-1,0,1,1,0,0,1,2,0,0.923,0.916,0.929,0.932,0.935,0.935,0.95,109,50,106,50,106,139,139,139,111,1,0,0.942,0,0,0,0,0,0,0,0,0,0,0,0,0,0,0,0,0,0,0,0,0,0,0,0,0,0,0,0,0,0,0,0,0,0,0,0,[0|0|0|0],0,34,0,0,0,0,0,0,0,0,0,0,0,0,1,0,1,1,1,0,0,1,0,0,0,0,0,0,0,0,0,0,0,0,0,0,0,0,0,0,0,0,0,0,0,0,0,0,0,0,0,0,0,0,0,0,0,0,0,0,0,0,0,0,0,0,0,0,0,0,0,0,0,0,1,0,0,0,0,0,0,0,0,0,0,0,0,0,0,0,0,0,0,0,0,0,0,0,[0|0|0|0|0|0|0|0|0|0|0|0|0|0],黄金与白银交叉结合──\n以孪生子形象制成的腿甲。\n\n密不可分的孪生子Ｄ，共有两位──\n两个身体、两个意识，却只有一个灵魂。\n他们不会同时醒着、不曾彼此交谈。\n\n……也许这副腿甲会想到另外一位Ｄ的身边。
601100,孪生铠甲（轻装）,1,0,[0|0|0],608050,0,21,21,100,0.024,1150,0,1000,12.8,-1,-1,-1,7000,1,-0.4,-1,-1,-1,-1,-1,-1,-1,-1,-1,-1,-1,-1,-1,-1,-1,-1,1,1,1,1,1,1,1,1,-1,1221,13891,13891,0,0,0,0,[0|0],0,0,0,0,0,0,0,0,32,32,52,52,0,-1,-1,1,0,2,4,1,2,90,0,[0|0],1,0,1,0,0,0,0,0,0,-1,-1,0,1,1,0,0,1,2,0,0.86,0.847,0.871,0.871,0.881,0.881,0.905,109,50,106,50,106,139,139,139,-1,1,0,0.891,0,0,0,0,0,0,0,0,0,0,0,0,0,0,0,0,0,0,0,0,0,0,0,0,0,0,0,0,0,0,0,0,0,0,0,3,[0|0|0|0],0,52,0,0,0,0,0,0,1,1,1,1,1,0,0,0,0,0,0,0,0,1,1,1,0,0,0,0,0,0,0,0,0,0,0,0,0,0,0,0,0,0,1,1,1,0,1,0,1,1,0,1,1,1,0,0,1,1,1,1,0,1,0,0,0,0,0,0,1,0,1,1,1,0,0,1,0,0,0,1,0,0,0,0,0,0,0,0,0,0,0,0,0,0,0,0,0,0,[0|0|0|0|0|0|0|0|0|0|0|0|0|0],黄金与白银交叉结合──\n以孪生子形象制成的铠甲。\n\n密不可分的孪生子Ｄ，共有两位──\n两个身体、两个意识，却只有一个灵魂。\n他们不会同时醒着、不曾彼此交谈。\n\n……也许这副铠甲会想到另外一位Ｄ的身边。
610000,拼接帽子,1,0,[0|0|0],999999,0,22,22,0,0.004,1050,0,100,3.3,-1,-1,-1,7000,1.5,0,-1,-1,-1,-1,-1,-1,-1,-1,-1,-1,-1,-1,-1,-1,-1,-1,1,1,1,1,1,1,1,1,-1,1230,13900,13900,0,0,0,0,[0|0],0,0,0,0,0,0,0,0,26,26,16,22,0,-1,-1,1,0,5,4,0,1,255,0,[0|0],1,1,0,0,0,1,0,0,0,-1,-1,0,1,0,0,0,1,2,0,0.969,0.969,0.966,0.969,0.964,0.962,0.96,109,110,113,110,113,139,139,139,-1,1,0,0.964,0,0,0,0,0,0,0,0,0,0,0,0,0,0,0,0,0,0,0,0,0,0,0,0,0,0,0,0,0,0,0,0,0,0,0,0,[0|0|0|0],0,16,0,1,1,1,1,0,0,0,0,0,0,0,0,0,0,0,0,0,0,0,0,0,0,0,0,0,0,0,0,0,0,0,1,0,1,0,0,1,0,0,0,0,0,0,0,0,0,0,0,0,0,0,0,0,0,0,0,0,0,0,1,1,1,1,1,1,1,1,1,1,0,0,0,0,0,1,1,0,1,1,1,0,0,0,0,0,0,0,0,0,0,0,0,0,0,1,[0|0|0|0|0|0|0|0|0|0|0|0|0|0],捡拾战场上的金属拼凑制成的头盔
610100,拼接铠甲,1,0,[0|0|0],999999,0,55,55,100,0.017,1150,0,100,9.2,-1,-1,-1,7000,1,-0.4,-1,-1,-1,-1,-1,-1,-1,-1,-1,-1,-1,-1,-1,-1,-1,-1,1,1,1,1,1,1,1,1,-1,1230,13901,13901,0,0,0,0,[0|0],0,0,0,0,0,0,0,0,63,63,42,55,0,-1,-1,1,0,2,4,1,1,255,0,[0|0],1,0,1,0,0,0,0,0,0,-1,-1,0,1,0,0,0,1,2,0,0.905,0.905,0.898,0.905,0.891,0.886,0.881,109,50,113,50,113,139,139,139,-1,1,0,0.891,0,0,0,0,0,0,0,0,0,0,0,0,0,0,0,0,0,0,0,0,0,0,0,0,0,0,0,0,0,0,0,0,0,0,0,0,[0|0|0|0],0,42,0,0,0,0,0,0,1,0,1,0,0,0,0,0,0,0,0,0,0,1,0,0,0,0,0,0,0,0,0,0,0,0,0,0,0,0,0,0,0,0,1,1,1,0,1,0,1,1,0,1,1,0,1,0,1,1,0,1,0,1,0,0,0,0,0,0,1,1,0,1,1,0,0,1,0,0,0,0,0,0,0,1,1,1,1,1,1,1,1,1,1,1,1,1,1,0,[0|0|0|0|0|0|0|0|0|0|0|0|0|0],捡拾战场上的金属拼凑制成的铠甲
610200,拼接手套,1,0,[0|0|0],999999,0,18,18,0,0.004,1150,0,100,2.9,-1,-1,-1,7000,1.1,0,-1,-1,-1,-1,-1,-1,-1,-1,-1,-1,-1,-1,-1,-1,-1,-1,1,1,1,1,1,1,1,1,-1,1230,13902,13902,0,0,0,0,[0|0],0,0,0,0,0,0,0,0,21,21,14,18,0,-1,-1,1,0,1,4,2,1,255,0,[0|0],1,0,0,1,0,0,0,0,0,-1,-1,0,1,0,0,0,1,2,0,0.977,0.977,0.975,0.977,0.973,0.972,0.971,109,50,144,50,144,139,139,139,-1,1,0,0.973,0,0,0,0,0,0,0,0,0,0,0,0,0,0,0,0,0,0,0,0,0,0,0,0,0,0,0,0,0,0,0,0,0,0,0,0,[0|0|0|0],0,14,0,0,0,0,0,0,0,0,0,0,0,1,0,1,0,0,0,0,1,0,0,0,0,0,1,0,1,0,1,1,0,1,0,0,0,0,0,0,0,0,0,0,0,0,0,0,0,0,0,0,0,0,0,0,0,0,0,0,0,0,0,0,0,0,0,0,0,0,0,0,0,0,0,0,0,0,0,0,0,0,0,0,0,0,0,0,0,0,0,0,0,0,0,0,0,0,[0|0|0|0|0|0|0|0|0|0|0|0|0|0],捡拾战场上的金属拼凑制成的臂甲
610300,拼接腰巾,1,0,[0|0|0],999999,0,26,26,0,0.003,1250,0,100,3.1,-1,-1,-1,7000,1.1,0,-1,-1,-1,-1,-1,-1,-1,-1,-1,-1,-1,-1,-1,-1,-1,-1,1,1,1,1,1,1,1,1,-1,1230,13903,13903,0,0,0,0,[0|0],0,0,0,0,0,0,0,0,34,34,20,26,0,-1,-1,1,0,6,4,3,1,255,0,[0|0],1,0,0,0,1,0,0,0,0,-1,-1,0,1,0,0,0,1,2,0,0.96,0.96,0.955,0.96,0.95,0.946,0.942,109,50,109,50,113,139,139,139,111,1,0,0.95,0,0,0,0,0,0,0,0,0,0,0,0,0,0,0,0,0,0,0,0,0,0,0,0,0,0,0,0,0,0,0,0,0,0,0,0,[0|0|0|0],0,20,0,0,0,0,0,0,0,0,0,0,0,0,0,0,0,0,0,0,0,1,0,0,0,0,0,0,0,0,0,0,0,0,0,0,0,0,0,0,0,0,0,0,0,0,0,0,0,0,0,0,0,0,0,0,0,0,0,0,0,0,0,0,0,0,0,0,0,0,0,0,0,0,1,0,0,0,0,0,0,0,0,0,0,0,0,0,0,0,0,0,0,0,0,0,0,0,[0|0|0|0|0|0|0|0|0|0|0|0|0|0],捡拾战场上的布拼凑制成的袜子
611000,拼接帽子（轻装）,1,0,[0|0|0],999999,0,18,18,0,0.003,1050,0,100,3,-1,-1,-1,7000,1.5,0,-1,-1,-1,-1,-1,-1,-1,-1,-1,-1,-1,-1,-1,-1,-1,-1,1,1,1,1,1,1,1,1,-1,1231,13910,13910,0,0,0,0,[0|0],0,0,0,0,0,0,0,0,21,21,13,18,0,-1,-1,1,0,5,4,0,1,255,0,[0|0],1,1,0,0,0,1,0,0,0,-1,-1,0,1,0,0,0,1,2,0,0.972,0.972,0.969,0.972,0.966,0.964,0.962,109,110,113,110,113,139,139,139,-1,1,0,0.966,0,0,0,0,0,0,0,0,0,0,0,0,0,0,0,0,0,0,0,0,0,0,0,0,0,0,0,0,0,0,0,0,0,0,0,0,[0|0|0|0],0,13,0,1,1,1,1,0,0,0,0,0,0,0,0,0,0,0,0,0,0,0,0,0,0,0,0,0,0,0,0,0,0,0,1,0,1,0,0,1,0,0,0,0,0,0,0,0,0,0,0,0,0,0,0,0,0,0,0,0,0,0,1,1,1,1,1,1,1,1,1,1,0,0,0,0,0,1,1,0,1,1,1,0,0,0,0,0,0,0,0,0,0,0,0,0,0,1,[0|0|0|0|0|0|0|0|0|0|0|0|0|0],捡拾战场上的金属拼凑制成的头盔
611100,拼接铠甲（轻装）,1,0,[0|0|0],999999,0,50,50,100,0.016,1150,0,100,8.5,-1,-1,-1,7000,1,-0.4,-1,-1,-1,-1,-1,-1,-1,-1,-1,-1,-1,-1,-1,-1,-1,-1,1,1,1,1,1,1,1,1,-1,1231,13911,13911,0,0,0,0,[0|0],0,0,0,0,0,0,0,0,60,60,38,50,0,-1,-1,1,0,2,4,1,1,255,0,[0|0],1,0,1,0,0,0,0,0,0,-1,-1,0,1,0,0,0,1,2,0,0.909,0.909,0.902,0.909,0.895,0.888,0.883,109,50,108,50,108,139,139,139,-1,1,0,0.895,0,0,0,0,0,0,0,0,0,0,0,0,0,0,0,0,0,0,0,0,0,0,0,0,0,0,0,0,0,0,0,0,0,0,0,0,[0|0|0|0],0,38,0,0,0,0,0,0,1,0,1,0,0,0,0,0,0,0,0,0,0,1,0,0,0,0,0,0,0,0,0,0,0,0,0,0,0,0,0,0,0,0,1,1,1,0,1,0,1,1,0,1,1,0,1,0,1,1,0,1,0,1,0,0,0,0,0,0,1,1,0,1,1,0,0,1,0,0,0,0,0,0,0,0,0,0,0,0,0,0,0,0,0,0,0,0,0,0,[0|0|0|0|0|0|0|0|0|0|0|0|0|0],捡拾战场上的金属拼凑制成的铠甲
620000,预言家眼罩,0,0,[0|0|0],501190,0,27,27,0,0.001,1050,0,100,1,-1,-1,-1,7000,1.5,0,-1,-1,-1,-1,-1,-1,-1,-1,-1,-1,-1,-1,-1,-1,-1,-1,1,1,1,1,1,1,1,1,-1,1240,13920,13920,0,0,0,0,[0|0],0,0,0,0,0,0,0,0,14,14,5,27,0,-1,-1,1,0,5,4,0,1,20,0,[0|0],1,1,0,0,0,1,0,0,0,-1,-1,0,1,1,0,0,1,2,0,0.998,0.991,0.991,0.998,0.955,0.958,0.96,109,110,113,110,113,139,139,139,-1,1,0,0.955,0,0,0,0,0,0,0,0,0,0,0,0,0,0,0,0,0,0,0,0,0,0,0,0,0,0,0,0,0,0,0,0,0,0,0,0,[0|0|0|0],0,5,0,0,0,0,0,0,0,0,0,0,0,0,0,0,0,0,0,1,0,0,0,0,0,1,0,0,0,0,0,0,0,0,0,1,0,0,0,1,0,0,0,0,0,0,0,0,0,0,0,0,0,0,0,0,0,0,0,0,0,0,1,1,0,0,1,1,0,0,0,0,0,0,0,0,0,1,0,0,0,0,0,0,0,0,0,0,0,0,0,0,0,0,0,0,0,0,[0|0|0|0|0|0|0|0|0|0|0|0|0|0],因为做出不祥预言，受到迫害，\n最后被赶出故乡的人物穿戴的眼罩。\n\n既然已经预见未来了，就不会迷失路途。\n那么，遮住眼睛前进也无妨。
620100,柯林长袍,0,0,[0|0|0],601240,0,107,107,100,0.01,1150,0,100,6.3,-1,-1,-1,7000,1,-0.4,-1,-1,-1,-1,-1,-1,-1,-1,-1,-1,-1,-1,-1,-1,-1,-1,1,1,1,1,1,1,1,1,-1,1240,13921,13921,0,0,0,0,[0|0],0,0,0,0,0,0,0,0,46,46,24,76,0,-1,-1,1,0,2,3,1,1,20,0,[0|0],1,0,1,0,0,0,0,0,0,-1,-1,0,1,1,0,0,1,2,0,0.939,0.933,0.933,0.939,0.867,0.872,0.872,109,50,113,50,113,139,139,139,-1,1,0,0.865,0,0,0,0,0,0,0,0,0,0,0,0,0,0,0,0,0,0,0,0,0,0,0,0,0,0,0,0,0,0,0,0,0,0,0,0,[0|0|0|0],0,24,0,0,0,0,0,0,0,0,0,0,0,0,0,0,0,0,0,0,0,1,0,1,0,0,0,0,0,0,0,0,0,0,0,0,0,0,0,0,0,0,1,1,1,0,1,0,1,1,1,0,1,1,0,1,1,1,1,1,1,1,0,0,0,0,0,0,1,1,1,0,1,0,0,1,0,0,0,1,0,0,0,0,0,0,0,0,0,0,0,0,0,0,0,0,0,0,[0|0|0|0|0|0|0|0|0|0|0|0|0|0],圣职人员柯林的长袍。\n\n受到迫害，他依然拒绝推翻预言，\n最后等到赐福的指引降临。\n\n从那之后，柯林每次看到车轮枷锁都会想起：\n深信不疑、坚定不屈地向前走，指引就在那里。
620300,预言家长裤,0,0,[0|0|0],801100,0,47,47,0,0.003,1250,0,100,3.1,-1,-1,-1,7000,1.1,0,-1,-1,-1,-1,-1,-1,-1,-1,-1,-1,-1,-1,-1,-1,-1,-1,1,1,1,1,1,1,1,1,-1,1240,13923,13923,0,0,0,0,[0|0],0,0,0,0,0,0,0,0,26,26,14,51,0,-1,-1,1,0,6,4,3,1,20,0,[0|0],1,0,0,0,1,0,0,0,0,-1,-1,0,1,1,0,0,1,2,0,0.97,0.966,0.966,0.97,0.924,0.927,0.928,109,50,109,50,113,139,109,139,111,1,0,0.924,0,0,0,0,0,0,0,0,0,0,0,0,0,0,0,0,0,0,0,0,0,0,0,0,0,0,0,0,0,0,0,0,0,0,0,0,[0|0|0|0],0,14,0,0,0,0,0,0,0,0,0,0,0,0,1,0,0,0,0,0,0,1,0,0,0,0,0,0,0,0,0,0,0,0,0,0,0,0,0,0,0,0,0,0,0,0,0,0,0,0,0,0,0,0,0,0,0,0,0,0,0,0,0,0,0,0,0,0,0,0,0,0,0,0,1,0,0,0,0,0,0,0,0,0,0,0,0,0,0,0,0,0,0,0,0,0,0,0,[0|0|0|0|0|0|0|0|0|0|0|0|0|0],因为做出不祥预言，受到迫害，\n最后被赶出故乡的人物穿戴的长裤。\n\n长裤质料硬如锉刀，会摩擦皮肤。
621100,预言家长袍（轻装）,1,0,[0|0|0],601230,0,69,69,100,0.01,1150,0,100,5.1,-1,-1,-1,7000,1,-0.4,-1,-1,-1,-1,-1,-1,-1,-1,-1,-1,-1,-1,-1,-1,-1,-1,1,1,1,1,1,1,1,1,-1,1241,13931,13931,0,0,0,0,[0|0],0,0,0,0,0,0,0,0,38,38,22,75,0,-1,-1,1,0,2,3,1,1,20,0,[0|0],1,0,1,0,0,0,0,0,0,-1,-1,0,1,1,0,0,1,2,0,0.939,0.947,0.939,0.939,0.867,0.876,0.872,109,50,113,50,113,139,139,139,-1,1,0,0.872,0,0,0,0,0,0,0,0,0,0,0,0,0,0,0,0,0,0,0,0,0,0,0,0,0,0,0,0,0,0,0,0,0,0,0,0,[0|0|0|0],0,22,0,0,0,0,0,0,0,0,0,0,0,0,0,0,0,0,0,0,0,1,0,1,0,0,0,0,0,0,0,0,0,0,0,0,0,0,0,0,0,0,0,1,1,1,0,1,0,1,1,1,1,1,0,1,1,1,1,1,1,1,0,0,0,0,0,0,0,1,1,1,0,0,0,1,0,0,0,1,0,0,0,0,0,0,0,0,0,0,0,0,0,0,0,0,0,0,[0|0|0|0|0|0|0|0|0|0|0|0|0|0],因为做出不祥预言，受到迫害，\n最后被赶出故乡的人物穿戴的长袍。\n\n长袍质料硬如锉刀，会摩擦皮肤。
622100,预言家长袍,1,0,[0|0|0],601220,0,83,83,100,0.012,1150,0,100,6.3,-1,-1,-1,7000,1,-0.4,-1,-1,-1,-1,-1,-1,-1,-1,-1,-1,-1,-1,-1,-1,-1,-1,1,1,1,1,1,1,1,1,-1,1245,13941,13941,0,0,0,0,[0|0],0,0,0,0,0,0,0,0,46,46,25,90,0,-1,-1,1,0,2,3,1,1,20,0,[0|0],1,0,1,0,0,0,0,0,0,-1,-1,0,1,1,0,0,1,2,0,0.933,0.939,0.933,0.933,0.865,0.874,0.87,109,50,113,50,113,139,139,139,-1,1,0,0.87,0,0,0,0,0,0,0,0,0,0,0,0,0,0,0,0,0,0,0,0,0,0,0,0,0,0,0,0,0,0,0,0,0,0,0,0,[0|0|0|0],0,25,0,0,0,0,0,0,0,0,0,0,0,0,0,0,0,0,0,0,0,1,0,1,0,0,0,0,0,0,0,0,0,0,0,0,0,0,0,0,0,0,1,1,1,0,1,0,1,1,1,0,1,1,0,1,1,1,1,1,1,1,0,0,0,0,0,0,0,1,1,1,1,0,0,1,0,0,0,1,0,0,0,0,0,0,0,0,0,0,0,0,0,0,0,0,0,0,[0|0|0|0|0|0|0|0|0|0|0|0|0|0],因为做出不祥预言，受到迫害，\n最后被赶出故乡的人物穿戴的长袍。\n\n沉重的金属枷锁是种标记，\n让人判断不须听信此人的言语。
630000,观星者风帽,1,0,[0|0|0],501000,0,31,31,0,0.003,1050,0,100,1.7,-1,-1,-1,7000,1.5,0,-1,-1,-1,-1,-1,-1,-1,-1,-1,-1,-1,-1,-1,-1,-1,-1,1,1,1,1,1,1,1,1,-1,1250,13950,13950,0,0,0,0,[0|0],0,0,0,0,0,0,0,0,18,18,9,27,0,-1,-1,1,0,5,4,0,1,20,0,[0|0],1,1,0,0,0,1,0,0,0,-1,-1,0,1,1,0,0,1,2,0,0.982,0.986,0.986,0.986,0.954,0.955,0.954,109,110,113,110,113,139,139,139,-1,1,0,0.955,0,0,0,0,0,0,0,0,0,0,0,0,0,0,0,0,0,0,0,0,0,0,0,0,0,0,0,0,0,0,0,0,0,0,0,0,[0|0|0|0],0,9,0,0,0,0,0,0,0,0,0,0,0,0,0,0,0,0,0,0,0,0,0,0,0,1,0,0,0,0,0,0,0,0,1,0,0,0,1,0,0,0,0,0,0,0,0,0,0,0,0,0,0,0,0,0,0,0,0,0,0,0,1,0,1,1,1,0,1,1,1,1,0,0,0,0,0,1,1,0,0,0,0,0,0,0,0,0,0,0,0,0,0,0,0,0,0,0,[0|0|0|0|0|0|0|0|0|0|0|0|0|0],以柔软的布制成的风帽。\n仰望星星的人们穿戴的防具。\n\n据说他们是辉石魔法师的后裔，\n试图从星星找出命运。\n但如今，夜空里头已经没有命运。
630100,观星者长袍,1,0,[0|0|0],601000,0,90,90,100,0.012,1150,0,100,6.3,-1,-1,-1,7000,1,-0.4,-1,-1,-1,-1,-1,-1,-1,-1,-1,-1,-1,-1,-1,-1,-1,-1,1,1,1,1,1,1,1,1,-1,1250,13951,13951,0,0,0,0,[0|0],0,0,0,0,0,0,0,0,50,50,24,76,0,-1,-1,1,0,2,3,1,1,20,0,[0|0],1,0,1,0,0,0,0,0,0,-1,-1,0,1,1,0,0,1,2,0,0.933,0.939,0.939,0.939,0.865,0.87,0.867,109,50,113,50,113,139,139,139,-1,1,0,0.87,0,0,0,0,0,0,0,0,0,0,0,0,0,0,0,0,0,0,0,0,0,0,0,0,0,0,0,0,0,0,0,0,0,0,0,0,[0|0|0|0],0,24,0,0,0,0,0,1,1,1,1,1,0,0,0,0,0,0,0,0,0,1,1,1,0,0,0,0,0,0,0,0,0,0,0,0,0,0,0,0,0,0,0,1,1,1,0,1,1,1,1,0,1,1,0,1,1,1,1,1,1,1,0,0,0,0,0,0,1,1,1,0,1,0,0,1,0,0,0,1,0,0,0,0,0,0,0,0,0,0,0,0,0,0,0,0,0,0,[0|0|0|0|0|0|0|0|0|0|0|0|0|0],以柔软的布制成的长袍。\n仰望星星的人们穿戴的防具。\n\n据说他们是辉石魔法师的后裔，\n试图从星星找出命运。\n但如今，夜空里头已经没有命运。
630200,观星者手套,1,0,[0|0|0],701000,0,24,24,0,0.002,1150,0,100,1.4,-1,-1,-1,7000,1.1,0,-1,-1,-1,-1,-1,-1,-1,-1,-1,-1,-1,-1,-1,-1,-1,-1,1,1,1,1,1,1,1,1,-1,1250,13952,13952,0,0,0,0,[0|0],0,0,0,0,0,0,0,0,14,14,7,21,0,-1,-1,1,0,1,4,2,1,20,0,[0|0],1,0,0,1,0,0,0,0,0,-1,-1,0,1,1,0,0,1,2,0,0.987,0.99,0.99,0.99,0.968,0.969,0.968,109,50,113,50,113,139,139,139,-1,1,0,0.969,0,0,0,0,0,0,0,0,0,0,0,0,0,0,0,0,0,0,0,0,0,0,0,0,0,0,0,0,0,0,0,0,0,0,0,0,[0|0|0|0],0,7,0,0,0,0,0,0,0,0,0,0,1,1,0,1,0,0,0,0,1,0,0,0,0,0,1,1,0,1,0,0,0,1,0,0,0,0,0,0,0,0,0,0,0,0,0,0,0,0,0,0,0,0,0,0,0,0,0,0,0,0,0,0,0,0,0,0,0,0,0,0,0,0,0,0,0,0,0,0,0,0,0,0,0,0,0,0,0,0,0,0,0,0,0,0,0,0,[0|0|0|0|0|0|0|0|0|0|0|0|0|0],质地轻薄，表面滑顺的布手套。\n仰望星星的人们穿戴的防具。\n\n据说他们是辉石魔法师的后裔，\n试图从星星找出命运。\n但如今，夜空里头已经没有命运。
630300,观星者长裤,1,0,[0|0|0],801000,0,56,56,0,0.007,1250,0,100,3.9,-1,-1,-1,7000,1.1,0,-1,-1,-1,-1,-1,-1,-1,-1,-1,-1,-1,-1,-1,-1,-1,-1,1,1,1,1,1,1,1,1,-1,1250,13953,13953,0,0,0,0,[0|0],0,0,0,0,0,0,0,0,31,31,15,47,0,-1,-1,1,0,6,4,3,1,20,0,[0|0],1,0,0,0,1,0,0,0,0,-1,-1,0,1,1,0,0,1,2,0,0.962,0.966,0.966,0.966,0.923,0.926,0.924,109,50,108,50,108,139,139,139,111,1,0,0.926,0,0,0,0,0,0,0,0,0,0,0,0,0,0,0,0,0,0,0,0,0,0,0,0,0,0,0,0,0,0,0,0,0,0,0,0,[0|0|0|0],0,15,0,0,0,0,0,0,0,0,0,0,0,0,1,0,1,1,1,0,0,1,0,0,0,0,0,0,0,0,0,0,0,0,0,0,0,0,0,0,0,0,0,0,0,0,0,0,0,0,0,0,0,0,0,0,0,0,0,0,0,0,0,0,0,0,0,0,0,0,0,0,0,0,1,0,0,0,0,0,0,0,0,0,0,0,0,0,0,0,0,0,0,0,0,0,0,0,[0|0|0|0|0|0|0|0|0|0|0|0|0|0],长袍底下的长裤。\n仰望星星的人们穿戴的防具。\n\n据说他们是辉石魔法师的后裔，\n试图从星星找出命运。\n但如今，夜空里头已经没有命运。
631100,观星者长袍（轻装）,1,0,[0|0|0],601010,0,75,75,100,0.01,1150,0,100,5.3,-1,-1,-1,7000,1,-0.4,-1,-1,-1,-1,-1,-1,-1,-1,-1,-1,-1,-1,-1,-1,-1,-1,1,1,1,1,1,1,1,1,-1,1251,13961,13961,0,0,0,0,[0|0],0,0,0,0,0,0,0,0,42,42,21,64,0,-1,-1,1,0,2,3,1,1,20,0,[0|0],1,0,1,0,0,0,0,0,0,-1,-1,0,1,1,0,0,1,2,0,0.939,0.947,0.947,0.947,0.867,0.872,0.87,109,50,113,50,113,139,139,139,-1,1,0,0.872,0,0,0,0,0,0,0,0,0,0,0,0,0,0,0,0,0,0,0,0,0,0,0,0,0,0,0,0,0,0,0,0,0,0,0,0,[0|0|0|0],0,21,0,0,0,0,0,1,1,1,1,1,0,0,0,0,0,0,0,0,0,1,1,1,0,0,0,0,0,0,0,0,0,0,0,0,0,0,0,0,0,0,0,1,1,1,0,1,0,1,1,1,1,1,0,1,1,1,1,1,1,1,0,0,0,0,0,0,0,1,1,1,0,0,0,1,0,0,0,1,0,0,0,0,0,0,0,0,0,0,0,0,0,0,0,0,0,0,[0|0|0|0|0|0|0|0|0|0|0|0|0|0],以柔软的布制成的长袍。\n仰望星星的人们穿戴的防具。\n\n据说他们是辉石魔法师的后裔，\n试图从星星找出命运。\n但如今，夜空里头已经没有命运。
640000,莱恩尼尔头盔,1,0,[0|0|0],510010,0,18,18,0,0.013,1050,0,500,9.1,-1,-1,-1,7000,1.5,0,-1,-1,-1,-1,-1,-1,-1,-1,-1,-1,-1,-1,-1,-1,-1,-1,1,1,1,1,1,1,1,1,-1,1260,13970,13970,0,0,0,0,[0|0],0,0,0,0,0,0,0,0,27,27,42,22,0,-1,-1,1,0,5,4,0,2,110,0,[0|0],1,1,0,0,0,1,0,0,0,-1,-1,0,1,1,0,0,1,2,0,0.937,0.93,0.941,0.928,0.952,0.947,0.954,109,110,106,110,106,139,139,139,-1,1,0,0.952,0,0,0,0,0,0,0,0,0,0,0,0,0,0,0,0,0,0,0,0,0,0,0,0,0,0,0,0,0,0,0,0,0,0,0,0,[0|0|0|0],0,42,0,0,0,0,0,0,0,0,0,0,0,0,0,0,0,0,0,1,0,0,0,0,0,0,0,0,0,0,0,0,0,0,1,0,1,0,0,1,0,0,0,0,0,0,0,0,0,0,0,0,0,0,0,0,0,0,0,0,0,0,1,1,1,1,1,1,1,1,1,1,0,0,0,0,0,1,1,0,1,1,0,0,0,0,0,0,0,0,0,0,0,0,0,0,0,1,[0|0|0|0|0|0|0|0|0|0|0|0|0|0],具有大帽檐的浑圆铁制头盔。\n“无畏”莱恩尼尔的防具。\n\n表现得无所畏惧的骑士，\n遇见了被赶出故乡的菲雅。\n据说他自愿成为她如父般的存在。
640100,莱恩尼尔铠甲,1,0,[0|0|0],610000,0,42,42,100,0.04,1150,0,500,21.2,-1,-1,-1,7000,1,-0.4,-1,-1,-1,-1,-1,-1,-1,-1,-1,-1,-1,-1,-1,-1,-1,-1,1,1,1,1,1,1,1,1,-1,1260,13971,13971,0,0,0,0,[0|0],0,0,0,0,0,0,0,0,63,63,99,50,0,-1,-1,1,0,2,4,1,2,110,0,[0|0],1,0,1,0,0,0,0,0,0,-1,-1,0,1,1,0,0,1,2,0,0.825,0.808,0.837,0.803,0.865,0.851,0.87,109,50,106,50,106,139,139,139,-1,1,0,0.865,0,0,0,0,0,0,0,0,0,0,0,0,0,0,0,0,0,0,0,0,0,0,0,0,0,0,0,0,0,0,0,0,0,0,0,2,[0|0|0|0],0,99,0,0,0,0,0,1,1,1,1,1,1,0,0,0,0,0,0,0,0,1,1,1,0,0,0,0,0,0,0,0,0,0,0,0,0,0,0,0,0,0,1,1,1,0,0,1,1,1,1,0,1,0,1,0,1,0,1,0,1,1,0,0,0,0,0,0,1,1,0,1,1,0,0,1,0,0,0,1,0,0,0,1,1,1,1,1,1,1,1,1,1,1,1,1,1,0,[0|0|0|0|0|0|0|0|0|0|0|0|0|0],背着军旗的浑圆铁制铠甲。\n“无畏”莱恩尼尔的防具。\n\n表现得无所畏惧的骑士，\n遇见了被赶出故乡的菲雅。\n据说他自愿成为她如父般的存在。
640200,莱恩尼尔臂甲,1,0,[0|0|0],709000,0,14,14,0,0.009,1150,0,500,7.1,-1,-1,-1,7000,1.1,0,-1,-1,-1,-1,-1,-1,-1,-1,-1,-1,-1,-1,-1,-1,-1,-1,1,1,1,1,1,1,1,1,-1,1260,13972,13972,0,0,0,0,[0|0],0,0,0,0,0,0,0,0,21,21,33,17,0,-1,-1,1,0,1,4,2,2,100,0,[0|0],1,0,0,1,0,0,0,0,0,-1,-1,0,1,1,0,0,1,2,0,0.956,0.951,0.959,0.95,0.967,0.963,0.968,109,50,106,50,106,139,139,139,-1,1,0,0.967,0,0,0,0,0,0,0,0,0,0,0,0,0,0,0,0,0,0,0,0,0,0,0,0,0,0,0,0,0,0,0,0,0,0,0,0,[0|0|0|0],0,33,0,0,0,0,0,0,0,0,0,0,0,1,0,1,0,0,0,0,1,0,0,0,0,0,1,1,0,0,1,1,0,1,0,0,0,0,0,0,0,0,0,0,0,0,0,0,0,0,0,0,0,0,0,0,0,0,0,0,0,0,0,0,0,0,0,0,0,0,0,0,0,0,0,0,0,0,0,0,0,0,0,0,0,0,0,0,0,0,0,0,0,0,0,0,0,0,[0|0|0|0|0|0|0|0|0|0|0|0|0|0],浑圆的铁制臂甲。\n“无畏”莱恩尼尔的防具。\n\n表现得无所畏惧的骑士，\n遇见了被赶出故乡的菲雅。\n据说他自愿成为她如父般的存在。
640300,莱恩尼尔腿甲,1,0,[0|0|0],809000,0,26,26,0,0.024,1250,0,500,13.1,-1,-1,-1,7000,1.1,0,-1,-1,-1,-1,-1,-1,-1,-1,-1,-1,-1,-1,-1,-1,-1,-1,1,1,1,1,1,1,1,1,-1,1260,13973,13973,0,0,0,0,[0|0],0,0,0,0,0,0,0,0,39,39,61,31,0,-1,-1,1,0,6,4,3,2,100,0,[0|0],1,0,0,0,1,0,0,0,0,-1,-1,0,1,1,0,0,1,2,0,0.899,0.889,0.906,0.886,0.923,0.915,0.926,109,50,106,50,106,139,139,139,111,1,0,0.923,0,0,0,0,0,0,0,0,0,0,0,0,0,0,0,0,0,0,0,0,0,0,0,0,0,0,0,0,0,0,0,0,0,0,0,0,[0|0|0|0],0,61,0,0,0,0,0,0,0,0,0,0,0,0,1,0,1,1,1,0,0,1,0,0,0,0,0,0,0,0,0,0,0,0,0,0,0,0,0,0,0,0,0,0,0,0,0,0,0,0,0,0,0,0,0,0,0,0,0,0,0,0,0,0,0,0,0,0,0,0,0,0,0,0,1,0,0,0,0,0,0,0,0,0,0,0,0,0,0,0,0,0,0,0,0,0,0,0,[0|0|0|0|0|0|0|0|0|0|0|0|0|0],浑圆的铁制腿甲。\n“无畏”莱恩尼尔的防具。\n\n表现得无所畏惧的骑士，\n遇见了被赶出故乡的菲雅。\n据说他自愿成为她如父般的存在。
641100,莱恩尼尔铠甲（轻装）,1,0,[0|0|0],610010,0,38,38,100,0.038,1150,0,500,20.2,-1,-1,-1,7000,1,-0.4,-1,-1,-1,-1,-1,-1,-1,-1,-1,-1,-1,-1,-1,-1,-1,-1,1,1,1,1,1,1,1,1,-1,1261,13981,13981,0,0,0,0,[0|0],0,0,0,0,0,0,0,0,57,57,90,45,0,-1,-1,1,0,2,4,1,2,110,0,[0|0],1,0,1,0,0,0,0,0,0,-1,-1,0,1,1,0,0,1,2,0,0.829,0.812,0.841,0.807,0.869,0.855,0.874,109,50,106,50,106,139,139,139,-1,1,0,0.869,0,0,0,0,0,0,0,0,0,0,0,0,0,0,0,0,0,0,0,0,0,0,0,0,0,0,0,0,0,0,0,0,0,0,0,2,[0|0|0|0],0,90,0,0,0,0,0,1,1,1,1,1,1,0,0,0,0,0,0,0,0,1,1,1,0,0,0,0,0,0,0,0,0,0,0,0,0,0,0,0,0,0,1,1,1,0,0,1,1,1,1,0,1,0,1,0,1,0,1,0,1,1,0,0,0,0,0,0,1,1,0,1,1,0,0,1,0,0,0,1,0,0,0,1,1,1,1,1,1,1,1,1,1,1,1,1,1,0,[0|0|0|0|0|0|0|0|0|0|0|0|0|0],浑圆的铁制铠甲。\n“无畏”莱恩尼尔的防具。\n\n表现得无所畏惧的骑士，\n遇见了被赶出故乡的菲雅。\n据说他自愿成为她如父般的存在。
650000,霍斯劳头盔,1,0,[0|0|0],508010,0,11,11,0,0.008,1050,0,3000,5.5,-1,-1,-1,7000,1.5,0,-1,-1,-1,-1,-1,-1,-1,-1,-1,-1,-1,-1,-1,-1,-1,-1,1,1,1,1,1,1,1,1,-1,1270,13990,13990,0,0,0,0,[0|0],0,0,0,0,0,0,0,0,18,18,27,11,0,-1,-1,1,0,5,4,0,2,90,0,[0|0],1,1,0,0,0,1,0,0,0,-1,-1,0,1,1,0,0,1,2,0,0.948,0.95,0.956,0.952,0.96,0.956,0.962,109,110,106,110,106,139,139,139,-1,1,0,0.962,0,0,0,0,0,0,0,0,0,0,0,0,0,0,0,0,0,0,0,0,0,0,0,0,0,0,0,0,0,0,0,0,0,0,0,0,[0|0|0|0],0,27,1,1,1,1,1,0,0,0,0,0,0,0,0,0,0,0,0,1,0,0,0,0,0,1,0,0,0,0,0,0,0,0,0,1,0,0,0,1,0,0,0,0,0,0,0,0,0,0,0,0,0,0,0,0,0,0,0,0,0,0,1,1,1,1,1,1,1,1,1,1,0,0,0,0,0,1,1,0,1,1,1,0,0,0,0,0,0,0,0,0,0,0,0,0,0,0,[0|0|0|0|0|0|0|0|0|0|0|0|0|0],在两条长尾顶饰上，\n以花装饰的银铁制头盔。\n名门霍斯劳当家的身分证明。\n\n尤诺·霍斯劳有一位弟弟──\n做不到言出必行，没有骨气的弟弟。\n\n因为弟弟的无能，\n兄弟俩没有发生当家主位之争。\n哥哥也能安然地疼爱弟弟。
650100,霍斯劳铠甲,1,0,[0|0|0],608020,0,24,24,100,0.022,1150,0,3000,11.8,-1,-1,-1,7000,1,-0.4,-1,-1,-1,-1,-1,-1,-1,-1,-1,-1,-1,-1,-1,-1,-1,-1,1,1,1,1,1,1,1,1,-1,1270,13991,13991,0,0,0,0,[0|0],0,0,0,0,0,0,0,0,38,38,60,24,0,-1,-1,1,0,2,4,1,2,90,0,[0|0],1,0,1,0,0,0,0,0,0,-1,-1,0,1,1,0,0,1,2,0,0.86,0.865,0.881,0.876,0.891,0.881,0.898,109,50,113,50,113,139,139,139,-1,1,0,0.898,0,0,0,0,0,0,0,0,0,0,0,0,0,0,0,0,0,0,0,0,0,0,0,0,0,0,0,0,0,0,0,0,0,0,0,0,[0|0|0|0],0,60,0,0,0,0,0,0,1,1,1,1,0,0,0,0,0,0,0,0,0,1,1,1,0,0,0,0,0,0,0,0,0,0,0,0,0,0,0,0,0,0,1,1,1,0,1,0,1,1,0,1,1,1,0,1,0,1,0,1,0,1,0,0,0,0,0,0,1,1,0,1,1,0,0,1,0,0,0,1,0,0,0,1,1,1,1,1,1,1,1,1,1,1,1,1,1,0,[0|0|0|0|0|0|0|0|0|0|0|0|0|0],以红色点缀的银铁制奢华铠甲。\n名门霍斯劳代代相传的防具。\n\n收到火山官邸的邀请时，\n尤诺·霍斯劳冷淡回绝。\n\n　我早就走在染血的路上，\n　但不同的是，我绝不会自称为英雄。
650200,霍斯劳臂甲,1,0,[0|0|0],707010,0,8,8,0,0.005,1150,0,3000,3.9,-1,-1,-1,7000,1.1,0,-1,-1,-1,-1,-1,-1,-1,-1,-1,-1,-1,-1,-1,-1,-1,-1,1,1,1,1,1,1,1,1,-1,1270,13992,13992,0,0,0,0,[0|0],0,0,0,0,0,0,0,0,13,13,20,8,0,-1,-1,1,0,1,4,2,2,80,0,[0|0],1,0,0,1,0,0,0,0,0,-1,-1,0,1,1,0,0,1,2,0,0.965,0.967,0.971,0.969,0.973,0.971,0.975,109,50,106,50,106,139,139,139,-1,1,0,0.975,0,0,0,0,0,0,0,0,0,0,0,0,0,0,0,0,0,0,0,0,0,0,0,0,0,0,0,0,0,0,0,0,0,0,0,0,[0|0|0|0],0,20,0,0,0,0,0,0,0,0,0,0,0,1,0,1,0,0,0,0,1,0,0,0,0,0,1,0,1,0,1,1,0,1,0,0,0,0,0,0,0,0,0,0,0,0,0,0,0,0,0,0,0,0,0,0,0,0,0,0,0,0,0,0,0,0,0,0,0,0,0,0,0,0,0,0,0,0,0,0,0,0,0,0,0,0,0,0,0,0,0,0,0,0,0,0,0,0,[0|0|0|0|0|0|0|0|0|0|0|0|0|0],以红色点缀的银铁制奢华臂甲。\n名门霍斯劳代代相传的防具。\n\n收到火山官邸的邀请时，\n尤诺·霍斯劳冷淡回绝。\n\n　我早就走在染血的路上，\n　但不同的是，我绝不会自称为英雄。
650300,霍斯劳腿甲,1,0,[0|0|0],807010,0,15,15,0,0.013,1250,0,3000,7.3,-1,-1,-1,7000,1.1,0,-1,-1,-1,-1,-1,-1,-1,-1,-1,-1,-1,-1,-1,-1,-1,-1,1,1,1,1,1,1,1,1,-1,1270,13993,13993,0,0,0,0,[0|0],0,0,0,0,0,0,0,0,24,24,37,15,0,-1,-1,1,0,6,4,3,2,80,0,[0|0],1,0,0,0,1,0,0,0,0,-1,-1,0,1,1,0,0,1,2,0,0.92,0.923,0.932,0.929,0.938,0.932,0.942,109,50,106,50,106,139,139,139,111,1,0,0.942,0,0,0,0,0,0,0,0,0,0,0,0,0,0,0,0,0,0,0,0,0,0,0,0,0,0,0,0,0,0,0,0,0,0,0,0,[0|0|0|0],0,37,0,0,0,0,0,0,0,0,0,0,0,0,1,0,1,1,1,0,0,1,0,0,0,0,0,0,0,0,0,0,0,0,0,0,0,0,0,0,0,0,0,0,0,0,0,0,0,0,0,0,0,0,0,0,0,0,0,0,0,0,0,0,0,0,0,0,0,0,0,0,0,0,1,0,0,0,0,0,0,0,0,0,0,0,0,0,0,0,0,0,0,0,0,0,0,0,[0|0|0|0|0|0|0|0|0|0|0|0|0|0],以红色点缀的银铁制奢华腿甲。\n名门霍斯劳代代相传的防具。\n\n收到火山官邸的邀请时，\n尤诺·霍斯劳冷淡回绝。\n\n　我早就走在染血的路上，\n　但不同的是，我绝不会自称为英雄。
651000,狄亚罗斯头盔,1,0,[0|0|0],508020,0,10,10,0,0.007,1050,0,3000,4.6,-1,-1,-1,7000,1.5,0,-1,-1,-1,-1,-1,-1,-1,-1,-1,-1,-1,-1,-1,-1,-1,-1,1,1,1,1,1,1,1,1,-1,1275,14000,14000,0,0,0,0,[0|0],0,0,0,0,0,0,0,0,15,15,23,10,0,-1,-1,1,0,5,4,0,1,90,0,[0|0],1,1,0,0,0,1,0,0,0,-1,-1,0,1,1,0,0,1,2,0,0.952,0.954,0.962,0.956,0.964,0.964,0.975,109,110,106,110,106,139,139,139,-1,1,0,0.966,0,0,0,0,0,0,0,0,0,0,0,0,0,0,0,0,0,0,0,0,0,0,0,0,0,0,0,0,0,0,0,0,0,0,0,0,[0|0|0|0],0,23,1,1,1,1,1,0,0,0,0,0,0,0,0,0,0,0,0,1,0,0,0,0,0,1,0,0,0,0,0,0,0,0,0,1,0,0,0,1,0,0,0,0,0,0,0,0,0,0,0,0,0,0,0,0,0,0,0,0,0,0,1,1,1,1,1,1,1,1,1,1,0,0,0,0,0,1,1,0,1,1,1,0,0,0,0,0,0,0,0,0,0,0,0,0,0,0,[0|0|0|0|0|0|0|0|0|0|0|0|0|0],在两条长尾顶饰上，\n以花装饰的银铁制头盔，\n此为没有长尾顶饰的复制品。\n\n狄亚罗斯·霍斯劳有一位哥哥──\n个性寡言又冷酷，自己望尘莫及的哥哥。\n\n弟弟想变得和哥哥一样，\n变成以血代言的霍斯劳。\n即使心里明白，哥哥不希望自己这么做。
652100,霍斯劳铠甲（轻装）,1,0,[0|0|0],608030,0,21,21,100,0.021,1150,0,3000,10.8,-1,-1,-1,7000,1,-0.4,-1,-1,-1,-1,-1,-1,-1,-1,-1,-1,-1,-1,-1,-1,-1,-1,1,1,1,1,1,1,1,1,-1,1271,14001,14001,0,0,0,0,[0|0],0,0,0,0,0,0,0,0,32,32,52,21,0,-1,-1,1,0,2,4,1,2,90,0,[0|0],1,0,1,0,0,0,0,0,0,-1,-1,0,1,1,0,0,1,2,0,0.864,0.875,0.885,0.88,0.897,0.89,0.911,109,50,106,50,106,139,139,139,-1,1,0,0.911,0,0,0,0,0,0,0,0,0,0,0,0,0,0,0,0,0,0,0,0,0,0,0,0,0,0,0,0,0,0,0,0,0,0,0,0,[0|0|0|0],0,52,0,0,0,0,0,0,1,1,1,1,0,0,0,0,0,0,0,0,0,1,1,1,0,0,0,0,0,0,0,0,0,0,0,0,0,0,0,0,0,0,1,1,1,0,1,0,1,1,0,1,1,1,0,1,0,1,0,1,0,1,0,0,0,0,0,0,1,1,0,1,1,0,0,1,0,0,0,1,0,0,0,0,0,0,0,0,0,0,0,0,0,0,0,0,0,0,[0|0|0|0|0|0|0|0|0|0|0|0|0|0],以红色点缀的银铁制奢华铠甲。\n名门霍斯劳代代相传的防具。\n\n收到火山官邸的邀请时，\n尤诺·霍斯劳冷淡回绝。\n\n　我早就走在染血的路上，\n　但不同的是，我绝不会自称为英雄。
660000,流浪骑士头盔,1,0,[0|0|0],507010,0,9,9,0,0.007,1050,0,100,4,-1,-1,-1,7000,1.5,0,-1,-1,-1,-1,-1,-1,-1,-1,-1,-1,-1,-1,-1,-1,-1,-1,1,1,1,1,1,1,1,1,-1,1280,14010,14010,0,0,0,0,[0|0],0,0,0,0,0,0,0,0,14,14,23,9,0,-1,-1,1,0,5,4,0,1,80,0,[0|0],1,1,0,0,0,1,0,0,0,-1,-1,0,1,1,0,0,1,2,0,0.954,0.958,0.964,0.96,0.969,0.964,0.972,109,110,106,110,106,139,139,139,-1,1,0,0.972,0,0,0,0,0,0,0,0,0,0,0,0,0,0,0,0,0,0,0,0,0,0,0,0,0,0,0,0,0,0,0,0,0,0,0,0,[0|0|0|0],0,23,0,0,0,1,1,0,0,0,0,0,0,0,0,0,0,0,0,0,0,0,0,0,0,1,0,0,0,0,0,0,0,0,1,0,0,0,0,1,0,0,0,0,0,0,0,0,0,0,0,0,0,0,0,0,0,0,0,0,0,0,1,0,1,1,1,1,1,1,1,1,0,0,0,0,0,1,1,0,1,1,0,0,0,0,0,0,0,0,0,0,0,0,0,0,0,0,[0|0|0|0|0|0|0|0|0|0|0|0|0|0],经历流浪之旅因此老旧的铁制头盔。\n受祖国放逐的骑士穿戴的防具。\n\n面甲快要损坏，已经无法放下。\n\n金属制的盔甲有相当分量，\n因此减伤率偏高，是坚固的防具。
660100,流浪骑士铠甲,1,0,[0|0|0],607010,0,23,23,100,0.022,1150,0,100,10.6,-1,-1,-1,7000,1,-0.4,-1,-1,-1,-1,-1,-1,-1,-1,-1,-1,-1,-1,-1,-1,-1,-1,1,1,1,1,1,1,1,1,-1,1280,14011,14011,0,0,0,0,[0|0],0,0,0,0,0,0,0,0,35,35,57,23,0,-1,-1,1,0,2,4,1,1,80,0,[0|0],1,0,1,0,0,0,0,0,0,-1,-1,0,1,1,0,0,1,2,0,0.865,0.876,0.886,0.881,0.898,0.891,0.912,109,50,113,50,113,139,139,139,-1,1,0,0.912,0,0,0,0,0,0,0,0,0,0,0,0,0,0,0,0,0,0,0,0,0,0,0,0,0,0,0,0,0,0,0,0,0,0,0,0,[0|0|0|0],0,57,0,0,0,0,0,1,1,1,1,1,0,0,0,0,0,0,0,0,0,1,1,1,0,0,0,0,0,0,0,0,0,0,0,0,0,0,0,0,0,0,1,1,1,0,0,1,1,1,1,0,1,1,0,0,1,1,1,1,0,1,0,0,0,0,0,0,1,1,1,0,1,0,0,1,0,0,0,1,0,0,0,1,1,1,1,1,1,1,1,1,1,1,1,1,1,0,[0|0|0|0|0|0|0|0|0|0|0|0|0|0],经历流浪之旅因此老旧的铁制铠甲。\n受祖国放逐的骑士穿戴的防具。\n\n胸甲上的徽章受磨损、布满脏污，\n甚至无法使人触景伤情。\n\n金属制的盔甲有相当分量，\n因此减伤率偏高，是坚固的防具。
660200,流浪骑士臂甲,1,0,[0|0|0],706010,0,8,8,0,0.005,1150,0,100,3.5,-1,-1,-1,7000,1.1,0,-1,-1,-1,-1,-1,-1,-1,-1,-1,-1,-1,-1,-1,-1,-1,-1,1,1,1,1,1,1,1,1,-1,1280,14012,14012,0,0,0,0,[0|0],0,0,0,0,0,0,0,0,12,12,19,8,0,-1,-1,1,0,1,4,2,1,70,0,[0|0],1,0,0,1,0,0,0,0,0,-1,-1,0,1,1,0,0,1,2,0,0.967,0.969,0.972,0.971,0.975,0.973,0.979,109,50,106,50,106,139,139,139,-1,1,0,0.979,0,0,0,0,0,0,0,0,0,0,0,0,0,0,0,0,0,0,0,0,0,0,0,0,0,0,0,0,0,0,0,0,0,0,0,0,[0|0|0|0],0,19,0,0,0,0,0,0,0,0,0,0,0,0,0,1,0,0,0,0,1,0,0,0,0,0,1,0,1,0,1,1,0,1,0,0,0,0,0,0,0,0,0,0,0,0,0,0,0,0,0,0,0,0,0,0,0,0,0,0,0,0,0,0,0,0,0,0,0,0,0,0,0,0,0,0,0,0,0,0,0,0,0,0,0,0,0,0,0,0,0,0,0,0,0,0,0,0,[0|0|0|0|0|0|0|0|0|0|0|0|0|0],经历流浪之旅因此老旧的铁制臂甲。\n受祖国放逐的骑士穿戴的防具。\n\n金属制的盔甲有相当分量，\n因此减伤率偏高，是坚固的防具。
660300,流浪骑士腿甲,1,0,[0|0|0],806010,0,13,13,0,0.012,1250,0,100,5.7,-1,-1,-1,7000,1.1,0,-1,-1,-1,-1,-1,-1,-1,-1,-1,-1,-1,-1,-1,-1,-1,-1,1,1,1,1,1,1,1,1,-1,1280,14013,14013,0,0,0,0,[0|0],0,0,0,0,0,0,0,0,20,20,34,13,0,-1,-1,1,0,6,4,3,1,70,0,[0|0],1,0,0,0,1,0,0,0,0,-1,-1,0,1,1,0,0,1,2,0,0.926,0.932,0.942,0.935,0.95,0.942,0.955,109,50,106,50,106,139,139,139,111,1,0,0.955,0,0,0,0,0,0,0,0,0,0,0,0,0,0,0,0,0,0,0,0,0,0,0,0,0,0,0,0,0,0,0,0,0,0,0,0,[0|0|0|0],0,34,0,0,0,0,0,0,0,0,0,0,0,0,1,0,1,1,1,0,0,1,0,0,0,0,0,0,0,0,0,0,0,0,0,0,0,0,0,0,0,0,0,0,0,0,0,0,0,0,0,0,0,0,0,0,0,0,0,0,0,0,0,0,0,0,0,0,0,0,0,0,0,0,1,0,0,0,0,0,0,0,0,0,0,0,0,0,0,0,0,0,0,0,0,0,0,0,[0|0|0|0|0|0|0|0|0|0|0|0|0|0],经历流浪之旅因此老旧的铁制腿甲。\n受祖国放逐的骑士穿戴的防具。\n\n金属制的盔甲有相当分量，\n因此减伤率偏高，是坚固的防具。
661100,流浪骑士铠甲（轻装）,1,0,[0|0|0],607020,0,19,19,100,0.021,1150,0,100,9.6,-1,-1,-1,7000,1,0,-1,-1,-1,-1,-1,-1,-1,-1,-1,-1,-1,-1,-1,-1,-1,-1,1,1,1,1,1,1,1,1,-1,1281,14021,14021,0,0,0,0,[0|0],0,0,0,0,0,0,0,0,29,29,50,19,0,-1,-1,1,0,2,4,1,1,80,0,[0|0],1,0,1,0,0,0,0,0,0,-1,-1,0,1,1,0,0,1,2,0,0.868,0.878,0.895,0.883,0.909,0.895,0.917,109,50,106,50,106,139,139,139,-1,1,0,0.917,0,0,0,0,0,0,0,0,0,0,0,0,0,0,0,0,0,0,0,0,0,0,0,0,0,0,0,0,0,0,0,0,0,0,0,0,[0|0|0|0],0,50,0,0,0,0,0,1,1,1,1,1,0,0,0,0,0,0,0,0,0,1,1,1,0,0,0,0,0,0,0,0,0,0,0,0,0,0,0,0,0,0,1,1,1,0,0,1,1,1,0,1,1,1,0,0,1,1,1,1,0,1,0,0,0,0,0,0,1,1,0,1,1,0,0,1,0,0,0,1,0,0,0,0,0,0,0,0,0,0,0,0,0,0,0,0,0,0,[0|0|0|0|0|0|0|0|0|0|0|0|0|0],经历流浪之旅因此老旧的铁制铠甲。\n受祖国放逐的骑士穿戴的防具。\n\n胸甲上的徽章受磨损、布满脏污，\n甚至无法使人触景伤情。\n\n金属制的盔甲有相当分量，\n因此减伤率偏高，是坚固的防具。
670000,蓝布头巾,0,0,[0|0|0],504000,0,18,18,0,0.004,1050,0,100,2.7,-1,-1,-1,7000,1.5,0,-1,-1,-1,-1,-1,-1,-1,-1,-1,-1,-1,-1,-1,-1,-1,-1,1,1,1,1,1,1,1,1,-1,1290,14030,14030,0,0,0,0,[0|0],0,0,0,0,0,0,0,0,24,24,15,18,0,-1,-1,1,0,5,4,0,1,50,0,[0|0],1,1,0,0,0,1,0,0,0,-1,-1,0,1,1,0,0,1,2,0,0.972,0.977,0.972,0.977,0.969,0.966,0.962,109,110,113,110,113,139,139,139,-1,1,0,0.972,0,0,0,0,0,0,0,0,0,0,0,0,0,0,0,0,0,0,0,0,0,0,0,0,0,0,0,0,0,0,0,0,0,0,0,0,[0|0|0|0],0,15,0,0,0,1,0,0,0,0,0,0,0,0,0,0,0,0,0,1,0,0,0,0,0,1,0,0,0,0,0,0,0,0,1,0,0,0,0,1,0,0,0,0,0,0,0,0,0,0,0,0,0,0,0,0,0,0,0,0,0,0,1,1,1,1,1,1,1,1,1,1,0,0,0,0,0,1,1,0,1,1,0,0,0,0,0,0,0,0,0,0,0,0,0,0,0,0,[0|0|0|0|0|0|0|0|0|0|0|0|0|0],游牧民族剑士的头巾。\n布料的蓝色代表清凉水流，\n而剑士所用的剑术也行如流水。\n\n停驻会带来沉淀，沉淀会招致腐化──\n谨记行事奔流不息，切忌流连。
670100,蓝布上衣,0,0,[0|0|0],603010,0,50,50,100,0.016,1150,0,100,7.7,-1,-1,-1,7000,1,-0.4,-1,-1,-1,-1,-1,-1,-1,-1,-1,-1,-1,-1,-1,-1,-1,-1,1,1,1,1,1,1,1,1,-1,1290,14031,14031,0,0,0,0,[0|0],0,0,0,0,0,0,0,0,63,63,42,50,0,-1,-1,1,0,2,4,1,1,40,0,[0|0],1,0,1,0,0,0,0,0,0,-1,-1,0,1,1,0,0,1,2,0,0.905,0.92,0.905,0.92,0.898,0.891,0.881,109,50,113,50,113,139,139,139,-1,1,0,0.905,0,0,0,0,0,0,0,0,0,0,0,0,0,0,0,0,0,0,0,0,0,0,0,0,0,0,0,0,0,0,0,0,0,0,0,0,[0|0|0|0],0,42,0,0,0,0,0,0,1,1,1,1,0,0,0,0,0,0,0,0,0,1,0,1,0,0,0,0,0,0,0,0,0,0,0,0,0,0,0,0,0,0,1,0,1,1,0,1,1,0,1,1,1,1,0,1,0,1,0,1,0,1,0,0,0,0,0,0,0,1,1,1,0,0,0,1,0,0,0,1,0,0,0,0,0,0,0,0,0,0,0,0,0,0,0,0,0,0,[0|0|0|0|0|0|0|0|0|0|0|0|0|0],游牧民族剑士的上衣。\n布料的蓝色代表清凉水流，\n而剑士所用的剑术也行如流水。\n\n停驻会带来沉淀，沉淀会招致腐化──\n谨记行事奔流不息，切忌流连。
670200,剑士臂甲,0,0,[0|0|0],703010,0,17,17,0,0.003,1150,0,100,2.6,-1,-1,-1,7000,1.1,0,-1,-1,-1,-1,-1,-1,-1,-1,-1,-1,-1,-1,-1,-1,-1,-1,1,1,1,1,1,1,1,1,-1,1290,14032,14032,0,0,0,0,[0|0],0,0,0,0,0,0,0,0,21,21,14,17,0,-1,-1,1,0,1,4,2,1,40,0,[0|0],1,0,0,1,0,0,0,0,0,-1,-1,0,1,1,0,0,1,2,0,0.977,0.981,0.977,0.981,0.975,0.973,0.971,109,50,108,50,108,139,139,139,-1,1,0,0.977,0,0,0,0,0,0,0,0,0,0,0,0,0,0,0,0,0,0,0,0,0,0,0,0,0,0,0,0,0,0,0,0,0,0,0,0,[0|0|0|0],0,14,0,0,0,0,0,0,0,0,0,0,1,0,0,0,0,0,0,0,1,0,0,0,0,0,1,0,1,0,1,1,1,0,0,0,0,0,0,0,0,0,0,0,0,0,0,0,0,0,0,0,0,0,0,0,0,0,0,0,0,0,0,0,0,0,0,0,0,0,0,0,0,0,0,0,0,0,0,0,0,0,0,0,0,0,0,0,0,0,0,0,0,0,0,0,0,0,[0|0|0|0|0|0|0|0|0|0|0|0|0|0],游牧民族剑士的臂甲。\n以强韧的皮革加工制成。
670300,剑士腿甲,0,0,[0|0|0],803020,0,31,31,0,0.01,1250,0,100,4.8,-1,-1,-1,7000,1.1,0,-1,-1,-1,-1,-1,-1,-1,-1,-1,-1,-1,-1,-1,-1,-1,-1,1,1,1,1,1,1,1,1,-1,1290,14033,14033,0,0,0,0,[0|0],0,0,0,0,0,0,0,0,39,39,26,31,0,-1,-1,1,0,6,4,3,1,40,0,[0|0],1,0,0,0,1,0,0,0,0,-1,-1,0,1,1,0,0,1,2,0,0.946,0.955,0.946,0.955,0.942,0.938,0.932,109,50,108,50,108,139,108,139,111,1,0,0.946,0,0,0,0,0,0,0,0,0,0,0,0,0,0,0,0,0,0,0,0,0,0,0,0,0,0,0,0,0,0,0,0,0,0,0,0,[0|0|0|0],0,26,0,0,0,0,0,0,0,0,0,0,0,0,1,0,1,1,1,0,0,1,0,0,0,0,0,0,0,0,0,0,0,0,0,0,0,0,0,0,0,0,0,0,0,0,0,0,0,0,0,0,0,0,0,0,0,0,0,0,0,0,0,0,0,0,0,0,0,0,0,0,0,0,1,0,0,0,0,0,0,0,0,0,0,0,0,0,0,0,0,0,0,0,0,0,0,0,[0|0|0|0|0|0|0|0|0|0|0|0|0|0],游牧民族剑士的腿甲。\n以强韧的皮革加工制成。
680000,白面具,0,0,[0|0|0],504030,0,21,21,0,0.005,1050,0,100,3.2,6068000,-1,-1,7000,1.5,0,-1,-1,-1,-1,-1,-1,-1,-1,-1,-1,-1,-1,-1,-1,-1,-1,1,1,1,1,1,1,1,1,-1,1300,14040,14040,0,0,0,0,[0|0],0,0,0,0,0,0,0,0,23,23,18,22,0,-1,-1,1,0,5,4,0,2,50,0,[0|0],1,1,0,0,0,1,0,0,0,-1,-1,0,1,1,0,0,1,2,0,0.973,0.967,0.97,0.973,0.965,0.963,0.961,109,110,108,110,108,139,139,139,-1,1,0,0.963,0,0,0,0,0,0,0,0,0,0,0,0,0,0,0,0,0,0,0,0,0,0,0,0,0,0,0,0,0,0,0,0,0,0,0,0,[0|0|0|0],0,18,0,1,1,1,1,0,0,0,0,0,0,0,0,0,0,0,0,1,0,0,0,0,0,0,0,0,0,0,0,0,0,0,0,1,1,0,0,1,0,0,0,0,0,0,0,0,0,0,0,0,0,0,0,0,0,0,0,0,0,0,1,1,1,1,1,1,1,1,1,1,0,0,0,0,0,1,1,0,1,1,1,0,0,0,0,0,0,0,0,0,0,0,0,0,0,1,[0|0|0|0|0|0|0|0|0|0|0|0|0|0],因为血迹显得骯脏，带着微笑的白面具。\n战场上替人解脱的战场医师们穿戴的防具。\n\n受到鲜血君王的诅咒之血影响，\n当周围人物陷入异常状态出血时，\n能些微提升攻击力。
680100,战场医师白上衣,0,0,[0|0|0],603030,0,44,44,100,0.013,1150,0,100,6.9,-1,-1,-1,7000,1,-0.4,-1,-1,-1,-1,-1,-1,-1,-1,-1,-1,-1,-1,-1,-1,-1,-1,1,1,1,1,1,1,1,1,-1,1300,14041,14041,0,0,0,0,[0|0],0,0,0,0,0,0,0,0,53,53,37,48,0,-1,-1,1,0,2,4,1,1,40,0,[0|0],1,0,1,0,0,0,0,0,0,-1,-1,0,1,1,0,0,1,2,0,0.93,0.913,0.921,0.93,0.906,0.899,0.892,109,50,113,50,113,139,139,139,-1,1,0,0.899,0,0,0,0,0,0,0,0,0,0,0,0,0,0,0,0,0,0,0,0,0,0,0,0,0,0,0,0,0,0,0,0,0,0,0,0,[0|0|0|0],0,37,0,0,0,0,0,1,1,1,1,1,0,0,0,0,0,0,0,0,0,1,1,1,0,0,0,0,0,0,0,0,0,0,0,0,0,0,0,0,0,0,1,1,0,1,0,1,1,0,1,1,1,0,1,1,0,1,0,1,0,1,0,0,0,0,0,0,1,0,1,1,0,0,0,1,0,0,0,1,0,0,0,1,1,1,1,1,1,1,1,1,1,1,1,1,1,0,[0|0|0|0|0|0|0|0|0|0|0|0|0|0],因为血迹显得骯脏的白上衣。\n战场上替人解脱的战场医师们穿戴的防具。\n\n他们被鲜血君王掳走，\n但没有人能承受诅咒之血。\n唯一的例外，就是梵雷。
680200,战场医师手套,0,0,[0|0|0],703030,0,15,15,0,0.003,1150,0,100,2.3,-1,-1,-1,7000,1.1,0,-1,-1,-1,-1,-1,-1,-1,-1,-1,-1,-1,-1,-1,-1,-1,-1,1,1,1,1,1,1,1,1,-1,1300,14042,14042,0,0,0,0,[0|0],0,0,0,0,0,0,0,0,18,18,13,17,0,-1,-1,1,0,1,4,2,1,40,0,[0|0],1,0,0,1,0,0,0,0,0,-1,-1,0,1,1,0,0,1,2,0,0.984,0.98,0.982,0.984,0.978,0.976,0.974,109,50,108,50,108,139,139,139,-1,1,0,0.976,0,0,0,0,0,0,0,0,0,0,0,0,0,0,0,0,0,0,0,0,0,0,0,0,0,0,0,0,0,0,0,0,0,0,0,0,[0|0|0|0],0,13,0,0,0,0,0,0,0,0,0,0,1,1,0,1,0,0,0,0,1,0,0,0,0,0,1,0,1,0,1,1,1,0,0,0,0,0,0,0,0,0,0,0,0,0,0,0,0,0,0,0,0,0,0,0,0,0,0,0,0,0,0,0,0,0,0,0,0,0,0,0,0,0,0,0,0,0,0,0,0,0,0,0,0,0,0,0,0,0,0,0,0,0,0,0,0,0,[0|0|0|0|0|0|0|0|0|0|0|0|0|0],因为血迹显得骯脏的白手套。\n战场上替人解脱的战场医师们穿戴的防具。\n\n他们被鲜血君王掳走，\n但没有人能承受诅咒之血。\n唯一的例外，就是梵雷。
680300,战场医师长裤,0,0,[0|0|0],803040,0,28,28,0,0.008,1250,0,100,4.2,-1,-1,-1,7000,1.1,0,-1,-1,-1,-1,-1,-1,-1,-1,-1,-1,-1,-1,-1,-1,-1,-1,1,1,1,1,1,1,1,1,-1,1300,14043,14043,0,0,0,0,[0|0],0,0,0,0,0,0,0,0,33,33,23,31,0,-1,-1,1,0,6,4,3,1,40,0,[0|0],1,0,0,0,1,0,0,0,0,-1,-1,0,1,1,0,0,1,2,0,0.961,0.951,0.956,0.961,0.947,0.943,0.939,109,50,108,50,108,139,139,139,111,1,0,0.943,0,0,0,0,0,0,0,0,0,0,0,0,0,0,0,0,0,0,0,0,0,0,0,0,0,0,0,0,0,0,0,0,0,0,0,0,[0|0|0|0],0,23,0,0,0,0,0,0,0,0,0,0,0,0,1,0,1,1,1,0,0,1,0,0,0,0,0,0,0,0,0,0,0,0,0,0,0,0,0,0,0,0,0,0,0,0,0,0,0,0,0,0,0,0,0,0,0,0,0,0,0,0,0,0,0,0,0,0,0,0,0,0,0,0,1,0,0,0,0,0,0,0,0,0,0,0,0,0,0,0,0,0,0,0,0,0,0,0,[0|0|0|0|0|0|0|0|0|0|0|0|0|0],因为血迹显得骯脏的长裤。\n战场上替人解脱的战场医师们穿戴的防具。\n\n他们被鲜血君王掳走，\n但没有人能承受诅咒之血。\n唯一的例外，就是梵雷。
681100,战场医师白上衣（轻装）,1,0,[0|0|0],603040,0,38,38,100,0.012,1150,0,100,6.1,-1,-1,-1,7000,1,-0.4,-1,-1,-1,-1,-1,-1,-1,-1,-1,-1,-1,-1,-1,-1,-1,-1,1,1,1,1,1,1,1,1,-1,1301,14051,14051,0,0,0,0,[0|0],0,0,0,0,0,0,0,0,45,45,32,42,0,-1,-1,1,0,2,4,1,1,40,0,[0|0],1,0,1,0,0,0,0,0,0,-1,-1,0,1,1,0,0,1,2,0,0.934,0.921,0.93,0.934,0.913,0.906,0.899,109,50,113,50,113,139,139,139,-1,1,0,0.906,0,0,0,0,0,0,0,0,0,0,0,0,0,0,0,0,0,0,0,0,0,0,0,0,0,0,0,0,0,0,0,0,0,0,0,0,[0|0|0|0],0,32,0,0,0,0,0,1,1,1,1,1,0,0,0,0,0,0,0,0,0,1,1,1,0,0,0,0,0,0,0,0,0,0,0,0,0,0,0,0,0,0,1,0,1,1,0,1,0,1,1,1,1,0,1,1,0,1,0,1,0,1,0,0,0,0,0,0,0,1,1,1,0,0,0,1,0,0,0,1,0,0,0,0,0,0,0,0,0,0,0,0,0,0,0,0,0,0,[0|0|0|0|0|0|0|0|0|0|0|0|0|0],因为血迹显得骯脏的白上衣。\n战场上替人解脱的战场医师们穿戴的防具。\n\n他们被鲜血君王掳走，\n但没有人能承受诅咒之血。\n唯一的例外，就是梵雷。
690000,王骸头盔,1,0,[0|0|0],508080,0,10,10,0,0.007,1050,0,500,4.6,6069000,-1,-1,7000,1.5,0,-1,-1,-1,-1,-1,-1,-1,-1,-1,-1,-1,-1,-1,-1,-1,-1,1,1,1,1,1,1,1,1,-1,1310,14060,14060,0,0,0,0,[0|0],0,0,0,0,0,0,0,0,15,15,24,5,0,-1,-1,1,0,5,4,0,2,90,0,[0|0],1,1,0,0,0,1,0,0,0,-1,-1,0,1,1,0,0,1,2,0,0.958,0.954,0.96,0.958,0.966,0.964,0.972,109,110,106,110,106,139,139,139,-1,1,0,0.969,0,0,0,0,0,0,0,0,0,0,0,0,0,0,0,0,0,0,0,0,0,0,0,0,0,0,0,0,0,0,0,0,0,0,0,0,[0|0|0|0],0,24,1,1,1,1,1,0,0,0,0,0,0,0,0,0,0,0,0,1,0,0,0,0,0,0,0,0,0,0,0,0,0,0,0,1,1,0,0,1,0,0,0,0,0,0,0,0,0,0,0,0,0,0,0,0,0,0,0,0,0,0,1,1,1,1,1,1,1,1,1,1,0,0,0,0,0,1,1,0,1,1,1,0,0,0,0,0,0,0,0,0,0,0,0,0,0,1,[0|0|0|0|0|0|0|0|0|0|0|0|0|0],缀以黄金人骨的头盔。\n“百智爵士”基甸的沉默随从的防具。\n\n仅限血量偏低时，能缓慢恢复血量。\n\n人骨的来历是古代王的遗骸。\n那是无魂王者、众多攀附者的王──\n据说他的名字叫作恩夏。
690100,王骸铠甲,1,0,[0|0|0],608140,0,24,24,100,0.021,1150,0,500,10.6,6069010,-1,-1,7000,1,-0.4,-1,-1,-1,-1,-1,-1,-1,-1,-1,-1,-1,-1,-1,-1,-1,-1,1,1,1,1,1,1,1,1,-1,1310,14061,14061,0,0,0,0,[0|0],0,0,0,0,0,0,0,0,35,35,57,11,0,-1,-1,1,0,2,4,1,2,90,0,[0|0],1,0,1,0,0,0,0,0,0,-1,-1,0,1,1,0,0,1,2,0,0.881,0.871,0.886,0.881,0.905,0.898,0.92,109,50,106,50,106,139,139,139,-1,1,0,0.912,0,0,0,0,0,0,0,0,0,0,0,0,0,0,0,0,0,0,0,0,0,0,0,0,0,0,0,0,0,0,0,0,0,0,0,0,[0|0|0|0],0,57,0,0,0,0,0,0,1,1,1,1,0,0,0,0,0,0,0,0,0,1,1,1,0,0,0,0,0,0,0,0,0,0,0,0,0,0,0,0,0,0,1,0,1,1,0,1,1,1,0,1,0,0,1,0,1,1,0,0,1,1,0,0,0,0,0,0,1,0,1,1,0,0,0,1,0,0,0,1,0,0,0,0,0,0,0,0,0,0,0,0,0,0,0,0,0,0,[0|0|0|0|0|0|0|0|0|0|0|0|0|0],缀以黄金人骨的铠甲。\n“百智爵士”基甸的沉默随从的防具。\n\n仅限血量偏低时，能缓慢恢复血量。\n\n人骨的来历是古代王的遗骸。\n那是无魂王者、众多攀附者的王──\n据说他的名字叫作恩夏。
690200,王骸臂甲,1,0,[0|0|0],707070,0,8,8,0,0.004,1150,0,500,3.5,6069020,-1,-1,7000,1.1,0,-1,-1,-1,-1,-1,-1,-1,-1,-1,-1,-1,-1,-1,-1,-1,-1,1,1,1,1,1,1,1,1,-1,1310,14062,14062,0,0,0,0,[0|0],0,0,0,0,0,0,0,0,12,12,19,4,0,-1,-1,1,0,1,4,2,2,80,0,[0|0],1,0,0,1,0,0,0,0,0,-1,-1,0,1,1,0,0,1,2,0,0.971,0.968,0.972,0.971,0.977,0.975,0.981,109,50,106,50,106,139,139,139,-1,1,0,0.979,0,0,0,0,0,0,0,0,0,0,0,0,0,0,0,0,0,0,0,0,0,0,0,0,0,0,0,0,0,0,0,0,0,0,0,0,[0|0|0|0],0,19,0,0,0,0,0,0,0,0,0,0,0,1,0,1,0,0,0,0,1,0,0,0,0,0,1,1,0,0,1,1,0,1,0,0,0,0,0,0,0,0,0,0,0,0,0,0,0,0,0,0,0,0,0,0,0,0,0,0,0,0,0,0,0,0,0,0,0,0,0,0,0,0,0,0,0,0,0,0,0,0,0,0,0,0,0,0,0,0,0,0,0,0,0,0,0,0,[0|0|0|0|0|0|0|0|0|0|0|0|0|0],缀以黄金人骨的臂甲。\n“百智爵士”基甸的沉默随从的防具。\n\n仅限血量偏低时，能缓慢恢复血量。\n\n人骨的来历是古代王的遗骸。\n那是无魂王者、众多攀附者的王──\n据说他的名字叫作恩夏。
690300,王骸腿甲,1,0,[0|0|0],807070,0,15,15,0,0.012,1250,0,500,6.6,6069030,-1,-1,7000,1.1,0,-1,-1,-1,-1,-1,-1,-1,-1,-1,-1,-1,-1,-1,-1,-1,-1,1,1,1,1,1,1,1,1,-1,1310,14063,14063,0,0,0,0,[0|0],0,0,0,0,0,0,0,0,22,22,35,7,0,-1,-1,1,0,6,4,3,2,80,0,[0|0],1,0,0,0,1,0,0,0,0,-1,-1,0,1,1,0,0,1,2,0,0.932,0.926,0.935,0.932,0.946,0.942,0.955,109,50,108,50,108,139,139,139,111,1,0,0.95,0,0,0,0,0,0,0,0,0,0,0,0,0,0,0,0,0,0,0,0,0,0,0,0,0,0,0,0,0,0,0,0,0,0,0,0,[0|0|0|0],0,35,0,0,0,0,0,0,0,0,0,0,0,0,1,0,1,1,1,0,0,1,0,0,0,0,0,0,0,0,0,0,0,0,0,0,0,0,0,0,0,0,0,0,0,0,0,0,0,0,0,0,0,0,0,0,0,0,0,0,0,0,0,0,0,0,0,0,0,0,0,0,0,0,1,0,0,0,0,0,0,0,0,0,0,0,0,0,0,0,0,0,0,0,0,0,0,0,[0|0|0|0|0|0|0|0|0|0|0|0|0|0],缀以黄金人骨的腿甲。\n“百智爵士”基甸的沉默随从的防具。\n\n仅限血量偏低时，能缓慢恢复血量。\n\n人骨的来历是古代王的遗骸。\n那是无魂王者、众多攀附者的王──\n据说他的名字叫作恩夏。
700000,[ERROR]勇士额带,1,0,[0|0|0],999999,0,26,26,0,0.002,1050,0,500,1,-1,-1,-1,7000,1.5,0,-1,-1,-1,-1,-1,-1,-1,-1,-1,-1,-1,-1,-1,-1,-1,-1,1,1,1,1,1,1,1,1,-1,1320,14070,14070,0,0,0,0,[0|0],0,0,0,0,0,0,0,0,15,15,8,26,0,-1,-1,1,0,5,4,0,1,255,0,[0|0],1,1,0,0,0,1,0,0,0,-1,-1,0,1,0,0,0,1,2,0,0.991,0.991,0.991,0.998,0.956,0.96,0.958,109,110,109,110,139,139,139,139,-1,1,0,0.956,0,0,0,0,0,0,0,0,0,0,0,0,0,0,0,0,0,0,0,0,0,0,0,0,0,0,0,0,0,0,0,0,0,0,0,0,[0|0|0|0],0,8,0,0,0,0,0,0,0,0,0,0,0,0,0,0,0,0,0,0,0,0,0,0,0,1,0,0,0,0,0,0,0,0,0,1,0,0,0,1,0,0,0,0,0,0,0,0,0,0,0,0,0,0,0,0,0,0,0,0,0,0,1,1,1,1,0,1,0,0,0,0,0,0,0,0,0,1,0,0,0,0,0,0,0,0,0,0,0,0,0,0,0,0,0,0,0,0,[0|0|0|0|0|0|0|0|0|0|0|0|0|0],用皮绳编成的战用额带。\n寒冷高地的战士服装。\n\n垂放自额带的白布、稻穗，枯叶等等，\n是家乡的人们送上的饯别礼──\n希望战士在不归的旅途中，\n能够保持警戒，不至松懈。
700100,[ERROR]勇士战袍,1,0,[0|0|0],999999,0,67,67,100,0.008,1150,0,500,4.1,-1,-1,-1,7000,1,-0.4,-1,-1,-1,-1,-1,-1,-1,-1,-1,-1,-1,-1,-1,-1,-1,-1,1,1,1,1,1,1,1,1,-1,1320,14071,14071,0,0,0,0,[0|0],0,0,0,0,0,0,0,0,42,42,23,67,0,-1,-1,1,0,2,4,1,1,255,0,[0|0],1,0,1,0,0,0,0,0,0,-1,-1,0,1,0,0,0,1,2,0,0.947,0.947,0.947,0.958,0.872,0.876,0.874,109,50,113,50,113,139,139,139,-1,1,0,0.872,0,0,0,0,0,0,0,0,0,0,0,0,0,0,0,0,0,0,0,0,0,0,0,0,0,0,0,0,0,0,0,0,0,0,0,0,[0|0|0|0],0,23,0,0,0,0,0,0,1,0,1,0,0,0,0,0,0,0,0,0,0,1,0,1,0,0,0,0,0,0,0,0,0,0,0,0,0,0,0,0,0,0,0,1,1,1,0,1,1,1,0,1,1,1,0,1,0,1,1,1,0,1,0,0,0,0,0,0,1,1,0,1,1,0,0,1,0,0,0,0,0,0,0,1,1,1,1,1,1,1,1,1,1,1,1,1,1,0,[0|0|0|0|0|0|0|0|0|0|0|0|0|0],皮甲上披着大片布料的战袍。\n寒冷高地的战士服装。\n\n据说很久以前，\n红色大片布料是参与长征的象征。\n此为能受到战王庇佑的礼服。
700200,[ERROR]勇士腕套,1,0,[0|0|0],999999,0,20,20,0,0.001,1150,0,500,0.8,-1,-1,-1,7000,1.1,0,-1,-1,-1,-1,-1,-1,-1,-1,-1,-1,-1,-1,-1,-1,-1,-1,1,1,1,1,1,1,1,1,-1,1320,14072,14072,0,0,0,0,[0|0],0,0,0,0,0,0,0,0,12,12,6,20,0,-1,-1,1,0,1,4,2,1,255,0,[0|0],1,0,0,1,0,0,0,0,0,-1,-1,0,1,0,0,0,1,2,0,0.994,0.994,0.994,0.999,0.969,0.972,0.971,109,50,113,50,113,139,139,139,-1,1,0,0.969,0,0,0,0,0,0,0,0,0,0,0,0,0,0,0,0,0,0,0,0,0,0,0,0,0,0,0,0,0,0,0,0,0,0,0,0,[0|0|0|0],0,6,0,0,0,0,0,0,0,0,0,0,1,0,0,0,0,0,0,0,0,0,0,0,0,0,1,0,1,0,1,1,0,1,0,0,0,0,0,0,0,0,0,0,0,0,0,0,0,0,0,0,0,0,0,0,0,0,0,0,0,0,0,0,0,0,0,0,0,0,0,0,0,0,0,0,0,0,0,0,0,0,0,0,0,0,0,0,0,0,0,0,0,0,0,0,0,0,[0|0|0|0|0|0|0|0|0|0|0|0|0|0],将厚皮革缠绕手臂的臂甲。\n寒冷高地的战士服装。\n\n臂甲内附有毛皮，防寒性佳。
700300,[ERROR]勇士绑腿,1,0,[0|0|0],999999,0,47,47,0,0.006,1250,0,500,3.1,-1,-1,-1,7000,1.1,0,-1,-1,-1,-1,-1,-1,-1,-1,-1,-1,-1,-1,-1,-1,-1,-1,1,1,1,1,1,1,1,1,-1,1320,14073,14073,0,0,0,0,[0|0],0,0,0,0,0,0,0,0,29,29,15,47,0,-1,-1,1,0,6,4,3,1,255,0,[0|0],1,0,0,0,1,0,0,0,0,-1,-1,0,1,0,0,0,1,2,0,0.966,0.966,0.966,0.97,0.926,0.928,0.927,109,50,108,50,108,139,108,139,111,1,0,0.926,0,0,0,0,0,0,0,0,0,0,0,0,0,0,0,0,0,0,0,0,0,0,0,0,0,0,0,0,0,0,0,0,0,0,0,0,[0|0|0|0],0,15,0,0,0,0,0,0,0,0,0,0,0,0,0,0,0,1,1,0,0,1,0,0,0,0,0,0,0,0,0,0,0,0,0,0,0,0,0,0,0,0,0,0,0,0,0,0,0,0,0,0,0,0,0,0,0,0,0,0,0,0,0,0,0,0,0,0,0,0,0,0,0,0,1,0,0,0,0,0,0,0,0,0,0,0,0,0,0,0,0,0,0,0,0,0,0,0,[0|0|0|0|0|0|0|0|0|0|0|0|0|0],将厚皮革缠绕腿部的腿甲。\n寒冷高地的战士服装。\n\n腿甲内附有毛皮，防寒性佳。
701000,[ERROR]勇士皮盔,1,0,[0|0|0],999999,0,8,8,0,0.006,1050,0,500,3.8,-1,-1,-1,7000,1.5,0,-1,-1,-1,-1,-1,-1,-1,-1,-1,-1,-1,-1,-1,-1,-1,-1,1,1,1,1,1,1,1,1,-1,1325,14090,14090,0,0,0,0,[0|0],0,0,0,0,0,0,0,0,11,11,20,8,0,-1,-1,1,0,5,4,0,1,255,0,[0|0],1,1,0,0,0,1,0,0,0,-1,-1,0,1,0,0,0,1,2,0,0.958,0.958,0.966,0.96,0.972,0.966,0.977,109,110,108,110,108,139,139,139,-1,1,0,0.972,0,0,0,0,0,0,0,0,0,0,0,0,0,0,0,0,0,0,0,0,0,0,0,0,0,0,0,0,0,0,0,0,0,0,0,0,[0|0|0|0],0,20,0,0,0,0,0,0,0,0,0,0,0,0,0,0,0,0,0,0,0,0,0,0,0,0,0,0,0,0,0,0,0,0,1,0,1,0,0,1,0,0,0,0,0,0,0,0,0,0,0,0,0,0,0,0,0,0,0,0,0,0,1,0,1,1,1,0,1,1,1,1,0,0,0,0,0,1,0,0,0,0,0,0,0,0,0,0,0,0,0,0,0,0,0,0,0,1,[0|0|0|0|0|0|0|0|0|0|0|0|0|0],用皮绳编成的战用战袍。\n寒冷高地的战士服装。
702000,[ERROR]勇士战袍（轻装）,1,0,[0|0|0],999999,0,57,57,100,0.007,1050,0,500,3.2,-1,-1,-1,7000,1.5,-0.4,-1,-1,-1,-1,-1,-1,-1,-1,-1,-1,-1,-1,-1,-1,-1,-1,1,1,1,1,1,1,1,1,-1,1321,14081,14081,0,0,0,0,[0|0],0,0,0,0,0,0,0,0,34,34,19,57,0,-1,-1,1,0,2,4,1,1,255,0,[0|0],1,0,1,0,0,1,0,0,0,-1,-1,0,1,0,0,0,1,2,0,0.958,0.958,0.958,0.973,0.874,0.881,0.876,109,110,108,110,108,139,139,139,-1,1,0,0.874,0,0,0,0,0,0,0,0,0,0,0,0,0,0,0,0,0,0,0,0,0,0,0,0,0,0,0,0,0,0,0,0,0,0,0,0,[0|0|0|0],0,19,0,0,0,0,0,0,1,0,1,0,0,0,0,0,0,0,0,0,0,1,0,1,0,0,0,0,0,0,0,0,0,0,0,0,0,0,0,0,0,0,1,1,0,1,0,1,1,1,0,1,1,1,0,1,0,1,1,1,0,1,0,0,0,0,0,0,0,1,1,1,0,0,0,1,0,0,0,0,0,0,0,0,0,0,0,0,0,0,0,0,0,0,0,0,0,0,[0|0|0|0|0|0|0|0|0|0|0|0|0|0],用皮绳编成的战用头盔。\n寒冷高地的战士服装。
720000,聚兽头盔,1,0,[0|0|0],509060,0,18,18,0,0.011,1050,0,200,7.5,-1,-1,-1,7000,1.5,0,-1,-1,-1,-1,-1,-1,-1,-1,-1,-1,-1,-1,-1,-1,-1,-1,1,1,1,1,1,1,1,1,-1,1330,14100,14100,0,0,0,0,[0|0],0,0,0,0,0,0,0,0,24,24,39,16,0,-1,-1,1,0,5,4,0,2,100,0,[0|0],1,1,0,0,0,1,0,0,0,-1,-1,0,1,1,0,0,1,2,0,0.937,0.932,0.941,0.933,0.954,0.951,0.954,109,110,106,110,106,139,139,139,-1,1,0,0.952,0,0,0,0,0,0,0,0,0,0,0,0,0,0,0,0,0,0,0,0,0,0,0,0,0,0,0,0,0,0,0,0,0,0,0,0,[0|0|0|0],0,39,1,1,1,1,1,0,0,0,0,0,0,0,0,0,0,0,0,1,0,0,0,0,0,0,0,0,0,0,0,0,0,0,1,0,1,0,0,1,0,0,0,0,0,0,0,0,0,0,0,0,0,0,0,0,0,0,0,0,0,0,1,1,1,1,1,1,1,1,1,1,0,0,0,0,0,1,1,0,1,1,1,0,0,0,0,0,0,0,0,0,0,0,0,0,0,1,[0|0|0|0|0|0|0|0|0|0|0|0|0|0],表面刻有小型野兽群的银制头盔。\n“叛律者”贝纳尔的防具。\n\n掩耳遮目的野兽们代表誓言──\n我听不见、看不见，也不会感到迷惘，\n只会朝下定决心走的路前进。
720100,聚兽铠甲,1,0,[0|0|0],609080,0,42,42,100,0.034,1150,0,200,17.5,-1,-1,-1,7000,1,-0.4,-1,-1,-1,-1,-1,-1,-1,-1,-1,-1,-1,-1,-1,-1,-1,-1,1,1,1,1,1,1,1,1,-1,1330,14101,14101,0,0,0,0,[0|0],0,0,0,0,0,0,0,0,57,57,90,38,0,-1,-1,1,0,2,4,1,2,100,0,[0|0],1,0,1,0,0,0,0,0,0,-1,-1,0,1,1,0,0,1,2,0,0.825,0.813,0.837,0.817,0.87,0.862,0.872,109,50,113,50,113,139,139,139,-1,1,0,0.865,0,0,0,0,0,0,0,0,0,0,0,0,0,0,0,0,0,0,0,0,0,0,0,0,0,0,0,0,0,0,0,0,0,0,0,0,[0|0|0|0],0,90,0,0,0,0,0,0,1,1,1,1,0,0,0,0,0,0,0,0,0,1,1,1,0,0,0,0,0,0,0,0,0,0,0,0,0,0,0,0,0,0,0,1,1,1,0,1,1,1,1,0,1,0,1,0,1,1,0,1,0,1,0,0,0,0,0,0,1,1,0,1,1,0,0,1,0,0,0,1,0,0,0,1,1,1,1,1,1,1,1,1,1,1,1,1,1,0,[0|0|0|0|0|0|0|0|0|0|0|0|0|0],表面刻有小型野兽群的银制铠甲。\n“叛律者”贝纳尔的防具。\n\n野兽会受到英雄、受到王吸引，\n此为具有王格的英雄穿戴的盔甲，\n由贝纳尔穿戴，也名符其实──\n\n直到他的女巫跃入火中。
720200,聚兽臂甲,1,0,[0|0|0],708040,0,14,14,0,0.007,1150,0,200,5.8,-1,-1,-1,7000,1.1,0,-1,-1,-1,-1,-1,-1,-1,-1,-1,-1,-1,-1,-1,-1,-1,-1,1,1,1,1,1,1,1,1,-1,1330,14102,14102,0,0,0,0,[0|0],0,0,0,0,0,0,0,0,19,19,30,13,0,-1,-1,1,0,1,4,2,2,90,0,[0|0],1,0,0,1,0,0,0,0,0,-1,-1,0,1,1,0,0,1,2,0,0.956,0.953,0.959,0.954,0.968,0.966,0.968,109,50,106,50,106,139,139,139,-1,1,0,0.967,0,0,0,0,0,0,0,0,0,0,0,0,0,0,0,0,0,0,0,0,0,0,0,0,0,0,0,0,0,0,0,0,0,0,0,0,[0|0|0|0],0,30,0,0,0,0,0,0,0,0,0,0,0,1,0,1,0,0,0,0,1,0,0,0,0,0,0,1,1,0,1,1,1,0,0,0,0,0,0,0,0,0,0,0,0,0,0,0,0,0,0,0,0,0,0,0,0,0,0,0,0,0,0,0,0,0,0,0,0,0,0,0,0,0,0,0,0,0,0,0,0,0,0,0,0,0,0,0,0,0,0,0,0,0,0,0,0,0,[0|0|0|0|0|0|0|0|0|0|0|0|0|0],表面刻有小型野兽群的银制臂甲。\n“叛律者”贝纳尔的防具。\n\n野兽会受到英雄、受到王吸引，\n此为具有王格的英雄穿戴的盔甲，\n由贝纳尔穿戴，也名符其实──\n\n直到他的女巫跃入火中。
720300,聚兽腿甲,1,0,[0|0|0],808040,0,26,26,0,0.02,1250,0,200,10.8,-1,-1,-1,7000,1.1,0,-1,-1,-1,-1,-1,-1,-1,-1,-1,-1,-1,-1,-1,-1,-1,-1,1,1,1,1,1,1,1,1,-1,1330,14103,14103,0,0,0,0,[0|0],0,0,0,0,0,0,0,0,35,35,56,24,0,-1,-1,1,0,6,4,3,2,90,0,[0|0],1,0,0,0,1,0,0,0,0,-1,-1,0,1,1,0,0,1,2,0,0.899,0.892,0.906,0.894,0.926,0.921,0.927,109,50,106,50,106,139,139,139,111,1,0,0.923,0,0,0,0,0,0,0,0,0,0,0,0,0,0,0,0,0,0,0,0,0,0,0,0,0,0,0,0,0,0,0,0,0,0,0,0,[0|0|0|0],0,56,0,0,0,0,0,0,0,0,0,0,0,0,1,0,1,1,1,0,0,1,0,0,0,0,0,0,0,0,0,0,0,0,0,0,0,0,0,0,0,0,0,0,0,0,0,0,0,0,0,0,0,0,0,0,0,0,0,0,0,0,0,0,0,0,0,0,0,0,0,0,0,0,1,0,0,0,0,0,0,0,0,0,0,0,0,0,0,0,0,0,0,0,0,0,0,0,[0|0|0|0|0|0|0|0|0|0|0|0|0|0],表面刻有小型野兽群的银制腿甲。\n“叛律者”贝纳尔的防具。\n\n野兽会受到英雄、受到王吸引，\n此为具有王格的英雄穿戴的盔甲，\n由贝纳尔穿戴，也名符其实──\n\n直到他的女巫跃入火中。
721100,聚兽铠甲（轻装）,1,0,[0|0|0],609090,0,34,34,100,0.034,1150,0,200,16.4,-1,-1,-1,7000,1,-0.4,-1,-1,-1,-1,-1,-1,-1,-1,-1,-1,-1,-1,-1,-1,-1,-1,1,1,1,1,1,1,1,1,-1,1331,14111,14111,0,0,0,0,[0|0],0,0,0,0,0,0,0,0,50,50,75,32,0,-1,-1,1,0,2,4,1,2,100,0,[0|0],1,0,1,0,0,0,0,0,0,-1,-1,0,1,1,0,0,1,2,0,0.828,0.815,0.841,0.818,0.871,0.863,0.873,109,50,106,50,106,139,139,139,-1,1,0,0.866,0,0,0,0,0,0,0,0,0,0,0,0,0,0,0,0,0,0,0,0,0,0,0,0,0,0,0,0,0,0,0,0,0,0,0,0,[0|0|0|0],0,75,0,0,0,0,0,0,1,1,1,1,0,0,0,0,0,0,0,0,0,1,1,1,0,0,0,0,0,0,0,0,0,0,0,0,0,0,0,0,0,0,0,1,1,1,0,1,1,1,0,1,1,0,1,0,1,1,0,1,0,1,0,0,0,0,0,0,1,0,1,1,1,0,0,1,0,0,0,1,0,0,0,0,0,0,0,0,0,0,0,0,0,0,0,0,0,0,[0|0|0|0|0|0|0|0|0|0|0|0|0|0],表面刻有小型野兽群的银制铠甲。\n“叛律者”贝纳尔的防具。\n\n野兽会受到英雄、受到王吸引，\n此为具有王格的英雄穿戴的盔甲，\n由贝纳尔穿戴，也名符其实──\n\n直到他的女巫跃入火中。
730000,勇者头带,0,0,[0|0|0],505140,0,18,18,0,0.005,1050,0,100,2.7,-1,-1,-1,7000,1.5,0,-1,-1,-1,-1,-1,-1,-1,-1,-1,-1,-1,-1,-1,-1,-1,-1,1,1,1,1,1,1,1,1,-1,1380,14120,14120,0,0,0,0,[0|0],0,0,0,0,0,0,0,0,22,22,14,16,0,-1,-1,1,0,5,4,0,1,60,0,[0|0],1,1,0,0,0,1,0,0,0,-1,-1,0,1,1,0,0,1,2,0,0.977,0.975,0.969,0.972,0.972,0.966,0.964,109,110,109,110,113,139,139,139,-1,1,0,0.966,0,0,0,0,0,0,0,0,0,0,0,0,0,0,0,0,0,0,0,0,0,0,0,0,0,0,0,0,0,0,0,0,0,0,0,0,[0|0|0|0],0,14,0,0,0,0,0,0,0,0,0,0,0,0,0,0,0,0,0,0,0,0,0,0,0,0,0,0,0,0,0,0,0,0,0,1,1,0,0,1,0,0,0,0,0,0,0,0,0,0,0,0,0,0,0,0,0,0,0,0,0,0,0,0,1,1,1,0,1,1,1,1,0,0,0,0,0,1,0,0,0,0,0,0,0,0,0,0,0,0,0,0,0,0,0,0,0,1,[0|0|0|0|0|0|0|0|0|0|0|0|0|0],在蛮荒地，仅限勇者配戴的头带。\n杀敌无数的证明。\n\n勇者的服装没有多余的装饰，\n如同他们的王，荷莱·露的风格。
730100,勇者肩甲,0,0,[0|0|0],604170,0,38,38,100,0.01,1150,0,100,5.1,-1,-1,-1,7000,1,-0.4,-1,-1,-1,-1,-1,-1,-1,-1,-1,-1,-1,-1,-1,-1,-1,-1,1,1,1,1,1,1,1,1,-1,1380,14121,14126,0,0,0,0,[0|0],0,0,0,0,0,0,0,0,46,46,28,35,0,-1,-1,1,0,2,3,1,1,50,0,[0|0],1,0,1,0,0,0,0,0,0,-1,-1,0,1,1,0,0,1,2,0,0.939,0.933,0.92,0.929,0.929,0.912,0.905,109,50,109,50,113,139,139,139,-1,1,0,0.912,0,0,0,0,0,0,0,0,0,0,0,0,0,0,0,0,0,0,0,0,0,0,0,0,0,0,0,0,0,0,0,0,0,0,0,0,[0|0|0|0],0,28,0,0,0,0,0,0,0,0,0,0,0,0,0,0,0,0,0,0,0,1,0,0,0,0,0,0,0,0,0,0,0,0,0,0,0,0,0,0,0,0,0,1,1,1,0,1,0,1,1,1,1,1,0,1,0,1,1,1,0,1,0,0,0,0,0,0,0,1,1,1,0,0,0,1,0,0,0,0,0,0,0,0,0,0,0,0,0,0,0,0,0,0,0,0,0,0,[0|0|0|0|0|0|0|0|0|0|0|0|0|0],在蛮荒地，仅限勇者配戴的肩甲。\n杀敌无数的证明。\n\n勇者的服装没有多余的装饰，\n如同他们的王，荷莱·露的风格。
730200,勇者臂甲,0,0,[0|0|0],704040,0,14,14,0,0.003,1150,0,100,2.1,-1,-1,-1,7000,1.1,0,-1,-1,-1,-1,-1,-1,-1,-1,-1,-1,-1,-1,-1,-1,-1,-1,1,1,1,1,1,1,1,1,-1,1380,14122,14122,0,0,0,0,[0|0],0,0,0,0,0,0,0,0,17,17,11,13,0,-1,-1,1,0,1,4,2,1,50,0,[0|0],1,0,0,1,0,0,0,0,0,-1,-1,0,1,1,0,0,1,2,0,0.984,0.983,0.979,0.981,0.981,0.977,0.975,109,50,113,50,113,139,139,139,-1,1,0,0.977,0,0,0,0,0,0,0,0,0,0,0,0,0,0,0,0,0,0,0,0,0,0,0,0,0,0,0,0,0,0,0,0,0,0,0,0,[0|0|0|0],0,11,0,0,0,0,0,0,0,0,0,0,1,0,0,0,0,0,0,0,0,0,0,0,0,0,1,0,1,0,1,1,0,1,0,0,0,0,0,0,0,0,0,0,0,0,0,0,0,0,0,0,0,0,0,0,0,0,0,0,0,0,0,0,0,0,0,0,0,0,0,0,0,0,0,0,0,0,0,0,0,0,0,0,0,0,0,0,0,0,0,0,0,0,0,0,0,0,[0|0|0|0|0|0|0|0|0|0|0|0|0|0],在蛮荒地，仅限勇者配戴的臂甲。\n杀敌无数的证明。\n\n勇者的服装没有多余的装饰，\n如同他们的王，荷莱·露的风格。
730300,勇者绑腿,0,0,[0|0|0],804050,0,26,26,0,0.004,1250,0,100,3.9,-1,-1,-1,7000,1.1,0,-1,-1,-1,-1,-1,-1,-1,-1,-1,-1,-1,-1,-1,-1,-1,-1,1,1,1,1,1,1,1,1,-1,1380,14123,14123,0,0,0,0,[0|0],0,0,0,0,0,0,0,0,31,31,20,24,0,-1,-1,1,0,6,3,3,1,50,0,[0|0],1,0,0,0,1,0,0,0,0,-1,-1,0,1,1,0,0,1,2,0,0.962,0.96,0.95,0.955,0.955,0.946,0.942,109,50,113,50,113,139,109,139,111,1,0,0.946,0,0,0,0,0,0,0,0,0,0,0,0,0,0,0,0,0,0,0,0,0,0,0,0,0,0,0,0,0,0,0,0,0,0,0,0,[0|0|0|0],0,20,0,0,0,0,0,0,0,0,0,0,0,0,0,0,0,0,0,0,0,1,0,0,0,0,0,0,0,0,0,0,0,0,0,0,0,0,0,0,0,0,0,0,0,0,0,0,0,0,0,0,0,0,0,0,0,0,0,0,0,0,0,0,0,0,0,0,0,0,0,0,0,1,0,0,0,0,0,0,0,0,0,0,0,0,0,0,0,0,0,0,0,0,0,0,0,0,[0|0|0|0|0|0|0|0|0|0|0|0|0|0],缠绕皮带的绑腿。\n在蛮荒地随处可见的装备。
740000,暗红风帽,1,0,[0|0|0],504010,0,27,27,0,0.003,1050,0,500,1.7,6074000,-1,-1,7000,1.5,0,-1,-1,-1,-1,-1,-1,-1,-1,-1,-1,-1,-1,-1,-1,-1,-1,1,1,1,1,1,1,1,1,-1,1390,14130,14130,0,0,0,0,[0|0],0,0,0,0,0,0,0,0,16,16,9,29,0,-1,-1,1,0,5,4,0,2,50,0,[0|0],1,1,0,0,0,1,0,0,0,-1,-1,0,1,1,0,0,1,2,0,0.986,0.986,0.982,0.982,0.954,0.954,0.955,109,110,113,110,113,139,139,139,-1,1,0,0.954,0,0,0,0,0,0,0,0,0,0,0,0,0,0,0,0,0,0,0,0,0,0,0,0,0,0,0,0,0,0,0,0,0,0,0,0,[0|0|0|0],0,9,0,0,0,0,0,0,0,0,0,0,0,0,0,0,0,0,0,0,0,0,0,0,0,0,0,0,0,0,0,0,0,0,0,1,1,0,0,1,1,0,0,0,0,0,0,0,0,0,0,0,0,0,0,0,0,0,0,0,0,0,0,0,1,1,1,0,1,1,1,1,0,0,0,0,0,1,1,0,0,0,0,1,1,1,1,1,1,1,1,1,1,1,1,1,1,1,[0|0|0|0|0|0|0|0|0|0|0|0|0|0],附风帽的鲜艳暗红色斗篷。\n流浪在外的王室成员穿戴的防具。\n能提升生命力。\n\n此为踏上无从肩负使命之旅的赠礼──\n前往远方，一旦启程就不会返家。\n通常有被王室切割的含义。\n\n罗德莉卡看不见赐福的指引。
740100,贵族旅行装,1,0,[0|0|0],603020,0,76,76,100,0.01,1150,0,500,6.3,-1,-1,-1,7000,1,-0.4,-1,-1,-1,-1,-1,-1,-1,-1,-1,-1,-1,-1,-1,-1,-1,-1,1,1,1,1,1,1,1,1,-1,1390,14131,14131,0,0,0,0,[0|0],0,0,0,0,0,0,0,0,46,46,24,83,0,-1,-1,1,0,2,3,1,1,40,0,[0|0],1,0,1,0,0,0,0,0,0,-1,-1,0,1,1,0,0,1,2,0,0.939,0.939,0.933,0.933,0.867,0.865,0.87,109,50,113,50,113,139,139,139,-1,1,0,0.867,0,0,0,0,0,0,0,0,0,0,0,0,0,0,0,0,0,0,0,0,0,0,0,0,0,0,0,0,0,0,0,0,0,0,0,0,[0|0|0|0],0,24,0,0,0,0,0,1,1,1,1,1,0,0,0,0,0,0,0,0,0,1,1,1,0,0,0,0,0,0,0,0,0,0,0,0,0,0,0,0,0,0,0,1,1,1,0,1,0,1,1,1,1,1,0,0,1,1,1,1,0,1,0,0,0,0,0,0,0,1,1,1,0,0,0,1,0,0,0,1,0,0,0,0,0,0,0,0,0,0,0,0,0,0,0,0,0,0,[0|0|0|0|0|0|0|0|0|0|0|0|0|0],以白丝混金属线编织成的旅行装。\n流浪在外的王室成员穿戴的防具。\n\n是一份华美的赠礼，\n为的是即使受赠者横死街头，\n也能让王室顾及颜面。
740200,贵族手套,1,0,[0|0|0],703020,0,25,25,0,0.002,1150,0,500,2.1,-1,-1,-1,7000,1.1,0,-1,-1,-1,-1,-1,-1,-1,-1,-1,-1,-1,-1,-1,-1,-1,-1,1,1,1,1,1,1,1,1,-1,1390,14132,14132,0,0,0,0,[0|0],0,0,0,0,0,0,0,0,15,15,8,28,0,-1,-1,1,0,1,4,2,1,40,0,[0|0],1,0,0,1,0,0,0,0,0,-1,-1,0,1,1,0,0,1,2,0,0.985,0.985,0.984,0.984,0.967,0.967,0.968,109,50,108,50,108,139,139,139,-1,1,0,0.967,0,0,0,0,0,0,0,0,0,0,0,0,0,0,0,0,0,0,0,0,0,0,0,0,0,0,0,0,0,0,0,0,0,0,0,0,[0|0|0|0],0,8,0,0,0,0,0,0,0,0,0,0,0,1,0,1,0,0,0,0,1,0,0,0,0,0,1,0,1,0,1,1,0,1,0,0,0,0,0,0,0,0,0,0,0,0,0,0,0,0,0,0,0,0,0,0,0,0,0,0,0,0,0,0,0,0,0,0,0,0,0,0,0,0,0,0,0,0,0,0,0,0,0,0,0,0,0,0,0,0,0,0,0,0,0,0,0,0,[0|0|0|0|0|0|0|0|0|0|0|0|0|0],柔软的皮革手套。\n流浪在外的王室成员穿戴的防具。\n\n是一份华美的赠礼，\n为的是即使受赠者横死街头，\n也能让王室顾及颜面。
740300,贵族长裤,1,0,[0|0|0],803030,0,47,47,0,0.006,1250,0,500,3.9,-1,-1,-1,7000,1.1,0,-1,-1,-1,-1,-1,-1,-1,-1,-1,-1,-1,-1,-1,-1,-1,-1,1,1,1,1,1,1,1,1,-1,1390,14133,14133,0,0,0,0,[0|0],0,0,0,0,0,0,0,0,29,29,15,51,0,-1,-1,1,0,6,4,3,1,40,0,[0|0],1,0,0,0,1,0,0,0,0,-1,-1,0,1,1,0,0,1,2,0,0.966,0.966,0.962,0.962,0.924,0.923,0.926,109,50,108,50,108,139,139,139,111,1,0,0.924,0,0,0,0,0,0,0,0,0,0,0,0,0,0,0,0,0,0,0,0,0,0,0,0,0,0,0,0,0,0,0,0,0,0,0,0,[0|0|0|0],0,15,0,0,0,0,0,0,0,0,0,0,0,0,1,0,1,1,1,0,0,1,0,0,0,0,0,0,0,0,0,0,0,0,0,0,0,0,0,0,0,0,0,0,0,0,0,0,0,0,0,0,0,0,0,0,0,0,0,0,0,0,0,0,0,0,0,0,0,0,0,0,0,0,1,0,0,0,0,0,0,0,0,0,0,0,0,0,0,0,0,0,0,0,0,0,0,0,[0|0|0|0|0|0|0|0|0|0|0|0|0|0],品质优良的白色长裤。\n流浪在外的王室成员穿戴的防具。\n\n是一份华美的赠礼，\n为的是即使受赠者横死街头，\n也能让王室顾及颜面。
741000,深蓝风帽,1,0,[0|0|0],504020,0,29,29,0,0.003,1050,0,500,1.7,6074100,-1,-1,7000,1.5,0,-1,-1,-1,-1,-1,-1,-1,-1,-1,-1,-1,-1,-1,-1,-1,-1,1,1,1,1,1,1,1,1,-1,1395,14140,14140,0,0,0,0,[0|0],0,0,0,0,0,0,0,0,20,20,10,27,0,-1,-1,1,0,5,4,0,2,50,0,[0|0],1,1,0,0,0,1,0,0,0,-1,-1,0,1,1,0,0,1,2,0,0.986,0.982,0.979,0.991,0.954,0.953,0.956,109,110,113,110,113,139,139,139,-1,1,0,0.955,0,0,0,0,0,0,0,0,0,0,0,0,0,0,0,0,0,0,0,0,0,0,0,0,0,0,0,0,0,0,0,0,0,0,0,0,[0|0|0|0],0,10,0,0,0,0,0,0,0,0,0,0,0,0,0,0,0,0,0,0,0,0,0,0,0,0,0,0,0,0,0,0,0,0,0,1,1,0,0,1,1,0,0,0,0,0,0,0,0,0,0,0,0,0,0,0,0,0,0,0,0,0,0,0,1,1,1,0,1,1,1,1,0,0,0,0,0,1,1,0,0,0,0,1,1,1,1,1,1,1,1,1,1,1,1,1,1,1,[0|0|0|0|0|0|0|0|0|0|0|0|0|0],附风帽的鲜艳深蓝色斗篷。\n流浪在外的王室成员穿戴的防具。\n能提升集中力。\n\n此为踏上使命之旅的赠礼──\n前往远方，一旦启程就不会返家。\n这也莫可奈何，因为看见赐福的指引了。
742000,,1,0,[0|0|0],999999,0,29,29,0,0.003,1050,0,500,1.7,-1,-1,-1,7000,1.5,0,-1,-1,-1,-1,-1,-1,-1,-1,-1,-1,-1,-1,-1,-1,-1,-1,1,1,1,1,1,1,1,1,-1,1390,14130,14130,0,0,0,0,[0|0],0,0,0,0,0,0,0,0,20,20,10,27,0,-1,-1,1,0,5,4,0,1,255,0,[0|0],1,1,0,0,0,1,0,0,0,-1,-1,0,1,0,0,0,1,2,0,0.986,0.982,0.979,0.991,0.954,0.953,0.956,109,110,113,110,113,139,139,139,-1,1,0,0.955,0,0,0,0,0,0,0,0,0,0,0,0,0,0,0,0,0,0,0,0,0,0,0,0,0,0,0,0,0,0,0,0,0,0,0,0,[0|0|0|0],0,10,0,0,0,0,0,0,0,0,0,0,0,0,0,0,0,0,0,0,0,0,0,0,0,0,0,0,0,0,0,0,0,0,0,1,1,0,0,1,1,0,0,0,0,0,0,0,0,0,0,0,0,0,0,0,0,0,0,0,0,0,0,0,1,1,1,0,1,1,1,1,0,0,0,0,0,1,1,0,0,0,0,1,1,1,1,1,1,1,1,1,1,1,1,1,1,1,[0|0|0|0|0|0|0|0|0|0|0|0|0|0],
760000,玛利喀斯头盔,1,0,[0|0|0],508110,0,10,10,0,0.008,1050,0,2000,5.5,-1,-1,-1,7000,1.5,0,-1,-1,-1,-1,-1,-1,-1,-1,-1,-1,-1,-1,-1,-1,-1,-1,1,1,1,1,1,1,1,1,-1,1620,14150,14150,0,0,0,0,[0|0],0,0,0,0,0,0,0,0,15,15,24,22,0,-1,-1,1,0,5,4,0,3,90,0,[0|0],1,1,0,0,0,1,0,0,0,-1,-1,0,1,1,0,0,1,2,0,0.952,0.95,0.958,0.952,0.962,0.96,0.966,109,110,106,110,106,139,139,139,-1,1,0,0.954,0,0,0,0,0,0,0,0,0,0,0,0,0,0,0,0,0,0,0,0,0,0,0,0,0,0,0,0,0,0,0,0,0,0,0,0,[0|0|0|0],0,24,0,0,0,1,1,0,0,0,0,0,0,0,0,0,0,0,0,0,0,0,0,0,0,1,0,0,0,0,0,0,0,0,1,0,0,0,0,1,0,0,0,0,0,0,0,0,0,0,0,0,0,0,0,0,0,0,0,0,0,0,1,1,1,1,1,1,1,1,1,1,0,0,0,0,0,1,1,0,1,0,0,0,0,0,0,0,0,0,0,0,0,0,0,0,0,0,[0|0|0|0|0|0|0|0|0|0|0|0|0|0],在黑铁上缀以黄金的野兽头盔。\n“黑剑”玛利喀斯的防具。\n\n玛利喀斯是玛莉卡女王忠诚的结拜弟弟，\n将命定之死寄宿在自身的剑里，\n令所有的半神感到畏惧。\n\n而就是因为他们明白何谓恐惧，才会是英雄。
760100,玛利喀斯铠甲,1,0,[0|0|0],608190,0,24,24,100,0.024,1150,0,2000,12.8,-1,-1,-1,7000,1,-0.4,-1,-1,-1,-1,-1,-1,-1,-1,-1,-1,-1,-1,-1,-1,-1,-1,1,1,1,1,1,1,1,1,-1,1620,14151,14151,0,0,0,0,[0|0],0,0,0,0,0,0,0,0,35,35,57,50,0,-1,-1,1,0,2,4,1,3,90,0,[0|0],1,0,1,0,0,0,0,0,0,-1,-1,0,1,1,0,0,1,2,0,0.865,0.86,0.881,0.865,0.891,0.886,0.905,109,50,106,50,106,139,139,139,-1,1,0,0.872,0,0,0,0,0,0,0,0,0,0,0,0,0,0,0,0,0,0,0,0,0,0,0,0,0,0,0,0,0,0,0,0,0,0,0,0,[0|0|0|0],0,57,0,0,0,0,0,0,1,1,1,1,1,0,0,0,0,0,0,0,0,1,1,1,0,0,0,0,0,0,0,0,0,0,0,0,0,0,0,0,0,0,1,1,1,0,1,0,1,1,1,0,1,0,1,0,1,1,1,0,1,1,0,0,0,0,0,0,1,1,1,0,1,0,0,1,0,0,0,1,0,0,0,1,1,1,1,1,1,1,1,1,1,1,1,1,1,0,[0|0|0|0|0|0|0|0|0|0|0|0|0|0],在黑铁上缀以黄金的野兽铠甲。\n“黑剑”玛利喀斯的防具。\n\n玛利喀斯是玛莉卡女王忠诚的结拜弟弟，\n将命定之死寄宿在自身的剑里，\n令所有的半神感到畏惧。\n\n而就是因为他们明白何谓恐惧，才会是英雄。
760200,玛利喀斯臂甲,1,0,[0|0|0],707100,0,8,8,0,0.005,1150,0,2000,4.3,-1,-1,-1,7000,1.1,0,-1,-1,-1,-1,-1,-1,-1,-1,-1,-1,-1,-1,-1,-1,-1,-1,1,1,1,1,1,1,1,1,-1,1620,14152,14152,0,0,0,0,[0|0],0,0,0,0,0,0,0,0,12,12,19,17,0,-1,-1,1,0,1,4,2,3,80,0,[0|0],1,0,0,1,0,0,0,0,0,-1,-1,0,1,1,0,0,1,2,0,0.967,0.965,0.971,0.967,0.973,0.972,0.977,109,50,106,50,106,139,139,139,-1,1,0,0.968,0,0,0,0,0,0,0,0,0,0,0,0,0,0,0,0,0,0,0,0,0,0,0,0,0,0,0,0,0,0,0,0,0,0,0,0,[0|0|0|0],0,19,0,0,0,0,0,0,0,0,0,0,1,1,0,1,0,0,0,0,1,0,0,0,0,0,0,1,1,0,1,1,1,0,0,0,0,0,0,0,0,0,0,0,0,0,0,0,0,0,0,0,0,0,0,0,0,0,0,0,0,0,0,0,0,0,0,0,0,0,0,0,0,0,0,0,0,0,0,0,0,0,0,0,0,0,0,0,0,0,0,0,0,0,0,0,0,0,[0|0|0|0|0|0|0|0|0|0|0|0|0|0],在黑铁上缀以黄金的野兽臂甲。\n“黑剑”玛利喀斯的防具。\n\n玛利喀斯是玛莉卡女王忠诚的结拜弟弟，\n将命定之死寄宿在自身的剑里，\n令所有的半神感到畏惧。\n\n而就是因为他们明白何谓恐惧，才会是英雄。
760300,玛利喀斯腿甲,1,0,[0|0|0],807100,0,15,15,0,0.014,1250,0,2000,7.9,-1,-1,-1,7000,1.1,0,-1,-1,-1,-1,-1,-1,-1,-1,-1,-1,-1,-1,-1,-1,-1,-1,1,1,1,1,1,1,1,1,-1,1620,14153,14153,0,0,0,0,[0|0],0,0,0,0,0,0,0,0,22,22,35,31,0,-1,-1,1,0,6,4,3,3,80,0,[0|0],1,0,0,0,1,0,0,0,0,-1,-1,0,1,1,0,0,1,2,0,0.923,0.92,0.932,0.923,0.938,0.935,0.946,109,50,106,50,106,139,139,139,111,1,0,0.927,0,0,0,0,0,0,0,0,0,0,0,0,0,0,0,0,0,0,0,0,0,0,0,0,0,0,0,0,0,0,0,0,0,0,0,0,[0|0|0|0],0,35,0,0,0,0,0,0,0,0,0,0,0,0,1,0,1,1,1,0,0,1,0,0,0,0,0,0,0,0,0,0,0,0,0,0,0,0,0,0,0,0,0,0,0,0,0,0,0,0,0,0,0,0,0,0,0,0,0,0,0,0,0,0,0,0,0,0,0,0,0,0,0,0,1,0,0,0,0,0,0,0,0,0,0,0,0,0,0,0,0,0,0,0,0,0,0,0,[0|0|0|0|0|0|0|0|0|0|0|0|0|0],在黑铁上缀以黄金的野兽腿甲。\n“黑剑”玛利喀斯的防具。\n\n玛利喀斯是玛莉卡女王忠诚的结拜弟弟，\n将命定之死寄宿在自身的剑里，\n令所有的半神感到畏惧。\n\n而就是因为他们明白何谓恐惧，才会是英雄。
761100,玛利喀斯铠甲（轻装）,1,0,[0|0|0],608200,0,21,21,100,0.022,1150,0,2000,11.8,-1,-1,-1,7000,1,-0.4,-1,-1,-1,-1,-1,-1,-1,-1,-1,-1,-1,-1,-1,-1,-1,-1,1,1,1,1,1,1,1,1,-1,1621,14161,14161,0,0,0,0,[0|0],0,0,0,0,0,0,0,0,29,29,50,42,0,-1,-1,1,0,2,4,1,3,90,0,[0|0],1,0,1,0,0,0,0,0,0,-1,-1,0,1,1,0,0,1,2,0,0.871,0.865,0.886,0.876,0.898,0.891,0.912,109,50,106,50,106,139,139,139,-1,1,0,0.874,0,0,0,0,0,0,0,0,0,0,0,0,0,0,0,0,0,0,0,0,0,0,0,0,0,0,0,0,0,0,0,0,0,0,0,0,[0|0|0|0],0,50,0,0,0,0,0,0,1,1,1,1,1,0,0,0,0,0,0,0,0,1,1,1,0,0,0,0,0,0,0,0,0,0,0,0,0,0,0,0,0,0,1,1,1,0,1,0,1,1,1,0,1,0,1,0,1,1,1,0,1,1,0,0,0,0,0,0,1,1,1,0,1,0,0,1,0,0,0,1,0,0,0,0,0,0,0,0,0,0,0,0,0,0,0,0,0,0,[0|0|0|0|0|0|0|0|0|0|0|0|0|0],在黑铁上缀以黄金的野兽铠甲。\n“黑剑”玛利喀斯的防具。\n\n玛利喀斯是玛莉卡女王忠诚的结拜弟弟，\n将命定之死寄宿在自身的剑里，\n令所有的半神感到畏惧。\n\n而就是因为他们明白何谓恐惧，才会是英雄。
770000,玛莲妮亚飞翼头盔,1,0,[0|0|0],506210,0,8,8,0,0.006,1050,0,2000,4,-1,-1,-1,7000,1.5,0,-1,-1,-1,-1,-1,-1,-1,-1,-1,-1,-1,-1,-1,-1,-1,-1,1,1,1,1,1,1,1,1,-1,1630,14170,14170,0,0,0,0,[0|0],0,0,0,0,0,0,0,0,22,22,18,8,0,-1,-1,1,0,5,4,0,3,70,0,[0|0],1,1,0,0,0,1,0,0,0,-1,-1,0,1,1,0,0,1,2,0,0.956,0.954,0.966,0.96,0.972,0.966,0.977,109,110,106,110,106,139,139,139,-1,1,0,0.962,0,0,0,0,0,0,0,0,0,0,0,0,0,0,0,0,0,0,0,0,0,0,0,0,0,0,0,0,0,0,0,0,0,0,0,0,[0|0|0|0],0,18,0,0,0,0,0,0,0,0,0,0,0,0,0,0,0,0,0,1,0,0,0,0,0,0,0,0,0,0,0,0,0,0,1,0,1,0,0,1,0,0,0,0,0,0,0,0,0,0,0,0,0,0,0,0,0,0,0,0,0,0,1,1,1,1,1,1,1,1,1,1,0,0,0,0,0,1,0,0,1,0,0,0,0,0,0,0,0,0,0,0,0,0,0,0,0,1,[0|0|0|0|0|0|0|0|0|0|0|0|0|0],以纯净黄金制成的飞翼头盔。\n“米凯拉的锋刃”玛莲妮亚的防具。\n\n她留在空壳的脚边，一直等待着米凯拉。\n\n　哥哥不可能毁约。\n　拥有神祇的智慧、神祇的魅惑力量──\n　米凯拉才是最为可怕的神人。
770100,玛莲妮亚铠甲,1,0,[0|0|0],606170,0,11,11,100,0.016,1150,0,2000,7.7,-1,-1,-1,7000,1,-0.4,-1,-1,-1,-1,-1,-1,-1,-1,-1,-1,-1,-1,-1,-1,-1,-1,1,1,1,1,1,1,1,1,-1,1630,14171,14171,0,0,0,0,[0|0],0,0,0,0,0,0,0,0,38,38,32,11,0,-1,-1,1,0,2,3,1,3,70,0,[0|0],1,0,1,0,0,0,0,0,0,-1,-1,0,1,1,0,0,1,2,0,0.891,0.886,0.929,0.905,0.939,0.929,0.958,109,50,113,50,113,139,139,139,-1,1,0,0.929,0,0,0,0,0,0,0,0,0,0,0,0,0,0,0,0,0,0,0,0,0,0,0,0,0,0,0,0,0,0,0,0,0,0,0,0,[0|0|0|0],0,32,0,0,0,0,0,0,0,1,0,1,0,0,0,0,0,0,0,0,0,1,0,1,0,0,0,0,0,0,0,0,0,0,0,0,0,0,0,0,0,0,1,1,1,0,0,1,1,1,0,1,1,1,0,1,0,1,1,1,0,1,0,0,0,0,0,0,1,1,1,0,1,0,0,1,0,0,0,1,0,0,0,1,1,1,1,1,1,1,1,1,1,1,1,1,1,0,[0|0|0|0|0|0|0|0|0|0|0|0|0|0],以纯净黄金制成的铠甲。\n“米凯拉的锋刃”玛莲妮亚的防具。\n\n她留在空壳的脚边，一直等待着米凯拉。\n\n　哥哥不可能毁约。\n　拥有神祇的智慧、神祇的魅惑力量──\n　米凯拉才是最为可怕的神人。
770200,玛莲妮亚臂甲,1,0,[0|0|0],705190,0,6,6,0,0.004,1150,0,2000,3.1,-1,-1,-1,7000,1.1,0,-1,-1,-1,-1,-1,-1,-1,-1,-1,-1,-1,-1,-1,-1,-1,-1,1,1,1,1,1,1,1,1,-1,1630,14172,14172,0,0,0,0,[0|0],0,0,0,0,0,0,0,0,17,17,14,6,0,-1,-1,1,0,1,4,2,3,60,0,[0|0],1,0,0,1,0,0,0,0,0,-1,-1,0,1,1,0,0,1,2,0,0.969,0.968,0.977,0.972,0.981,0.977,0.984,109,50,106,50,106,139,139,139,-1,1,0,0.973,0,0,0,0,0,0,0,0,0,0,0,0,0,0,0,0,0,0,0,0,0,0,0,0,0,0,0,0,0,0,0,0,0,0,0,0,[0|0|0|0],0,14,0,0,0,0,0,0,0,0,0,0,1,1,0,1,0,0,0,0,1,0,0,0,0,0,0,1,1,0,1,1,1,0,0,0,0,0,0,0,0,0,0,0,0,0,0,0,0,0,0,0,0,0,0,0,0,0,0,0,0,0,0,0,0,0,0,0,0,0,0,0,0,0,0,0,0,0,0,0,0,0,0,0,0,0,0,0,0,0,0,0,0,0,0,0,0,0,[0|0|0|0|0|0|0|0|0|0|0|0|0|0],以纯净黄金制成的臂甲。\n“米凯拉的锋刃”玛莲妮亚的防具。\n\n她留在空壳的脚边，一直等待着米凯拉。\n\n　哥哥不可能毁约。\n　拥有神祇的智慧、神祇的魅惑力量──\n　米凯拉才是最为可怕的神人。
770300,玛莲妮亚腿甲,1,0,[0|0|0],805180,0,11,11,0,0.011,1250,0,2000,5.7,-1,-1,-1,7000,1.1,0,-1,-1,-1,-1,-1,-1,-1,-1,-1,-1,-1,-1,-1,-1,-1,-1,1,1,1,1,1,1,1,1,-1,1630,14173,14173,0,0,0,0,[0|0],0,0,0,0,0,0,0,0,31,31,26,11,0,-1,-1,1,0,6,4,3,3,60,0,[0|0],1,0,0,0,1,0,0,0,0,-1,-1,0,1,1,0,0,1,2,0,0.929,0.926,0.946,0.935,0.955,0.946,0.962,109,50,106,50,106,139,139,139,111,1,0,0.938,0,0,0,0,0,0,0,0,0,0,0,0,0,0,0,0,0,0,0,0,0,0,0,0,0,0,0,0,0,0,0,0,0,0,0,0,[0|0|0|0],0,26,0,0,0,0,0,0,0,0,0,0,0,0,0,0,1,1,1,0,0,1,0,0,0,0,0,0,0,0,0,0,0,0,0,0,0,0,0,0,0,0,0,0,0,0,0,0,0,0,0,0,0,0,0,0,0,0,0,0,0,0,0,0,0,0,0,0,0,0,0,0,0,1,0,0,0,0,0,0,0,0,0,0,0,0,0,0,0,0,0,0,0,0,0,0,0,0,[0|0|0|0|0|0|0|0|0|0|0|0|0|0],以纯净黄金制成的腿甲。\n“米凯拉的锋刃”玛莲妮亚的防具。\n\n她留在空壳的脚边，一直等待着米凯拉。\n\n　哥哥不可能毁约。\n　拥有神祇的智慧、神祇的魅惑力量──\n　米凯拉才是最为可怕的神人。
771100,玛莲妮亚铠甲（轻装）,1,0,[0|0|0],606180,0,0,0,100,0.013,1150,0,2000,6.8,-1,-1,-1,7000,1,-0.4,-1,-1,-1,-1,-1,-1,-1,-1,-1,-1,-1,-1,-1,-1,-1,-1,1,1,1,1,1,1,1,1,-1,1631,14181,14181,0,0,0,0,[0|0],0,0,0,0,0,0,0,0,29,29,25,0,0,-1,-1,1,0,2,3,1,3,70,0,[0|0],1,0,1,0,0,0,0,0,0,-1,-1,0,1,1,0,0,1,2,0,0.9,0.893,0.935,0.914,0.949,0.935,0.975,109,50,113,50,113,139,139,139,-1,1,0,0.935,0,0,0,0,0,0,0,0,0,0,0,0,0,0,0,0,0,0,0,0,0,0,0,0,0,0,0,0,0,0,0,0,0,0,0,0,[0|0|0|0],0,25,0,0,0,0,0,0,0,1,0,1,0,0,0,0,0,0,0,0,0,1,0,1,0,0,0,0,0,0,0,0,0,0,0,0,0,0,0,0,0,0,0,1,1,1,0,1,0,1,1,1,1,1,0,1,0,1,1,1,0,1,0,0,0,0,0,0,0,1,1,1,0,0,0,1,0,0,0,1,0,0,0,0,0,0,0,0,0,0,0,0,0,0,0,0,0,0,[0|0|0|0|0|0|0|0|0|0|0|0|0|0],以纯净黄金制成的铠甲。\n“米凯拉的锋刃”玛莲妮亚的防具。\n\n她留在空壳的脚边，一直等待着米凯拉。\n\n　哥哥不可能毁约。\n　拥有神祇的智慧、神祇的魅惑力量──\n　米凯拉才是最为可怕的神人。
780000,老将头盔,1,0,[0|0|0],509040,0,20,20,0,0.012,1050,0,1000,8.1,-1,-1,-1,7000,1.5,0,-1,-1,-1,-1,-1,-1,-1,-1,-1,-1,-1,-1,-1,-1,-1,-1,1,1,1,1,1,1,1,1,-1,1660,14190,14190,0,0,0,0,[0|0],0,0,0,0,0,0,0,0,27,27,39,20,0,-1,-1,1,0,5,4,0,2,100,0,[0|0],1,1,0,0,0,1,0,0,0,-1,-1,0,1,1,0,0,1,2,0,0.932,0.932,0.939,0.937,0.952,0.95,0.954,109,110,106,110,106,139,139,139,-1,1,0,0.953,0,0,0,0,0,0,0,0,0,0,0,0,0,0,0,0,0,0,0,0,0,0,0,0,0,0,0,0,0,0,0,0,0,0,0,0,[0|0|0|0],0,39,0,0,0,0,0,0,0,0,0,0,0,0,0,0,0,0,0,0,0,0,0,0,0,0,0,0,0,0,0,0,0,0,0,1,1,0,0,1,0,0,0,0,0,0,0,0,0,0,0,0,0,0,0,0,0,0,0,0,0,0,1,0,1,1,1,0,0,0,0,0,0,0,0,0,0,1,0,0,0,0,0,0,0,0,0,0,0,0,0,0,0,0,0,0,0,1,[0|0|0|0|0|0|0|0|0|0|0|0|0|0],经过长久使用、历经百战的头盔。\n索尔的老将，尼奥的防具。\n\n仅剩一人独活，率领众多灵魂，\n保护着早已死去多年的主人──\n这就是尼奥。\n\n老将不会凋零，也无处可去。
780100,老将铠甲,1,0,[0|0|0],609040,0,46,46,100,0.038,1150,0,1000,18.9,-1,-1,-1,7000,1,-0.4,-1,-1,-1,-1,-1,-1,-1,-1,-1,-1,-1,-1,-1,-1,-1,-1,1,1,1,1,1,1,1,1,-1,1660,14191,14191,0,0,0,0,[0|0],0,0,0,0,0,0,0,0,63,63,90,46,0,-1,-1,1,0,2,4,1,2,100,0,[0|0],1,0,1,0,0,0,0,0,0,-1,-1,0,1,1,0,0,1,2,0,0.813,0.813,0.83,0.825,0.865,0.859,0.872,109,50,113,50,113,139,139,139,-1,1,0,0.867,0,0,0,0,0,0,0,0,0,0,0,0,0,0,0,0,0,0,0,0,0,0,0,0,0,0,0,0,0,0,0,0,0,0,0,0,[0|0|0|0],0,90,0,0,0,0,0,1,1,1,1,1,1,0,0,0,0,0,0,0,0,1,1,1,0,0,0,0,0,0,0,0,0,0,0,0,0,0,0,0,0,0,0,1,1,1,0,1,1,1,1,0,1,0,1,0,1,0,1,0,1,1,0,0,0,0,0,0,1,1,1,0,1,0,0,1,0,0,0,1,0,0,0,1,1,1,1,1,1,1,1,1,1,1,1,1,1,0,[0|0|0|0|0|0|0|0|0|0|0|0|0|0],经过长久使用、历经百战的铠甲。\n索尔的老将，尼奥的防具。\n\n仅剩一人独活，率领众多灵魂，\n保护着早已死去多年的主人──\n这就是尼奥。\n\n老将不会凋零，也无处可去。
780200,老将臂甲,1,0,[0|0|0],708020,0,15,15,0,0.008,1150,0,1000,6.3,-1,-1,-1,7000,1.1,0,-1,-1,-1,-1,-1,-1,-1,-1,-1,-1,-1,-1,-1,-1,-1,-1,1,1,1,1,1,1,1,1,-1,1660,14192,14192,0,0,0,0,[0|0],0,0,0,0,0,0,0,0,21,21,30,15,0,-1,-1,1,0,1,4,2,2,90,0,[0|0],1,0,0,1,0,0,0,0,0,-1,-1,0,1,1,0,0,1,2,0,0.953,0.953,0.957,0.956,0.967,0.965,0.968,109,50,106,50,106,139,139,139,-1,1,0,0.967,0,0,0,0,0,0,0,0,0,0,0,0,0,0,0,0,0,0,0,0,0,0,0,0,0,0,0,0,0,0,0,0,0,0,0,0,[0|0|0|0],0,30,0,0,0,0,0,0,0,0,0,0,0,1,0,1,0,0,0,0,1,0,0,0,0,0,1,1,0,0,1,1,0,1,0,0,0,0,0,0,0,0,0,0,0,0,0,0,0,0,0,0,0,0,0,0,0,0,0,0,0,0,0,0,0,0,0,0,0,0,0,0,0,0,0,0,0,0,0,0,0,0,0,0,0,0,0,0,0,0,0,0,0,0,0,0,0,0,[0|0|0|0|0|0|0|0|0|0|0|0|0|0],经过长久使用、历经百战的臂甲。\n索尔的老将，尼奥的防具。\n\n仅剩一人独活，率领众多灵魂，\n保护着早已死去多年的主人──\n这就是尼奥。\n\n老将不会凋零，也无处可去。
780300,老将腿甲,1,0,[0|0|0],808020,0,29,29,0,0.022,1250,0,1000,11.7,-1,-1,-1,7000,1.1,0,-1,-1,-1,-1,-1,-1,-1,-1,-1,-1,-1,-1,-1,-1,-1,-1,1,1,1,1,1,1,1,1,-1,1660,14193,14193,0,0,0,0,[0|0],0,0,0,0,0,0,0,0,39,39,56,29,0,-1,-1,1,0,6,4,3,2,90,0,[0|0],1,0,0,0,1,0,0,0,0,-1,-1,0,1,1,0,0,1,2,0,0.892,0.892,0.902,0.899,0.923,0.919,0.927,109,50,106,50,106,139,139,139,111,1,0,0.924,0,0,0,0,0,0,0,0,0,0,0,0,0,0,0,0,0,0,0,0,0,0,0,0,0,0,0,0,0,0,0,0,0,0,0,0,[0|0|0|0],0,56,0,0,0,0,0,0,0,0,0,0,0,0,1,0,1,1,1,0,0,1,0,0,0,0,0,0,0,0,0,0,0,0,0,0,0,0,0,0,0,0,0,0,0,0,0,0,0,0,0,0,0,0,0,0,0,0,0,0,0,0,0,0,0,0,0,0,0,0,0,0,0,0,1,0,0,0,0,0,0,0,0,0,0,0,0,0,0,0,0,0,0,0,0,0,0,0,[0|0|0|0|0|0|0|0|0|0|0|0|0|0],经过长久使用、历经百战的腿甲。\n索尔的老将，尼奥的防具。\n\n仅剩一人独活，率领众多灵魂，\n保护着早已死去多年的主人──\n这就是尼奥。\n\n老将不会凋零，也无处可去。
781100,老将铠甲（轻装）,1,0,[0|0|0],609050,0,38,38,100,0.035,1150,0,1000,17.2,-1,-1,-1,7000,1,-0.4,-1,-1,-1,-1,-1,-1,-1,-1,-1,-1,-1,-1,-1,-1,-1,-1,1,1,1,1,1,1,1,1,-1,1661,14201,14201,0,0,0,0,[0|0],0,0,0,0,0,0,0,0,54,54,75,38,0,-1,-1,1,0,2,4,1,2,100,0,[0|0],1,0,1,0,0,0,0,0,0,-1,-1,0,1,1,0,0,1,2,0,0.819,0.815,0.832,0.827,0.869,0.864,0.876,109,50,106,50,106,139,139,139,-1,1,0,0.872,0,0,0,0,0,0,0,0,0,0,0,0,0,0,0,0,0,0,0,0,0,0,0,0,0,0,0,0,0,0,0,0,0,0,0,0,[0|0|0|0],0,75,0,0,0,0,0,1,1,1,1,1,1,0,0,0,0,0,0,0,0,1,1,1,0,0,0,0,0,0,0,0,0,0,0,0,0,0,0,0,0,0,0,1,1,1,0,1,1,1,0,1,1,0,1,0,1,0,1,0,1,1,0,0,0,0,0,0,1,1,0,1,1,0,0,1,0,0,0,1,0,0,0,0,0,0,0,0,0,0,0,0,0,0,0,0,0,0,[0|0|0|0|0|0|0|0|0|0|0|0|0|0],经过长久使用、历经百战的铠甲。\n索尔的老将，尼奥的防具。\n\n仅剩一人独活，率领众多灵魂，\n保护着早已死去多年的主人──\n这就是尼奥。\n\n老将不会凋零，也无处可去。
790000,猎犬骑士头盔,1,0,[0|0|0],507100,0,10,10,0,0.006,1050,0,1000,4.6,-1,-1,-1,7000,1.5,0,-1,-1,-1,-1,-1,-1,-1,-1,-1,-1,-1,-1,-1,-1,-1,-1,1,1,1,1,1,1,1,1,-1,1850,14210,14210,0,0,0,0,[0|0],0,0,0,0,0,0,0,0,14,14,22,10,0,-1,-1,1,0,5,4,0,1,80,0,[0|0],1,1,0,0,0,1,0,0,0,-1,-1,0,1,1,0,0,1,2,0,0.956,0.95,0.96,0.952,0.966,0.964,0.975,109,110,106,110,106,139,139,139,-1,1,0,0.964,0,0,0,0,0,0,0,0,0,0,0,0,0,0,0,0,0,0,0,0,0,0,0,0,0,0,0,0,0,0,0,0,0,0,0,0,[0|0|0|0],0,22,1,1,1,1,1,0,0,0,0,0,0,0,0,0,0,0,0,1,0,0,0,0,0,0,0,0,0,0,0,0,0,0,0,1,1,0,0,1,0,0,0,0,0,0,0,0,0,0,0,0,0,0,0,0,0,0,0,0,0,0,1,1,1,1,1,1,1,1,1,1,0,0,0,0,0,1,1,0,1,1,1,0,0,0,0,0,0,0,0,0,0,0,0,0,0,0,[0|0|0|0|0|0|0|0|0|0|0|0|0|0],嘴部尖突的金属制头盔。\n猎犬骑士们穿戴的防具。\n\n他们接受猎犬的训练法，\n以“穷追不舍的追踪者”闻名。\n\n据说他们不凭借言语对谈，各自选出主人。\n认主之后，绝对不会背叛。
790100,猎犬骑士铠甲,1,0,[0|0|0],607190,0,23,23,100,0.019,1150,0,1000,10.6,-1,-1,-1,7000,1,-0.4,-1,-1,-1,-1,-1,-1,-1,-1,-1,-1,-1,-1,-1,-1,-1,-1,1,1,1,1,1,1,1,1,-1,1850,14211,14211,0,0,0,0,[0|0],0,0,0,0,0,0,0,0,32,32,50,23,0,-1,-1,1,0,2,4,1,1,80,0,[0|0],1,0,1,0,0,0,0,0,0,-1,-1,0,1,1,0,0,1,2,0,0.876,0.86,0.886,0.865,0.905,0.898,0.929,109,50,106,50,106,139,139,139,-1,1,0,0.898,0,0,0,0,0,0,0,0,0,0,0,0,0,0,0,0,0,0,0,0,0,0,0,0,0,0,0,0,0,0,0,0,0,0,0,0,[0|0|0|0],0,50,0,0,0,0,0,1,1,1,1,1,1,0,0,0,0,0,0,0,0,1,1,1,0,0,0,0,0,0,0,0,0,0,0,0,0,0,0,0,0,0,1,1,1,0,1,0,1,1,0,1,1,0,1,0,1,1,0,0,1,1,0,0,0,0,0,0,1,1,0,1,1,0,0,1,0,0,0,1,0,0,0,1,1,1,1,1,1,1,1,1,1,1,1,1,1,0,[0|0|0|0|0|0|0|0|0|0|0|0|0|0],胸口尖突的金属制铠甲。\n猎犬骑士们穿戴的防具。\n\n他们接受猎犬的训练法，\n以“穷追不舍的追踪者”闻名。\n\n据说他们不凭借言语对谈，各自选出主人。\n认主之后，绝对不会背叛。
790200,猎犬骑士臂甲,1,0,[0|0|0],706100,0,8,8,0,0.004,1150,0,1000,3.5,-1,-1,-1,7000,1.1,0,-1,-1,-1,-1,-1,-1,-1,-1,-1,-1,-1,-1,-1,-1,-1,-1,1,1,1,1,1,1,1,1,-1,1850,14212,14212,0,0,0,0,[0|0],0,0,0,0,0,0,0,0,11,11,17,8,0,-1,-1,1,0,1,4,2,1,70,0,[0|0],1,0,0,1,0,0,0,0,0,-1,-1,0,1,1,0,0,1,2,0,0.969,0.965,0.972,0.967,0.977,0.975,0.983,109,50,106,50,106,139,139,139,-1,1,0,0.975,0,0,0,0,0,0,0,0,0,0,0,0,0,0,0,0,0,0,0,0,0,0,0,0,0,0,0,0,0,0,0,0,0,0,0,0,[0|0|0|0],0,17,0,0,0,0,0,0,0,0,0,0,0,1,0,1,0,0,0,0,1,0,0,0,0,0,1,0,1,0,1,1,0,1,0,0,0,0,0,0,0,0,0,0,0,0,0,0,0,0,0,0,0,0,0,0,0,0,0,0,0,0,0,0,0,0,0,0,0,0,0,0,0,0,0,0,0,0,0,0,0,0,0,0,0,0,0,0,0,0,0,0,0,0,0,0,0,0,[0|0|0|0|0|0|0|0|0|0|0|0|0|0],猎犬骑士们穿戴的金属制臂甲。\n\n他们接受猎犬的训练法，\n以“穷追不舍的追踪者”闻名。\n\n据说他们不凭借言语对谈，各自选出主人。\n认主之后，绝对不会背叛。
790300,猎犬骑士腿甲,1,0,[0|0|0],806100,0,14,14,0,0.011,1250,0,1000,6.6,-1,-1,-1,7000,1.1,0,-1,-1,-1,-1,-1,-1,-1,-1,-1,-1,-1,-1,-1,-1,-1,-1,1,1,1,1,1,1,1,1,-1,1850,14213,14213,0,0,0,0,[0|0],0,0,0,0,0,0,0,0,20,20,31,14,0,-1,-1,1,0,6,4,3,1,70,0,[0|0],1,0,0,0,1,0,0,0,0,-1,-1,0,1,1,0,0,1,2,0,0.929,0.92,0.935,0.923,0.946,0.942,0.96,109,50,108,50,108,139,139,139,111,1,0,0.942,0,0,0,0,0,0,0,0,0,0,0,0,0,0,0,0,0,0,0,0,0,0,0,0,0,0,0,0,0,0,0,0,0,0,0,0,[0|0|0|0],0,31,0,0,0,0,0,0,0,0,0,0,0,0,1,0,1,1,1,0,0,1,0,0,0,0,0,0,0,0,0,0,0,0,0,0,0,0,0,0,0,0,0,0,0,0,0,0,0,0,0,0,0,0,0,0,0,0,0,0,0,0,0,0,0,0,0,0,0,0,0,0,0,0,1,0,0,0,0,0,0,0,0,0,0,0,0,0,0,0,0,0,0,0,0,0,0,0,[0|0|0|0|0|0|0|0|0|0|0|0|0|0],猎犬骑士们穿戴的金属制腿甲。\n\n他们接受猎犬的训练法，\n以“穷追不舍的追踪者”闻名。\n\n据说他们不凭借言语对谈，各自选出主人。\n认主之后，绝对不会背叛。
791100,猎犬骑士铠甲（轻装）,1,0,[0|0|0],607200,0,21,21,100,0.019,1150,0,1000,9.6,-1,-1,-1,7000,1,-0.4,-1,-1,-1,-1,-1,-1,-1,-1,-1,-1,-1,-1,-1,-1,-1,-1,1,1,1,1,1,1,1,1,-1,1851,14221,14221,0,0,0,0,[0|0],0,0,0,0,0,0,0,0,29,29,45,21,0,-1,-1,1,0,2,4,1,1,80,0,[0|0],1,0,1,0,0,0,0,0,0,-1,-1,0,1,1,0,0,1,2,0,0.879,0.863,0.889,0.868,0.908,0.901,0.932,109,50,106,50,106,139,139,139,-1,1,0,0.901,0,0,0,0,0,0,0,0,0,0,0,0,0,0,0,0,0,0,0,0,0,0,0,0,0,0,0,0,0,0,0,0,0,0,0,0,[0|0|0|0],0,45,0,0,0,0,0,1,1,1,1,1,1,0,0,0,0,0,0,0,0,1,1,1,0,0,0,0,0,0,0,0,0,0,0,0,0,0,0,0,0,0,1,1,1,0,1,0,1,1,0,1,1,0,1,0,1,1,0,0,1,1,0,0,0,0,0,0,1,0,1,1,1,0,0,1,0,0,0,1,0,0,0,0,0,0,0,0,0,0,0,0,0,0,0,0,0,0,[0|0|0|0|0|0|0|0|0|0|0|0|0|0],胸口尖突的金属制铠甲。\n猎犬骑士们穿戴的防具。\n\n他们接受猎犬的训练法，\n以“穷追不舍的追踪者”闻名。\n\n据说他们不凭借言语对谈，各自选出主人。\n认主之后，绝对不会背叛。
800000,庆典风帽,1,0,[0|0|0],500080,0,29,29,0,0.002,1050,0,100,1.7,-1,-1,-1,7000,1.5,0,-1,-1,-1,-1,-1,-1,-1,-1,-1,-1,-1,-1,-1,-1,-1,-1,1,1,1,1,1,1,1,1,-1,2130,14230,14230,0,0,0,0,[0|0],0,0,0,0,0,0,0,0,18,18,9,29,0,-1,-1,1,0,5,4,0,1,10,0,[0|0],1,1,0,0,0,1,0,0,0,-1,-1,0,1,1,0,0,1,2,0,0.986,0.979,0.982,0.982,0.955,0.958,0.956,109,110,113,110,139,139,139,139,-1,1,0,0.954,0,0,0,0,0,0,0,0,0,0,0,0,0,0,0,0,0,0,0,0,0,0,0,0,0,0,0,0,0,0,0,0,0,0,0,0,[0|0|0|0],0,9,0,0,0,0,0,0,0,0,0,0,0,0,0,0,0,0,0,0,0,0,0,0,0,0,0,0,0,0,0,0,0,0,1,0,1,0,0,1,0,0,0,0,0,0,0,0,0,0,0,0,0,0,0,0,0,0,0,0,0,0,1,1,1,1,1,1,1,1,1,1,0,0,0,0,0,1,1,0,0,0,0,0,0,0,0,0,0,0,0,0,0,0,0,0,0,0,[0|0|0|0|0|0|0|0|0|0|0|0|0|0],风车村多明努拉的庆典使用的物品。\n舞娘们穿戴的风帽。\n\n装饰着缤纷可爱的花朵。
800100,庆典礼服,1,0,[0|0|0],600160,0,67,67,100,0.007,1150,0,100,4.1,-1,-1,-1,7000,1,-0.4,-1,-1,-1,-1,-1,-1,-1,-1,-1,-1,-1,-1,-1,-1,-1,-1,1,1,1,1,1,1,1,1,-1,2130,14231,14231,0,0,0,0,[0|0],0,0,0,0,0,0,0,0,42,42,21,67,0,-1,-1,1,0,2,3,1,1,10,0,[0|0],1,0,1,0,0,0,0,0,0,-1,-1,0,1,1,0,0,1,2,0,0.958,0.939,0.947,0.947,0.874,0.881,0.876,109,50,113,50,139,139,139,139,-1,1,0,0.87,0,0,0,0,0,0,0,0,0,0,0,0,0,0,0,0,0,0,0,0,0,0,0,0,0,0,0,0,0,0,0,0,0,0,0,0,[0|0|0|0],0,21,0,0,0,0,0,1,1,1,1,1,0,0,0,0,0,0,0,0,0,1,1,1,0,0,0,0,0,0,0,0,0,0,0,0,0,0,0,0,0,0,1,0,1,1,0,1,1,0,1,1,1,1,0,1,1,1,1,1,1,1,0,0,0,0,0,0,1,0,1,1,0,0,0,1,0,0,0,1,0,0,0,1,1,1,1,1,1,1,1,1,1,1,1,1,1,0,[0|0|0|0|0|0|0|0|0|0|0|0|0|0],风车村多明努拉的庆典使用的物品。\n舞娘们穿戴的礼服。\n\n表面有着淡淡的血迹。
801000,庆典风帽（简化）,1,0,[0|0|0],500090,0,23,23,0,0.001,1050,0,100,1,-1,-1,-1,7000,1.5,0,-1,-1,-1,-1,-1,-1,-1,-1,-1,-1,-1,-1,-1,-1,-1,-1,1,1,1,1,1,1,1,1,-1,2131,14240,14240,0,0,0,0,[0|0],0,0,0,0,0,0,0,0,13,13,4,23,0,-1,-1,1,0,5,4,0,1,10,0,[0|0],1,1,0,0,0,1,0,0,0,-1,-1,0,1,1,0,0,1,2,0,0.998,0.986,0.991,0.991,0.958,0.962,0.96,109,110,113,110,113,139,139,139,-1,1,0,0.955,0,0,0,0,0,0,0,0,0,0,0,0,0,0,0,0,0,0,0,0,0,0,0,0,0,0,0,0,0,0,0,0,0,0,0,0,[0|0|0|0],0,4,0,0,0,0,0,0,0,0,0,0,0,0,0,0,0,0,0,0,0,0,0,0,0,1,0,0,0,0,0,0,0,0,0,1,0,0,0,1,0,0,0,0,0,0,0,0,0,0,0,0,0,0,0,0,0,0,0,0,0,0,1,1,0,0,1,1,0,0,0,0,0,0,0,0,0,1,0,0,0,0,0,0,0,0,0,0,0,0,0,0,0,0,0,0,0,0,[0|0|0|0|0|0|0|0|0|0|0|0|0|0],风车村多明努拉的庆典使用的物品。\n舞娘们穿戴的风帽。\n\n装饰着缤纷可爱的花朵。
801100,庆典礼服（简化）,1,0,[0|0|0],600170,0,57,57,100,0.007,1150,0,100,3.2,-1,-1,-1,7000,1,-0.4,-1,-1,-1,-1,-1,-1,-1,-1,-1,-1,-1,-1,-1,-1,-1,-1,1,1,1,1,1,1,1,1,-1,2131,14241,14241,0,0,0,0,[0|0],0,0,0,0,0,0,0,0,34,34,16,57,0,-1,-1,1,0,2,3,1,1,10,0,[0|0],1,0,1,0,0,0,0,0,0,-1,-1,0,1,1,0,0,1,2,0,0.973,0.947,0.958,0.958,0.876,0.886,0.881,109,50,113,50,113,139,139,139,-1,1,0,0.872,0,0,0,0,0,0,0,0,0,0,0,0,0,0,0,0,0,0,0,0,0,0,0,0,0,0,0,0,0,0,0,0,0,0,0,0,[0|0|0|0],0,16,0,0,0,0,0,1,1,1,1,1,0,0,0,0,0,0,0,0,0,1,1,1,0,0,0,0,0,0,0,0,0,0,0,0,0,0,0,0,0,0,1,0,1,1,0,1,0,1,1,1,1,1,0,1,1,1,1,1,1,1,0,0,0,0,0,0,1,0,1,1,0,0,0,1,0,0,0,1,0,0,0,0,0,0,0,0,0,0,0,0,0,0,0,0,0,0,[0|0|0|0|0|0|0|0|0|0|0|0|0|0],风车村多明努拉的庆典使用的物品。\n舞娘们穿戴的礼服。\n\n表面有着淡淡的血迹。
802000,庆典蓝风帽,1,0,[0|0|0],500100,0,31,31,0,0.002,1050,0,100,1.7,-1,-1,-1,7000,1.5,0,-1,-1,-1,-1,-1,-1,-1,-1,-1,-1,-1,-1,-1,-1,-1,-1,1,1,1,1,1,1,1,1,-1,2135,14250,14250,0,0,0,0,[0|0],0,0,0,0,0,0,0,0,20,20,9,27,0,-1,-1,1,0,5,4,0,1,10,0,[0|0],1,1,0,0,0,1,0,0,0,-1,-1,0,1,1,0,0,1,2,0,0.986,0.979,0.986,0.982,0.955,0.96,0.955,109,110,113,110,113,139,139,139,-1,1,0,0.951,0,0,0,0,0,0,0,0,0,0,0,0,0,0,0,0,0,0,0,0,0,0,0,0,0,0,0,0,0,0,0,0,0,0,0,0,[0|0|0|0],0,9,0,0,0,0,0,0,0,0,0,0,0,0,0,0,0,0,0,0,0,0,0,0,0,0,0,0,0,0,0,0,0,0,1,0,1,0,0,1,0,0,0,0,0,0,0,0,0,0,0,0,0,0,0,0,0,0,0,0,0,0,1,1,1,1,1,1,1,1,1,1,0,0,0,0,0,1,1,0,0,0,0,0,0,0,0,0,0,0,0,0,0,0,0,0,0,0,[0|0|0|0|0|0|0|0|0|0|0|0|0|0],风车村多明努拉的庆典使用的物品。\n舞娘们穿戴的风帽。\n\n染成蓝色的美丽风帽，\n只有庆典的主角──少女们能穿戴。
802100,庆典蓝礼服,1,0,[0|0|0],600180,0,71,71,100,0.007,1150,0,100,4.1,-1,-1,-1,7000,1,-0.4,-1,-1,-1,-1,-1,-1,-1,-1,-1,-1,-1,-1,-1,-1,-1,-1,1,1,1,1,1,1,1,1,-1,2135,14251,14251,0,0,0,0,[0|0],0,0,0,0,0,0,0,0,46,46,21,63,0,-1,-1,1,0,2,3,1,1,10,0,[0|0],1,0,1,0,0,0,0,0,0,-1,-1,0,1,1,0,0,1,2,0,0.958,0.939,0.958,0.947,0.874,0.886,0.874,109,50,113,50,113,139,139,139,-1,1,0,0.862,0,0,0,0,0,0,0,0,0,0,0,0,0,0,0,0,0,0,0,0,0,0,0,0,0,0,0,0,0,0,0,0,0,0,0,0,[0|0|0|0],0,21,0,0,0,0,0,1,1,1,1,1,0,0,0,0,0,0,0,0,0,1,1,1,0,0,0,0,0,0,0,0,0,0,0,0,0,0,0,0,0,0,1,0,1,1,0,1,1,0,1,1,1,1,0,1,1,1,1,1,1,1,0,0,0,0,0,0,1,0,1,1,0,0,0,1,0,0,0,1,0,0,0,1,1,1,1,1,1,1,1,1,1,1,1,1,1,0,[0|0|0|0|0|0|0|0|0|0|0|0|0|0],风车村多明努拉的庆典使用的物品。\n舞娘们穿戴的礼服。\n\n染成蓝色的美丽斗篷，\n只有庆典的主角──少女们能穿戴。
810000,居民头巾,1,0,[0|0|0],500000,0,27,27,0,0.002,1050,0,10,1.4,-1,-1,-1,7000,1.5,0,-1,-1,-1,-1,-1,-1,-1,-1,-1,-1,-1,-1,-1,-1,-1,-1,1,1,1,1,1,1,1,1,-1,2140,14260,14260,0,0,0,0,[0|0],0,0,0,0,0,0,0,0,15,15,10,29,0,-1,-1,1,0,5,4,0,1,10,0,[0|0],1,1,0,0,0,1,0,0,0,-1,-1,0,1,1,0,0,1,2,0,0.991,0.982,0.982,0.986,0.956,0.96,0.958,109,110,113,110,113,139,139,139,-1,1,0,0.956,0,0,0,0,0,0,0,0,0,0,0,0,0,0,0,0,0,0,0,0,0,0,0,0,0,0,0,0,0,0,0,0,0,0,0,0,[0|0|0|0],0,10,0,0,0,0,0,0,0,0,0,0,0,0,0,0,0,0,0,0,0,0,0,0,0,0,0,0,0,0,0,0,0,0,0,1,1,0,0,1,0,0,0,0,0,0,0,0,0,0,0,0,0,0,0,0,0,0,0,0,0,0,0,0,1,1,1,0,1,1,1,1,0,0,0,0,0,1,0,0,0,0,0,0,0,0,0,0,0,0,0,0,0,0,0,0,0,1,[0|0|0|0|0|0|0|0|0|0|0|0|0|0],用头带固定布料的物品。\n交界地常见的居民装扮。\n\n然而已经找不到神智正常的居民了。
810100,居民上衣,1,0,[0|0|0],600040,0,76,76,100,0.008,1150,0,10,5.1,6081010,-1,-1,7000,1,-0.4,-1,-1,-1,-1,-1,-1,-1,-1,-1,-1,-1,-1,-1,-1,-1,-1,1,1,1,1,1,1,1,1,-1,2140,14261,14261,0,0,0,0,[0|0],0,0,0,0,0,0,0,0,42,42,25,83,0,-1,-1,1,0,2,4,1,1,10,0,[0|0],1,0,1,0,0,0,0,0,0,-1,-1,0,1,1,0,0,1,2,0,0.947,0.933,0.933,0.939,0.872,0.876,0.874,109,50,113,50,113,139,139,139,-1,1,0,0.872,0,0,0,0,0,0,0,0,0,0,0,0,0,0,0,0,0,0,0,0,0,0,0,0,0,0,0,0,0,0,0,0,0,0,0,0,[0|0|0|0],0,25,0,0,0,0,0,0,1,1,1,0,0,0,0,0,0,0,0,0,0,1,0,1,0,0,0,0,0,0,0,0,0,0,0,0,0,0,0,0,0,0,1,1,0,1,1,0,1,1,0,1,1,1,0,1,0,1,1,1,0,1,0,0,0,0,0,0,1,0,1,1,1,0,0,1,0,0,0,0,0,0,0,1,1,1,1,1,1,1,1,1,1,1,1,1,1,0,[0|0|0|0|0|0|0|0|0|0|0|0|0|0],披着厚实刺绣斗篷的上衣。\n交界地常见的居民装扮。\n\n脖子上挂的开洞树纹木板，\n据说展现自己身为黄金树之民的象征，\n以及束缚自我的枷锁，能借此提升信仰。
810300,居民鞋子,1,0,[0|0|0],800020,0,39,39,0,0.003,1250,0,10,2,-1,-1,-1,7000,1.1,0,-1,-1,-1,-1,-1,-1,-1,-1,-1,-1,-1,-1,-1,-1,-1,-1,1,1,1,1,1,1,1,1,-1,2140,14263,14263,0,0,0,0,[0|0],0,0,0,0,0,0,0,0,22,22,14,41,0,-1,-1,1,0,6,4,3,1,10,0,[0|0],1,0,0,0,1,0,0,0,0,-1,-1,0,1,1,0,0,1,2,0,0.985,0.97,0.97,0.977,0.929,0.935,0.932,109,50,109,50,113,139,113,139,111,1,0,0.929,0,0,0,0,0,0,0,0,0,0,0,0,0,0,0,0,0,0,0,0,0,0,0,0,0,0,0,0,0,0,0,0,0,0,0,0,[0|0|0|0],0,14,0,0,0,0,0,0,0,0,0,0,0,0,0,0,0,0,1,0,0,1,0,0,0,0,0,0,0,0,0,0,0,0,0,0,0,0,0,0,0,0,0,0,0,0,0,0,0,0,0,0,0,0,0,0,0,0,0,0,0,0,0,0,0,0,0,0,0,0,0,0,0,1,0,0,0,0,0,0,0,0,0,0,0,0,0,0,0,0,0,0,0,0,0,0,0,0,[0|0|0|0|0|0|0|0|0|0|0|0|0|0],设计简朴的布质靴子。\n交界地常见的居民装扮。\n\n然而已经找不到神智正常的居民了。
811000,居民头巾（轻装）,1,0,[0|0|0],500010,0,23,23,100,0.001,1150,0,10,0.7,-1,-1,-1,7000,1,-0.4,-1,-1,-1,-1,-1,-1,-1,-1,-1,-1,-1,-1,-1,-1,-1,-1,1,1,1,1,1,1,1,1,-1,2141,14270,14270,0,0,0,0,[0|0],0,0,0,0,0,0,0,0,12,12,8,24,0,-1,-1,1,0,5,4,0,1,10,0,[0|0],1,1,0,0,0,0,0,0,0,-1,-1,0,1,1,0,0,1,2,0,0.999,0.989,0.989,0.994,0.961,0.965,0.963,109,50,113,50,113,139,139,139,-1,1,0,0.961,0,0,0,0,0,0,0,0,0,0,0,0,0,0,0,0,0,0,0,0,0,0,0,0,0,0,0,0,0,0,0,0,0,0,0,0,[0|0|0|0],0,8,0,0,0,0,0,0,0,0,0,0,0,0,0,0,0,0,0,0,0,1,0,0,0,1,0,0,0,0,0,0,0,0,0,1,0,0,0,1,0,0,0,0,0,0,0,0,0,0,0,0,0,0,0,0,0,0,0,0,0,0,1,1,1,1,0,1,0,0,0,0,0,0,0,0,0,1,0,0,0,0,0,0,0,0,0,0,0,0,0,0,0,0,0,0,0,0,[0|0|0|0|0|0|0|0|0|0|0|0|0|0],移除布料，只剩头带的物品。\n交界地常见的居民装扮。\n\n然而已经找不到神智正常的居民了。
811100,居民上衣（轻装）,1,0,[0|0|0],600050,0,61,61,100,0.007,1150,0,10,4.1,6081010,-1,-1,7000,1,-0.4,-1,-1,-1,-1,-1,-1,-1,-1,-1,-1,-1,-1,-1,-1,-1,-1,1,1,1,1,1,1,1,1,-1,2141,14271,14271,0,0,0,0,[0|0],0,0,0,0,0,0,0,0,34,34,21,64,0,-1,-1,1,0,2,4,1,1,10,0,[0|0],1,0,1,0,0,0,0,0,0,-1,-1,0,1,1,0,0,1,2,0,0.958,0.939,0.939,0.947,0.874,0.881,0.876,109,50,113,50,113,139,139,139,-1,1,0,0.874,0,0,0,0,0,0,0,0,0,0,0,0,0,0,0,0,0,0,0,0,0,0,0,0,0,0,0,0,0,0,0,0,0,0,0,0,[0|0|0|0],0,21,0,0,0,0,0,0,1,1,1,0,0,0,0,0,0,0,0,0,0,1,0,1,0,0,0,0,0,0,0,0,0,0,0,0,0,0,0,0,0,0,1,1,0,1,1,0,1,1,0,1,1,1,0,1,0,1,1,1,0,1,0,0,0,0,0,0,1,0,1,1,1,0,0,1,0,0,0,0,0,0,0,0,0,0,0,0,0,0,0,0,0,0,0,0,0,0,[0|0|0|0|0|0|0|0|0|0|0|0|0|0],刺上细腻刺绣的上衣。\n交界地常见的居民装扮。\n\n脖子上挂的开洞树纹木板，\n据说展现自己身为黄金树之民的象征，\n以及束缚自我的枷锁，能借此提升信仰。
812000,居民便衣,1,0,[0|0|0],600020,0,76,76,100,0.008,1050,0,10,5.1,6081010,-1,-1,7000,1.5,-0.4,-1,-1,-1,-1,-1,-1,-1,-1,-1,-1,-1,-1,-1,-1,-1,-1,1,1,1,1,1,1,1,1,-1,2145,14281,14281,0,0,0,0,[0|0],0,0,0,0,0,0,0,0,46,46,24,83,0,-1,-1,1,0,2,4,1,1,10,0,[0|0],1,0,1,0,0,1,0,0,0,-1,-1,0,1,1,0,0,1,2,0,0.958,0.933,0.933,0.939,0.87,0.874,0.874,109,110,113,110,113,139,139,139,-1,1,0,0.872,0,0,0,0,0,0,0,0,0,0,0,0,0,0,0,0,0,0,0,0,0,0,0,0,0,0,0,0,0,0,0,0,0,0,0,0,[0|0|0|0],0,24,0,0,0,0,0,0,1,1,1,0,0,0,0,0,0,0,0,0,0,0,0,1,0,0,0,0,0,0,0,0,0,0,0,0,0,0,0,0,0,0,1,1,0,1,1,0,1,1,0,1,1,1,0,1,0,1,1,1,0,1,0,0,0,0,0,0,1,0,1,1,1,0,0,1,0,0,0,0,0,0,0,1,1,1,1,1,1,1,1,1,1,1,1,1,1,0,[0|0|0|0|0|0|0|0|0|0|0|0|0|0],披着简朴布质斗篷的上衣。\n交界地常见的居民装扮。\n\n脖子上挂的开洞树纹木板，\n据说展现自己身为黄金树之民的象征，\n以及束缚自我的枷锁，能借此提升信仰。
812100,居民便衣（轻装）,1,0,[0|0|0],600030,0,61,61,100,0.007,1050,0,10,4.1,6081010,-1,-1,7000,1.5,-0.4,-1,-1,-1,-1,-1,-1,-1,-1,-1,-1,-1,-1,-1,-1,-1,-1,1,1,1,1,1,1,1,1,-1,2146,14291,14291,0,0,0,0,[0|0],0,0,0,0,0,0,0,0,38,38,21,64,0,-1,-1,1,0,2,4,1,1,10,0,[0|0],1,0,1,0,0,1,0,0,0,-1,-1,0,1,1,0,0,1,2,0,0.968,0.939,0.939,0.947,0.872,0.876,0.876,109,110,113,110,113,139,139,139,-1,1,0,0.874,0,0,0,0,0,0,0,0,0,0,0,0,0,0,0,0,0,0,0,0,0,0,0,0,0,0,0,0,0,0,0,0,0,0,0,0,[0|0|0|0],0,21,0,0,0,0,0,0,1,1,1,0,0,0,0,0,0,0,0,0,0,0,0,1,0,0,0,0,0,0,0,0,0,0,0,0,0,0,0,0,0,0,1,1,0,1,1,0,1,1,0,1,1,1,0,1,0,1,1,1,0,1,0,0,0,0,0,0,1,0,1,1,1,0,0,1,0,0,0,0,0,0,0,0,0,0,0,0,0,0,0,0,0,0,0,0,0,0,[0|0|0|0|0|0|0|0|0|0|0|0|0|0],简朴的布质上衣。\n交界地常见的居民装扮。\n\n脖子上挂的开洞树纹木板，\n据说展现自己身为黄金树之民的象征，\n以及束缚自我的枷锁，能借此提升信仰。
820000,众使者大头冠,1,0,[0|0|0],503140,0,46,46,0,0.004,1050,0,100,3.8,6082000,-1,-1,7000,1.5,0,-1,-1,-1,-1,-1,-1,-1,-1,-1,-1,-1,-1,-1,-1,-1,-1,1,1,1,1,1,1,1,1,-1,2150,14300,14300,0,0,0,0,[0|0],0,0,0,0,0,0,0,0,27,27,15,46,0,-1,-1,1,0,5,4,0,2,40,0,[0|0],1,1,0,0,0,1,0,0,0,-1,-1,0,1,1,0,0,1,2,0,0.972,0.969,0.969,0.972,0.947,0.953,0.951,109,110,108,110,108,139,139,139,-1,1,0,0.945,0,0,0,0,0,0,0,0,0,0,0,0,0,0,0,0,0,0,0,0,0,0,0,0,0,0,0,0,0,0,0,0,0,0,0,0,[0|0|0|0],0,15,0,0,0,0,0,0,0,0,0,0,0,0,0,0,0,0,0,1,0,0,0,0,0,0,0,0,0,0,0,0,0,0,1,0,1,0,0,1,1,1,0,0,0,0,0,0,0,0,0,0,0,0,0,0,0,0,0,0,0,0,1,1,1,1,1,1,1,1,1,1,0,0,0,0,0,1,1,0,0,0,0,0,0,0,0,0,0,0,0,0,0,0,0,0,0,1,[0|0|0|0|0|0|0|0|0|0|0|0|0|0],神谕众使者戴在头上的柔软块状物。\n以多层布包裹，固定得扎实。\n\n能强化泡泡的战技。\n\n不清楚内部藏着什么，\n但据说会听到细微哭声传出来。\n一定是听错了。
830000,双贤辉石头罩,1,0,[0|0|0],501040,0,10,10,0,0.006,1050,0,100,5.1,1950,486,6083000,7000,1.5,0,-1,-1,-1,-1,-1,-1,-1,-1,-1,-1,-1,-1,-1,-1,-1,-1,1,1,1,1,1,1,1,1,-1,2160,14310,14310,0,0,0,0,[0|0],0,0,0,0,0,0,0,0,16,16,26,10,0,-1,-1,1,0,5,4,0,2,20,0,[0|0],1,1,0,0,0,1,0,0,0,-1,-1,0,1,1,0,0,1,2,0,0.956,0.948,0.969,0.952,0.956,0.955,0.966,109,110,108,110,108,139,139,139,-1,1,0,0.962,0,0,0,0,0,0,0,0,0,0,0,0,0,0,0,0,0,0,0,0,0,0,0,0,0,0,0,0,0,0,0,0,0,0,0,0,[0|0|0|0],0,26,1,1,1,1,0,0,0,0,0,0,0,0,0,0,0,0,0,1,0,0,0,0,0,0,0,0,0,0,0,0,0,0,0,1,1,0,0,1,0,0,0,0,0,0,0,0,0,0,0,0,0,0,0,0,0,0,0,0,0,0,1,1,1,1,1,1,1,1,1,1,0,0,0,0,0,1,1,0,1,1,1,0,0,0,0,0,0,0,0,0,0,0,0,0,0,1,[0|0|0|0|0|0|0|0|0|0|0|0|0|0],魔法学院雷亚卢卡利亚之中，\n在探索之路受到肯定的学徒\n穿戴的其中一种辉石头罩。\n\n能大幅提升智力，但会降低血量、精力。\n\n在双贤教室求学的，代表相当资优。\n因此他们得到允许，\n能广泛学习各种类型的魔法。
830100,雷亚卢卡利亚长袍,0,0,[0|0|0],601030,0,67,67,100,0.007,1150,0,100,4.1,-1,-1,-1,7000,1,-0.4,-1,-1,-1,-1,-1,-1,-1,-1,-1,-1,-1,-1,-1,-1,-1,-1,1,1,1,1,1,1,1,1,-1,2160,14311,14311,0,0,0,0,[0|0],0,0,0,0,0,0,0,0,42,42,18,63,0,-1,-1,1,0,2,3,1,1,20,0,[0|0],1,0,1,0,0,0,0,0,0,-1,-1,0,1,1,0,0,1,2,0,0.947,0.939,0.939,0.973,0.865,0.874,0.876,109,50,113,50,113,139,139,139,-1,1,0,0.872,0,0,0,0,0,0,0,0,0,0,0,0,0,0,0,0,0,0,0,0,0,0,0,0,0,0,0,0,0,0,0,0,0,0,0,0,[0|0|0|0],0,18,0,0,0,0,0,1,1,0,1,0,0,0,0,0,0,0,0,0,0,1,0,1,0,0,0,0,0,0,0,0,0,0,0,0,0,0,0,0,0,0,1,0,1,1,0,1,1,0,1,1,1,1,0,1,1,1,1,1,1,1,0,0,0,0,0,0,1,0,1,1,0,0,0,1,0,0,0,1,0,0,0,1,1,1,1,1,1,1,1,1,1,1,1,1,1,0,[0|0|0|0|0|0|0|0|0|0|0|0|0|0],雷亚卢卡利亚的魔法学徒穿戴的长袍。\n\n款式朴素但质料优良的深蓝色长袍，\n是宣誓奉献一生于探索辉石，那星星的琥珀──\n立下“贤贫宣言”时受赠的服装。\n\n然而生命过于漫长，宣言早已埋没记忆之中。
830200,魔法师腕套,0,0,[0|0|0],701010,0,21,21,0,0.001,1150,0,100,1.1,-1,-1,-1,7000,1.1,0,-1,-1,-1,-1,-1,-1,-1,-1,-1,-1,-1,-1,-1,-1,-1,-1,1,1,1,1,1,1,1,1,-1,2160,14312,14312,0,0,0,0,[0|0],0,0,0,0,0,0,0,0,13,13,4,20,0,-1,-1,1,0,1,4,2,1,20,0,[0|0],1,0,0,1,0,0,0,0,0,-1,-1,0,1,1,0,0,1,2,0,0.99,0.987,0.987,0.999,0.968,0.969,0.971,109,50,113,50,113,139,139,139,-1,1,0,0.969,0,0,0,0,0,0,0,0,0,0,0,0,0,0,0,0,0,0,0,0,0,0,0,0,0,0,0,0,0,0,0,0,0,0,0,0,[0|0|0|0],0,4,0,0,0,0,0,0,0,0,0,0,0,0,0,0,0,0,0,0,0,0,0,0,0,0,1,1,0,1,0,0,0,1,0,0,0,0,0,0,0,0,0,0,0,0,0,0,0,0,0,0,0,0,0,0,0,0,0,0,0,0,0,0,0,0,0,0,0,0,0,0,0,0,0,0,0,0,0,0,0,0,0,0,0,0,0,0,0,0,0,0,0,0,0,0,0,0,[0|0|0|0|0|0|0|0|0|0|0|0|0|0],雷亚卢卡利亚的魔法学徒穿戴的腕套。\n以常见的布缠绕手腕的防具。
830300,魔法师绑腿,0,0,[0|0|0],801010,0,39,39,0,0.003,1250,0,100,2,-1,-1,-1,7000,1.1,0,-1,-1,-1,-1,-1,-1,-1,-1,-1,-1,-1,-1,-1,-1,-1,-1,1,1,1,1,1,1,1,1,-1,2160,14313,14313,0,0,0,0,[0|0],0,0,0,0,0,0,0,0,24,24,7,37,0,-1,-1,1,0,6,3,3,1,20,0,[0|0],1,0,0,0,1,0,0,0,0,-1,-1,0,1,1,0,0,1,2,0,0.977,0.97,0.97,0.997,0.927,0.929,0.932,109,50,113,50,113,139,109,139,111,1,0,0.928,0,0,0,0,0,0,0,0,0,0,0,0,0,0,0,0,0,0,0,0,0,0,0,0,0,0,0,0,0,0,0,0,0,0,0,0,[0|0|0|0],0,7,0,0,0,0,0,0,0,0,0,0,0,0,1,0,0,0,0,0,0,1,0,0,0,0,0,0,0,0,0,0,0,0,0,0,0,0,0,0,0,0,0,0,0,0,0,0,0,0,0,0,0,0,0,0,0,0,0,0,0,0,0,0,0,0,0,0,0,0,0,0,0,1,0,0,0,0,0,0,0,0,0,0,0,0,0,0,0,0,0,0,0,0,0,0,0,0,[0|0|0|0|0|0|0|0|0|0|0|0|0|0],雷亚卢卡利亚的魔法学徒穿戴的绑腿。\n以常见的布缠绕腿部的防具。
831000,奥利维尼斯辉石头罩,1,0,[0|0|0],501030,0,10,10,0,0.006,1050,0,500,5.1,1952,486,6083100,7000,1.5,0,-1,-1,-1,-1,-1,-1,-1,-1,-1,-1,-1,-1,-1,-1,-1,-1,1,1,1,1,1,1,1,1,-1,2165,14320,14320,0,0,0,0,[0|0],0,0,0,0,0,0,0,0,16,16,26,10,0,-1,-1,1,0,5,4,0,2,20,0,[0|0],1,1,0,0,0,1,0,0,0,-1,-1,0,1,1,0,0,1,2,0,0.956,0.948,0.969,0.952,0.956,0.955,0.966,109,110,108,110,108,139,139,139,-1,1,0,0.962,0,0,0,0,0,0,0,0,0,0,0,0,0,0,0,0,0,0,0,0,0,0,0,0,0,0,0,0,0,0,0,0,0,0,0,0,[0|0|0|0],0,26,1,1,1,1,0,0,0,0,0,0,0,0,0,0,0,0,0,1,0,0,0,0,0,0,0,0,0,0,0,0,0,0,0,1,1,0,0,1,0,0,0,0,0,0,0,0,0,0,0,0,0,0,0,0,0,0,0,0,0,0,1,1,1,1,1,1,1,1,1,1,0,0,0,0,0,1,1,0,1,1,1,0,0,0,0,0,0,0,0,0,0,0,0,0,0,1,[0|0|0|0|0|0|0|0|0|0|0|0|0|0],魔法学院雷亚卢卡利亚之中，\n在探索之路受到肯定的学徒\n穿戴的其中一种辉石头罩。\n\n能提升智力，但会降低血量。\n\n奥利维尼斯教室\n视魔法师卢瑟特为他们的根本，\n探索着流星类的魔法。
832000,拉兹利辉石头罩,1,0,[0|0|0],501060,0,10,10,0,0.006,1050,0,500,5.1,1954,486,6083200,7000,1.5,0,-1,-1,-1,-1,-1,-1,-1,-1,-1,-1,-1,-1,-1,-1,-1,-1,1,1,1,1,1,1,1,1,-1,2170,14330,14330,0,0,0,0,[0|0],0,0,0,0,0,0,0,0,16,16,26,10,0,-1,-1,1,0,5,4,0,2,20,0,[0|0],1,1,0,0,0,1,0,0,0,-1,-1,0,1,1,0,0,1,2,0,0.956,0.948,0.969,0.952,0.956,0.955,0.966,109,110,108,110,108,139,139,139,-1,1,0,0.962,0,0,0,0,0,0,0,0,0,0,0,0,0,0,0,0,0,0,0,0,0,0,0,0,0,0,0,0,0,0,0,0,0,0,0,0,[0|0|0|0],0,26,1,1,1,1,0,0,0,0,0,0,0,0,0,0,0,0,0,1,0,0,0,0,0,0,0,0,0,0,0,0,0,0,0,1,1,0,0,1,0,0,0,0,0,0,0,0,0,0,0,0,0,0,0,0,0,0,0,0,0,0,1,1,1,1,1,1,1,1,1,1,0,0,0,0,0,1,1,0,1,1,1,0,0,0,0,0,0,0,0,0,0,0,0,0,0,1,[0|0|0|0|0|0|0|0|0|0|0|0|0|0],魔法学院雷亚卢卡利亚之中，\n在探索之路受到肯定的学徒\n穿戴的其中一种辉石头罩。\n\n能提升智力、灵巧，但会降低血量。\n\n在拉兹利教室求学的人们，\n他们学习卡利亚魔法，\n并对月亮与星星平等视之，堪称异端。
833000,卡勒罗斯辉石头罩,0,0,[0|0|0],501020,0,10,10,0,0.006,1050,0,500,5.1,1956,486,6083300,7000,1.5,0,-1,-1,-1,-1,-1,-1,-1,-1,-1,-1,-1,-1,-1,-1,-1,-1,1,1,1,1,1,1,1,1,-1,2175,14340,14340,0,0,0,0,[0|0],0,0,0,0,0,0,0,0,16,16,26,10,0,-1,-1,1,0,5,4,0,2,20,0,[0|0],1,1,0,0,0,1,0,0,0,-1,-1,0,1,1,0,0,1,2,0,0.956,0.948,0.969,0.952,0.956,0.955,0.966,109,110,117,110,117,139,139,139,-1,1,0,0.962,0,0,0,0,0,0,0,0,0,0,0,0,0,0,0,0,0,0,0,0,0,0,0,0,0,0,0,0,0,0,0,0,0,0,0,0,[0|0|0|0],0,26,1,1,1,1,0,0,0,0,0,0,0,0,0,0,0,0,0,1,0,0,0,0,0,0,0,0,0,0,0,0,0,0,0,1,1,0,0,1,0,0,0,0,0,0,0,0,0,0,0,0,0,0,0,0,0,0,0,0,0,0,1,1,1,1,1,1,1,1,1,1,0,0,0,0,0,1,1,0,1,1,1,0,0,0,0,0,0,0,0,0,0,0,0,0,0,1,[0|0|0|0|0|0|0|0|0|0|0|0|0|0],魔法学院雷亚卢卡利亚之中，\n在探索之路受到肯定的学徒\n穿戴的其中一种辉石头罩。\n\n能提升智力，但会降低精力。\n\n历史最悠久的卡勒罗斯教室，\n视魔法师亚兹勒为他们的根本，\n探索着彗星类的魔法。
834000,魔女辉石头罩,1,0,[0|0|0],501050,0,10,10,0,0.006,1050,0,500,5.1,1958,486,6083400,7000,1.5,0,-1,-1,-1,-1,-1,-1,-1,-1,-1,-1,-1,-1,-1,-1,-1,-1,1,1,1,1,1,1,1,1,-1,2540,14720,14720,0,0,0,0,[0|0],0,0,0,0,0,0,0,0,16,16,26,10,0,-1,-1,1,0,5,4,0,2,20,0,[0|0],1,1,0,0,0,1,0,0,0,-1,-1,0,1,1,0,0,1,2,0,0.956,0.948,0.969,0.952,0.956,0.955,0.966,109,110,117,110,117,139,139,139,-1,1,0,0.962,0,0,0,0,0,0,0,0,0,0,0,0,0,0,0,0,0,0,0,0,0,0,0,0,0,0,0,0,0,0,0,0,0,0,0,0,[0|0|0|0],0,26,1,1,1,1,0,0,0,0,0,0,0,0,0,0,0,0,0,1,0,0,0,0,0,0,0,0,0,0,0,0,0,0,0,1,1,0,0,1,0,0,0,0,0,0,0,0,0,0,0,0,0,0,0,0,0,0,0,0,0,0,1,1,1,1,1,1,1,1,1,1,0,0,0,0,0,1,1,0,1,1,1,0,0,0,0,0,0,0,0,0,0,0,0,0,0,1,[0|0|0|0|0|0|0|0|0|0|0|0|0|0],魔法学院雷亚卢卡利亚之中，\n在探索之路受到肯定的学徒\n穿戴的其中一种辉石头罩。\n\n能提升智力与感应，但会降低精力。\n\n此氛围柔和的辉石头罩\n会连同别称“魔女”，\n一同赠予表现出众的女性魔法学徒。
834100,,0,0,[0|0|0],999999,0,10,10,0,0.006,1050,0,500,5.1,-1,-1,-1,7000,1.5,0,-1,-1,-1,-1,-1,-1,-1,-1,-1,-1,-1,-1,-1,-1,-1,-1,1,1,1,1,1,1,1,1,-1,2545,14730,14730,0,0,0,0,[0|0],0,0,0,0,0,0,0,0,16,16,26,10,0,-1,-1,1,0,5,4,0,1,255,0,[0|0],1,1,0,0,0,1,0,0,0,-1,-1,0,1,0,0,0,1,2,0,0.956,0.948,0.969,0.952,0.956,0.955,0.966,109,110,117,110,117,139,139,139,-1,1,0,0.962,0,0,0,0,0,0,0,0,0,0,0,0,0,0,0,0,0,0,0,0,0,0,0,0,0,0,0,0,0,0,0,0,0,0,0,0,[0|0|0|0],0,26,1,1,1,1,0,0,0,0,0,0,0,0,0,0,0,0,0,0,0,0,0,0,0,0,0,0,0,0,0,0,0,0,0,1,1,0,0,1,0,0,0,0,0,0,0,0,0,0,0,0,0,0,0,0,0,0,0,0,0,0,1,1,1,1,1,1,1,1,1,1,0,0,0,0,0,1,1,0,1,1,1,0,0,0,0,0,0,0,0,0,0,0,0,0,0,1,[0|0|0|0|0|0|0|0|0|0|0|0|0|0],参考绿辉石贤者的形象设计的石头面具\n辉石碎裂，已受损
835000,,0,0,[0|0|0],999999,0,27,27,0,0.002,1050,0,500,1.4,-1,-1,-1,7000,1.5,0,-1,-1,-1,-1,-1,-1,-1,-1,-1,-1,-1,-1,-1,-1,-1,-1,1,1,1,1,1,1,1,1,-1,2545,14730,14730,0,0,0,0,[0|0],0,0,0,0,0,0,0,0,16,16,5,26,0,-1,-1,1,0,5,4,0,1,255,0,[0|0],1,1,0,0,0,1,0,0,0,-1,-1,0,1,0,0,0,1,2,0,0.986,0.982,0.986,0.998,0.953,0.956,0.958,139,139,139,139,139,139,139,139,-1,1,0,0.955,0,0,0,0,0,0,0,0,0,0,0,0,0,0,0,0,0,0,0,0,0,0,0,0,0,0,0,0,0,0,0,0,0,0,0,0,[0|0|0|0],0,5,1,1,1,1,0,0,0,0,0,0,0,0,0,0,0,0,0,0,0,0,0,0,0,0,0,0,0,0,0,0,0,0,0,1,1,0,0,1,0,0,0,0,0,0,0,0,0,0,0,0,0,0,0,0,0,0,0,0,0,0,1,1,1,1,1,1,1,1,1,1,0,0,0,0,0,1,1,0,1,1,1,0,0,0,0,0,0,0,0,0,0,0,0,0,0,1,[0|0|0|0|0|0|0|0|0|0|0|0|0|0],
835100,,0,0,[0|0|0],999999,0,63,63,100,0.005,1150,0,100,3.2,-1,-1,-1,7000,1,-0.4,-1,-1,-1,-1,-1,-1,-1,-1,-1,-1,-1,-1,-1,-1,-1,-1,1,1,1,1,1,1,1,1,-1,2160,14311,14311,0,0,0,0,[0|0],0,0,0,0,0,0,0,0,38,38,11,60,0,-1,-1,1,0,2,3,1,1,255,0,[0|0],1,0,1,0,0,0,0,0,0,-1,-1,0,1,0,0,0,1,2,0,0.958,0.947,0.947,0.994,0.867,0.876,0.881,139,139,139,139,139,139,139,139,-1,1,0,0.874,0,0,0,0,0,0,0,0,0,0,0,0,0,0,0,0,0,0,0,0,0,0,0,0,0,0,0,0,0,0,0,0,0,0,0,0,[0|0|0|0],0,11,0,0,0,0,0,1,1,0,1,0,0,0,0,0,0,0,0,0,0,1,0,1,0,0,0,0,0,0,0,0,0,0,0,0,0,0,0,0,0,0,1,0,1,1,0,1,1,0,1,1,1,1,0,1,1,1,1,1,1,1,0,0,0,0,0,0,1,0,1,1,0,0,0,1,0,0,0,1,0,0,0,1,1,1,1,1,1,1,1,1,1,1,1,1,1,0,[0|0|0|0|0|0|0|0|0|0|0|0|0|0],
835200,,0,0,[0|0|0],999999,0,21,21,0,0.001,1150,0,100,1.1,-1,-1,-1,7000,1.1,0,-1,-1,-1,-1,-1,-1,-1,-1,-1,-1,-1,-1,-1,-1,-1,-1,1,1,1,1,1,1,1,1,-1,2160,14312,14312,0,0,0,0,[0|0],0,0,0,0,0,0,0,0,13,13,4,20,0,-1,-1,1,0,1,4,2,1,255,0,[0|0],1,0,0,1,0,0,0,0,0,-1,-1,0,1,0,0,0,1,2,0,0.99,0.987,0.987,0.999,0.968,0.969,0.971,139,139,139,139,139,139,139,139,-1,1,0,0.969,0,0,0,0,0,0,0,0,0,0,0,0,0,0,0,0,0,0,0,0,0,0,0,0,0,0,0,0,0,0,0,0,0,0,0,0,[0|0|0|0],0,4,0,0,0,0,0,0,0,0,0,0,0,0,0,0,0,0,0,0,0,0,0,0,0,0,1,1,0,1,0,0,0,1,0,0,0,0,0,0,0,0,0,0,0,0,0,0,0,0,0,0,0,0,0,0,0,0,0,0,0,0,0,0,0,0,0,0,0,0,0,0,0,0,0,0,0,0,0,0,0,0,0,0,0,0,0,0,0,0,0,0,0,0,0,0,0,0,[0|0|0|0|0|0|0|0|0|0|0|0|0|0],
835300,,0,0,[0|0|0],999999,0,39,39,0,0.003,1250,0,100,2,-1,-1,-1,7000,1.1,0,-1,-1,-1,-1,-1,-1,-1,-1,-1,-1,-1,-1,-1,-1,-1,-1,1,1,1,1,1,1,1,1,-1,2160,14313,14313,0,0,0,0,[0|0],0,0,0,0,0,0,0,0,24,24,7,37,0,-1,-1,1,0,6,3,3,1,255,0,[0|0],1,0,0,0,1,0,0,0,0,-1,-1,0,1,0,0,0,1,2,0,0.977,0.97,0.97,0.997,0.927,0.929,0.932,139,139,139,139,139,139,139,139,111,1,0,0.928,0,0,0,0,0,0,0,0,0,0,0,0,0,0,0,0,0,0,0,0,0,0,0,0,0,0,0,0,0,0,0,0,0,0,0,0,[0|0|0|0],0,7,0,0,0,0,0,0,0,0,0,0,0,0,1,0,0,0,0,0,0,1,0,0,0,0,0,0,0,0,0,0,0,0,0,0,0,0,0,0,0,0,0,0,0,0,0,0,0,0,0,0,0,0,0,0,0,0,0,0,0,0,0,0,0,0,0,0,0,0,0,0,0,1,0,0,0,0,0,0,0,0,0,0,0,0,0,0,0,0,0,0,0,0,0,0,0,0,[0|0|0|0|0|0|0|0|0|0|0|0|0|0],
836000,,1,0,[0|0|0],999999,0,10,10,0,0.006,1050,0,500,5.1,1958,486,-1,7000,1.5,0,-1,-1,-1,-1,-1,-1,-1,-1,-1,-1,-1,-1,-1,-1,-1,-1,1,1,1,1,1,1,1,1,-1,2540,14720,14720,0,0,0,0,[0|0],0,0,0,0,0,0,0,0,16,16,26,10,0,-1,-1,1,0,5,4,0,1,255,0,[0|0],1,1,0,0,0,1,0,0,0,-1,-1,0,1,0,0,0,1,2,0,0.956,0.948,0.969,0.952,0.956,0.955,0.966,109,110,117,110,117,139,139,139,-1,1,0,0.962,0,0,0,0,0,0,0,0,0,0,0,0,0,0,0,0,0,0,0,0,0,0,0,0,0,0,0,0,0,0,0,0,0,0,0,0,[0|0|0|0],0,26,1,1,1,1,0,0,0,0,0,0,0,0,0,0,0,0,0,1,0,0,0,0,0,0,0,0,0,0,0,0,0,0,0,1,1,0,0,1,0,0,0,0,0,0,0,0,0,0,0,0,0,0,0,0,0,0,0,0,0,0,1,1,1,1,1,1,1,1,1,1,0,0,0,0,0,1,1,0,1,1,1,0,0,0,0,0,0,0,0,0,0,0,0,0,0,1,[0|0|0|0|0|0|0|0|0|0|0|0|0|0],
840000,人偶兵头盔,1,0,[0|0|0],506140,0,9,9,0,0.006,1050,0,100,3.8,-1,-1,-1,7000,1.5,0,-1,-1,-1,-1,-1,-1,-1,-1,-1,-1,-1,-1,-1,-1,-1,-1,1,1,1,1,1,1,1,1,-1,2190,14350,14350,0,0,0,0,[0|0],0,0,0,0,0,0,0,0,10,10,22,8,0,-1,-1,1,0,5,4,0,1,70,0,[0|0],1,1,0,0,0,1,0,0,0,-1,-1,0,1,1,0,0,1,2,0,0.956,0.96,0.969,0.962,0.969,0.969,0.977,109,110,106,110,106,139,139,139,-1,1,0,0.969,0,0,0,0,0,0,0,0,0,0,0,0,0,0,0,0,0,0,0,0,0,0,0,0,0,0,0,0,0,0,0,0,0,0,0,0,[0|0|0|0],0,22,1,1,1,1,0,0,0,0,0,0,0,0,0,0,0,0,0,1,0,0,0,0,0,0,0,0,0,0,0,0,0,0,1,0,1,0,0,1,0,0,0,0,0,0,0,0,0,0,0,0,0,0,0,0,0,0,0,0,0,0,1,1,1,1,1,1,1,1,1,1,0,0,0,0,0,1,1,0,1,1,1,0,0,0,0,0,0,0,0,0,0,0,0,0,0,1,[0|0|0|0|0|0|0|0|0|0|0|0|0|0],利用格状金属板补强的桶盔。\n用来作为魔法师随从而制造的，\n人偶士兵的防具。\n\n作工非常地粗糙。\n\n只要能避免人偶损坏，就堪用了。
840100,人偶兵铠甲,1,0,[0|0|0],606090,0,21,21,100,0.018,1150,0,100,8.8,-1,-1,-1,7000,1,-0.4,-1,-1,-1,-1,-1,-1,-1,-1,-1,-1,-1,-1,-1,-1,-1,-1,1,1,1,1,1,1,1,1,-1,2190,14351,14351,0,0,0,0,[0|0],0,0,0,0,0,0,0,0,24,24,50,18,0,-1,-1,1,0,2,4,1,1,70,0,[0|0],1,0,1,0,0,0,0,0,0,-1,-1,0,1,1,0,0,1,2,0,0.881,0.865,0.912,0.912,0.912,0.912,0.933,109,50,106,50,106,139,139,139,-1,1,0,0.912,0,0,0,0,0,0,0,0,0,0,0,0,0,0,0,0,0,0,0,0,0,0,0,0,0,0,0,0,0,0,0,0,0,0,0,0,[0|0|0|0],0,50,0,0,0,0,0,0,1,1,1,0,0,0,0,0,0,0,0,0,0,1,0,1,0,0,0,0,0,0,0,0,0,0,0,0,0,0,0,0,0,0,0,1,1,1,0,1,1,1,0,1,1,0,1,0,1,1,0,0,1,1,0,0,0,0,0,0,1,0,1,1,0,0,0,1,0,0,0,0,0,0,0,0,0,0,0,0,0,0,0,0,0,0,0,0,0,0,[0|0|0|0|0|0|0|0|0|0|0|0|0|0],利用格状金属板补强的铠甲。\n用来作为魔法师随从而制造的，\n人偶士兵的防具。\n\n作工非常地粗糙，\n造型歪扭，生锈得非常严重。\n\n只要能避免人偶损坏，就堪用了。
850000,人偶兵鸟笼盔,1,0,[0|0|0],506150,0,8,8,0,0.006,1050,0,100,3.8,-1,-1,-1,7000,1.5,0,-1,-1,-1,-1,-1,-1,-1,-1,-1,-1,-1,-1,-1,-1,-1,-1,1,1,1,1,1,1,1,1,-1,2180,14360,14360,0,0,0,0,[0|0],0,0,0,0,0,0,0,0,11,11,18,9,0,-1,-1,1,0,5,4,0,1,70,0,[0|0],1,1,0,0,0,1,0,0,0,-1,-1,0,1,1,0,0,1,2,0,0.956,0.96,0.969,0.962,0.969,0.969,0.975,109,110,106,110,106,139,139,139,-1,1,0,0.975,0,0,0,0,0,0,0,0,0,0,0,0,0,0,0,0,0,0,0,0,0,0,0,0,0,0,0,0,0,0,0,0,0,0,0,0,[0|0|0|0],0,18,1,1,1,1,1,0,0,0,0,0,0,0,0,0,0,0,0,1,0,0,0,0,0,0,0,0,0,0,0,0,0,0,1,0,1,0,0,1,0,0,0,0,0,0,0,0,0,0,0,0,0,0,0,0,0,0,0,0,0,0,1,1,1,1,1,1,1,1,1,1,0,0,0,0,0,1,1,0,1,1,1,0,0,0,0,0,0,0,0,0,0,0,0,0,0,0,[0|0|0|0|0|0|0|0|0|0|0|0|0|0],参考鸟类的脸制成的金属制头盔。\n用来作为魔法师随从而制造的，\n鸟身人偶士兵的防具。\n\n作工非常地粗糙。\n\n只要能避免人偶损坏，就堪用了。
860000,战鬼头盔,0,0,[0|0|0],508000,0,8,8,0,0.007,1050,0,200,4.4,-1,-1,-1,7000,1.5,0,-1,-1,-1,-1,-1,-1,-1,-1,-1,-1,-1,-1,-1,-1,-1,-1,1,1,1,1,1,1,1,1,-1,1350,14370,14370,0,0,0,0,[0|0],0,0,0,0,0,0,0,0,14,14,23,8,0,-1,-1,1,0,5,4,0,2,90,0,[0|0],1,1,0,0,0,1,0,0,0,-1,-1,0,1,1,0,0,1,2,0,0.953,0.953,0.959,0.955,0.965,0.961,0.976,109,110,106,110,106,139,139,139,-1,1,0,0.967,0,0,0,0,0,0,0,0,0,0,0,0,0,0,0,0,0,0,0,0,0,0,0,0,0,0,0,0,0,0,0,0,0,0,0,0,[0|0|0|0],0,23,1,1,1,1,1,0,0,0,0,0,0,0,0,0,0,0,0,1,0,0,0,0,0,0,0,0,0,0,0,0,0,0,1,0,1,0,0,1,0,0,0,0,0,0,0,0,0,0,0,0,0,0,0,0,0,0,0,0,0,0,1,1,1,1,1,1,1,1,1,1,0,0,0,0,0,1,1,0,1,1,1,0,0,0,0,0,0,0,0,0,0,0,0,0,0,1,[0|0|0|0|0|0|0|0|0|0|0|0|0|0],最先进入圆桌厅堂的创始褪色者其中一人，\n“白狼战鬼”巴格莱姆的头盔。\n\n头盔上装饰的白狼后颈毛，\n正是别称的由来。
860100,战鬼铠甲,1,0,[0|0|0],608000,0,17,17,100,0.021,1150,0,200,10.1,-1,-1,-1,7000,1,-0.4,-1,-1,-1,-1,-1,-1,-1,-1,-1,-1,-1,-1,-1,-1,-1,-1,1,1,1,1,1,1,1,1,-1,1350,14371,14371,0,0,0,0,[0|0],0,0,0,0,0,0,0,0,31,31,55,17,0,-1,-1,1,0,2,4,1,2,90,0,[0|0],1,0,1,0,0,0,0,0,0,-1,-1,0,1,1,0,0,1,2,0,0.868,0.868,0.884,0.874,0.901,0.889,0.932,109,50,113,50,113,139,139,139,-1,1,0,0.908,0,0,0,0,0,0,0,0,0,0,0,0,0,0,0,0,0,0,0,0,0,0,0,0,0,0,0,0,0,0,0,0,0,0,0,0,[0|0|0|0],0,55,0,0,0,0,0,0,1,1,1,1,0,0,0,0,0,0,0,0,0,1,1,1,0,0,0,0,0,0,0,0,0,0,0,0,0,0,0,0,0,0,1,1,1,0,0,1,1,1,0,1,1,1,0,1,0,1,1,1,0,1,0,0,0,0,0,0,1,1,1,0,1,0,0,1,0,0,0,1,0,0,0,1,1,1,1,1,1,1,1,1,1,1,1,1,1,0,[0|0|0|0|0|0|0|0|0|0|0|0|0|0],最先进入圆桌厅堂的创始褪色者其中一人，\n“白狼战鬼”巴格莱姆的铠甲。\n\n在古老的传说中，狼是神人的影子──\n而巴格莱姆心中也是如此盼望。
860200,战鬼臂甲,0,0,[0|0|0],707000,0,6,6,0,0.004,1150,0,200,3.4,-1,-1,-1,7000,1.1,0,-1,-1,-1,-1,-1,-1,-1,-1,-1,-1,-1,-1,-1,-1,-1,-1,1,1,1,1,1,1,1,1,-1,1350,14372,14372,0,0,0,0,[0|0],0,0,0,0,0,0,0,0,11,11,19,6,0,-1,-1,1,0,1,4,2,2,80,0,[0|0],1,0,0,1,0,0,0,0,0,-1,-1,0,1,1,0,0,1,2,0,0.968,0.968,0.972,0.969,0.976,0.973,0.984,109,50,106,50,106,139,139,139,-1,1,0,0.978,0,0,0,0,0,0,0,0,0,0,0,0,0,0,0,0,0,0,0,0,0,0,0,0,0,0,0,0,0,0,0,0,0,0,0,0,[0|0|0|0],0,19,0,0,0,0,0,0,0,0,0,0,0,1,0,1,0,0,0,0,1,0,0,0,0,0,1,0,1,0,1,1,0,1,0,0,0,0,0,0,0,0,0,0,0,0,0,0,0,0,0,0,0,0,0,0,0,0,0,0,0,0,0,0,0,0,0,0,0,0,0,0,0,0,0,0,0,0,0,0,0,0,0,0,0,0,0,0,0,0,0,0,0,0,0,0,0,0,[0|0|0|0|0|0|0|0|0|0|0|0|0|0],最先进入圆桌厅堂的创始褪色者其中一人，\n“白狼战鬼”巴格莱姆的臂甲。\n\n在古老的传说中，狼是神人的影子──\n而巴格莱姆心中也是如此盼望。
860300,战鬼腿甲,0,0,[0|0|0],807000,0,11,11,0,0.012,1250,0,200,6.3,-1,-1,-1,7000,1.1,0,-1,-1,-1,-1,-1,-1,-1,-1,-1,-1,-1,-1,-1,-1,-1,-1,1,1,1,1,1,1,1,1,-1,1350,14373,14373,0,0,0,0,[0|0],0,0,0,0,0,0,0,0,19,19,34,11,0,-1,-1,1,0,6,4,3,2,80,0,[0|0],1,0,0,0,1,0,0,0,0,-1,-1,0,1,1,0,0,1,2,0,0.925,0.925,0.934,0.928,0.944,0.937,0.962,109,50,108,50,108,139,139,139,111,1,0,0.948,0,0,0,0,0,0,0,0,0,0,0,0,0,0,0,0,0,0,0,0,0,0,0,0,0,0,0,0,0,0,0,0,0,0,0,0,[0|0|0|0],0,34,0,0,0,0,0,0,0,0,0,0,0,0,1,0,1,1,1,0,0,1,0,0,0,0,0,0,0,0,0,0,0,0,0,0,0,0,0,0,0,0,0,0,0,0,0,0,0,0,0,0,0,0,0,0,0,0,0,0,0,0,0,0,0,0,0,0,0,0,0,0,0,0,1,0,0,0,0,0,0,0,0,0,0,0,0,0,0,0,0,0,0,0,0,0,0,0,[0|0|0|0|0|0|0|0|0|0|0|0|0|0],最先进入圆桌厅堂的创始褪色者其中一人，\n“白狼战鬼”巴格莱姆的腿甲。\n\n在古老的传说中，狼是神人的影子──\n而巴格莱姆心中也是如此盼望。
861100,战鬼铠甲（轻装）,0,0,[0|0|0],608010,0,10,10,100,0.019,1150,0,200,9,-1,-1,-1,7000,1,-0.4,-1,-1,-1,-1,-1,-1,-1,-1,-1,-1,-1,-1,-1,-1,-1,-1,1,1,1,1,1,1,1,1,-1,1351,14381,14381,0,0,0,0,[0|0],0,0,0,0,0,0,0,0,25,25,50,10,0,-1,-1,1,0,2,4,1,2,90,0,[0|0],1,0,1,0,0,0,0,0,0,-1,-1,0,1,1,0,0,1,2,0,0.872,0.872,0.892,0.877,0.913,0.892,0.934,109,50,106,50,106,139,139,139,-1,1,0,0.913,0,0,0,0,0,0,0,0,0,0,0,0,0,0,0,0,0,0,0,0,0,0,0,0,0,0,0,0,0,0,0,0,0,0,0,0,[0|0|0|0],0,50,0,0,0,0,0,0,1,1,1,1,0,0,0,0,0,0,0,0,0,1,1,1,0,0,0,0,0,0,0,0,0,0,0,0,0,0,0,0,0,0,1,1,1,0,0,1,1,1,0,1,1,1,0,1,0,1,1,1,0,1,0,0,0,0,0,0,1,1,1,0,1,0,0,1,0,0,0,1,0,0,0,0,0,0,0,0,0,0,0,0,0,0,0,0,0,0,[0|0|0|0|0|0|0|0|0|0|0|0|0|0],最先进入圆桌厅堂的创始褪色者其中一人，\n“白狼战鬼”巴格莱姆的铠甲。\n\n在古老的传说中，狼是神人的影子──\n而巴格莱姆心中也是如此盼望。
870000,芦苇之地头盔,1,0,[0|0|0],506090,0,0,0,0,0.005,1050,0,200,3.6,-1,-1,-1,7000,1.5,0,-1,-1,-1,-1,-1,-1,-1,-1,-1,-1,-1,-1,-1,-1,-1,-1,1,1,1,1,1,1,1,1,-1,1360,14390,14390,0,0,0,0,[0|0],0,0,0,0,0,0,0,0,26,26,22,23,0,-1,-1,1,0,5,4,0,1,70,0,[0|0],1,1,0,0,0,1,0,0,0,-1,-1,0,1,1,0,0,1,2,0,0.969,0.952,0.966,0.966,0.964,0.96,0.958,109,110,108,110,108,139,139,139,-1,1,0,0.962,0,0,0,0,0,0,0,0,0,0,0,0,0,0,0,0,0,0,0,0,0,0,0,0,0,0,0,0,0,0,0,0,0,0,0,0,[0|0|0|0],0,22,0,1,0,1,0,0,0,0,0,0,0,0,0,0,0,0,0,0,0,0,0,0,0,0,0,0,0,0,0,0,0,0,1,0,1,0,0,1,0,0,0,0,0,0,0,0,0,0,0,0,0,0,0,0,0,0,0,0,0,0,1,1,1,1,1,1,1,1,1,1,0,0,0,0,0,1,1,0,1,1,1,0,0,0,0,0,0,0,0,0,0,0,0,0,0,1,[0|0|0|0|0|0|0|0|0|0|0|0|0|0],串连铁片，绑紧制成的头盔。\n芦苇之地的战士穿戴的防具。\n\n据说该地内乱不断，文化交流中断已久。\n也因此，该地人民的内心\n都充满着染血的疯狂。
870100,芦苇之地铠甲,1,0,[0|0|0],606030,0,50,50,100,0.016,1150,0,200,8.3,-1,-1,-1,7000,1,-0.4,-1,-1,-1,-1,-1,-1,-1,-1,-1,-1,-1,-1,-1,-1,-1,-1,1,1,1,1,1,1,1,1,-1,1360,14391,14391,0,0,0,0,[0|0],0,0,0,0,0,0,0,0,60,60,50,55,0,-1,-1,1,0,2,4,1,1,70,0,[0|0],1,0,1,0,0,0,0,0,0,-1,-1,0,1,1,0,0,1,2,0,0.912,0.881,0.905,0.905,0.898,0.886,0.881,109,50,108,50,108,139,139,139,-1,1,0,0.891,0,0,0,0,0,0,0,0,0,0,0,0,0,0,0,0,0,0,0,0,0,0,0,0,0,0,0,0,0,0,0,0,0,0,0,0,[0|0|0|0],0,50,0,0,0,0,0,1,1,1,1,1,0,0,0,0,0,0,0,0,0,1,1,1,0,0,0,0,0,0,0,0,0,0,0,0,0,0,0,0,0,0,0,1,1,1,0,1,1,1,1,0,1,0,1,1,0,1,1,1,0,1,0,0,0,0,0,0,1,1,1,0,1,0,0,1,0,0,0,1,0,0,0,0,0,0,0,0,0,0,0,0,0,0,0,0,0,0,[0|0|0|0|0|0|0|0|0|0|0|0|0|0],串连铁片，绑紧制成的铠甲。\n芦苇之地的战士穿戴的防具。\n\n颜色枯黄，模样老旧的植物外衣，\n是以家乡的芦苇编成，\n可能思乡的心意也留存其中。
870200,芦苇之地臂甲,1,0,[0|0|0],705100,0,17,17,0,0.003,1150,0,200,2.8,-1,-1,-1,7000,1.1,0,-1,-1,-1,-1,-1,-1,-1,-1,-1,-1,-1,-1,-1,-1,-1,-1,1,1,1,1,1,1,1,1,-1,1360,14392,14392,0,0,0,0,[0|0],0,0,0,0,0,0,0,0,20,20,17,18,0,-1,-1,1,0,1,4,2,1,60,0,[0|0],1,0,0,1,0,0,0,0,0,-1,-1,0,1,1,0,0,1,2,0,0.979,0.971,0.977,0.977,0.975,0.972,0.971,109,50,108,50,108,139,139,139,-1,1,0,0.973,0,0,0,0,0,0,0,0,0,0,0,0,0,0,0,0,0,0,0,0,0,0,0,0,0,0,0,0,0,0,0,0,0,0,0,0,[0|0|0|0],0,17,0,0,0,0,0,0,0,0,0,0,0,1,0,1,0,0,0,0,1,0,0,0,0,0,1,0,1,0,1,1,0,1,0,0,0,0,0,0,0,0,0,0,0,0,0,0,0,0,0,0,0,0,0,0,0,0,0,0,0,0,0,0,0,0,0,0,0,0,0,0,0,0,0,0,0,0,0,0,0,0,0,0,0,0,0,0,0,0,0,0,0,0,0,0,0,0,[0|0|0|0|0|0|0|0|0|0|0|0|0|0],缠绕硬质皮革的臂甲。\n芦苇之地的战士穿戴的防具。
870300,芦苇之地腿甲,1,0,[0|0|0],805090,0,31,31,0,0.01,1250,0,200,5.1,-1,-1,-1,7000,1.1,0,-1,-1,-1,-1,-1,-1,-1,-1,-1,-1,-1,-1,-1,-1,-1,-1,1,1,1,1,1,1,1,1,-1,1360,14393,14393,0,0,0,0,[0|0],0,0,0,0,0,0,0,0,37,37,31,34,0,-1,-1,1,0,6,4,3,1,60,0,[0|0],1,0,0,0,1,0,0,0,0,-1,-1,0,1,1,0,0,1,2,0,0.95,0.932,0.946,0.946,0.942,0.935,0.932,109,50,108,50,108,139,113,139,111,1,0,0.938,0,0,0,0,0,0,0,0,0,0,0,0,0,0,0,0,0,0,0,0,0,0,0,0,0,0,0,0,0,0,0,0,0,0,0,0,[0|0|0|0],0,31,0,0,0,0,0,0,0,0,0,0,0,0,1,0,1,1,1,0,0,1,0,0,0,0,0,0,0,0,0,0,0,0,0,0,0,0,0,0,0,0,0,0,0,0,0,0,0,0,0,0,0,0,0,0,0,0,0,0,0,0,0,0,0,0,0,0,0,0,0,0,0,0,1,0,0,0,0,0,0,0,0,0,0,0,0,0,0,0,0,0,0,0,0,0,0,0,[0|0|0|0|0|0|0|0|0|0|0|0|0|0],缠绕硬质皮革的腿甲。\n芦苇之地的战士穿戴的防具。
871100,芦苇之地铠甲（轻装）,1,0,[0|0|0],606040,0,42,42,100,0.015,1150,0,200,7.8,-1,-1,-1,7000,1,-0.4,-1,-1,-1,-1,-1,-1,-1,-1,-1,-1,-1,-1,-1,-1,-1,-1,1,1,1,1,1,1,1,1,-1,1361,14401,14401,0,0,0,0,[0|0],0,0,0,0,0,0,0,0,52,52,42,45,0,-1,-1,1,0,2,4,1,1,70,0,[0|0],1,0,1,0,0,0,0,0,0,-1,-1,0,1,1,0,0,1,2,0,0.92,0.886,0.912,0.912,0.905,0.891,0.886,109,50,108,50,108,139,139,139,-1,1,0,0.898,0,0,0,0,0,0,0,0,0,0,0,0,0,0,0,0,0,0,0,0,0,0,0,0,0,0,0,0,0,0,0,0,0,0,0,0,[0|0|0|0],0,42,0,0,0,0,0,1,1,1,1,1,0,0,0,0,0,0,0,0,0,1,1,1,0,0,0,0,0,0,0,0,0,0,0,0,0,0,0,0,0,0,1,1,0,1,0,1,1,1,0,1,1,0,1,1,0,1,1,1,0,1,0,0,0,0,0,0,0,1,1,1,0,0,0,1,0,0,0,1,0,0,0,0,0,0,0,0,0,0,0,0,0,0,0,0,0,0,[0|0|0|0|0|0|0|0|0|0|0|0|0|0],串连铁片，绑紧制成的铠甲。\n芦苇之地的战士穿戴的防具。\n\n据说该地内乱不断，文化交流中断已久。\n也因此，该地人民的内心\n都充满着染血的疯狂。
872000,老翁面具,1,0,[0|0|0],506100,0,23,23,0,0.006,1050,0,200,3.6,6087200,-1,-1,7000,1.5,0,-1,-1,-1,-1,-1,-1,-1,-1,-1,-1,-1,-1,-1,-1,-1,-1,1,1,1,1,1,1,1,1,-1,1365,14410,14410,0,0,0,0,[0|0],0,0,0,0,0,0,0,0,29,29,18,22,0,-1,-1,1,0,5,4,0,2,70,0,[0|0],1,1,0,0,0,1,0,0,0,-1,-1,0,1,1,0,0,1,2,0,0.966,0.96,0.964,0.969,0.962,0.962,0.958,109,110,108,110,108,139,139,139,-1,1,0,0.964,0,0,0,0,0,0,0,0,0,0,0,0,0,0,0,0,0,0,0,0,0,0,0,0,0,0,0,0,0,0,0,0,0,0,0,0,[0|0|0|0],0,18,1,1,1,1,1,0,0,0,0,0,0,0,0,0,0,0,0,1,0,0,0,0,0,0,0,0,0,0,0,0,0,0,0,1,1,0,0,1,0,0,0,0,0,0,0,0,0,0,0,0,0,0,0,0,0,0,0,0,0,0,1,1,1,1,1,1,1,1,1,1,0,0,0,0,0,1,1,0,1,1,1,0,0,0,0,0,0,0,0,0,0,0,0,0,0,1,[0|0|0|0|0|0|0|0|0|0|0|0|0|0],以龇牙咧嘴的老人形象制成的木制面具。\n芦苇之地大剑客的别称由来。\n能提升灵巧，但会降低理智度。\n\n将心性磨练至极限的境地，会看见无趣的事物。\n舍弃那些事物之后，“老翁”随之诞生──\n刀与本身，这两者登峰造极就好。\n\n在那之后，“老翁”化成了修罗。
872100,待殓铠甲,1,0,[0|0|0],606050,0,55,55,100,0.017,1150,0,200,8.3,-1,-1,-1,7000,1,-0.4,-1,-1,-1,-1,-1,-1,-1,-1,-1,-1,-1,-1,-1,-1,-1,-1,1,1,1,1,1,1,1,1,-1,1365,14411,14411,0,0,0,0,[0|0],0,0,0,0,0,0,0,0,67,67,42,50,0,-1,-1,1,0,2,4,1,2,70,0,[0|0],1,0,1,0,0,0,0,0,0,-1,-1,0,1,1,0,0,1,2,0,0.905,0.886,0.898,0.912,0.891,0.891,0.881,109,50,108,50,108,139,139,139,-1,1,0,0.898,0,0,0,0,0,0,0,0,0,0,0,0,0,0,0,0,0,0,0,0,0,0,0,0,0,0,0,0,0,0,0,0,0,0,0,0,[0|0|0|0],0,42,0,0,0,0,0,0,1,0,1,0,0,0,0,0,0,0,0,0,0,1,0,1,0,0,0,0,0,0,0,0,0,0,0,0,0,0,0,0,0,0,1,1,1,0,0,1,1,1,0,1,1,0,1,1,0,1,1,1,0,1,0,0,0,0,0,0,0,1,1,1,0,0,0,1,0,0,0,0,0,0,0,0,0,0,0,0,0,0,0,0,0,0,0,0,0,0,[0|0|0|0|0|0|0|0|0|0|0|0|0|0],串连铁片，绑紧制成的铠甲。\n大剑客“老翁”的高徒，稻叶众穿戴的防具。\n\n稻叶众追在抛弃他们的师父身后，\n就为了正大光明交战，死在尸山血海之下。\n\n作为殓衣用途的防具。\n剑客不畏死亡，视死如归。
872200,待殓臂甲,1,0,[0|0|0],705110,0,18,18,0,0.004,1150,0,200,2.8,-1,-1,-1,7000,1.1,0,-1,-1,-1,-1,-1,-1,-1,-1,-1,-1,-1,-1,-1,-1,-1,-1,1,1,1,1,1,1,1,1,-1,1365,14412,14412,0,0,0,0,[0|0],0,0,0,0,0,0,0,0,22,22,14,17,0,-1,-1,1,0,1,4,2,2,60,0,[0|0],1,0,0,1,0,0,0,0,0,-1,-1,0,1,1,0,0,1,2,0,0.977,0.972,0.975,0.979,0.973,0.973,0.971,109,50,108,50,108,139,139,139,-1,1,0,0.975,0,0,0,0,0,0,0,0,0,0,0,0,0,0,0,0,0,0,0,0,0,0,0,0,0,0,0,0,0,0,0,0,0,0,0,0,[0|0|0|0],0,14,0,0,0,0,0,0,0,0,0,0,0,0,0,1,0,0,0,0,1,0,0,0,0,0,0,1,1,1,0,1,1,0,0,0,0,0,0,0,0,0,0,0,0,0,0,0,0,0,0,0,0,0,0,0,0,0,0,0,0,0,0,0,0,0,0,0,0,0,0,0,0,0,0,0,0,0,0,0,0,0,0,0,0,0,0,0,0,0,0,0,0,0,0,0,0,0,[0|0|0|0|0|0|0|0|0|0|0|0|0|0],串连铁片，绑紧制成的臂甲。\n大剑客“老翁”的高徒，稻叶众穿戴的防具。\n\n稻叶众追在抛弃他们的师父身后，\n就为了正大光明交战，死在尸山血海之下。\n\n作为殓衣用途的防具。\n剑客不畏死亡，视死如归。
872300,待殓腿甲,1,0,[0|0|0],805100,0,34,34,0,0.01,1250,0,200,5.1,-1,-1,-1,7000,1.1,0,-1,-1,-1,-1,-1,-1,-1,-1,-1,-1,-1,-1,-1,-1,-1,-1,1,1,1,1,1,1,1,1,-1,1365,14413,14413,0,0,0,0,[0|0],0,0,0,0,0,0,0,0,41,41,26,31,0,-1,-1,1,0,6,4,3,2,60,0,[0|0],1,0,0,0,1,0,0,0,0,-1,-1,0,1,1,0,0,1,2,0,0.946,0.935,0.942,0.95,0.938,0.938,0.932,109,50,108,50,108,139,113,139,111,1,0,0.942,0,0,0,0,0,0,0,0,0,0,0,0,0,0,0,0,0,0,0,0,0,0,0,0,0,0,0,0,0,0,0,0,0,0,0,0,[0|0|0|0],0,26,0,0,0,0,0,0,0,0,0,0,0,0,1,0,1,1,1,0,0,1,0,0,0,0,0,0,0,0,0,0,0,0,0,0,0,0,0,0,0,0,0,0,0,0,0,0,0,0,0,0,0,0,0,0,0,0,0,0,0,0,0,0,0,0,0,0,0,0,0,0,0,0,1,0,0,0,0,0,0,0,0,0,0,0,0,0,0,0,0,0,0,0,0,0,0,0,[0|0|0|0|0|0|0|0|0|0|0|0|0|0],串连铁片，绑紧制成的腿甲。\n大剑客“老翁”的高徒，稻叶众穿戴的防具。\n\n稻叶众追在抛弃他们的师父身后，\n就为了正大光明交战，死在尸山血海之下。\n\n作为殓衣用途的防具。\n剑客不畏死亡，视死如归。
873000,,1,0,[0|0|0],999999,0,23,23,0,0.006,1050,0,200,3.6,-1,-1,-1,7000,1.5,0,-1,-1,-1,-1,-1,-1,-1,-1,-1,-1,-1,-1,-1,-1,-1,-1,1,1,1,1,1,1,1,1,-1,1365,14410,14410,0,0,0,0,[0|0],0,0,0,0,0,0,0,0,29,29,18,22,0,-1,-1,1,0,5,4,0,2,255,0,[0|0],1,1,0,0,0,1,0,0,0,-1,-1,0,1,0,0,0,1,2,0,0.966,0.96,0.964,0.969,0.962,0.962,0.958,109,110,108,110,108,139,139,139,-1,1,0,0.964,0,0,0,0,0,0,0,0,0,0,0,0,0,0,0,0,0,0,0,0,0,0,0,0,0,0,0,0,0,0,0,0,0,0,0,0,[0|0|0|0],0,18,1,1,1,1,1,0,0,0,0,0,0,0,0,0,0,0,0,1,0,0,0,0,0,0,0,0,0,0,0,0,0,0,0,1,1,0,0,1,0,0,0,0,0,0,0,0,0,0,0,0,0,0,0,0,0,0,0,0,0,0,1,1,1,1,1,1,1,1,1,1,0,0,0,0,0,1,1,0,1,1,1,0,0,0,0,0,0,0,0,0,0,0,0,0,0,1,[0|0|0|0|0|0|0|0|0|0|0|0|0|0],
880000,密使风帽,1,0,[0|0|0],504070,0,20,20,0,0.005,1050,0,100,3.3,-1,-1,-1,7000,1.5,0,-1,-1,-1,-1,-1,-1,-1,-1,-1,-1,-1,-1,-1,-1,-1,-1,1,1,1,1,1,1,1,1,-1,1400,14420,14420,0,0,0,0,[0|0],0,0,0,0,0,0,0,0,26,26,20,22,0,-1,-1,1,0,5,4,0,1,50,0,[0|0],1,1,0,0,0,1,0,0,0,-1,-1,0,1,1,0,0,1,2,0,0.972,0.972,0.964,0.969,0.962,0.962,0.958,109,110,113,110,113,139,139,139,-1,1,0,0.966,0,0,0,0,0,0,0,0,0,0,0,0,0,0,0,0,0,0,0,0,0,0,0,0,0,0,0,0,0,0,0,0,0,0,0,0,[0|0|0|0],0,20,0,0,0,1,0,0,0,0,0,0,0,0,0,0,0,0,0,0,0,0,0,0,0,0,0,0,0,0,0,0,0,0,1,0,1,0,0,1,1,1,0,0,0,0,0,0,0,0,0,0,0,0,0,0,0,0,0,0,0,0,1,0,1,1,1,1,1,1,1,1,0,0,0,0,0,1,1,0,0,0,0,0,0,0,0,0,0,0,0,0,0,0,0,0,0,1,[0|0|0|0|0|0|0|0|0|0|0|0|0|0],融入黑暗的黑色风帽。\n教会密使的防具。\n\n在交界地之外，传播双指教诲的教会，\n根据赐福的指引派出诸位密使。\n\n他们是对双指忠心耿耿的奴仆，\n也是暗地解决双指敌人的猎刀。
880100,密使铠甲,1,0,[0|0|0],603080,0,50,50,100,0.016,1150,0,100,8.3,-1,-1,-1,7000,1,-0.4,-1,-1,-1,-1,-1,-1,-1,-1,-1,-1,-1,-1,-1,-1,-1,-1,1,1,1,1,1,1,1,1,-1,1400,14421,14421,0,0,0,0,[0|0],0,0,0,0,0,0,0,0,63,63,50,55,0,-1,-1,1,0,2,4,1,1,40,0,[0|0],1,0,1,0,0,0,0,0,0,-1,-1,0,1,1,0,0,1,2,0,0.912,0.912,0.891,0.905,0.886,0.886,0.876,109,50,113,50,113,139,139,139,-1,1,0,0.898,0,0,0,0,0,0,0,0,0,0,0,0,0,0,0,0,0,0,0,0,0,0,0,0,0,0,0,0,0,0,0,0,0,0,0,0,[0|0|0|0],0,50,0,0,0,0,0,1,1,1,1,1,0,0,0,0,0,0,0,0,0,1,0,1,0,0,0,0,0,0,0,0,0,0,0,0,0,0,0,0,0,0,1,1,0,1,0,1,1,0,1,1,1,1,0,1,0,1,1,1,0,1,0,0,0,0,0,0,1,0,1,1,1,0,0,1,0,0,0,1,0,0,0,1,1,1,1,1,1,1,1,1,1,1,1,1,1,0,[0|0|0|0|0|0|0|0|0|0|0|0|0|0],融入黑暗的黑色皮制铠甲。\n教会密使的防具。\n\n在交界地之外，传播双指教诲的教会，\n根据赐福的指引派出诸位密使。\n\n他们是对双指忠心耿耿的奴仆，\n也是暗地解决双指敌人的猎刀。
880200,密使手套,1,0,[0|0|0],703050,0,17,17,0,0.003,1150,0,100,2.8,-1,-1,-1,7000,1.1,0,-1,-1,-1,-1,-1,-1,-1,-1,-1,-1,-1,-1,-1,-1,-1,-1,1,1,1,1,1,1,1,1,-1,1400,14422,14422,0,0,0,0,[0|0],0,0,0,0,0,0,0,0,21,21,17,18,0,-1,-1,1,0,1,4,2,1,40,0,[0|0],1,0,0,1,0,0,0,0,0,-1,-1,0,1,1,0,0,1,2,0,0.979,0.979,0.973,0.977,0.972,0.972,0.969,109,50,106,50,106,139,139,139,-1,1,0,0.975,0,0,0,0,0,0,0,0,0,0,0,0,0,0,0,0,0,0,0,0,0,0,0,0,0,0,0,0,0,0,0,0,0,0,0,0,[0|0|0|0],0,17,0,0,0,0,0,0,0,0,0,0,0,1,0,1,0,0,0,0,1,0,0,0,0,0,1,0,1,0,1,1,0,1,0,0,0,0,0,0,0,0,0,0,0,0,0,0,0,0,0,0,0,0,0,0,0,0,0,0,0,0,0,0,0,0,0,0,0,0,0,0,0,0,0,0,0,0,0,0,0,0,0,0,0,0,0,0,0,0,0,0,0,0,0,0,0,0,[0|0|0|0|0|0|0|0|0|0|0|0|0|0],教会密使穿戴的皮制手套。\n\n在交界地之外，传播双指教诲的教会，\n根据赐福的指引派出诸位密使。\n\n他们是对双指忠心耿耿的奴仆，\n也是暗地解决双指敌人的猎刀。
880300,密使靴子,1,0,[0|0|0],803070,0,29,29,0,0.009,1250,0,100,4.8,-1,-1,-1,7000,1.1,0,-1,-1,-1,-1,-1,-1,-1,-1,-1,-1,-1,-1,-1,-1,-1,-1,1,1,1,1,1,1,1,1,-1,1400,14423,14423,0,0,0,0,[0|0],0,0,0,0,0,0,0,0,37,37,29,31,0,-1,-1,1,0,6,4,3,1,40,0,[0|0],1,0,0,0,1,0,0,0,0,-1,-1,0,1,1,0,0,1,2,0,0.955,0.955,0.942,0.95,0.938,0.938,0.932,109,50,108,50,108,139,139,139,111,1,0,0.946,0,0,0,0,0,0,0,0,0,0,0,0,0,0,0,0,0,0,0,0,0,0,0,0,0,0,0,0,0,0,0,0,0,0,0,0,[0|0|0|0],0,29,0,0,0,0,0,0,0,0,0,0,0,0,1,0,1,1,1,0,0,1,0,0,0,0,0,0,0,0,0,0,0,0,0,0,0,0,0,0,0,0,0,0,0,0,0,0,0,0,0,0,0,0,0,0,0,0,0,0,0,0,0,0,0,0,0,0,0,0,0,0,0,0,1,0,0,0,0,0,0,0,0,0,0,0,0,0,0,0,0,0,0,0,0,0,0,0,[0|0|0|0|0|0|0|0|0|0|0|0|0|0],教会密使穿戴的皮制靴子。\n\n在交界地之外，传播双指教诲的教会，\n根据赐福的指引派出诸位密使。\n\n他们是对双指忠心耿耿的奴仆，\n也是暗地解决双指敌人的猎刀。
881000,密使风帽（轻装）,1,0,[0|0|0],504080,0,14,14,0,0.003,1050,0,100,2.7,-1,-1,-1,7000,1.5,0,-1,-1,-1,-1,-1,-1,-1,-1,-1,-1,-1,-1,-1,-1,-1,-1,1,1,1,1,1,1,1,1,-1,1401,14430,14430,0,0,0,0,[0|0],0,0,0,0,0,0,0,0,21,21,14,16,0,-1,-1,1,0,5,4,0,1,50,0,[0|0],1,1,0,0,0,1,0,0,0,-1,-1,0,1,1,0,0,1,2,0,0.977,0.977,0.969,0.975,0.966,0.966,0.962,109,110,113,110,113,139,139,139,-1,1,0,0.972,0,0,0,0,0,0,0,0,0,0,0,0,0,0,0,0,0,0,0,0,0,0,0,0,0,0,0,0,0,0,0,0,0,0,0,0,[0|0|0|0],0,14,0,0,0,1,0,0,0,0,0,0,0,0,0,0,0,0,0,0,0,0,0,0,0,1,0,0,0,0,0,0,0,0,1,0,0,0,0,1,0,0,0,0,0,0,0,0,0,0,0,0,0,0,0,0,0,0,0,0,0,0,1,0,1,1,1,1,1,1,1,1,0,0,0,0,0,1,1,0,0,0,0,0,0,0,0,0,0,0,0,0,0,0,0,0,0,0,[0|0|0|0|0|0|0|0|0|0|0|0|0|0],融入黑暗的黑色风帽，\n底下穿戴的头巾。
881100,密使铠甲（轻装）,1,0,[0|0|0],603090,0,42,42,100,0.015,1150,0,100,7.3,-1,-1,-1,7000,1,-0.4,-1,-1,-1,-1,-1,-1,-1,-1,-1,-1,-1,-1,-1,-1,-1,-1,1,1,1,1,1,1,1,1,-1,1401,14431,14431,0,0,0,0,[0|0],0,0,0,0,0,0,0,0,54,54,42,45,0,-1,-1,1,0,2,4,1,1,40,0,[0|0],1,0,1,0,0,0,0,0,0,-1,-1,0,1,1,0,0,1,2,0,0.924,0.924,0.902,0.916,0.895,0.895,0.885,109,50,108,50,108,139,139,139,-1,1,0,0.909,0,0,0,0,0,0,0,0,0,0,0,0,0,0,0,0,0,0,0,0,0,0,0,0,0,0,0,0,0,0,0,0,0,0,0,0,[0|0|0|0],0,42,0,0,0,0,0,1,1,1,1,1,0,0,0,0,0,0,0,0,0,1,0,1,0,0,0,0,0,0,0,0,0,0,0,0,0,0,0,0,0,0,1,0,1,1,0,1,1,0,1,1,1,1,0,1,0,1,1,1,0,1,0,0,0,0,0,0,1,0,1,1,1,0,0,1,0,0,0,1,0,0,0,0,0,0,0,0,0,0,0,0,0,0,0,0,0,0,[0|0|0|0|0|0|0|0|0|0|0|0|0|0],融入黑暗的黑色皮制铠甲。\n教会密使的防具。\n\n在交界地之外，传播双指教诲的教会，\n根据赐福的指引派出诸位密使。\n\n他们是对双指忠心耿耿的奴仆，\n也是暗地解决双指敌人的猎刀。
890000,囚犯铁面具,1,0,[0|0|0],500120,0,35,35,0,0.012,1050,0,100,8.6,-1,-1,-1,7000,1.5,0,-1,-1,-1,-1,-1,-1,-1,-1,-1,-1,-1,-1,-1,-1,-1,-1,1,1,1,1,1,1,1,1,-1,1410,14440,14440,0,0,0,0,[0|0],0,0,0,0,0,0,0,0,29,29,44,20,0,-1,-1,1,0,5,4,0,1,10,0,[0|0],1,1,0,0,0,1,0,0,0,-1,-1,0,1,1,0,0,1,2,0,0.932,0.93,0.941,0.932,0.954,0.951,0.955,109,110,106,110,106,139,139,139,-1,1,0,0.952,0,0,0,0,0,0,0,0,0,0,0,0,0,0,0,0,0,0,0,0,0,0,0,0,0,0,0,0,0,0,0,0,0,0,0,0,[0|0|0|0],0,44,0,0,0,1,0,0,0,0,0,0,0,0,0,0,0,0,0,0,0,0,0,0,0,1,0,0,0,0,0,0,0,0,1,0,0,0,0,1,0,0,0,0,0,0,0,0,0,0,0,0,0,0,0,0,0,0,0,0,0,0,1,1,1,1,1,1,1,1,1,1,0,0,0,0,0,1,1,0,1,1,0,0,0,0,0,0,0,0,0,0,0,0,0,0,0,0,[0|0|0|0|0|0|0|0|0|0|0|0|0|0],犯下重罪的囚犯被戴上的铁制面具。\n面具厚又重，戴上后感到十分压迫。\n\n面具可说是恶意化成的实体，\n会让配戴者的心中慢慢酝酿出某物──\n一说是憎恨，也可能是近似憎恨的坚强意念。
890100,囚犯布衣,1,0,[0|0|0],600190,0,63,63,100,0.005,1150,0,100,3.2,-1,-1,-1,7000,1,-0.4,-1,-1,-1,-1,-1,-1,-1,-1,-1,-1,-1,-1,-1,-1,-1,-1,1,1,1,1,1,1,1,1,-1,1410,14441,14441,0,0,0,0,[0|0],0,0,0,0,0,0,0,0,42,42,23,63,0,-1,-1,1,0,2,3,1,1,10,0,[0|0],1,0,1,0,0,0,0,0,0,-1,-1,0,1,1,0,0,1,2,0,0.958,0.947,0.947,0.958,0.881,0.886,0.886,109,50,113,50,113,139,139,139,-1,1,0,0.874,0,0,0,0,0,0,0,0,0,0,0,0,0,0,0,0,0,0,0,0,0,0,0,0,0,0,0,0,0,0,0,0,0,0,0,0,[0|0|0|0],0,23,0,0,0,0,0,0,0,0,3,1,0,0,0,0,0,0,0,0,0,1,1,1,0,0,0,0,0,0,0,0,0,0,0,0,0,0,0,0,0,0,0,1,1,1,0,1,0,1,1,1,1,0,1,0,1,1,0,0,1,0,0,0,0,0,0,0,0,1,1,1,0,0,0,1,0,0,0,1,0,0,0,0,0,0,0,0,0,0,0,0,0,0,0,0,0,0,[0|0|0|0|0|0|0|0|0|0|0|0|0|0],破烂不堪的布制衣服。\n犯下重罪的囚犯穿戴的防具。\n\n不曾洗过，非常脏。
890300,囚犯长裤,1,0,[0|0|0],800070,0,39,39,0,0.004,1250,0,100,2,-1,-1,-1,7000,1.1,0,-1,-1,-1,-1,-1,-1,-1,-1,-1,-1,-1,-1,-1,-1,-1,-1,1,1,1,1,1,1,1,1,-1,1410,14443,14443,0,0,0,0,[0|0],0,0,0,0,0,0,0,0,26,26,14,39,0,-1,-1,1,0,6,4,3,1,10,0,[0|0],1,0,0,0,1,0,0,0,0,-1,-1,0,1,1,0,0,1,2,0,0.977,0.97,0.97,0.977,0.932,0.935,0.935,109,50,108,50,108,139,113,139,111,1,0,0.928,0,0,0,0,0,0,0,0,0,0,0,0,0,0,0,0,0,0,0,0,0,0,0,0,0,0,0,0,0,0,0,0,0,0,0,0,[0|0|0|0],0,14,0,0,0,0,0,0,0,0,0,0,0,0,1,0,1,1,1,0,0,1,0,0,0,0,0,0,0,0,0,0,0,0,0,0,0,0,0,0,0,0,0,0,0,0,0,0,0,0,0,0,0,0,0,0,0,0,0,0,0,0,0,0,0,0,0,0,0,0,0,0,0,0,1,0,0,0,0,0,0,0,0,0,0,0,0,0,0,0,0,0,0,0,0,0,0,0,[0|0|0|0|0|0|0|0|0|0|0|0|0|0],破烂不堪的长裤。\n犯下重罪的囚犯穿戴的防具。\n\n不曾洗过，非常脏，味道很重。
891000,流氓铁面具,1,0,[0|0|0],500130,0,12,12,0,0.009,1050,0,100,6.2,-1,-1,-1,7000,1.5,0,-1,-1,-1,-1,-1,-1,-1,-1,-1,-1,-1,-1,-1,-1,-1,-1,1,1,1,1,1,1,1,1,-1,1415,14450,14450,0,0,0,0,[0|0],0,0,0,0,0,0,0,0,22,22,31,12,0,-1,-1,1,0,5,4,0,1,10,0,[0|0],1,1,0,0,0,1,0,0,0,-1,-1,0,1,1,0,0,1,2,0,0.942,0.939,0.956,0.945,0.958,0.956,0.96,109,110,106,110,106,139,139,139,-1,1,0,0.955,0,0,0,0,0,0,0,0,0,0,0,0,0,0,0,0,0,0,0,0,0,0,0,0,0,0,0,0,0,0,0,0,0,0,0,0,[0|0|0|0],0,31,0,1,1,1,0,0,0,0,0,0,0,0,0,0,0,0,0,0,0,0,0,0,0,1,0,0,0,0,0,0,0,0,1,0,0,0,0,1,0,0,0,0,0,0,0,0,0,0,0,0,0,0,0,0,0,0,0,0,0,0,1,1,1,1,1,1,1,1,1,1,0,0,0,0,0,1,1,0,1,1,1,0,0,0,0,0,0,0,0,0,0,0,0,0,0,0,[0|0|0|0|0|0|0|0|0|0|0|0|0|0],犯罪的囚犯被戴上的铁制面具。\n别称“愚弄巨妖”的流氓的防具。\n\n此面具对他而言，\n是一个能壮大自己、威胁他人的道具，\n也是一种虚张声势的手段。
892100,,1,0,[0|0|0],999999,0,63,63,100,0.007,1150,0,100,3.2,-1,-1,-1,7000,1,-0.4,-1,-1,-1,-1,-1,-1,-1,-1,-1,-1,-1,-1,-1,-1,-1,-1,1,1,1,1,1,1,1,1,-1,1411,14441,14441,0,0,0,0,[0|0],0,0,0,0,0,0,0,0,42,42,23,63,0,-1,-1,1,0,2,3,1,1,255,0,[0|0],1,0,1,0,0,0,0,0,0,-1,-1,0,1,0,0,0,1,2,0,0.958,0.947,0.947,0.958,0.881,0.886,0.886,109,50,113,50,113,139,139,139,-1,1,0,0.874,0,0,0,0,0,0,0,0,0,0,0,0,0,0,0,0,0,0,0,0,0,0,0,0,0,0,0,0,0,0,0,0,0,0,0,0,[0|0|0|0],0,23,0,0,0,0,0,0,0,0,3,1,0,0,0,0,0,0,0,0,0,1,1,1,0,0,0,0,0,0,0,0,0,0,0,0,0,0,0,0,0,0,0,1,1,1,0,1,0,1,1,1,1,0,1,0,1,1,0,0,1,0,0,0,0,0,0,0,0,1,1,1,0,0,0,1,0,0,0,1,0,0,0,0,0,0,0,0,0,0,0,0,0,0,0,0,0,0,[0|0|0|0|0|0|0|0|0|0|0|0|0|0],
900000,旅行女巫风帽,1,0,[0|0|0],501200,0,29,29,0,0.003,1050,0,10,1.6,-1,-1,-1,7000,1.5,0,-1,-1,-1,-1,-1,-1,-1,-1,-1,-1,-1,-1,-1,-1,-1,-1,1,1,1,1,1,1,1,1,-1,1420,14460,14460,0,0,0,0,[0|0],0,0,0,0,0,0,0,0,18,18,10,31,0,-1,-1,1,0,5,4,0,1,20,0,[0|0],1,1,0,0,0,1,0,0,0,-1,-1,0,1,1,0,0,1,2,0,0.986,0.982,0.982,0.991,0.954,0.955,0.954,109,110,113,110,113,139,139,139,-1,1,0,0.954,0,0,0,0,0,0,0,0,0,0,0,0,0,0,0,0,0,0,0,0,0,0,0,0,0,0,0,0,0,0,0,0,0,0,0,0,[0|0|0|0],0,10,0,0,0,0,0,0,0,0,0,0,0,0,0,0,0,0,0,0,0,0,0,0,0,0,0,0,0,0,0,0,0,0,0,1,1,0,0,1,0,0,0,0,0,0,0,0,0,0,0,0,0,0,0,0,0,0,0,0,0,0,0,0,1,1,1,0,1,1,1,1,0,0,0,0,0,1,1,0,0,0,0,0,0,0,0,0,0,0,0,0,0,0,0,0,0,1,[0|0|0|0|0|0|0|0|0|0|0|0|0|0],旅行的女巫们穿戴的风帽。\n\n有人是为了觐见指头、\n有人是为了遇见必须引导的褪色者──\n女巫们因此在交界地旅行。
900100,旅行女巫长袍,1,0,[0|0|0],601250,0,76,76,100,0.01,1150,0,10,4.9,-1,-1,-1,7000,1,-0.4,-1,-1,-1,-1,-1,-1,-1,-1,-1,-1,-1,-1,-1,-1,-1,-1,1,1,1,1,1,1,1,1,-1,1420,14461,14461,0,0,0,0,[0|0],0,0,0,0,0,0,0,0,46,46,24,83,0,-1,-1,1,0,2,3,1,1,20,0,[0|0],1,0,1,0,0,0,0,0,0,-1,-1,0,1,1,0,0,1,2,0,0.946,0.938,0.938,0.957,0.866,0.871,0.869,109,50,113,50,113,139,139,139,-1,1,0,0.866,0,0,0,0,0,0,0,0,0,0,0,0,0,0,0,0,0,0,0,0,0,0,0,0,0,0,0,0,0,0,0,0,0,0,0,0,[0|0|0|0],0,24,0,0,0,0,0,1,1,1,1,1,0,0,0,0,0,0,0,0,0,1,1,1,0,0,0,0,0,0,0,0,0,0,0,0,0,0,0,0,0,0,1,0,1,1,0,1,1,1,0,1,1,1,0,1,1,1,1,1,1,1,0,0,0,0,0,0,1,0,1,1,0,0,0,1,0,0,0,1,0,0,0,1,1,1,1,1,1,1,1,1,1,1,1,1,1,0,[0|0|0|0|0|0|0|0|0|0|0|0|0|0],旅行的女巫们穿戴的长袍。\n\n有人是为了觐见指头、\n有人是为了遇见必须引导的褪色者──\n女巫们因此在交界地旅行。
900200,旅行女巫手套,1,0,[0|0|0],701100,0,25,25,0,0.002,1150,0,10,1.6,-1,-1,-1,7000,1.1,0,-1,-1,-1,-1,-1,-1,-1,-1,-1,-1,-1,-1,-1,-1,-1,-1,1,1,1,1,1,1,1,1,-1,1420,14462,14462,0,0,0,0,[0|0],0,0,0,0,0,0,0,0,15,15,8,28,0,-1,-1,1,0,1,4,2,1,20,0,[0|0],1,0,0,1,0,0,0,0,0,-1,-1,0,1,1,0,0,1,2,0,0.987,0.985,0.985,0.99,0.967,0.968,0.968,109,50,113,50,113,139,139,139,-1,1,0,0.967,0,0,0,0,0,0,0,0,0,0,0,0,0,0,0,0,0,0,0,0,0,0,0,0,0,0,0,0,0,0,0,0,0,0,0,0,[0|0|0|0],0,8,0,0,0,0,0,0,0,0,0,0,0,1,0,1,0,0,0,0,1,0,0,0,0,0,1,1,0,1,0,0,0,1,0,0,0,0,0,0,0,0,0,0,0,0,0,0,0,0,0,0,0,0,0,0,0,0,0,0,0,0,0,0,0,0,0,0,0,0,0,0,0,0,0,0,0,0,0,0,0,0,0,0,0,0,0,0,0,0,0,0,0,0,0,0,0,0,[0|0|0|0|0|0|0|0|0|0|0|0|0|0],旅行的女巫们穿戴的手套。\n\n有人是为了觐见指头、\n有人是为了遇见必须引导的褪色者──\n女巫们因此在交界地旅行。
900300,旅行女巫靴子,1,0,[0|0|0],801110,0,47,47,0,0.006,1250,0,10,2.9,-1,-1,-1,7000,1.1,0,-1,-1,-1,-1,-1,-1,-1,-1,-1,-1,-1,-1,-1,-1,-1,-1,1,1,1,1,1,1,1,1,-1,1420,14463,14463,0,0,0,0,[0|0],0,0,0,0,0,0,0,0,29,29,15,51,0,-1,-1,1,0,6,4,3,1,20,0,[0|0],1,0,0,0,1,0,0,0,0,-1,-1,0,1,1,0,0,1,2,0,0.969,0.965,0.965,0.976,0.923,0.926,0.925,109,50,113,50,113,139,108,139,111,1,0,0.923,0,0,0,0,0,0,0,0,0,0,0,0,0,0,0,0,0,0,0,0,0,0,0,0,0,0,0,0,0,0,0,0,0,0,0,0,[0|0|0|0],0,15,0,0,0,0,0,0,0,0,0,0,0,0,1,0,1,1,1,0,0,1,0,0,0,0,0,0,0,0,0,0,0,0,0,0,0,0,0,0,0,0,0,0,0,0,0,0,0,0,0,0,0,0,0,0,0,0,0,0,0,0,0,0,0,0,0,0,0,0,0,0,0,0,1,0,0,0,0,0,0,0,0,0,0,0,0,0,0,0,0,0,0,0,0,0,0,0,[0|0|0|0|0|0|0|0|0|0|0|0|0|0],旅行的女巫们穿戴的靴子。\n\n有人是为了觐见指头、\n有人是为了遇见必须引导的褪色者──\n女巫们因此在交界地旅行。
901100,旅行女巫长袍（轻装）,1,0,[0|0|0],601260,0,61,61,100,0.008,1150,0,10,4.3,-1,-1,-1,7000,1,-0.4,-1,-1,-1,-1,-1,-1,-1,-1,-1,-1,-1,-1,-1,-1,-1,-1,1,1,1,1,1,1,1,1,-1,1421,14471,14471,0,0,0,0,[0|0],0,0,0,0,0,0,0,0,38,38,21,64,0,-1,-1,1,0,2,3,1,1,20,0,[0|0],1,0,1,0,0,0,0,0,0,-1,-1,0,1,1,0,0,1,2,0,0.957,0.946,0.946,0.972,0.869,0.873,0.871,109,50,113,50,113,139,139,139,-1,1,0,0.869,0,0,0,0,0,0,0,0,0,0,0,0,0,0,0,0,0,0,0,0,0,0,0,0,0,0,0,0,0,0,0,0,0,0,0,0,[0|0|0|0],0,21,0,0,0,0,0,1,1,1,1,1,0,0,0,0,0,0,0,0,0,1,1,1,0,0,0,0,0,0,0,0,0,0,0,0,0,0,0,0,0,0,1,0,1,1,0,1,0,1,1,1,1,1,0,1,1,1,1,1,1,1,0,0,0,0,0,0,0,1,1,1,0,0,0,1,0,0,0,1,0,0,0,0,0,0,0,0,0,0,0,0,0,0,0,0,0,0,[0|0|0|0|0|0|0|0|0|0|0|0|0|0],旅行的女巫们穿戴的长袍，\n底下穿着的简朴衣物。
901200,,1,0,[0|0|0],999999,0,76,76,100,0.01,1150,0,10,5.1,-1,-1,-1,7000,1,-0.4,-1,-1,-1,-1,-1,-1,-1,-1,-1,-1,-1,-1,-1,-1,-1,-1,1,1,1,1,1,1,1,1,-1,1422,3141,3141,0,0,0,0,[0|0],0,0,0,0,0,0,0,0,46,46,24,83,0,-1,-1,1,0,2,3,1,1,255,0,[0|0],1,0,1,0,0,0,0,0,0,-1,-1,0,1,0,0,0,1,2,0,0.947,0.939,0.939,0.958,0.867,0.872,0.87,109,50,113,50,113,139,139,139,-1,1,0,0.867,0,0,0,0,0,0,0,0,0,0,0,0,0,0,0,0,0,0,0,0,0,0,0,0,0,0,0,0,0,0,0,0,0,0,0,0,[0|0|0|0],0,24,0,0,0,0,0,1,1,1,1,1,0,0,0,0,0,0,0,0,0,1,0,0,0,0,0,0,0,0,0,0,0,0,0,0,0,0,0,0,0,0,1,0,1,1,0,1,0,1,1,1,1,1,0,1,1,1,1,1,1,1,0,0,0,0,0,0,0,1,1,1,0,0,0,1,0,0,0,1,0,0,0,0,0,0,0,0,0,0,0,0,0,0,0,0,0,0,[0|0|0|0|0|0|0|0|0|0|0|0|0|0],
901600,,1,0,[0|0|0],999999,0,69,69,100,0.01,1150,0,10,5.1,-1,-1,-1,7000,1,-0.4,-1,-1,-1,-1,-1,-1,-1,-1,-1,-1,-1,-1,-1,-1,-1,-1,1,1,1,1,1,1,1,1,-1,1423,3141,3141,0,0,0,0,[0|0],0,0,0,0,0,0,0,0,42,42,21,75,0,-1,-1,1,0,2,3,1,1,255,0,[0|0],1,0,1,0,0,0,0,0,0,-1,-1,0,1,0,0,0,1,2,0,0.947,0.939,0.939,0.958,0.867,0.872,0.87,109,50,113,50,113,139,139,139,-1,1,0,0.867,0,0,0,0,0,0,0,0,0,0,0,0,0,0,0,0,0,0,0,0,0,0,0,0,0,0,0,0,0,0,0,0,0,0,0,0,[0|0|0|0],0,21,0,0,0,0,0,1,1,1,1,1,0,0,0,0,0,0,0,0,0,1,0,0,0,0,0,0,0,0,0,0,0,0,0,0,0,0,0,0,0,0,1,0,1,1,0,1,0,1,1,1,1,1,0,1,1,1,1,1,1,1,0,0,0,0,0,0,0,1,1,1,0,0,0,1,0,0,0,1,0,0,0,0,0,0,0,0,0,0,0,0,0,0,0,0,0,0,[0|0|0|0|0|0|0|0|0|0|0|0|0|0],
902000,指头女巫帽子,1,0,[0|0|0],501210,0,31,31,0,0.004,1050,0,500,2.2,-1,-1,-1,7000,1.5,0,-1,-1,-1,-1,-1,-1,-1,-1,-1,-1,-1,-1,-1,-1,-1,-1,1,1,1,1,1,1,1,1,-1,1425,14480,14480,0,0,0,0,[0|0],0,0,0,0,0,0,0,0,18,18,10,31,0,-1,-1,1,0,5,4,0,1,20,0,[0|0],1,1,0,0,0,1,0,0,0,-1,-1,0,1,1,0,0,1,2,0,0.979,0.982,0.982,0.986,0.952,0.954,0.954,109,110,113,110,113,139,139,139,-1,1,0,0.952,0,0,0,0,0,0,0,0,0,0,0,0,0,0,0,0,0,0,0,0,0,0,0,0,0,0,0,0,0,0,0,0,0,0,0,0,[0|0|0|0],0,10,0,0,0,0,0,0,0,0,0,0,0,0,0,0,0,0,0,0,0,0,0,0,0,0,0,0,0,0,0,0,0,0,0,1,1,0,0,1,0,0,0,0,0,0,0,0,0,0,0,0,0,0,0,0,0,0,0,0,0,0,0,1,1,1,1,0,1,1,1,1,0,0,0,0,0,1,0,0,0,0,0,0,0,0,0,0,0,0,0,0,0,0,0,0,0,1,[0|0|0|0|0|0|0|0|0|0|0|0|0|0],侍奉双指的女巫们穿戴的帽子。\n\n她们各自会侍奉一位褪色者，\n引导褪色者，以及传达双指的话语。\n\n据说赐福的指引会让两者相会──\n放眼过去，皆是如此。
902100,指头女巫长袍,1,0,[0|0|0],601270,0,63,63,100,0.01,1150,0,500,4.6,-1,-1,-1,7000,1,-0.4,-1,-1,-1,-1,-1,-1,-1,-1,-1,-1,-1,-1,-1,-1,-1,-1,1,1,1,1,1,1,1,1,-1,1425,14481,14481,0,0,0,0,[0|0],0,0,0,0,0,0,0,0,38,38,21,63,0,-1,-1,1,0,2,3,1,1,20,0,[0|0],1,0,1,0,0,0,0,0,0,-1,-1,0,1,1,0,0,1,2,0,0.942,0.953,0.953,0.968,0.862,0.869,0.867,109,50,113,50,113,139,139,139,-1,1,0,0.862,0,0,0,0,0,0,0,0,0,0,0,0,0,0,0,0,0,0,0,0,0,0,0,0,0,0,0,0,0,0,0,0,0,0,0,0,[0|0|0|0],0,21,0,0,0,0,0,1,1,1,1,1,0,0,0,0,0,0,0,0,0,1,1,1,0,0,0,0,0,0,0,0,0,0,0,0,0,0,0,0,0,0,1,0,1,1,0,1,0,1,1,1,1,1,0,1,1,1,1,1,1,1,0,0,0,0,0,0,1,0,1,1,0,0,0,1,0,0,0,1,0,0,0,1,1,1,1,1,1,1,1,1,1,1,1,1,1,0,[0|0|0|0|0|0|0|0|0|0|0|0|0|0],侍奉双指的女巫们穿戴的长袍。\n\n她们各自会侍奉一位褪色者，\n引导褪色者，以及传达双指的话语。\n\n据说赐福的指引会让两者相会──\n放眼过去，皆是如此。
902300,指头女巫鞋子,1,0,[0|0|0],801120,0,39,39,0,0.004,1250,0,500,2.5,-1,-1,-1,7000,1.1,0,-1,-1,-1,-1,-1,-1,-1,-1,-1,-1,-1,-1,-1,-1,-1,-1,1,1,1,1,1,1,1,1,-1,1425,14482,14482,0,0,0,0,[0|0],0,0,0,0,0,0,0,0,24,24,13,39,0,-1,-1,1,0,6,3,3,1,20,0,[0|0],1,0,0,0,1,0,0,0,0,-1,-1,0,1,1,0,0,1,2,0,0.97,0.977,0.977,0.985,0.924,0.928,0.927,109,50,113,50,113,139,108,139,111,1,0,0.924,0,0,0,0,0,0,0,0,0,0,0,0,0,0,0,0,0,0,0,0,0,0,0,0,0,0,0,0,0,0,0,0,0,0,0,0,[0|0|0|0],0,13,0,0,0,0,0,0,0,0,0,0,0,0,1,0,0,0,0,0,0,1,0,0,0,0,0,0,0,0,0,0,0,0,0,0,0,0,0,0,0,0,0,0,0,0,0,0,0,0,0,0,0,0,0,0,0,0,0,0,0,0,0,0,0,0,0,0,0,0,0,0,0,0,1,0,0,0,0,0,0,0,0,0,0,0,0,0,0,0,0,0,0,0,0,0,0,0,[0|0|0|0|0|0|0|0|0|0|0|0|0|0],侍奉双指的女巫们穿戴的鞋子。\n\n她们各自会侍奉一位褪色者，\n引导褪色者，以及传达双指的话语。\n\n据说赐福的指引会让两者相会──\n放眼过去，皆是如此。
903100,指头女巫长袍（轻装）,1,0,[0|0|0],601280,0,54,54,100,0.008,1150,0,500,3.7,-1,-1,-1,7000,1,-0.4,-1,-1,-1,-1,-1,-1,-1,-1,-1,-1,-1,-1,-1,-1,-1,-1,1,1,1,1,1,1,1,1,-1,1426,14491,14491,0,0,0,0,[0|0],0,0,0,0,0,0,0,0,32,32,16,54,0,-1,-1,1,0,2,3,1,1,20,0,[0|0],1,0,1,0,0,0,0,0,0,-1,-1,0,1,1,0,0,1,2,0,0.958,0.973,0.973,0.994,0.87,0.876,0.874,109,50,113,50,113,139,139,139,-1,1,0,0.865,0,0,0,0,0,0,0,0,0,0,0,0,0,0,0,0,0,0,0,0,0,0,0,0,0,0,0,0,0,0,0,0,0,0,0,0,[0|0|0|0],0,16,0,0,0,0,0,1,1,1,1,1,0,0,0,0,0,0,0,0,0,1,1,1,0,0,0,0,0,0,0,0,0,0,0,0,0,0,0,0,0,0,1,0,1,1,0,1,0,1,1,1,1,1,0,1,1,1,1,1,1,1,0,0,0,0,0,0,0,1,1,1,0,0,0,1,0,0,0,1,0,0,0,0,0,0,0,0,0,0,0,0,0,0,0,0,0,0,[0|0|0|0|0|0|0|0|0|0|0|0|0|0],侍奉双指的女巫们穿戴的长袍。\n\n她们各自会侍奉一位褪色者，\n引导褪色者，以及传达双指的话语。\n\n据说赐福的指引会让两者相会──\n放眼过去，皆是如此。
904100,,1,0,[0|0|0],999999,0,63,63,100,0.01,1150,0,100,4.1,-1,-1,-1,7000,1,-0.4,-1,-1,-1,-1,-1,-1,-1,-1,-1,-1,-1,-1,-1,-1,-1,-1,1,1,1,1,1,1,1,1,-1,1427,14481,14481,0,0,0,0,[0|0],0,0,0,0,0,0,0,0,38,38,21,63,0,-1,-1,1,0,2,2,1,1,255,0,[0|0],1,0,1,0,0,0,0,0,0,-1,-1,0,1,0,0,0,1,2,0,0.947,0.958,0.958,0.973,0.867,0.874,0.872,109,50,113,50,113,139,139,139,-1,1,0,0.867,0,0,0,0,0,0,0,0,0,0,0,0,0,0,0,0,0,0,0,0,0,0,0,0,0,0,0,0,0,0,0,0,0,0,0,0,[0|0|0|0],0,21,0,0,0,0,0,1,1,1,1,1,0,0,0,0,0,0,0,0,0,1,1,1,0,0,0,0,0,0,0,0,0,0,0,0,0,0,0,0,0,0,1,0,1,1,0,1,0,1,1,1,1,1,0,1,1,1,1,1,1,1,0,0,0,0,0,0,1,0,1,1,0,0,0,1,0,0,0,1,0,0,0,1,1,1,1,1,1,1,1,1,1,1,1,1,1,0,[0|0|0|0|0|0|0|0|0|0|0|0|0|0],
910000,魔法教授大帽子,1,0,[0|0|0],501120,0,44,44,0,0.005,1050,0,200,3.6,6091000,-1,-1,7000,1.5,0,-1,-1,-1,-1,-1,-1,-1,-1,-1,-1,-1,-1,-1,-1,-1,-1,1,1,1,1,1,1,1,1,-1,1430,14500,14500,0,0,0,0,[0|0],0,0,0,0,0,0,0,0,26,26,12,42,0,-1,-1,1,0,5,4,0,2,20,0,[0|0],1,1,0,0,0,1,0,0,0,-1,-1,0,1,1,0,0,1,2,0,0.975,0.975,0.972,0.975,0.945,0.951,0.952,109,110,113,110,113,139,139,139,-1,1,0,0.952,0,0,0,0,0,0,0,0,0,0,0,0,0,0,0,0,0,0,0,0,0,0,0,0,0,0,0,0,0,0,0,0,0,0,0,0,[0|0|0|0],0,12,1,1,1,1,0,0,0,0,0,0,0,0,0,0,0,0,0,1,0,0,0,0,0,0,0,0,0,0,0,0,0,0,1,0,1,0,0,1,0,0,0,0,0,0,0,0,0,0,0,0,0,0,0,0,0,0,0,0,0,0,1,1,1,1,1,1,1,1,1,1,0,0,0,0,0,1,1,0,1,1,1,0,0,0,0,0,0,0,0,0,0,0,0,0,0,1,[0|0|0|0|0|0|0|0|0|0|0|0|0|0],帽檐底下绘有星星运行轨迹的大帽子。\n侍奉卡利亚王室的魔法教授穿戴的防具。\n\n能提升集中力，但会降低精力。\n\n辉石魔法师是观星者之末，\n卡利亚对此难以忘怀──\n即使事到如今，命运已经不与星星同在。
910100,魔法教授长袍,1,0,[0|0|0],601120,0,83,83,100,0.012,1150,0,200,6.3,-1,-1,-1,7000,1,-0.4,-1,-1,-1,-1,-1,-1,-1,-1,-1,-1,-1,-1,-1,-1,-1,-1,1,1,1,1,1,1,1,1,-1,1430,14501,14501,0,0,0,0,[0|0],0,0,0,0,0,0,0,0,50,50,24,76,0,-1,-1,1,0,2,4,1,2,20,0,[0|0],1,0,1,0,0,0,0,0,0,-1,-1,0,1,1,0,0,1,2,0,0.939,0.939,0.933,0.939,0.855,0.867,0.872,109,50,113,50,113,139,139,139,-1,1,0,0.872,0,0,0,0,0,0,0,0,0,0,0,0,0,0,0,0,0,0,0,0,0,0,0,0,0,0,0,0,0,0,0,0,0,0,0,0,[0|0|0|0],0,24,0,0,0,0,0,1,1,1,1,1,0,0,0,0,0,0,0,0,0,1,1,1,0,0,0,0,0,0,0,0,0,0,0,0,0,0,0,0,0,0,0,1,1,1,0,1,1,1,0,1,1,1,0,1,0,1,1,1,0,1,0,0,0,0,0,0,1,0,1,1,1,0,0,1,0,0,0,1,0,0,0,1,1,1,1,1,1,1,1,1,1,1,1,1,1,0,[0|0|0|0|0|0|0|0|0|0|0|0|0|0],绘有星星运行轨迹的鲜艳蓝色长袍。\n侍奉卡利亚王室的魔法教授穿戴的防具。\n\n辉石魔法师是观星者之末，\n卡利亚对此难以忘怀──\n即使事到如今，命运已经不与星星同在。
910200,魔法教授手套,1,0,[0|0|0],701060,0,28,28,0,0.003,1150,0,200,2.1,-1,-1,-1,7000,1.1,0,-1,-1,-1,-1,-1,-1,-1,-1,-1,-1,-1,-1,-1,-1,-1,-1,1,1,1,1,1,1,1,1,-1,1430,14502,14502,0,0,0,0,[0|0],0,0,0,0,0,0,0,0,17,17,8,25,0,-1,-1,1,0,1,4,2,2,20,0,[0|0],1,0,0,1,0,0,0,0,0,-1,-1,0,1,1,0,0,1,2,0,0.985,0.985,0.984,0.985,0.964,0.967,0.968,109,50,108,50,108,139,139,139,-1,1,0,0.968,0,0,0,0,0,0,0,0,0,0,0,0,0,0,0,0,0,0,0,0,0,0,0,0,0,0,0,0,0,0,0,0,0,0,0,0,[0|0|0|0],0,8,0,0,0,0,0,0,0,0,0,0,0,1,0,1,0,0,0,0,1,0,0,0,0,0,1,1,0,0,1,1,0,1,0,0,0,0,0,0,0,0,0,0,0,0,0,0,0,0,0,0,0,0,0,0,0,0,0,0,0,0,0,0,0,0,0,0,0,0,0,0,0,0,0,0,0,0,0,0,0,0,0,0,0,0,0,0,0,0,0,0,0,0,0,0,0,0,[0|0|0|0|0|0|0|0|0|0|0|0|0|0],侍奉卡利亚王室的魔法教授穿戴的手套。\n漆黑又非常不起眼的防具。
910300,魔法教授长裤,1,0,[0|0|0],801060,0,51,51,0,0.007,1250,0,200,3.9,-1,-1,-1,7000,1.1,0,-1,-1,-1,-1,-1,-1,-1,-1,-1,-1,-1,-1,-1,-1,-1,-1,1,1,1,1,1,1,1,1,-1,1430,14503,14503,0,0,0,0,[0|0],0,0,0,0,0,0,0,0,31,31,15,47,0,-1,-1,1,0,6,4,3,2,20,0,[0|0],1,0,0,0,1,0,0,0,0,-1,-1,0,1,1,0,0,1,2,0,0.966,0.966,0.962,0.966,0.917,0.924,0.927,109,50,108,50,108,139,139,139,111,1,0,0.927,0,0,0,0,0,0,0,0,0,0,0,0,0,0,0,0,0,0,0,0,0,0,0,0,0,0,0,0,0,0,0,0,0,0,0,0,[0|0|0|0],0,15,0,0,0,0,0,0,0,0,0,0,0,0,1,0,1,1,1,0,0,1,0,0,0,0,0,0,0,0,0,0,0,0,0,0,0,0,0,0,0,0,0,0,0,0,0,0,0,0,0,0,0,0,0,0,0,0,0,0,0,0,0,0,0,0,0,0,0,0,0,0,0,0,1,0,0,0,0,0,0,0,0,0,0,0,0,0,0,0,0,0,0,0,0,0,0,0,[0|0|0|0|0|0|0|0|0|0|0|0|0|0],侍奉卡利亚王室的魔法教授穿戴的长裤。\n漆黑又非常不起眼的防具。
911000,隐匿面具,1,0,[0|0|0],501130,0,39,39,0,0.005,1050,0,200,3.3,6091100,-1,-1,7000,1.5,0,-1,-1,-1,-1,-1,-1,-1,-1,-1,-1,-1,-1,-1,-1,-1,-1,1,1,1,1,1,1,1,1,-1,1431,14510,14510,0,0,0,0,[0|0],0,0,0,0,0,0,0,0,24,24,11,35,0,-1,-1,1,0,5,4,0,2,20,0,[0|0],1,1,0,0,0,1,0,0,0,-1,-1,0,1,1,0,0,1,2,0,0.977,0.977,0.975,0.977,0.947,0.952,0.953,109,110,108,110,108,139,139,139,-1,1,0,0.953,0,0,0,0,0,0,0,0,0,0,0,0,0,0,0,0,0,0,0,0,0,0,0,0,0,0,0,0,0,0,0,0,0,0,0,0,[0|0|0|0],0,10,1,1,1,1,0,0,0,0,0,0,0,0,0,0,0,0,0,1,0,0,0,0,0,0,0,0,0,0,0,0,0,0,1,0,1,0,0,1,0,0,0,0,0,0,0,0,0,0,0,0,0,0,0,0,0,0,0,0,0,0,1,1,1,1,1,1,1,1,1,1,0,0,0,0,0,1,1,0,1,1,1,0,0,0,0,0,0,0,0,0,0,0,0,0,0,0,[0|0|0|0|0|0|0|0|0|0|0|0|0|0],以黄金线缝死嘴部开口的面具。\n能提升感应。\n\n拉达冈成为蕾娜菈丈夫之后，\n要求卡利亚的魔法教授们戴上的物品。\n\n　记住了，与我相关的，\n　一律不得张扬。
911100,魔法教授长袍（轻装）,1,0,[0|0|0],601130,0,57,57,100,0.007,1150,0,200,3.2,-1,-1,-1,7000,1,-0.4,-1,-1,-1,-1,-1,-1,-1,-1,-1,-1,-1,-1,-1,-1,-1,-1,1,1,1,1,1,1,1,1,-1,1431,14511,14511,0,0,0,0,[0|0],0,0,0,0,0,0,0,0,38,38,16,57,0,-1,-1,1,0,2,4,1,2,20,0,[0|0],1,0,1,0,0,0,0,0,0,-1,-1,0,1,1,0,0,1,2,0,0.958,0.973,0.958,0.958,0.872,0.876,0.881,109,50,113,50,113,139,139,139,-1,1,0,0.876,0,0,0,0,0,0,0,0,0,0,0,0,0,0,0,0,0,0,0,0,0,0,0,0,0,0,0,0,0,0,0,0,0,0,0,0,[0|0|0|0],0,16,0,0,0,0,0,1,1,1,1,1,0,0,0,0,0,0,0,0,0,1,1,1,0,0,0,0,0,0,0,0,0,0,0,0,0,0,0,0,0,0,1,0,1,1,0,1,0,1,1,1,1,1,0,1,0,1,1,1,0,1,0,0,0,0,0,0,1,0,1,1,0,0,0,1,0,0,0,1,0,0,0,0,0,0,0,0,0,0,0,0,0,0,0,0,0,0,[0|0|0|0|0|0|0|0|0|0|0|0|0|0],绘有星星运行轨迹的鲜艳蓝色长袍，\n底下穿着的，非常不起眼的衣物。
912000,,1,0,[0|0|0],999999,0,44,44,0,0.005,1050,0,100,3.6,-1,-1,-1,7000,1.5,0,-1,-1,-1,-1,-1,-1,-1,-1,-1,-1,-1,-1,-1,-1,-1,-1,1,1,1,1,1,1,1,1,-1,1430,14500,14500,0,0,0,0,[0|0],0,0,0,0,0,0,0,0,26,26,12,42,0,-1,-1,1,0,5,4,0,1,255,0,[0|0],1,1,0,0,0,1,0,0,0,-1,-1,0,1,0,0,0,1,2,0,0.975,0.975,0.972,0.975,0.945,0.951,0.952,139,139,139,139,139,139,139,139,-1,1,0,0.952,0,0,0,0,0,0,0,0,0,0,0,0,0,0,0,0,0,0,0,0,0,0,0,0,0,0,0,0,0,0,0,0,0,0,0,0,[0|0|0|0],0,12,1,1,1,1,0,0,0,0,0,0,0,0,0,0,0,0,0,1,0,0,0,0,0,0,0,0,0,0,0,0,0,0,1,0,1,0,0,1,0,0,0,0,0,0,0,0,0,0,0,0,0,0,0,0,0,0,0,0,0,0,1,1,1,1,1,1,1,1,1,1,0,0,0,0,0,1,1,0,1,1,1,0,0,0,0,0,0,0,0,0,0,0,0,0,0,1,[0|0|0|0|0|0|0|0|0|0|0|0|0|0],
912100,,1,0,[0|0|0],999999,0,83,83,100,0.012,1150,0,100,6.3,-1,-1,-1,7000,1,-0.4,-1,-1,-1,-1,-1,-1,-1,-1,-1,-1,-1,-1,-1,-1,-1,-1,1,1,1,1,1,1,1,1,-1,1430,14501,14501,0,0,0,0,[0|0],0,0,0,0,0,0,0,0,50,50,24,76,0,-1,-1,1,0,2,4,1,1,255,0,[0|0],1,0,1,0,0,0,0,0,0,-1,-1,0,1,0,0,0,1,2,0,0.939,0.939,0.933,0.939,0.855,0.867,0.872,139,139,139,139,139,139,139,139,-1,1,0,0.872,0,0,0,0,0,0,0,0,0,0,0,0,0,0,0,0,0,0,0,0,0,0,0,0,0,0,0,0,0,0,0,0,0,0,0,0,[0|0|0|0],0,24,0,0,0,0,0,1,1,1,1,1,0,0,0,0,0,0,0,0,0,1,1,1,0,0,0,0,0,0,0,0,0,0,0,0,0,0,0,0,0,0,0,1,1,1,0,1,1,1,0,1,1,1,0,1,0,1,1,1,0,1,0,0,0,0,0,0,1,0,1,1,1,0,0,1,0,0,0,1,0,0,0,1,1,1,1,1,1,1,1,1,1,1,1,1,1,0,[0|0|0|0|0|0|0|0|0|0|0|0|0|0],
912200,,1,0,[0|0|0],999999,0,28,28,0,0.003,1150,0,100,2.1,-1,-1,-1,7000,1.1,0,-1,-1,-1,-1,-1,-1,-1,-1,-1,-1,-1,-1,-1,-1,-1,-1,1,1,1,1,1,1,1,1,-1,1430,14502,14502,0,0,0,0,[0|0],0,0,0,0,0,0,0,0,17,17,8,25,0,-1,-1,1,0,1,4,2,1,255,0,[0|0],1,0,0,1,0,0,0,0,0,-1,-1,0,1,0,0,0,1,2,0,0.985,0.985,0.984,0.985,0.964,0.967,0.968,139,139,139,139,139,139,139,139,-1,1,0,0.968,0,0,0,0,0,0,0,0,0,0,0,0,0,0,0,0,0,0,0,0,0,0,0,0,0,0,0,0,0,0,0,0,0,0,0,0,[0|0|0|0],0,8,0,0,0,0,0,0,0,0,0,0,0,1,0,1,0,0,0,0,1,0,0,0,0,0,1,1,0,0,1,1,0,1,0,0,0,0,0,0,0,0,0,0,0,0,0,0,0,0,0,0,0,0,0,0,0,0,0,0,0,0,0,0,0,0,0,0,0,0,0,0,0,0,0,0,0,0,0,0,0,0,0,0,0,0,0,0,0,0,0,0,0,0,0,0,0,0,[0|0|0|0|0|0|0|0|0|0|0|0|0|0],
912300,,1,0,[0|0|0],999999,0,51,51,0,0.007,1250,0,100,3.9,-1,-1,-1,7000,1.1,0,-1,-1,-1,-1,-1,-1,-1,-1,-1,-1,-1,-1,-1,-1,-1,-1,1,1,1,1,1,1,1,1,-1,1430,14503,14503,0,0,0,0,[0|0],0,0,0,0,0,0,0,0,31,31,15,47,0,-1,-1,1,0,6,4,3,1,255,0,[0|0],1,0,0,0,1,0,0,0,0,-1,-1,0,1,0,0,0,1,2,0,0.966,0.966,0.962,0.966,0.917,0.924,0.927,139,139,139,139,139,139,139,139,111,1,0,0.927,0,0,0,0,0,0,0,0,0,0,0,0,0,0,0,0,0,0,0,0,0,0,0,0,0,0,0,0,0,0,0,0,0,0,0,0,[0|0|0|0],0,15,0,0,0,0,0,0,0,0,0,0,0,0,1,0,1,1,1,0,0,1,0,0,0,0,0,0,0,0,0,0,0,0,0,0,0,0,0,0,0,0,0,0,0,0,0,0,0,0,0,0,0,0,0,0,0,0,0,0,0,0,0,0,0,0,0,0,0,0,0,0,0,0,1,0,0,0,0,0,0,0,0,0,0,0,0,0,0,0,0,0,0,0,0,0,0,0,[0|0|0|0|0|0|0|0|0|0|0|0|0|0],
913000,,1,0,[0|0|0],999999,0,44,44,0,0.005,1050,0,200,3.6,-1,-1,-1,7000,1.5,0,-1,-1,-1,-1,-1,-1,-1,-1,-1,-1,-1,-1,-1,-1,-1,-1,1,1,1,1,1,1,1,1,-1,1430,14500,14500,0,0,0,0,[0|0],0,0,0,0,0,0,0,0,26,26,12,42,0,-1,-1,1,0,5,4,0,1,255,0,[0|0],1,1,0,0,0,1,0,0,0,-1,-1,0,1,0,0,0,1,2,0,0.975,0.975,0.972,0.975,0.945,0.951,0.952,109,110,113,110,113,139,139,139,-1,1,0,0.952,0,0,0,0,0,0,0,0,0,0,0,0,0,0,0,0,0,0,0,0,0,0,0,0,0,0,0,0,0,0,0,0,0,0,0,0,[0|0|0|0],0,12,1,1,1,1,0,0,0,0,0,0,0,0,0,0,0,0,0,1,0,0,0,0,0,0,0,0,0,0,0,0,0,0,1,0,1,0,0,1,0,0,0,0,0,0,0,0,0,0,0,0,0,0,0,0,0,0,0,0,0,0,1,1,1,1,1,1,1,1,1,1,0,0,0,0,0,1,1,0,1,1,1,0,0,0,0,0,0,0,0,0,0,0,0,0,0,0,[0|0|0|0|0|0|0|0|0|0|0|0|0|0],
920000,,1,0,[0|0|0],999999,0,27,27,0,0.002,1050,0,100,1.4,-1,-1,-1,7000,1.5,0,-1,-1,-1,-1,-1,-1,-1,-1,-1,-1,-1,-1,-1,-1,-1,-1,1,1,1,1,1,1,1,1,-1,1440,14520,14520,0,0,0,0,[0|0],0,0,0,0,0,0,0,0,16,16,9,27,0,-1,-1,1,0,5,4,0,1,255,0,[0|0],1,1,0,0,0,1,0,0,0,-1,-1,0,1,0,0,0,1,2,0,0.986,0.986,0.986,0.991,0.955,0.958,0.956,109,110,109,110,139,139,139,139,-1,1,0,0.955,0,0,0,0,0,0,0,0,0,0,0,0,0,0,0,0,0,0,0,0,0,0,0,0,0,0,0,0,0,0,0,0,0,0,0,0,[0|0|0|0],0,9,0,0,0,0,0,0,0,0,0,0,0,0,0,0,0,0,0,0,0,0,0,0,0,0,0,0,0,0,0,0,0,0,0,1,1,0,0,1,0,0,0,0,0,0,0,0,0,0,0,0,0,0,0,0,0,0,0,0,0,0,1,1,1,1,1,1,1,1,1,1,0,0,0,0,0,1,0,0,0,0,0,0,0,0,0,0,0,0,0,0,0,0,0,0,0,1,[0|0|0|0|0|0|0|0|0|0|0|0|0|0],用野草制成的披盖物。\n穿戴身上可能会不容易被敌人发现。
930000,亡骨面具,1,0,[0|0|0],504100,0,24,24,0,0.004,1050,0,100,3,-1,-1,-1,7000,1.5,0,-1,-1,-1,-1,-1,-1,-1,-1,-1,-1,-1,-1,-1,-1,-1,-1,1,1,1,1,1,1,1,1,-1,1450,14530,14530,0,0,0,0,[0|0],0,0,0,0,0,0,0,0,23,23,14,24,0,-1,-1,1,0,5,4,0,2,50,0,[0|0],1,1,0,0,0,1,0,0,0,-1,-1,0,1,1,0,0,1,2,0,0.975,0.969,0.972,0.969,0.966,0.966,0.964,109,110,113,110,113,139,139,139,-1,1,0,0.969,0,0,0,0,0,0,0,0,0,0,0,0,0,0,0,0,0,0,0,0,0,0,0,0,0,0,0,0,0,0,0,0,0,0,0,0,[0|0|0|0],0,14,0,0,0,0,0,0,0,0,0,0,0,0,0,0,0,0,0,1,0,0,0,0,0,0,0,0,0,0,0,0,0,0,1,0,1,0,0,1,0,0,0,0,0,0,0,0,0,0,0,0,0,0,0,0,0,0,0,0,0,0,1,0,1,1,1,0,1,1,1,1,0,0,0,0,0,1,1,0,0,0,0,0,0,0,0,0,0,0,0,0,0,0,0,0,0,0,[0|0|0|0|0|0|0|0|0|0|0|0|0|0],有如受骨头吞噬，覆盖全脸的亡骨面具。\n鸦山的杀手们穿戴的防具。\n\n此为他们模仿死之猛禽时，\n用来维持人类意识的诅咒器具，\n能持续、紧紧地抓住配戴者。
930100,猛禽黑羽,1,0,[0|0|0],603110,0,60,60,100,0.015,1150,0,100,7.7,6093010,-1,-1,7000,1,-0.4,-1,-1,-1,-1,-1,-1,-1,-1,-1,-1,-1,-1,-1,-1,-1,-1,1,1,1,1,1,1,1,1,-1,1450,14531,14531,0,0,0,0,[0|0],0,0,0,0,0,0,0,0,57,57,35,60,0,-1,-1,1,0,2,4,1,2,40,0,[0|0],1,0,1,0,0,0,0,0,0,-1,-1,0,1,1,0,0,1,2,0,0.92,0.905,0.912,0.905,0.898,0.898,0.891,109,50,113,50,113,139,139,139,-1,1,0,0.905,0,0,0,0,0,0,0,0,0,0,0,0,0,0,0,0,0,0,0,0,0,0,0,0,0,0,0,0,0,0,0,0,0,0,0,0,[0|0|0|0],0,35,0,0,0,0,0,0,1,0,1,0,0,0,0,0,0,0,0,0,0,1,0,0,0,0,0,0,0,0,0,0,0,0,0,0,0,0,0,0,0,0,0,1,1,1,0,1,1,1,1,0,1,1,0,0,1,1,1,1,0,1,0,0,0,0,0,0,1,1,0,1,1,0,0,1,0,0,0,0,0,0,0,1,1,1,1,1,1,1,1,1,1,1,1,1,1,0,[0|0|0|0|0|0|0|0|0|0|0|0|0|0],以猛禽的黑羽毛制成的长袍。\n鸦山的杀手们穿戴的防具。\n\n模仿死之猛禽用的诅咒器具。\n能强化跳跃攻击。\n\n　我等就是死之鸟。
930200,盗贼腕套,1,0,[0|0|0],703040,0,17,17,0,0.002,1150,0,100,1.7,-1,-1,-1,7000,1.1,0,-1,-1,-1,-1,-1,-1,-1,-1,-1,-1,-1,-1,-1,-1,-1,-1,1,1,1,1,1,1,1,1,-1,1450,14532,14532,0,0,0,0,[0|0],0,0,0,0,0,0,0,0,15,15,8,17,0,-1,-1,1,0,1,4,2,1,40,0,[0|0],1,0,0,1,0,0,0,0,0,-1,-1,0,1,1,0,0,1,2,0,0.985,0.983,0.984,0.983,0.981,0.981,0.979,109,50,113,50,113,139,139,139,-1,1,0,0.983,0,0,0,0,0,0,0,0,0,0,0,0,0,0,0,0,0,0,0,0,0,0,0,0,0,0,0,0,0,0,0,0,0,0,0,0,[0|0|0|0],0,8,0,0,0,0,0,0,0,0,0,0,0,0,0,0,0,0,0,0,1,0,0,0,0,0,1,1,0,1,0,0,0,1,0,0,0,0,0,0,0,0,0,0,0,0,0,0,0,0,0,0,0,0,0,0,0,0,0,0,0,0,0,0,0,0,0,0,0,0,0,0,0,0,0,0,0,0,0,0,0,0,0,0,0,0,0,0,0,0,0,0,0,0,0,0,0,0,[0|0|0|0|0|0|0|0|0|0|0|0|0|0],用骯脏的布缠绕手腕的防具，\n盗贼们穿戴的腕套。
930300,盗贼靴子,1,0,[0|0|0],803060,0,35,35,0,0.008,1250,0,100,4.4,-1,-1,-1,7000,1.1,0,-1,-1,-1,-1,-1,-1,-1,-1,-1,-1,-1,-1,-1,-1,-1,-1,1,1,1,1,1,1,1,1,-1,1450,14533,14533,0,0,0,0,[0|0],0,0,0,0,0,0,0,0,34,34,20,35,0,-1,-1,1,0,6,4,3,1,40,0,[0|0],1,0,0,0,1,0,0,0,0,-1,-1,0,1,1,0,0,1,2,0,0.96,0.95,0.955,0.95,0.946,0.946,0.942,109,50,108,50,108,139,139,139,111,1,0,0.95,0,0,0,0,0,0,0,0,0,0,0,0,0,0,0,0,0,0,0,0,0,0,0,0,0,0,0,0,0,0,0,0,0,0,0,0,[0|0|0|0],0,20,0,0,0,0,0,0,0,0,0,0,0,0,1,0,1,1,1,0,0,1,0,0,0,0,0,0,0,0,0,0,0,0,0,0,0,0,0,0,0,0,0,0,0,0,0,0,0,0,0,0,0,0,0,0,0,0,0,0,0,0,0,0,0,0,0,0,0,0,0,0,0,0,1,0,0,0,0,0,0,0,0,0,0,0,0,0,0,0,0,0,0,0,0,0,0,0,[0|0|0|0|0|0|0|0|0|0|0|0|0|0],盗贼们的皮制靴子。\n\n轻盈得不会妨碍行动，平滑得不会发出声响──\n因为着重这些特性的关系，减伤率偏低。
931100,盗贼束腰衣,1,0,[0|0|0],603070,0,54,54,100,0.015,1150,0,100,7.7,-1,-1,-1,7000,1,-0.4,-1,-1,-1,-1,-1,-1,-1,-1,-1,-1,-1,-1,-1,-1,-1,-1,1,1,1,1,1,1,1,1,-1,1451,14541,14541,0,0,0,0,[0|0],0,0,0,0,0,0,0,0,52,52,32,54,0,-1,-1,1,0,2,3,1,1,40,0,[0|0],1,0,1,0,0,0,0,0,0,-1,-1,0,1,1,0,0,1,2,0,0.92,0.905,0.912,0.905,0.898,0.898,0.891,109,50,108,50,108,139,139,139,-1,1,0,0.905,0,0,0,0,0,0,0,0,0,0,0,0,0,0,0,0,0,0,0,0,0,0,0,0,0,0,0,0,0,0,0,0,0,0,0,0,[0|0|0|0],0,32,0,0,0,0,0,0,1,0,1,0,0,0,0,0,0,0,0,0,0,1,0,0,0,0,0,0,0,0,0,0,0,0,0,0,0,0,0,0,0,0,1,0,1,1,0,1,0,1,1,1,1,1,0,0,1,1,1,1,0,1,0,0,0,0,0,0,0,1,1,1,0,0,0,1,0,0,0,0,0,0,0,0,0,0,0,0,0,0,0,0,0,0,0,0,0,0,[0|0|0|0|0|0|0|0|0|0|0|0|0|0],盗贼们的皮制束腰衣。\n\n轻盈得不会妨碍行动，平滑得不会发出声响──\n因为着重这些特性的关系，减伤率偏低。
940000,奇异骑士风帽,1,0,[0|0|0],506120,0,9,9,0,0.006,1050,0,100,4,-1,-1,-1,7000,1.5,0,-1,-1,-1,-1,-1,-1,-1,-1,-1,-1,-1,-1,-1,-1,-1,-1,1,1,1,1,1,1,1,1,-1,1460,14550,14550,0,0,0,0,[0|0],0,0,0,0,0,0,0,0,14,14,24,8,0,-1,-1,1,0,5,4,0,2,70,0,[0|0],1,1,0,0,0,1,0,0,0,-1,-1,0,1,1,0,0,1,2,0,0.956,0.958,0.966,0.956,0.966,0.964,0.977,109,110,113,110,113,139,139,139,-1,1,0,0.969,0,0,0,0,0,0,0,0,0,0,0,0,0,0,0,0,0,0,0,0,0,0,0,0,0,0,0,0,0,0,0,0,0,0,0,0,[0|0|0|0],0,24,1,1,1,1,0,0,0,0,0,0,0,0,0,0,0,0,0,1,0,0,0,0,0,0,0,0,0,0,0,0,0,0,0,1,1,0,0,1,0,0,0,0,0,0,0,0,0,0,0,0,0,0,0,0,0,0,0,0,0,0,1,1,1,1,1,1,1,1,1,1,0,0,0,0,0,1,1,0,1,1,1,0,0,0,0,0,0,0,0,0,0,0,0,0,0,1,[0|0|0|0|0|0|0|0|0|0|0|0|0|0],破旧布块拼合而成的尖顶风帽。\n骑士杰廉的防具。\n\n风帽底下藏着一张蓄胡老人的面具。\n\n杰廉是拉塔恩将军的客将。\n据说他们立下约定，要让彼此“死得名誉”。
940100,奇异骑士铠甲,1,0,[0|0|0],606080,0,23,23,100,0.021,1150,0,100,10.6,-1,-1,-1,7000,1,-0.4,-1,-1,-1,-1,-1,-1,-1,-1,-1,-1,-1,-1,-1,-1,-1,-1,1,1,1,1,1,1,1,1,-1,1460,14551,14551,0,0,0,0,[0|0],0,0,0,0,0,0,0,0,35,35,60,21,0,-1,-1,1,0,2,4,1,2,70,0,[0|0],1,0,1,0,0,0,0,0,0,-1,-1,0,1,1,0,0,1,2,0,0.871,0.876,0.891,0.871,0.891,0.891,0.929,109,50,108,50,108,139,139,139,-1,1,0,0.905,0,0,0,0,0,0,0,0,0,0,0,0,0,0,0,0,0,0,0,0,0,0,0,0,0,0,0,0,0,0,0,0,0,0,0,0,[0|0|0|0],0,60,0,0,0,0,0,1,1,1,1,1,0,0,0,0,0,0,0,0,0,1,1,1,0,0,0,0,0,0,0,0,0,0,0,0,0,0,0,0,0,0,1,1,0,1,1,0,1,0,1,1,1,0,1,0,1,1,0,1,0,0,0,0,0,0,0,0,1,0,1,1,1,0,0,1,0,0,0,1,0,0,0,0,0,0,0,0,0,0,0,0,0,0,0,0,0,0,[0|0|0|0|0|0|0|0|0|0|0|0|0|0],鲜艳又奇特的铠甲。\n骑士杰廉的防具。\n\n杰廉爱好流浪，\n在卡利亚王室作客一段时间后，\n成为拉塔恩将军的客将。\n\n那自由自在的浮萍，\n最后受到情义以及约定的束缚。
940200,奇异骑士腕套,1,0,[0|0|0],705130,0,6,6,0,0.004,1150,0,100,2.9,-1,-1,-1,7000,1.1,0,-1,-1,-1,-1,-1,-1,-1,-1,-1,-1,-1,-1,-1,-1,-1,-1,1,1,1,1,1,1,1,1,-1,1460,14552,14552,0,0,0,0,[0|0],0,0,0,0,0,0,0,0,8,8,18,4,0,-1,-1,1,0,1,4,2,2,60,0,[0|0],1,0,0,1,0,0,0,0,0,-1,-1,0,1,1,0,0,1,2,0,0.971,0.972,0.979,0.971,0.979,0.977,0.985,109,50,113,50,113,139,139,139,-1,1,0,0.981,0,0,0,0,0,0,0,0,0,0,0,0,0,0,0,0,0,0,0,0,0,0,0,0,0,0,0,0,0,0,0,0,0,0,0,0,[0|0|0|0],0,18,0,0,0,0,0,0,0,0,0,0,1,1,0,0,0,0,0,0,1,0,0,0,0,0,0,1,1,0,1,1,1,0,0,0,0,0,0,0,0,0,0,0,0,0,0,0,0,0,0,0,0,0,0,0,0,0,0,0,0,0,0,0,0,0,0,0,0,0,0,0,0,0,0,0,0,0,0,0,0,0,0,0,0,0,0,0,0,0,0,0,0,0,0,0,0,0,[0|0|0|0|0|0|0|0|0|0|0|0|0|0],骑士杰廉的腕套。\n\n杰廉爱好流浪，\n在卡利亚王室作客一段时间后，\n成为拉塔恩将军的客将。\n\n那自由自在的浮萍，\n最后受到情义以及约定的束缚。
940300,奇异骑士长裤,1,0,[0|0|0],805120,0,7,7,0,0.01,1250,0,100,5.1,-1,-1,-1,7000,1.1,0,-1,-1,-1,-1,-1,-1,-1,-1,-1,-1,-1,-1,-1,-1,-1,-1,1,1,1,1,1,1,1,1,-1,1460,14553,14553,0,0,0,0,[0|0],0,0,0,0,0,0,0,0,15,15,31,7,0,-1,-1,1,0,6,4,3,2,60,0,[0|0],1,0,0,0,1,0,0,0,0,-1,-1,0,1,1,0,0,1,2,0,0.935,0.938,0.955,0.935,0.955,0.95,0.97,109,50,113,50,113,139,108,139,111,1,0,0.96,0,0,0,0,0,0,0,0,0,0,0,0,0,0,0,0,0,0,0,0,0,0,0,0,0,0,0,0,0,0,0,0,0,0,0,0,[0|0|0|0],0,31,0,0,0,0,0,0,0,0,0,0,0,0,1,0,1,1,1,0,0,1,0,0,0,0,0,0,0,0,0,0,0,0,0,0,0,0,0,0,0,0,0,0,0,0,0,0,0,0,0,0,0,0,0,0,0,0,0,0,0,0,0,0,0,0,0,0,0,0,0,0,0,0,1,0,0,0,0,0,0,0,0,0,0,0,0,0,0,0,0,0,0,0,0,0,0,0,[0|0|0|0|0|0|0|0|0|0|0|0|0|0],鲜艳又奇特的长裤。\n骑士杰廉的防具。\n\n杰廉爱好流浪，\n在卡利亚王室作客一段时间后，\n成为拉塔恩将军的客将。\n\n那自由自在的浮萍，\n最后受到情义以及约定的束缚。
941000,奇异骑士风帽（轻装）,1,0,[0|0|0],506130,0,8,8,0,0.006,1050,0,100,4,-1,-1,-1,7000,1.5,0,-1,-1,-1,-1,-1,-1,-1,-1,-1,-1,-1,-1,-1,-1,-1,-1,1,1,1,1,1,1,1,1,-1,1461,14560,14560,0,0,0,0,[0|0],0,0,0,0,0,0,0,0,12,12,21,7,0,-1,-1,1,0,5,4,0,2,70,0,[0|0],1,1,0,0,0,1,0,0,0,-1,-1,0,1,1,0,0,1,2,0,0.956,0.958,0.966,0.956,0.966,0.964,0.977,109,110,106,110,106,139,139,139,-1,1,0,0.969,0,0,0,0,0,0,0,0,0,0,0,0,0,0,0,0,0,0,0,0,0,0,0,0,0,0,0,0,0,0,0,0,0,0,0,0,[0|0|0|0],0,21,1,1,1,1,0,0,0,0,0,0,0,0,0,0,0,0,0,1,0,0,0,0,0,0,0,0,0,0,0,0,0,0,1,0,1,0,1,0,0,0,0,0,0,0,0,0,0,0,0,0,0,0,0,0,0,0,0,0,0,0,1,1,1,1,1,1,1,1,1,1,0,0,0,0,0,1,1,1,1,1,1,0,0,0,0,0,0,0,0,0,0,0,0,0,0,0,[0|0|0|0|0|0|0|0|0|0|0|0|0|0],破旧布块拼合而成的尖顶风帽。\n骑士杰廉的防具。\n\n风帽底下藏着一张蓄胡老人的面具。\n\n杰廉是拉塔恩将军的客将。\n据说他们立下约定，要让彼此“死得名誉”。
950000,指痕头盔,1,0,[0|0|0],508070,0,5,5,0,0.008,1050,0,500,4.6,-1,-1,-1,7000,1.5,0,-1,-1,-1,-1,-1,-1,-1,-1,-1,-1,-1,-1,-1,-1,-1,-1,1,1,1,1,1,1,1,1,-1,1470,14570,14570,0,0,0,0,[0|0],0,0,0,0,0,0,0,0,14,14,26,10,0,-1,-1,1,0,5,4,0,2,90,0,[0|0],1,1,0,0,0,1,0,0,0,-1,-1,0,1,1,0,0,1,2,0,0.952,0.958,0.958,0.958,0.966,0.955,0.977,109,110,106,110,106,139,139,139,-1,1,0,0.966,0,0,0,0,0,0,0,0,0,0,0,0,0,0,0,0,0,0,0,0,0,0,0,0,0,0,0,0,0,0,0,0,0,0,0,0,[0|0|0|0],0,26,1,1,1,1,0,0,0,0,0,0,0,0,0,0,0,0,0,1,0,0,0,0,0,1,0,0,0,0,0,0,0,0,1,0,0,0,1,0,0,0,0,0,0,0,0,0,0,0,0,0,0,0,0,0,0,0,0,0,0,0,1,1,1,1,1,1,1,1,1,1,0,0,0,0,0,1,1,0,1,1,1,0,0,0,0,0,0,0,0,0,0,0,0,0,0,0,[0|0|0|0|0|0|0|0|0|0|0|0|0|0],带有烧熔指痕的铁制头盔。\n“圆桌骑士”维克的防具。\n\n据说在过去，维克曾是最接近\n艾尔登之王存在的其中一位褪色者，\n然而有一天，他潜入王城深处，\n最后被癫火烧得皮开肉绽。\n\n那行为背后的动机是为了自己的女巫？\n还是受到什么人物的煽动？
950100,指痕铠甲,1,0,[0|0|0],608120,0,11,11,100,0.024,1150,0,500,10.6,-1,-1,-1,7000,1,-0.4,-1,-1,-1,-1,-1,-1,-1,-1,-1,-1,-1,-1,-1,-1,-1,-1,1,1,1,1,1,1,1,1,-1,1470,14571,14571,0,0,0,0,[0|0],0,0,0,0,0,0,0,0,32,32,60,23,0,-1,-1,1,0,2,4,1,2,90,0,[0|0],1,0,1,0,0,0,0,0,0,-1,-1,0,1,1,0,0,1,2,0,0.865,0.881,0.881,0.881,0.905,0.874,0.933,109,50,106,50,106,139,139,139,-1,1,0,0.905,0,0,0,0,0,0,0,0,0,0,0,0,0,0,0,0,0,0,0,0,0,0,0,0,0,0,0,0,0,0,0,0,0,0,0,0,[0|0|0|0],0,60,0,0,0,0,0,1,1,1,1,1,0,0,0,0,0,0,0,0,0,1,1,1,0,0,0,0,0,0,0,0,0,0,0,0,0,0,0,0,0,0,1,1,1,0,0,1,1,1,0,1,1,0,1,0,1,1,1,1,0,1,0,0,0,0,0,0,1,1,1,0,1,0,0,1,0,0,0,1,0,0,0,1,1,1,1,1,1,1,1,1,1,1,1,1,1,0,[0|0|0|0|0|0|0|0|0|0|0|0|0|0],带有烧熔指痕的铁制铠甲。\n“圆桌骑士”维克的防具。\n\n据说在过去，维克曾是最接近\n艾尔登之王存在的其中一位褪色者，\n然而有一天，他潜入王城深处，\n最后被癫火烧得皮开肉绽。\n\n那行为背后的动机是为了自己的女巫？\n还是受到什么人物的煽动？
950200,指痕臂甲,1,0,[0|0|0],707060,0,4,4,0,0.005,1150,0,500,3.5,-1,-1,-1,7000,1.1,0,-1,-1,-1,-1,-1,-1,-1,-1,-1,-1,-1,-1,-1,-1,-1,-1,1,1,1,1,1,1,1,1,-1,1470,14572,14572,0,0,0,0,[0|0],0,0,0,0,0,0,0,0,11,11,20,8,0,-1,-1,1,0,1,4,2,2,80,0,[0|0],1,0,0,1,0,0,0,0,0,-1,-1,0,1,1,0,0,1,2,0,0.967,0.971,0.971,0.971,0.977,0.969,0.984,109,50,106,50,106,139,139,139,-1,1,0,0.977,0,0,0,0,0,0,0,0,0,0,0,0,0,0,0,0,0,0,0,0,0,0,0,0,0,0,0,0,0,0,0,0,0,0,0,0,[0|0|0|0],0,20,0,0,0,0,0,0,0,0,0,0,0,1,0,1,0,0,0,0,1,0,0,0,0,0,1,1,0,0,1,1,0,1,0,0,0,0,0,0,0,0,0,0,0,0,0,0,0,0,0,0,0,0,0,0,0,0,0,0,0,0,0,0,0,0,0,0,0,0,0,0,0,0,0,0,0,0,0,0,0,0,0,0,0,0,0,0,0,0,0,0,0,0,0,0,0,0,[0|0|0|0|0|0|0|0|0|0|0|0|0|0],带有烧熔指痕的铁制臂甲。\n“圆桌骑士”维克的防具。\n\n据说在过去，维克曾是最接近\n艾尔登之王存在的其中一位褪色者，\n然而有一天，他潜入王城深处，\n最后被癫火烧得皮开肉绽。\n\n那行为背后的动机是为了自己的女巫？\n还是受到什么人物的煽动？
950300,指痕腿甲,1,0,[0|0|0],807060,0,7,7,0,0.014,1250,0,500,6.6,-1,-1,-1,7000,1.1,0,-1,-1,-1,-1,-1,-1,-1,-1,-1,-1,-1,-1,-1,-1,-1,-1,1,1,1,1,1,1,1,1,-1,1470,14573,14573,0,0,0,0,[0|0],0,0,0,0,0,0,0,0,20,20,37,14,0,-1,-1,1,0,6,4,3,2,80,0,[0|0],1,0,0,0,1,0,0,0,0,-1,-1,0,1,1,0,0,1,2,0,0.923,0.932,0.932,0.932,0.946,0.928,0.962,109,50,106,50,106,139,139,139,111,1,0,0.946,0,0,0,0,0,0,0,0,0,0,0,0,0,0,0,0,0,0,0,0,0,0,0,0,0,0,0,0,0,0,0,0,0,0,0,0,[0|0|0|0],0,37,0,0,0,0,0,0,0,0,0,0,0,0,1,0,1,1,1,0,0,1,0,0,0,0,0,0,0,0,0,0,0,0,0,0,0,0,0,0,0,0,0,0,0,0,0,0,0,0,0,0,0,0,0,0,0,0,0,0,0,0,0,0,0,0,0,0,0,0,0,0,0,0,1,0,0,0,0,0,0,0,0,0,0,0,0,0,0,0,0,0,0,0,0,0,0,0,[0|0|0|0|0|0|0|0|0|0|0|0|0|0],带有烧熔指痕的铁制腿甲。\n“圆桌骑士”维克的防具。\n\n据说在过去，维克曾是最接近\n艾尔登之王存在的其中一位褪色者，\n然而有一天，他潜入王城深处，\n最后被癫火烧得皮开肉绽。\n\n那行为背后的动机是为了自己的女巫？\n还是受到什么人物的煽动？
951100,指痕铠甲（轻装）,1,0,[0|0|0],608130,0,10,10,100,0.024,1150,0,500,10,-1,-1,-1,7000,1,-0.4,-1,-1,-1,-1,-1,-1,-1,-1,-1,-1,-1,-1,-1,-1,-1,-1,1,1,1,1,1,1,1,1,-1,1471,14581,14581,0,0,0,0,[0|0],0,0,0,0,0,0,0,0,29,29,54,21,0,-1,-1,1,0,2,4,1,2,90,0,[0|0],1,0,1,0,0,0,0,0,0,-1,-1,0,1,1,0,0,1,2,0,0.869,0.885,0.885,0.885,0.909,0.878,0.937,109,50,106,50,106,139,139,139,-1,1,0,0.909,0,0,0,0,0,0,0,0,0,0,0,0,0,0,0,0,0,0,0,0,0,0,0,0,0,0,0,0,0,0,0,0,0,0,0,0,[0|0|0|0],0,54,0,0,0,0,0,1,1,1,1,1,0,0,0,0,0,0,0,0,0,1,1,1,0,0,0,0,0,0,0,0,0,0,0,0,0,0,0,0,0,0,1,0,1,1,0,1,1,0,1,1,1,0,1,0,1,1,1,1,0,1,0,0,0,0,0,0,0,1,1,1,0,0,0,1,0,0,0,1,0,0,0,0,0,0,0,0,0,0,0,0,0,0,0,0,0,0,[0|0|0|0|0|0|0|0|0|0|0|0|0|0],带有烧熔指痕的铁制铠甲。\n“圆桌骑士”维克的防具。\n\n据说在过去，维克曾是最接近\n艾尔登之王存在的其中一位褪色者，\n然而有一天，他潜入王城深处，\n最后被癫火烧得皮开肉绽。\n\n那行为背后的动机是为了自己的女巫？\n还是受到什么人物的煽动？
960000,侧室面具,1,0,[0|0|0],502040,0,39,39,0,0.005,1050,0,500,3.6,6096000,-1,-1,7000,1.5,0,-1,-1,-1,-1,-1,-1,-1,-1,-1,-1,-1,-1,-1,-1,-1,-1,1,1,1,1,1,1,1,1,-1,1480,14590,14590,0,0,0,0,[0|0],0,0,0,0,0,0,0,0,24,24,14,35,0,-1,-1,1,0,5,4,0,2,30,0,[0|0],1,1,0,0,0,1,0,0,0,-1,-1,0,1,1,0,0,1,2,0,0.972,0.975,0.972,0.975,0.95,0.952,0.952,109,110,108,110,108,139,139,139,-1,1,0,0.95,0,0,0,0,0,0,0,0,0,0,0,0,0,0,0,0,0,0,0,0,0,0,0,0,0,0,0,0,0,0,0,0,0,0,0,0,[0|0|0|0],0,14,0,1,1,1,1,0,0,0,0,0,0,0,0,0,0,0,0,1,0,0,0,0,0,0,0,0,0,0,0,0,0,0,1,0,1,0,0,1,0,0,0,0,0,0,0,0,0,0,0,0,0,0,0,0,0,0,0,0,0,0,1,1,1,1,1,1,1,1,1,1,0,0,0,0,0,1,1,0,1,1,1,0,0,0,0,0,0,0,0,0,0,0,0,0,0,1,[0|0|0|0|0|0|0|0|0|0|0|0|0|0],参考异国女王形象制成的面具。\n火山官邸之主，塔妮丝的防具。\n能提升灵巧。\n\n在过去，塔妮丝是异国的舞娘，\n拉卡德遇见她之后一见钟情，纳为侧室。\n后来在拉卡德化成亵渎大蛇之后，\n她是唯一维持人类身分，留在他身边的人。\n\n在那一刻，塔妮丝才第一次受拉卡德吸引。
960100,侧室长袍,1,0,[0|0|0],602080,0,67,67,100,0.007,1150,0,500,4.1,-1,-1,-1,7000,1,-0.4,-1,-1,-1,-1,-1,-1,-1,-1,-1,-1,-1,-1,-1,-1,-1,-1,1,1,1,1,1,1,1,1,-1,1480,14591,14591,0,0,0,0,[0|0],0,0,0,0,0,0,0,0,46,46,25,63,0,-1,-1,1,0,2,3,1,1,30,0,[0|0],1,0,1,0,0,0,0,0,0,-1,-1,0,1,1,0,0,1,2,0,0.947,0.958,0.958,0.947,0.87,0.876,0.876,109,50,113,50,113,139,139,139,-1,1,0,0.872,0,0,0,0,0,0,0,0,0,0,0,0,0,0,0,0,0,0,0,0,0,0,0,0,0,0,0,0,0,0,0,0,0,0,0,0,[0|0|0|0],0,25,0,0,0,0,0,0,1,1,1,0,0,0,0,0,0,0,0,0,0,1,1,1,0,0,0,0,0,0,0,0,0,0,0,0,0,0,0,0,0,0,1,0,1,1,0,1,0,1,1,1,1,1,0,1,1,1,1,1,1,1,0,0,0,0,0,0,0,1,1,1,0,0,0,1,0,0,0,1,0,0,0,0,0,0,0,0,0,0,0,0,0,0,0,0,0,0,[0|0|0|0|0|0|0|0|0|0|0|0|0|0],以白丝制成的优质长袍。\n火山官邸之主，塔妮丝的防具。\n\n在过去，塔妮丝是异国的舞娘，\n拉卡德遇见她之后一见钟情，纳为侧室。\n后来在拉卡德化成亵渎大蛇之后，\n她是唯一维持人类身分，留在他身边的人。\n\n在那一刻，塔妮丝才第一次受拉卡德吸引。
960300,侧室长裤,1,0,[0|0|0],802030,0,41,41,0,0.004,1250,0,500,2.5,-1,-1,-1,7000,1.1,0,-1,-1,-1,-1,-1,-1,-1,-1,-1,-1,-1,-1,-1,-1,-1,-1,1,1,1,1,1,1,1,1,-1,1480,14593,14593,0,0,0,0,[0|0],0,0,0,0,0,0,0,0,29,29,15,39,0,-1,-1,1,0,6,4,3,1,30,0,[0|0],1,0,0,0,1,0,0,0,0,-1,-1,0,1,1,0,0,1,2,0,0.97,0.977,0.977,0.97,0.926,0.929,0.929,109,50,113,50,113,139,108,139,111,1,0,0.927,0,0,0,0,0,0,0,0,0,0,0,0,0,0,0,0,0,0,0,0,0,0,0,0,0,0,0,0,0,0,0,0,0,0,0,0,[0|0|0|0],0,15,0,0,0,0,0,0,0,0,0,0,0,0,1,0,1,1,1,0,0,1,0,0,0,0,0,0,0,0,0,0,0,0,0,0,0,0,0,0,0,0,0,0,0,0,0,0,0,0,0,0,0,0,0,0,0,0,0,0,0,0,0,0,0,0,0,0,0,0,0,0,0,0,1,0,0,0,0,0,0,0,0,0,0,0,0,0,0,0,0,0,0,0,0,0,0,0,[0|0|0|0|0|0|0|0|0|0|0|0|0|0],优质的白色布质长裤，\n白丝长袍底下穿着的衣物。
961000,领主面具,1,0,[0|0|0],502030,0,33,33,0,0.003,1050,0,500,2.2,6096100,-1,-1,7000,1.5,0,-1,-1,-1,-1,-1,-1,-1,-1,-1,-1,-1,-1,-1,-1,-1,-1,1,1,1,1,1,1,1,1,-1,1530,14610,14610,0,0,0,0,[0|0],0,0,0,0,0,0,0,0,20,20,10,33,0,-1,-1,1,0,5,4,0,2,30,0,[0|0],1,1,0,0,0,1,0,0,0,-1,-1,0,1,1,0,0,1,2,0,0.982,0.977,0.977,0.986,0.954,0.956,0.954,109,110,108,110,108,139,139,139,-1,1,0,0.953,0,0,0,0,0,0,0,0,0,0,0,0,0,0,0,0,0,0,0,0,0,0,0,0,0,0,0,0,0,0,0,0,0,0,0,0,[0|0|0|0],0,10,0,1,1,1,1,0,0,0,0,0,0,0,0,0,0,0,0,1,0,0,0,0,0,0,0,0,0,0,0,0,0,0,0,1,1,0,0,1,0,0,0,0,0,0,0,0,0,0,0,0,0,0,0,0,0,0,0,0,0,0,1,1,1,1,1,1,1,1,1,1,0,0,0,0,0,1,1,0,1,1,1,0,0,0,0,0,0,0,0,0,0,0,0,0,0,1,[0|0|0|0|0|0|0|0|0|0|0|0|0|0],以老贤者形象制成的面具。\n小国领主们穿戴的防具。\n能提升信仰。\n\n据说那是理想领主的象征──\n富有智慧，温和又不具攻击性。\n对权力中心而言，也是最方便行事的特质。
961100,领主长袍,1,0,[0|0|0],602070,0,76,76,100,0.01,1150,0,500,5.1,-1,-1,-1,7000,1,-0.4,-1,-1,-1,-1,-1,-1,-1,-1,-1,-1,-1,-1,-1,-1,-1,-1,1,1,1,1,1,1,1,1,-1,1530,14611,14611,0,0,0,0,[0|0],0,0,0,0,0,0,0,0,46,46,24,76,0,-1,-1,1,0,2,3,1,1,30,0,[0|0],1,0,1,0,0,0,0,0,0,-1,-1,0,1,1,0,0,1,2,0,0.947,0.933,0.933,0.958,0.87,0.876,0.872,109,50,113,50,113,139,139,139,-1,1,0,0.867,0,0,0,0,0,0,0,0,0,0,0,0,0,0,0,0,0,0,0,0,0,0,0,0,0,0,0,0,0,0,0,0,0,0,0,0,[0|0|0|0],0,24,0,0,0,0,0,0,1,1,1,0,0,0,0,0,0,0,0,0,0,1,1,1,0,0,0,0,0,0,0,0,0,0,0,0,0,0,0,0,0,0,1,1,0,1,0,1,1,0,1,1,1,1,0,1,1,1,1,1,1,1,0,0,0,0,0,0,1,0,1,1,1,0,0,1,0,0,0,1,0,0,0,0,0,0,0,0,0,0,0,0,0,0,0,0,0,0,[0|0|0|0|0|0|0|0|0|0|0|0|0|0],小国领主们穿戴的长袍。\n蓝色罩袍是代表领主地位的证明。
962100,上流阶级长袍,1,0,[0|0|0],602060,0,61,61,100,0.008,1150,0,500,4.1,-1,-1,-1,7000,1,-0.4,-1,-1,-1,-1,-1,-1,-1,-1,-1,-1,-1,-1,-1,-1,-1,-1,1,1,1,1,1,1,1,1,-1,1531,14621,14621,0,0,0,0,[0|0],0,0,0,0,0,0,0,0,38,38,21,61,0,-1,-1,1,0,2,3,1,1,30,0,[0|0],1,0,1,0,0,0,0,0,0,-1,-1,0,1,1,0,0,1,2,0,0.958,0.939,0.939,0.973,0.872,0.881,0.874,109,50,113,50,113,139,139,139,-1,1,0,0.87,0,0,0,0,0,0,0,0,0,0,0,0,0,0,0,0,0,0,0,0,0,0,0,0,0,0,0,0,0,0,0,0,0,0,0,0,[0|0|0|0],0,21,0,0,0,0,0,0,1,1,1,0,0,0,0,0,0,0,0,0,0,1,1,1,0,0,0,0,0,0,0,0,0,0,0,0,0,0,0,0,0,0,1,0,1,1,0,1,0,1,1,1,1,1,0,1,1,1,1,1,1,1,0,0,0,0,0,0,0,1,1,1,0,0,0,1,0,0,0,1,0,0,0,0,0,0,0,0,0,0,0,0,0,0,0,0,0,0,[0|0|0|0|0|0|0|0|0|0|0|0|0|0],缀满刺绣的嫩绿色长袍。\n贵族子弟穿戴的衣物。\n\n据说是开始离开父母庇护的象征。
963000,玛雷家面具,1,0,[0|0|0],502050,0,35,35,0,0.004,1050,0,500,2.2,6096300,-1,-1,7000,1.5,0,-1,-1,-1,-1,-1,-1,-1,-1,-1,-1,-1,-1,-1,-1,-1,-1,1,1,1,1,1,1,1,1,-1,1485,14600,14600,0,0,0,0,[0|0],0,0,0,0,0,0,0,0,20,20,14,33,0,-1,-1,1,0,5,4,0,2,30,0,[0|0],1,1,0,0,0,1,0,0,0,-1,-1,0,1,1,0,0,1,2,0,0.979,0.982,0.977,0.986,0.954,0.955,0.955,109,110,113,110,113,139,139,139,-1,1,0,0.954,0,0,0,0,0,0,0,0,0,0,0,0,0,0,0,0,0,0,0,0,0,0,0,0,0,0,0,0,0,0,0,0,0,0,0,0,[0|0|0|0],0,14,1,1,1,1,1,0,0,0,0,0,0,0,0,0,0,0,0,1,0,0,0,0,0,0,0,0,0,0,0,0,0,0,1,0,1,0,0,1,0,0,0,0,0,0,0,0,0,0,0,0,0,0,0,0,0,0,0,0,0,0,1,1,1,1,1,1,1,1,1,1,0,0,0,0,0,1,1,0,1,1,1,0,0,0,0,0,0,0,0,0,0,0,0,0,0,1,[0|0|0|0|0|0|0|0|0|0|0|0|0|0],以白发贵族子弟形象制成的面具。\n玛雷家当家的防具。\n能提升感应。\n\n日荫城的城主玛雷家，代代皆是行刑者。\n据说面具是参考第一代当家的模样而制。
963100,玛雷家长袍,1,0,[0|0|0],602100,0,71,71,100,0.008,1150,0,500,4.1,-1,-1,-1,7000,1,-0.4,-1,-1,-1,-1,-1,-1,-1,-1,-1,-1,-1,-1,-1,-1,-1,-1,1,1,1,1,1,1,1,1,-1,1485,14601,14601,0,0,0,0,[0|0],0,0,0,0,0,0,0,0,42,42,28,67,0,-1,-1,1,0,2,4,1,1,30,0,[0|0],1,0,1,0,0,0,0,0,0,-1,-1,0,1,1,0,0,1,2,0,0.947,0.958,0.939,0.973,0.874,0.876,0.876,109,50,113,50,113,139,139,139,-1,1,0,0.874,0,0,0,0,0,0,0,0,0,0,0,0,0,0,0,0,0,0,0,0,0,0,0,0,0,0,0,0,0,0,0,0,0,0,0,0,[0|0|0|0],0,28,0,0,0,0,0,1,1,1,1,0,0,0,0,0,0,0,0,0,0,1,1,1,0,0,0,0,0,0,0,0,0,0,0,0,0,0,0,0,0,0,1,0,1,1,0,1,1,0,1,1,1,1,0,1,1,1,1,1,1,1,0,0,0,0,0,0,0,1,1,1,0,0,0,1,0,0,0,1,0,0,0,0,0,0,0,0,0,0,0,0,0,0,0,0,0,0,[0|0|0|0|0|0|0|0|0|0|0|0|0|0],肩上披着黑色罩袍的长袍。\n玛雷家当家的防具。\n\n玛雷家的男性生来就与疾病共存。\n也可能因此，玛雷玛雷才会受玛莲妮亚吸引──\n那诞生世上就受腐败宿疾侵蚀，\n活得美丽又壮烈的女神。
963200,渗血腕套,1,0,[0|0|0],700020,0,24,24,0,0.002,1150,0,500,1.4,-1,-1,-1,7000,1.1,0,-1,-1,-1,-1,-1,-1,-1,-1,-1,-1,-1,-1,-1,-1,-1,-1,1,1,1,1,1,1,1,1,-1,1485,14613,14613,0,0,0,0,[0|0],0,0,0,0,0,0,0,0,14,14,9,22,0,-1,-1,1,0,1,4,2,1,10,0,[0|0],1,0,0,1,0,0,0,0,0,-1,-1,0,1,1,0,0,1,2,0,0.987,0.99,0.985,0.994,0.969,0.969,0.969,109,50,113,50,113,139,139,139,-1,1,0,0.969,0,0,0,0,0,0,0,0,0,0,0,0,0,0,0,0,0,0,0,0,0,0,0,0,0,0,0,0,0,0,0,0,0,0,0,0,[0|0|0|0],0,9,0,0,0,0,0,0,0,0,0,0,1,1,0,1,0,0,0,0,1,0,0,0,0,0,1,1,0,1,0,0,0,1,0,0,0,0,0,0,0,0,0,0,0,0,0,0,0,0,0,0,0,0,0,0,0,0,0,0,0,0,0,0,0,0,0,0,0,0,0,0,0,0,0,0,0,0,0,0,0,0,0,0,0,0,0,0,0,0,0,0,0,0,0,0,0,0,[0|0|0|0|0|0|0|0|0|0|0|0|0|0],用渗血的绷带紧紧缠绕的腕套。\n为了保护溃烂手指而用的物品。
964000,渗血面具,1,0,[0|0|0],500140,0,30,30,0,0.003,1050,0,500,2.2,-1,-1,-1,7000,1.5,0,-1,-1,-1,-1,-1,-1,-1,-1,-1,-1,-1,-1,-1,-1,-1,-1,1,1,1,1,1,1,1,1,-1,1486,14620,14620,0,0,0,0,[0|0],0,0,0,0,0,0,0,0,18,18,10,31,0,-1,-1,1,0,5,4,0,1,10,0,[0|0],1,1,0,0,0,1,0,0,0,-1,-1,0,1,1,0,0,1,2,0,0.982,0.982,0.982,0.979,0.954,0.956,0.955,109,110,113,110,113,139,139,139,-1,1,0,0.954,0,0,0,0,0,0,0,0,0,0,0,0,0,0,0,0,0,0,0,0,0,0,0,0,0,0,0,0,0,0,0,0,0,0,0,0,[0|0|0|0],0,10,0,1,1,1,1,0,0,0,0,0,0,0,0,0,0,0,0,1,0,0,0,0,0,1,0,0,0,0,0,0,0,0,0,1,0,0,1,0,0,0,0,0,0,0,0,0,0,0,0,0,0,0,0,0,0,0,0,0,0,0,1,1,1,1,1,1,1,1,1,1,0,0,0,0,0,1,1,0,1,1,1,0,0,0,0,0,0,0,0,0,0,0,0,0,0,0,[0|0|0|0|0|0|0|0|0|0|0|0|0|0],用渗血的绷带紧紧包覆整颗头的面具。\n为了保护溃烂脸部而用的物品。
964100,官吏上衣,1,0,[0|0|0],602090,0,61,61,100,0.008,1150,0,500,4.1,-1,-1,-1,7000,1,-0.4,-1,-1,-1,-1,-1,-1,-1,-1,-1,-1,-1,-1,-1,-1,-1,-1,1,1,1,1,1,1,1,1,-1,1486,14603,14603,0,0,0,0,[0|0],0,0,0,0,0,0,0,0,38,38,22,64,0,-1,-1,1,0,2,3,1,1,30,0,[0|0],1,0,1,0,0,0,0,0,0,-1,-1,0,1,1,0,0,1,2,0,0.958,0.958,0.958,0.947,0.872,0.881,0.876,109,50,113,50,113,139,139,139,-1,1,0,0.872,0,0,0,0,0,0,0,0,0,0,0,0,0,0,0,0,0,0,0,0,0,0,0,0,0,0,0,0,0,0,0,0,0,0,0,0,[0|0|0|0],0,22,0,0,0,0,0,1,1,1,1,0,0,0,0,0,0,0,0,0,0,1,1,1,0,0,0,0,0,0,0,0,0,0,0,0,0,0,0,0,0,0,1,0,1,1,0,1,0,1,1,1,1,1,0,1,1,1,1,1,1,1,0,0,0,0,0,0,0,1,1,1,0,0,0,1,0,0,0,1,0,0,0,0,0,0,0,0,0,0,0,0,0,0,0,0,0,0,[0|0|0|0|0|0|0|0|0|0|0|0|0|0],略显骯脏的蓝色长袍。\n肩负严酷职责的官吏们穿戴的上衣。\n\n监视、行刑、残酷的仪式──\n然而有这些见不得光的职责，人们才得以生存。
965000,,1,0,[0|0|0],999999,0,39,39,0,0.005,1050,0,500,3.6,-1,-1,-1,7000,1.5,0,-1,-1,-1,-1,-1,-1,-1,-1,-1,-1,-1,-1,-1,-1,-1,-1,1,1,1,1,1,1,1,1,-1,1480,14590,14590,0,0,0,0,[0|0],0,0,0,0,0,0,0,0,24,24,14,35,0,-1,-1,1,0,5,4,0,1,255,0,[0|0],1,1,0,0,0,1,0,0,0,-1,-1,0,1,0,0,0,1,2,0,0.972,0.975,0.972,0.975,0.95,0.952,0.952,139,139,139,139,139,139,139,139,-1,1,0,0.95,0,0,0,0,0,0,0,0,0,0,0,0,0,0,0,0,0,0,0,0,0,0,0,0,0,0,0,0,0,0,0,0,0,0,0,0,[0|0|0|0],0,14,0,1,1,1,1,0,0,0,0,0,0,0,0,0,0,0,0,1,0,0,0,0,0,0,0,0,0,0,0,0,0,0,1,0,1,0,0,1,0,0,0,0,0,0,0,0,0,0,0,0,0,0,0,0,0,0,0,0,0,0,1,1,1,1,1,1,1,1,1,1,0,0,0,0,0,1,1,0,1,1,1,0,0,0,0,0,0,0,0,0,0,0,0,0,0,0,[0|0|0|0|0|0|0|0|0|0|0|0|0|0],
965100,,1,0,[0|0|0],999999,0,67,67,100,0.007,1150,0,500,4.1,-1,-1,-1,7000,1,-0.4,-1,-1,-1,-1,-1,-1,-1,-1,-1,-1,-1,-1,-1,-1,-1,-1,1,1,1,1,1,1,1,1,-1,1480,14591,14591,0,0,0,0,[0|0],0,0,0,0,0,0,0,0,46,46,25,63,0,-1,-1,1,0,2,3,1,1,255,0,[0|0],1,0,1,0,0,0,0,0,0,-1,-1,0,1,0,0,0,1,2,0,0.947,0.958,0.958,0.947,0.87,0.876,0.876,139,139,139,139,139,139,139,139,-1,1,0,0.872,0,0,0,0,0,0,0,0,0,0,0,0,0,0,0,0,0,0,0,0,0,0,0,0,0,0,0,0,0,0,0,0,0,0,0,0,[0|0|0|0],0,25,0,0,0,0,0,0,1,1,1,0,0,0,0,0,0,0,0,0,0,1,1,1,0,0,0,0,0,0,0,0,0,0,0,0,0,0,0,0,0,0,1,0,1,1,0,1,0,1,1,1,1,1,0,1,1,1,1,1,1,1,0,0,0,0,0,0,0,1,1,1,0,0,0,1,0,0,0,1,0,0,0,0,0,0,0,0,0,0,0,0,0,0,0,0,0,0,[0|0|0|0|0|0|0|0|0|0|0|0|0|0],
965300,,1,0,[0|0|0],999999,0,41,41,0,0.004,1250,0,500,2.5,-1,-1,-1,7000,1.1,0,-1,-1,-1,-1,-1,-1,-1,-1,-1,-1,-1,-1,-1,-1,-1,-1,1,1,1,1,1,1,1,1,-1,1480,14593,14593,0,0,0,0,[0|0],0,0,0,0,0,0,0,0,29,29,15,39,0,-1,-1,1,0,6,4,3,1,255,0,[0|0],1,0,0,0,1,0,0,0,0,-1,-1,0,1,0,0,0,1,2,0,0.97,0.977,0.977,0.97,0.926,0.929,0.929,139,139,139,139,139,139,139,139,111,1,0,0.927,0,0,0,0,0,0,0,0,0,0,0,0,0,0,0,0,0,0,0,0,0,0,0,0,0,0,0,0,0,0,0,0,0,0,0,0,[0|0|0|0],0,15,0,0,0,0,0,0,0,0,0,0,0,0,1,0,1,1,1,0,0,1,0,0,0,0,0,0,0,0,0,0,0,0,0,0,0,0,0,0,0,0,0,0,0,0,0,0,0,0,0,0,0,0,0,0,0,0,0,0,0,0,0,0,0,0,0,0,0,0,0,0,0,0,1,0,0,0,0,0,0,0,0,0,0,0,0,0,0,0,0,0,0,0,0,0,0,0,[0|0|0|0|0|0|0|0|0|0|0|0|0|0],
966000,,1,0,[0|0|0],999999,0,33,33,0,0.003,1050,0,500,2.2,-1,-1,-1,7000,1.5,0,-1,-1,-1,-1,-1,-1,-1,-1,-1,-1,-1,-1,-1,-1,-1,-1,1,1,1,1,1,1,1,1,-1,1530,14610,14610,0,0,0,0,[0|0],0,0,0,0,0,0,0,0,20,20,10,33,0,-1,-1,1,0,5,4,0,1,255,0,[0|0],1,1,0,0,0,1,0,0,0,-1,-1,0,1,0,0,0,1,2,0,0.982,0.977,0.977,0.986,0.954,0.956,0.954,109,110,108,110,108,139,139,139,-1,1,0,0.953,0,0,0,0,0,0,0,0,0,0,0,0,0,0,0,0,0,0,0,0,0,0,0,0,0,0,0,0,0,0,0,0,0,0,0,0,[0|0|0|0],0,10,0,1,1,1,1,0,0,0,0,0,0,0,0,0,0,0,0,1,0,0,0,0,0,0,0,0,0,0,0,0,0,0,0,1,1,0,0,1,0,0,0,0,0,0,0,0,0,0,0,0,0,0,0,0,0,0,0,0,0,0,1,1,1,1,1,1,1,1,1,1,0,0,0,0,0,1,1,0,1,1,1,0,0,0,0,0,0,0,0,0,0,0,0,0,0,1,[0|0|0|0|0|0|0|0|0|0|0|0|0|0],
967000,,1,0,[0|0|0],999999,0,35,35,0,0.003,1050,0,500,2.2,-1,-1,-1,7000,1.5,0,-1,-1,-1,-1,-1,-1,-1,-1,-1,-1,-1,-1,-1,-1,-1,-1,1,1,1,1,1,1,1,1,-1,1485,14600,14600,0,0,0,0,[0|0],0,0,0,0,0,0,0,0,20,20,14,33,0,-1,-1,1,0,5,4,0,1,255,0,[0|0],1,1,0,0,0,1,0,0,0,-1,-1,0,1,0,0,0,1,2,0,0.979,0.982,0.977,0.986,0.954,0.955,0.955,109,110,113,110,113,139,139,139,-1,1,0,0.954,0,0,0,0,0,0,0,0,0,0,0,0,0,0,0,0,0,0,0,0,0,0,0,0,0,0,0,0,0,0,0,0,0,0,0,0,[0|0|0|0],0,14,1,1,1,1,1,0,0,0,0,0,0,0,0,0,0,0,0,1,0,0,0,0,0,0,0,0,0,0,0,0,0,0,1,0,1,0,0,1,0,0,0,0,0,0,0,0,0,0,0,0,0,0,0,0,0,0,0,0,0,0,1,1,1,1,1,1,1,1,1,1,0,0,0,0,0,1,1,0,1,1,1,0,0,0,0,0,0,0,0,0,0,0,0,0,0,1,[0|0|0|0|0|0|0|0|0|0|0|0|0|0],
970000,忌讳头盔,1,0,[0|0|0],510030,0,24,24,0,0.014,1050,0,500,9.9,6097000,6097001,-1,7000,1.5,0,-1,-1,-1,-1,-1,-1,-1,-1,-1,-1,-1,-1,-1,-1,-1,-1,1,1,1,1,1,1,1,1,-1,1490,14630,14630,0,0,0,0,[0|0],0,0,0,0,0,0,0,0,29,29,27,33,0,-1,-1,1,0,5,4,0,2,110,0,[0|0],1,1,0,0,0,1,0,0,0,-1,-1,0,1,1,0,0,1,2,0,0.933,0.932,0.946,0.932,0.954,0.948,0.947,109,110,108,110,108,139,139,139,-1,1,0,0.951,0,0,0,0,0,0,0,0,0,0,0,0,0,0,0,0,0,0,0,0,0,0,0,0,0,0,0,0,0,0,0,0,0,0,0,0,[0|0|0|0],0,27,0,0,0,0,0,0,0,0,0,0,0,0,0,0,0,0,0,0,0,0,0,0,0,0,0,0,0,0,0,0,0,0,0,1,1,0,0,1,0,0,0,0,0,0,0,0,0,0,0,0,0,0,0,0,0,0,0,0,0,0,1,0,1,1,1,0,1,1,1,1,0,0,0,0,0,1,1,0,0,1,0,0,0,0,0,0,0,0,0,0,0,0,0,0,0,1,[0|0|0|0|0|0|0|0|0|0|0|0|0|0],参考角被切除的恶兆之子\n制成的异形头盔。食粪者的防具。\n\n据说是食粪者心中浮现的幻象，\n从镜中反映出的，自己的真实模样。\n\n拥有恶兆之子的心，却没有相符的身体──\n世上竟然存在这种痛苦。\n让所有的一切受诅咒吧。
970100,忌讳铠甲,1,0,[0|0|0],610030,0,57,57,100,0.043,1150,0,500,23.1,6097010,6097011,-1,7000,1,-0.4,-1,-1,-1,-1,-1,-1,-1,-1,-1,-1,-1,-1,-1,-1,-1,-1,1,1,1,1,1,1,1,1,-1,1490,14631,14631,0,0,0,0,[0|0],0,0,0,0,0,0,0,0,67,67,63,76,0,-1,-1,1,0,2,4,1,2,110,0,[0|0],1,0,1,0,0,0,0,0,0,-1,-1,0,1,1,0,0,1,2,0,0.817,0.813,0.85,0.813,0.87,0.855,0.851,109,50,108,50,108,139,139,139,-1,1,0,0.862,0,0,0,0,0,0,0,0,0,0,0,0,0,0,0,0,0,0,0,0,0,0,0,0,0,0,0,0,0,0,0,0,0,0,0,1,[0|0|0|0],0,63,0,0,0,0,0,0,1,1,1,1,0,0,0,0,0,0,0,0,0,1,1,1,0,0,0,0,0,0,0,0,0,0,0,0,0,0,0,0,0,0,1,1,1,0,1,0,1,1,1,0,0,0,1,0,1,0,1,0,1,0,0,0,0,0,0,0,1,1,1,0,0,0,0,1,0,0,0,1,0,0,0,1,1,1,1,1,1,1,1,1,1,1,1,1,1,0,[0|0|0|0|0|0|0|0|0|0|0|0|0|0],参考角被切除的恶兆之子\n制成的异形铠甲。食粪者的防具。\n\n铠甲上的太阳徽章是他曾见到的引导，\n也是总有一天会在引导尽头看见的，\n那神似法环的存在。
970200,忌讳臂甲,1,0,[0|0|0],709020,0,19,19,0,0.009,1150,0,500,7.7,6097020,6097021,-1,7000,1.1,0,-1,-1,-1,-1,-1,-1,-1,-1,-1,-1,-1,-1,-1,-1,-1,-1,1,1,1,1,1,1,1,1,-1,1490,14632,14632,0,0,0,0,[0|0],0,0,0,0,0,0,0,0,22,22,21,25,0,-1,-1,1,0,1,4,2,2,100,0,[0|0],1,0,0,1,0,0,0,0,0,-1,-1,0,1,1,0,0,1,2,0,0.954,0.953,0.963,0.953,0.968,0.964,0.963,109,50,108,50,108,139,139,139,-1,1,0,0.966,0,0,0,0,0,0,0,0,0,0,0,0,0,0,0,0,0,0,0,0,0,0,0,0,0,0,0,0,0,0,0,0,0,0,0,0,[0|0|0|0],0,21,0,0,0,0,0,0,0,0,0,0,0,1,0,1,0,0,0,0,1,0,0,0,0,0,1,0,1,0,1,1,0,1,0,0,0,0,0,0,0,0,0,0,0,0,0,0,0,0,0,0,0,0,0,0,0,0,0,0,0,0,0,0,0,0,0,0,0,0,0,0,0,0,0,0,0,0,0,0,0,0,0,0,0,0,0,0,0,0,0,0,0,0,0,0,0,0,[0|0|0|0|0|0|0|0|0|0|0|0|0|0],参考角被切除的恶兆之子\n制成的异形臂甲。食粪者的防具。\n\n据说是食粪者心中浮现的幻象，\n从镜中反映出的，自己的真实模样。\n\n拥有恶兆之子的心，却没有相符的身体──\n世上竟然存在这种痛苦。\n让所有的一切受诅咒吧。
970300,忌讳腿甲,1,0,[0|0|0],809020,0,35,35,0,0.025,1250,0,500,14.3,6097030,6097031,-1,7000,1.1,0,-1,-1,-1,-1,-1,-1,-1,-1,-1,-1,-1,-1,-1,-1,-1,-1,1,1,1,1,1,1,1,1,-1,1490,14633,14633,0,0,0,0,[0|0],0,0,0,0,0,0,0,0,41,41,39,47,0,-1,-1,1,0,6,4,3,2,100,0,[0|0],1,0,0,0,1,0,0,0,0,-1,-1,0,1,1,0,0,1,2,0,0.894,0.892,0.914,0.892,0.926,0.917,0.915,109,50,108,50,108,139,139,139,111,1,0,0.921,0,0,0,0,0,0,0,0,0,0,0,0,0,0,0,0,0,0,0,0,0,0,0,0,0,0,0,0,0,0,0,0,0,0,0,0,[0|0|0|0],0,39,0,0,0,0,0,0,0,0,0,0,0,0,1,0,1,1,1,0,0,1,0,0,0,0,0,0,0,0,0,0,0,0,0,0,0,0,0,0,0,0,0,0,0,0,0,0,0,0,0,0,0,0,0,0,0,0,0,0,0,0,0,0,0,0,0,0,0,0,0,0,0,0,1,0,0,0,0,0,0,0,0,0,0,0,0,0,0,0,0,0,0,0,0,0,0,0,[0|0|0|0|0|0|0|0|0|0|0|0|0|0],参考角被切除的恶兆之子\n制成的异形腿甲。食粪者的防具。\n\n据说是食粪者心中浮现的幻象，\n从镜中反映出的，自己的真实模样。\n\n拥有恶兆之子的心，却没有相符的身体──\n世上竟然存在这种痛苦。\n让所有的一切受诅咒吧。
980000,卡利亚骑士头盔,0,0,[0|0|0],507030,0,9,9,0,0.006,1050,0,500,4.6,-1,-1,-1,7000,1.5,0,-1,-1,-1,-1,-1,-1,-1,-1,-1,-1,-1,-1,-1,-1,-1,-1,1,1,1,1,1,1,1,1,-1,1500,14640,14640,0,0,0,0,[0|0],0,0,0,0,0,0,0,0,12,12,20,10,0,-1,-1,1,0,5,4,0,1,80,0,[0|0],1,1,0,0,0,1,0,0,0,-1,-1,0,1,1,0,0,1,2,0,0.958,0.956,0.962,0.958,0.956,0.958,0.966,109,110,106,110,106,139,139,139,-1,1,0,0.958,0,0,0,0,0,0,0,0,0,0,0,0,0,0,0,0,0,0,0,0,0,0,0,0,0,0,0,0,0,0,0,0,0,0,0,0,[0|0|0|0],0,20,1,1,1,1,1,0,0,0,0,0,0,0,0,0,0,0,0,1,0,0,0,0,0,1,0,0,0,0,0,0,0,0,1,0,0,0,0,1,0,0,0,0,0,0,0,0,0,0,0,0,0,0,0,0,0,0,0,0,0,0,1,1,1,1,1,1,1,1,1,1,0,0,0,0,0,1,1,0,1,1,1,0,0,0,0,0,0,0,0,0,0,0,0,0,0,0,[0|0|0|0|0|0|0|0|0|0|0|0|0|0],过去侍奉卡利亚王室的\n魔法骑士们穿戴的头盔。\n\n月之女王授予勋章的骑士\n皆是万夫莫敌的英雄，无一例外──\n然而王室衰微，英雄也随之消逝。
980100,卡利亚骑士铠甲,1,0,[0|0|0],607030,0,21,21,100,0.019,1150,0,500,10.4,-1,-1,-1,7000,1,-0.4,-1,-1,-1,-1,-1,-1,-1,-1,-1,-1,-1,-1,-1,-1,-1,-1,1,1,1,1,1,1,1,1,-1,1500,14641,14641,0,0,0,0,[0|0],0,0,0,0,0,0,0,0,28,28,46,23,0,-1,-1,1,0,2,4,1,1,80,0,[0|0],1,0,1,0,0,0,0,0,0,-1,-1,0,1,1,0,0,1,2,0,0.882,0.877,0.892,0.882,0.877,0.882,0.906,109,50,106,50,106,139,139,139,-1,1,0,0.882,0,0,0,0,0,0,0,0,0,0,0,0,0,0,0,0,0,0,0,0,0,0,0,0,0,0,0,0,0,0,0,0,0,0,0,0,[0|0|0|0],0,46,0,0,0,0,0,1,1,1,1,1,0,0,0,0,0,0,0,0,0,1,1,1,0,0,0,0,0,0,0,0,0,0,0,0,0,0,0,0,0,0,1,1,0,1,0,1,1,1,0,1,1,1,0,1,0,1,1,1,0,1,0,0,0,0,0,0,1,0,1,1,0,0,0,1,0,0,0,1,0,0,0,1,1,1,1,1,1,1,1,1,1,1,1,1,1,0,[0|0|0|0|0|0|0|0|0|0|0|0|0|0],过去侍奉卡利亚王室的\n魔法骑士们穿戴的铠甲。\n\n月之女王授予勋章的骑士\n皆是万夫莫敌的英雄，无一例外──\n然而王室衰微，英雄也随之消逝。
980200,卡利亚骑士臂甲,0,0,[0|0|0],706020,0,7,7,0,0.004,1150,0,500,3.5,-1,-1,-1,7000,1.1,0,-1,-1,-1,-1,-1,-1,-1,-1,-1,-1,-1,-1,-1,-1,-1,-1,1,1,1,1,1,1,1,1,-1,1500,14642,14642,0,0,0,0,[0|0],0,0,0,0,0,0,0,0,9,9,15,8,0,-1,-1,1,0,1,4,2,1,70,0,[0|0],1,0,0,1,0,0,0,0,0,-1,-1,0,1,1,0,0,1,2,0,0.971,0.969,0.973,0.971,0.969,0.971,0.977,109,50,106,50,106,139,139,139,-1,1,0,0.971,0,0,0,0,0,0,0,0,0,0,0,0,0,0,0,0,0,0,0,0,0,0,0,0,0,0,0,0,0,0,0,0,0,0,0,0,[0|0|0|0],0,15,0,0,0,0,0,0,0,0,0,0,1,1,0,1,0,0,0,0,1,0,0,0,0,0,1,0,1,0,1,1,0,1,0,0,0,0,0,0,0,0,0,0,0,0,0,0,0,0,0,0,0,0,0,0,0,0,0,0,0,0,0,0,0,0,0,0,0,0,0,0,0,0,0,0,0,0,0,0,0,0,0,0,0,0,0,0,0,0,0,0,0,0,0,0,0,0,[0|0|0|0|0|0|0|0|0|0|0|0|0|0],过去侍奉卡利亚王室的\n魔法骑士们穿戴的臂甲。\n\n月之女王授予勋章的骑士\n皆是万夫莫敌的英雄，无一例外──\n然而王室衰微，英雄也随之消逝。
980300,卡利亚骑士腿甲,0,0,[0|0|0],806020,0,13,13,0,0.011,1250,0,500,6.6,-1,-1,-1,7000,1.1,0,-1,-1,-1,-1,-1,-1,-1,-1,-1,-1,-1,-1,-1,-1,-1,-1,1,1,1,1,1,1,1,1,-1,1500,14643,14643,0,0,0,0,[0|0],0,0,0,0,0,0,0,0,17,17,29,14,0,-1,-1,1,0,6,4,3,1,70,0,[0|0],1,0,0,0,1,0,0,0,0,-1,-1,0,1,1,0,0,1,2,0,0.932,0.929,0.938,0.932,0.929,0.932,0.946,109,50,106,50,106,139,106,139,111,1,0,0.932,0,0,0,0,0,0,0,0,0,0,0,0,0,0,0,0,0,0,0,0,0,0,0,0,0,0,0,0,0,0,0,0,0,0,0,0,[0|0|0|0],0,29,0,0,0,0,0,0,0,0,0,0,0,0,1,0,1,1,1,0,0,1,0,0,0,0,0,0,0,0,0,0,0,0,0,0,0,0,0,0,0,0,0,0,0,0,0,0,0,0,0,0,0,0,0,0,0,0,0,0,0,0,0,0,0,0,0,0,0,0,0,0,0,0,1,0,0,0,0,0,0,0,0,0,0,0,0,0,0,0,0,0,0,0,0,0,0,0,[0|0|0|0|0|0|0|0|0|0|0|0|0|0],过去侍奉卡利亚王室的\n魔法骑士们穿戴的腿甲。\n\n月之女王授予勋章的骑士\n皆是万夫莫敌的英雄，无一例外──\n然而王室衰微，英雄也随之消逝。
981100,卡利亚骑士铠甲（轻装）,0,0,[0|0|0],607040,0,16,16,100,0.018,1150,0,500,9.7,-1,-1,-1,7000,1,-0.4,-1,-1,-1,-1,-1,-1,-1,-1,-1,-1,-1,-1,-1,-1,-1,-1,1,1,1,1,1,1,1,1,-1,1501,14651,14651,0,0,0,0,[0|0],0,0,0,0,0,0,0,0,22,22,38,19,0,-1,-1,1,0,2,4,1,1,80,0,[0|0],1,0,1,0,0,0,0,0,0,-1,-1,0,1,1,0,0,1,2,0,0.883,0.878,0.902,0.883,0.883,0.883,0.909,109,50,106,50,106,139,139,139,-1,1,0,0.883,0,0,0,0,0,0,0,0,0,0,0,0,0,0,0,0,0,0,0,0,0,0,0,0,0,0,0,0,0,0,0,0,0,0,0,0,[0|0|0|0],0,38,0,0,0,0,0,1,1,1,1,1,0,0,0,0,0,0,0,0,0,1,1,1,0,0,0,0,0,0,0,0,0,0,0,0,0,0,0,0,0,0,1,1,0,1,0,1,1,1,0,1,1,1,0,1,0,1,1,1,0,1,0,0,0,0,0,0,1,0,1,1,0,0,0,1,0,0,0,1,0,0,0,0,0,0,0,0,0,0,0,0,0,0,0,0,0,0,[0|0|0|0|0|0|0|0|0|0|0|0|0|0],过去侍奉卡利亚王室的\n魔法骑士们穿戴的铠甲。\n\n月之女王授予勋章的骑士\n皆是万夫莫敌的英雄，无一例外──\n然而王室衰微，英雄也随之消逝。
990000,亚罗塔斯辉石头罩,1,0,[0|0|0],501080,0,39,39,0,0.004,1050,0,500,3,6099000,-1,-1,7000,1.5,0,-1,-1,-1,-1,-1,-1,-1,-1,-1,-1,-1,-1,-1,-1,-1,-1,1,1,1,1,1,1,1,1,-1,1510,14660,14660,0,0,0,0,[0|0],0,0,0,0,0,0,0,0,20,20,11,42,0,-1,-1,1,0,5,4,0,2,20,0,[0|0],1,1,0,0,0,1,0,0,0,-1,-1,0,1,1,0,0,1,2,0,0.977,0.972,0.977,0.977,0.951,0.953,0.954,109,110,108,110,108,139,139,139,-1,1,0,0.951,0,0,0,0,0,0,0,0,0,0,0,0,0,0,0,0,0,0,0,0,0,0,0,0,0,0,0,0,0,0,0,0,0,0,0,0,[0|0|0|0],0,11,1,1,1,1,0,0,0,0,0,0,0,0,0,0,0,0,0,1,0,0,0,0,0,0,0,0,0,0,0,0,0,0,1,0,1,0,0,1,0,0,0,0,0,0,0,0,0,0,0,0,0,0,0,0,0,0,0,0,0,0,1,1,1,1,1,1,1,1,1,1,0,0,0,0,0,1,0,0,1,1,1,0,0,0,0,0,0,0,0,0,0,0,0,0,0,0,[0|0|0|0|0|0|0|0|0|0|0|0|0|0],魔法学院雷亚卢卡利亚之中，\n在探索之路受到肯定的学徒\n穿戴的其中一种辉石头罩。\n\n能提升智力与耐力，但会降低专注值。\n\n那些离开学院，想借由流浪四方学习的人，\n会受赠亚罗塔斯辉石头罩。
990100,离群魔法师长袍,1,0,[0|0|0],601060,0,67,67,100,0.008,1150,0,500,4.1,-1,-1,-1,7000,1,-0.4,-1,-1,-1,-1,-1,-1,-1,-1,-1,-1,-1,-1,-1,-1,-1,-1,1,1,1,1,1,1,1,1,-1,1510,14661,14661,0,0,0,0,[0|0],0,0,0,0,0,0,0,0,35,35,23,71,0,-1,-1,1,0,2,4,1,1,20,0,[0|0],1,0,1,0,0,0,0,0,0,-1,-1,0,1,1,0,0,1,2,0,0.958,0.939,0.958,0.958,0.87,0.874,0.876,109,50,113,50,113,139,139,139,-1,1,0,0.87,0,0,0,0,0,0,0,0,0,0,0,0,0,0,0,0,0,0,0,0,0,0,0,0,0,0,0,0,0,0,0,0,0,0,0,0,[0|0|0|0],0,23,0,0,0,0,0,0,1,0,1,0,0,0,0,0,0,0,0,0,0,1,1,1,0,0,0,0,0,0,0,0,0,0,0,0,0,0,0,0,0,0,1,1,1,0,1,0,1,1,1,0,1,1,0,1,1,1,1,1,1,1,0,0,0,0,0,0,1,1,1,0,1,0,0,1,0,0,0,1,0,0,0,1,1,1,1,1,1,1,1,1,1,1,1,1,1,0,[0|0|0|0|0|0|0|0|0|0|0|0|0|0],常见的厚实布质长袍。\n最先进入圆桌厅堂的创始褪色者其中一人，\n“离群魔法师”维赫勒的防具。\n\n据说那接触到魔法起源的沉静求道者，\n在引导之末与朋友巴格莱姆交战，\n最后两败俱伤，就此囚禁在圆桌厅堂。
990200,离群魔法师腕套,1,0,[0|0|0],701030,0,21,21,0,0.001,1150,0,500,1.1,-1,-1,-1,7000,1.1,0,-1,-1,-1,-1,-1,-1,-1,-1,-1,-1,-1,-1,-1,-1,-1,-1,1,1,1,1,1,1,1,1,-1,1510,14662,14662,0,0,0,0,[0|0],0,0,0,0,0,0,0,0,11,11,7,22,0,-1,-1,1,0,1,4,2,1,20,0,[0|0],1,0,0,1,0,0,0,0,0,-1,-1,0,1,1,0,0,1,2,0,0.994,0.987,0.994,0.994,0.968,0.969,0.971,109,50,108,50,108,139,139,139,-1,1,0,0.968,0,0,0,0,0,0,0,0,0,0,0,0,0,0,0,0,0,0,0,0,0,0,0,0,0,0,0,0,0,0,0,0,0,0,0,0,[0|0|0|0],0,7,0,0,0,0,0,0,0,0,0,0,1,0,0,0,0,0,0,0,0,0,0,0,0,0,1,1,0,1,0,0,0,1,0,0,0,0,0,0,0,0,0,0,0,0,0,0,0,0,0,0,0,0,0,0,0,0,0,0,0,0,0,0,0,0,0,0,0,0,0,0,0,0,0,0,0,0,0,0,0,0,0,0,0,0,0,0,0,0,0,0,0,0,0,0,0,0,[0|0|0|0|0|0|0|0|0|0|0|0|0|0],常见的皮制腕套。\n手上四处嵌入了发出钝光的辉石。
990300,离群魔法师靴子,1,0,[0|0|0],801030,0,47,47,0,0.005,1250,0,500,3.1,-1,-1,-1,7000,1.1,0,-1,-1,-1,-1,-1,-1,-1,-1,-1,-1,-1,-1,-1,-1,-1,-1,1,1,1,1,1,1,1,1,-1,1510,14663,14663,0,0,0,0,[0|0],0,0,0,0,0,0,0,0,24,24,15,51,0,-1,-1,1,0,6,4,3,1,20,0,[0|0],1,0,0,0,1,0,0,0,0,-1,-1,0,1,1,0,0,1,2,0,0.97,0.962,0.97,0.97,0.924,0.927,0.928,109,50,113,50,113,139,108,139,111,1,0,0.924,0,0,0,0,0,0,0,0,0,0,0,0,0,0,0,0,0,0,0,0,0,0,0,0,0,0,0,0,0,0,0,0,0,0,0,0,[0|0|0|0],0,15,0,0,0,0,0,0,0,0,0,0,0,0,1,0,0,1,1,0,0,1,0,0,0,0,0,0,0,0,0,0,0,0,0,0,0,0,0,0,0,0,0,0,0,0,0,0,0,0,0,0,0,0,0,0,0,0,0,0,0,0,0,0,0,0,0,0,0,0,0,0,0,0,1,0,0,0,0,0,0,0,0,0,0,0,0,0,0,0,0,0,0,0,0,0,0,0,[0|0|0|0|0|0|0|0|0|0|0|0|0|0],常见的皮制靴子。\n能熬过漫长旅行的坚固防具。
991100,离群魔法师长袍（轻装）,1,0,[0|0|0],601070,0,62,62,100,0.007,1150,0,500,3.2,-1,-1,-1,7000,1,-0.4,-1,-1,-1,-1,-1,-1,-1,-1,-1,-1,-1,-1,-1,-1,-1,-1,1,1,1,1,1,1,1,1,-1,1511,14671,14671,0,0,0,0,[0|0],0,0,0,0,0,0,0,0,31,31,20,66,0,-1,-1,1,0,2,4,1,1,20,0,[0|0],1,0,1,0,0,0,0,0,0,-1,-1,0,1,1,0,0,1,2,0,0.973,0.947,0.973,0.973,0.872,0.876,0.881,109,50,113,50,113,139,139,139,-1,1,0,0.872,0,0,0,0,0,0,0,0,0,0,0,0,0,0,0,0,0,0,0,0,0,0,0,0,0,0,0,0,0,0,0,0,0,0,0,0,[0|0|0|0],0,20,0,0,0,0,0,0,1,0,1,0,0,0,0,0,0,0,0,0,0,1,1,1,0,0,0,0,0,0,0,0,0,0,0,0,0,0,0,0,0,0,1,1,1,0,1,0,1,1,0,1,1,1,0,1,1,1,1,1,1,1,0,0,0,0,0,0,1,0,1,1,1,0,0,1,0,0,0,1,0,0,0,0,0,0,0,0,0,0,0,0,0,0,0,0,0,0,[0|0|0|0|0|0|0|0|0|0|0|0|0|0],常见的厚实布质长袍。\n最先进入圆桌厅堂的创始褪色者其中一人，\n“离群魔法师”维赫勒的防具。\n\n据说那接触到魔法起源的沉静求道者，\n在引导之末与朋友巴格莱姆交战，\n最后两败俱伤，就此囚禁在圆桌厅堂。
992000,,1,0,[0|0|0],999999,0,39,39,0,0.004,1050,0,500,3,-1,-1,-1,7000,1.5,0,-1,-1,-1,-1,-1,-1,-1,-1,-1,-1,-1,-1,-1,-1,-1,-1,1,1,1,1,1,1,1,1,-1,1510,14660,14660,0,0,0,0,[0|0],0,0,0,0,0,0,0,0,20,20,11,42,0,-1,-1,1,0,5,4,0,1,255,0,[0|0],1,1,0,0,0,1,0,0,0,-1,-1,0,1,0,0,0,1,2,0,0.977,0.972,0.977,0.977,0.951,0.953,0.954,109,110,108,110,108,139,139,139,-1,1,0,0.951,0,0,0,0,0,0,0,0,0,0,0,0,0,0,0,0,0,0,0,0,0,0,0,0,0,0,0,0,0,0,0,0,0,0,0,0,[0|0|0|0],0,11,1,1,1,1,0,0,0,0,0,0,0,0,0,0,0,0,0,1,0,0,0,0,0,0,0,0,0,0,0,0,0,0,1,0,1,0,0,1,0,0,0,0,0,0,0,0,0,0,0,0,0,0,0,0,0,0,0,0,0,0,1,1,1,1,1,1,1,1,1,1,0,0,0,0,0,1,0,0,1,1,1,0,0,0,0,0,0,0,0,0,0,0,0,0,0,0,[0|0|0|0|0|0|0|0|0|0|0|0|0|0],
1000000,海摩辉石头罩,1,0,[0|0|0],501070,0,33,33,0,0.004,1050,0,500,2.7,6100000,-1,-1,7000,1.5,0,-1,-1,-1,-1,-1,-1,-1,-1,-1,-1,-1,-1,-1,-1,-1,-1,1,1,1,1,1,1,1,1,-1,1520,14680,14680,0,0,0,0,[0|0],0,0,0,0,0,0,0,0,22,22,11,39,0,-1,-1,1,0,5,4,0,2,20,0,[0|0],1,1,0,0,0,1,0,0,0,-1,-1,0,1,1,0,0,1,2,0,0.977,0.979,0.975,0.977,0.952,0.955,0.954,109,110,108,110,108,139,139,139,-1,1,0,0.954,0,0,0,0,0,0,0,0,0,0,0,0,0,0,0,0,0,0,0,0,0,0,0,0,0,0,0,0,0,0,0,0,0,0,0,0,[0|0|0|0],0,11,1,1,1,1,0,0,0,0,0,0,0,0,0,0,0,0,0,1,0,0,0,0,0,0,0,0,0,0,0,0,0,0,1,0,1,0,0,1,0,0,0,0,0,0,0,0,0,0,0,0,0,0,0,0,0,0,0,0,0,0,1,1,1,1,1,1,1,1,1,1,0,0,0,0,0,1,1,0,1,1,1,0,0,0,0,0,0,0,0,0,0,0,0,0,0,1,[0|0|0|0|0|0|0|0|0|0|0|0|0|0],魔法学院雷亚卢卡利亚之中，\n在探索之路受到肯定的学徒\n穿戴的其中一种辉石头罩。\n\n能提升智力与力气，但会降低专注值。\n\n在海摩教室求学的人们，\n他们为了得到平定纷争的力量，\n学习炮与制裁类的魔法。
1000100,战场魔法师长袍,1,0,[0|0|0],601050,0,63,63,100,0.01,1150,0,500,4.1,-1,-1,-1,7000,1,-0.4,-1,-1,-1,-1,-1,-1,-1,-1,-1,-1,-1,-1,-1,-1,-1,-1,1,1,1,1,1,1,1,1,-1,1520,14681,14681,0,0,0,0,[0|0],0,0,0,0,0,0,0,0,42,42,23,71,0,-1,-1,1,0,2,4,1,1,20,0,[0|0],1,0,1,0,0,0,0,0,0,-1,-1,0,1,1,0,0,1,2,0,0.947,0.958,0.939,0.947,0.87,0.881,0.876,109,50,113,50,113,139,139,139,-1,1,0,0.874,0,0,0,0,0,0,0,0,0,0,0,0,0,0,0,0,0,0,0,0,0,0,0,0,0,0,0,0,0,0,0,0,0,0,0,0,[0|0|0|0],0,23,0,0,0,0,0,1,1,1,1,0,0,0,0,0,0,0,0,0,0,1,0,1,0,0,0,0,0,0,0,0,0,0,0,0,0,0,0,0,0,0,1,0,1,1,0,1,1,0,1,1,1,1,0,1,1,1,1,1,1,1,0,0,0,0,0,0,1,0,1,1,0,0,0,1,0,0,0,0,0,0,0,1,1,1,1,1,1,1,1,1,1,1,1,1,1,0,[0|0|0|0|0|0|0|0|0|0|0|0|0|0],雷亚卢卡利亚的魔法学徒穿戴的长袍。\n受战事洗礼，变得老旧的防具。\n\n每次发生战争，学院会关起大门不干涉──\n然而只有海摩的学徒有不同想法。\n他们认为探索不能躲在门后，\n也认为那不过是为了保身而逃避。
1000200,战场魔法师腕套,1,0,[0|0|0],701020,0,20,20,0,0.002,1150,0,500,1.1,-1,-1,-1,7000,1.1,0,-1,-1,-1,-1,-1,-1,-1,-1,-1,-1,-1,-1,-1,-1,-1,-1,1,1,1,1,1,1,1,1,-1,1520,14682,14682,0,0,0,0,[0|0],0,0,0,0,0,0,0,0,13,13,7,22,0,-1,-1,1,0,1,4,2,1,20,0,[0|0],1,0,0,1,0,0,0,0,0,-1,-1,0,1,1,0,0,1,2,0,0.99,0.994,0.987,0.99,0.968,0.972,0.971,109,50,108,50,108,139,139,139,-1,1,0,0.969,0,0,0,0,0,0,0,0,0,0,0,0,0,0,0,0,0,0,0,0,0,0,0,0,0,0,0,0,0,0,0,0,0,0,0,0,[0|0|0|0],0,7,0,0,0,0,0,0,0,0,0,0,0,0,0,0,0,0,0,0,0,0,0,0,0,0,1,1,0,1,0,0,0,1,0,0,0,0,0,0,0,0,0,0,0,0,0,0,0,0,0,0,0,0,0,0,0,0,0,0,0,0,0,0,0,0,0,0,0,0,0,0,0,0,0,0,0,0,0,0,0,0,0,0,0,0,0,0,0,0,0,0,0,0,0,0,0,0,[0|0|0|0|0|0|0|0|0|0|0|0|0|0],雷亚卢卡利亚的魔法学徒使用的腕套。\n受战事洗礼，变得老旧的防具。
1000300,战场魔法师绑腿,1,0,[0|0|0],801020,0,39,39,0,0.006,1250,0,500,2.5,-1,-1,-1,7000,1.1,0,-1,-1,-1,-1,-1,-1,-1,-1,-1,-1,-1,-1,-1,-1,-1,-1,1,1,1,1,1,1,1,1,-1,1520,14683,14683,0,0,0,0,[0|0],0,0,0,0,0,0,0,0,26,26,14,44,0,-1,-1,1,0,6,4,3,1,20,0,[0|0],1,0,0,0,1,0,0,0,0,-1,-1,0,1,1,0,0,1,2,0,0.97,0.977,0.966,0.97,0.926,0.932,0.929,109,50,113,50,113,139,139,139,111,1,0,0.928,0,0,0,0,0,0,0,0,0,0,0,0,0,0,0,0,0,0,0,0,0,0,0,0,0,0,0,0,0,0,0,0,0,0,0,0,[0|0|0|0],0,14,0,0,0,0,0,0,0,0,0,0,0,0,1,0,0,0,0,0,0,1,0,0,0,0,0,0,0,0,0,0,0,0,0,0,0,0,0,0,0,0,0,0,0,0,0,0,0,0,0,0,0,0,0,0,0,0,0,0,0,0,0,0,0,0,0,0,0,0,0,0,0,1,0,0,0,0,0,0,0,0,0,0,0,0,0,0,0,0,0,0,0,0,0,0,0,0,[0|0|0|0|0|0|0|0|0|0|0|0|0|0],雷亚卢卡利亚的魔法学徒使用的绑腿。\n受战事洗礼，变得老旧的防具。
1010000,雪魔女尖帽,1,0,[0|0|0],501170,0,31,31,0,0.003,1050,0,1000,2.2,6101000,-1,-1,7000,1.5,0,-1,-1,-1,-1,-1,-1,-1,-1,-1,-1,-1,-1,-1,-1,-1,-1,1,1,1,1,1,1,1,1,-1,2200,14740,14740,0,0,0,0,[0|0],0,0,0,0,0,0,0,0,16,16,14,31,0,-1,-1,1,0,5,4,0,2,20,0,[0|0],1,1,0,0,0,1,0,0,0,-1,-1,0,1,1,0,0,1,2,0,0.982,0.979,0.979,0.986,0.954,0.954,0.954,109,110,113,110,113,139,139,139,-1,1,0,0.954,0,0,0,0,0,0,0,0,0,0,0,0,0,0,0,0,0,0,0,0,0,0,0,0,0,0,0,0,0,0,0,0,0,0,0,0,[0|0|0|0],0,14,0,0,0,0,0,0,0,0,0,0,0,0,0,0,0,0,0,0,0,0,0,0,0,0,0,0,0,0,0,0,0,0,0,1,1,0,0,1,0,0,0,0,0,0,0,0,0,0,0,0,0,0,0,0,0,0,0,0,0,0,0,1,0,1,1,1,0,0,1,0,0,0,0,0,0,1,0,0,0,0,0,0,0,0,0,0,0,0,0,0,0,0,0,0,0,1,[0|0|0|0|0|0|0|0|0|0|0|0|0|0],冰冷冻结的魔女帽子。\n代表异端魔法师身分的尖顶帽。\n能强化冰冷的魔法。\n\n年幼的菈妮在森林深处遇见年迈雪魔女，\n向她学习冰冷魔法──此为那位魔女的防具。\n据说菈妮寄宿灵魂的人偶，雪魔女为参考原型。\n\n年迈的魔女是菈妮的秘密老师。
1010100,雪魔女长袍,1,0,[0|0|0],601170,0,71,71,100,0.008,1150,0,1000,5.5,-1,-1,-1,7000,1,-0.4,-1,-1,-1,-1,-1,-1,-1,-1,-1,-1,-1,-1,-1,-1,-1,-1,1,1,1,1,1,1,1,1,-1,2200,14741,14741,0,0,0,0,[0|0],0,0,0,0,0,0,0,0,38,38,32,71,0,-1,-1,1,0,2,3,1,2,20,0,[0|0],1,0,1,0,0,0,0,0,0,-1,-1,0,1,1,0,0,1,2,0,0.943,0.935,0.935,0.954,0.866,0.866,0.868,109,50,113,50,113,139,139,139,-1,1,0,0.866,0,0,0,0,0,0,0,0,0,0,0,0,0,0,0,0,0,0,0,0,0,0,0,0,0,0,0,0,0,0,0,0,0,0,0,0,[0|0|0|0],0,32,0,0,0,0,0,0,1,1,1,0,0,0,0,0,0,0,0,0,0,1,1,1,0,0,0,0,0,0,0,0,0,0,0,0,0,0,0,0,0,0,0,1,1,1,0,1,1,1,0,1,1,1,0,1,0,1,1,1,0,1,0,0,0,0,0,0,1,1,1,0,1,0,0,1,0,0,0,1,0,0,0,1,1,1,1,1,1,1,1,1,1,1,1,1,1,0,[0|0|0|0|0|0|0|0|0|0|0|0|0|0],冰雪颜色的魔女长袍。\n\n年幼的菈妮在森林深处遇见年迈雪魔女，\n向她学习冰冷魔法──此为那位魔女的防具。\n据说菈妮寄宿灵魂的人偶，雪魔女为参考原型。\n\n年迈的魔女是菈妮的秘密老师。
1010300,雪魔女长裙,1,0,[0|0|0],801090,0,44,44,0,0.005,1250,0,1000,3.1,-1,-1,-1,7000,1.1,0,-1,-1,-1,-1,-1,-1,-1,-1,-1,-1,-1,-1,-1,-1,-1,-1,1,1,1,1,1,1,1,1,-1,2200,14743,14743,0,0,0,0,[0|0],0,0,0,0,0,0,0,0,24,24,20,44,0,-1,-1,1,0,6,4,3,2,20,0,[0|0],1,0,0,0,1,0,0,0,0,-1,-1,0,1,1,0,0,1,2,0,0.97,0.966,0.966,0.977,0.926,0.926,0.927,109,50,113,50,113,139,109,139,111,1,0,0.926,0,0,0,0,0,0,0,0,0,0,0,0,0,0,0,0,0,0,0,0,0,0,0,0,0,0,0,0,0,0,0,0,0,0,0,0,[0|0|0|0],0,20,0,0,0,0,0,0,0,0,0,0,0,0,1,0,1,0,0,0,0,1,0,0,0,0,0,0,0,0,0,0,0,0,0,0,0,0,0,0,0,0,0,0,0,0,0,0,0,0,0,0,0,0,0,0,0,0,0,0,0,0,0,0,0,0,0,0,0,0,0,0,0,0,1,0,0,0,0,0,0,0,0,0,0,0,0,0,0,0,0,0,0,0,0,0,0,0,[0|0|0|0|0|0|0|0|0|0|0|0|0|0],冰雪颜色的魔女长裙。\n\n年幼的菈妮在森林深处遇见年迈雪魔女，\n向她学习冰冷魔法──此为那位魔女的防具。\n据说菈妮寄宿灵魂的人偶，雪魔女为参考原型。\n\n年迈的魔女是菈妮的秘密老师。
1011100,雪魔女长袍（轻装）,1,0,[0|0|0],601180,0,57,57,100,0.007,1150,0,1000,4.6,-1,-1,-1,7000,1,-0.4,-1,-1,-1,-1,-1,-1,-1,-1,-1,-1,-1,-1,-1,-1,-1,-1,1,1,1,1,1,1,1,1,-1,2201,14751,14751,0,0,0,0,[0|0],0,0,0,0,0,0,0,0,32,32,25,57,0,-1,-1,1,0,2,3,1,2,20,0,[0|0],1,0,1,0,0,0,0,0,0,-1,-1,0,1,1,0,0,1,2,0,0.954,0.943,0.943,0.969,0.868,0.868,0.87,109,50,113,50,113,139,139,139,-1,1,0,0.868,0,0,0,0,0,0,0,0,0,0,0,0,0,0,0,0,0,0,0,0,0,0,0,0,0,0,0,0,0,0,0,0,0,0,0,0,[0|0|0|0],0,25,0,0,0,0,0,0,1,1,1,0,0,0,0,0,0,0,0,0,0,1,1,1,0,0,0,0,0,0,0,0,0,0,0,0,0,0,0,0,0,0,0,1,1,1,0,1,0,1,1,1,1,1,0,1,0,1,1,1,0,1,0,0,0,0,0,0,0,1,1,1,0,0,0,1,0,0,0,1,0,0,0,0,0,0,0,0,0,0,0,0,0,0,0,0,0,0,[0|0|0|0|0|0|0|0|0|0|0|0|0|0],冰雪颜色的魔女长袍。\n\n年幼的菈妮在森林深处遇见年迈雪魔女，\n向她学习冰冷魔法──此为那位魔女的防具。\n据说菈妮寄宿灵魂的人偶，雪魔女为参考原型。\n\n年迈的魔女是菈妮的秘密老师。
1020100,旅行上衣,1,0,[0|0|0],600010,0,67,67,100,0.008,1150,0,100,4.1,-1,-1,-1,7000,1,-0.4,-1,-1,-1,-1,-1,-1,-1,-1,-1,-1,-1,-1,-1,-1,-1,-1,1,1,1,1,1,1,1,1,-1,2210,14761,14761,0,0,0,0,[0|0],0,0,0,0,0,0,0,0,35,35,24,67,0,-1,-1,1,0,2,3,1,1,10,0,[0|0],1,0,1,0,0,0,0,0,0,-1,-1,0,1,1,0,0,1,2,0,0.939,0.958,0.947,0.973,0.867,0.874,0.872,109,50,113,50,113,139,139,139,-1,1,0,0.876,0,0,0,0,0,0,0,0,0,0,0,0,0,0,0,0,0,0,0,0,0,0,0,0,0,0,0,0,0,0,0,0,0,0,0,0,[0|0|0|0],0,24,0,0,0,0,0,1,1,1,1,1,0,0,0,0,0,0,0,0,0,1,0,1,0,0,0,0,0,0,0,0,0,0,0,0,0,0,0,0,0,0,1,0,1,1,0,1,0,1,1,1,1,1,0,1,0,1,1,1,0,1,0,0,0,0,0,0,1,0,1,1,0,0,0,1,0,0,0,1,0,0,0,0,0,0,0,0,0,0,0,0,0,0,0,0,0,0,[0|0|0|0|0|0|0|0|0|0|0|0|0|0],轻便耐用的布质上衣。\n\n为了面对自身命运\n踏上旅程的少女们穿戴的防具。
1020200,旅行腕套,1,0,[0|0|0],700000,0,25,25,0,0.002,1150,0,100,1.7,-1,-1,-1,7000,1.1,0,-1,-1,-1,-1,-1,-1,-1,-1,-1,-1,-1,-1,-1,-1,-1,-1,1,1,1,1,1,1,1,1,-1,2210,14762,14762,0,0,0,0,[0|0],0,0,0,0,0,0,0,0,13,13,8,25,0,-1,-1,1,0,1,4,2,1,10,0,[0|0],1,0,0,1,0,0,0,0,0,-1,-1,0,1,1,0,0,1,2,0,0.984,0.987,0.985,0.99,0.967,0.968,0.968,109,50,108,50,108,139,139,139,-1,1,0,0.969,0,0,0,0,0,0,0,0,0,0,0,0,0,0,0,0,0,0,0,0,0,0,0,0,0,0,0,0,0,0,0,0,0,0,0,0,[0|0|0|0],0,8,0,0,0,0,0,0,0,0,0,0,1,0,0,0,0,0,0,0,1,0,0,0,0,0,0,1,1,0,1,1,1,0,0,0,0,0,0,0,0,0,0,0,0,0,0,0,0,0,0,0,0,0,0,0,0,0,0,0,0,0,0,0,0,0,0,0,0,0,0,0,0,0,0,0,0,0,0,0,0,0,0,0,0,0,0,0,0,0,0,0,0,0,0,0,0,0,[0|0|0|0|0|0|0|0|0|0|0|0|0|0],轻便耐用的皮制腕套。\n\n为了面对自身命运\n踏上旅程的少女们穿戴的防具。
1020300,旅行靴子,1,0,[0|0|0],800010,0,47,47,0,0.006,1250,0,100,3.1,-1,-1,-1,7000,1.1,0,-1,-1,-1,-1,-1,-1,-1,-1,-1,-1,-1,-1,-1,-1,-1,-1,1,1,1,1,1,1,1,1,-1,2210,14763,14763,0,0,0,0,[0|0],0,0,0,0,0,0,0,0,24,24,15,47,0,-1,-1,1,0,6,4,3,1,10,0,[0|0],1,0,0,0,1,0,0,0,0,-1,-1,0,1,1,0,0,1,2,0,0.962,0.97,0.966,0.977,0.923,0.927,0.926,109,50,108,50,108,139,139,139,111,1,0,0.928,0,0,0,0,0,0,0,0,0,0,0,0,0,0,0,0,0,0,0,0,0,0,0,0,0,0,0,0,0,0,0,0,0,0,0,0,[0|0|0|0],0,15,0,0,0,0,0,0,0,0,0,0,0,0,1,0,1,1,1,0,0,1,0,0,0,0,0,0,0,0,0,0,0,0,0,0,0,1,0,0,0,0,0,0,0,0,0,0,0,0,0,0,0,0,0,0,0,0,0,0,0,0,0,0,0,0,0,0,0,0,0,0,0,0,1,0,0,0,0,0,0,0,0,0,0,0,0,0,0,0,0,0,0,0,0,0,0,0,[0|0|0|0|0|0|0|0|0|0|0|0|0|0],轻便耐用的皮制靴子。\n\n为了面对自身命运\n踏上旅程的少女们穿戴的防具。
1030000,年幼学徒帽子,1,0,[0|0|0],501010,0,26,26,0,0.002,1050,0,500,1.4,-1,-1,-1,7000,1.5,0,-1,-1,-1,-1,-1,-1,-1,-1,-1,-1,-1,-1,-1,-1,-1,-1,1,1,1,1,1,1,1,1,-1,2220,14770,14770,0,0,0,0,[0|0],0,0,0,0,0,0,0,0,15,15,10,29,0,-1,-1,1,0,5,4,0,1,20,0,[0|0],1,1,0,0,0,1,0,0,0,-1,-1,0,1,1,0,0,1,2,0,0.986,0.982,0.982,0.986,0.955,0.96,0.958,109,110,113,110,113,139,139,139,-1,1,0,0.956,0,0,0,0,0,0,0,0,0,0,0,0,0,0,0,0,0,0,0,0,0,0,0,0,0,0,0,0,0,0,0,0,0,0,0,0,[0|0|0|0],0,10,0,0,0,0,0,0,0,0,0,0,0,0,0,0,0,0,0,0,0,0,0,0,0,1,0,0,0,0,0,0,0,0,0,1,0,0,0,1,0,0,0,0,0,0,0,0,0,0,0,0,0,0,0,0,0,0,0,0,0,0,1,0,0,1,1,1,0,0,0,0,0,0,0,0,0,1,0,0,0,0,0,0,0,0,0,0,0,0,0,0,0,0,0,0,0,0,[0|0|0|0|0|0|0|0|0|0|0|0|0|0],透过雷亚卢卡利亚的领导者──\n蕾娜菈女王的琥珀卵重新诞生的\n年幼魔法学徒们穿戴的帽子。\n\n然而“重新诞生”并不完整，\n他们周而复始地经历着这循环，\n最后开始对此产生成瘾性。\n\n如入夜沉睡，昼出转醒般自然──\n他们重新诞生，逐渐淡忘一切。
1030100,年幼学徒长袍,1,0,[0|0|0],601020,0,63,63,100,0.007,1150,0,500,4.1,-1,-1,-1,7000,1,-0.4,-1,-1,-1,-1,-1,-1,-1,-1,-1,-1,-1,-1,-1,-1,-1,-1,1,1,1,1,1,1,1,1,-1,2220,14771,14771,0,0,0,0,[0|0],0,0,0,0,0,0,0,0,38,38,25,71,0,-1,-1,1,0,2,4,1,1,20,0,[0|0],1,0,1,0,0,0,0,0,0,-1,-1,0,1,1,0,0,1,2,0,0.947,0.939,0.939,0.947,0.872,0.881,0.876,109,50,113,50,113,139,139,139,-1,1,0,0.874,0,0,0,0,0,0,0,0,0,0,0,0,0,0,0,0,0,0,0,0,0,0,0,0,0,0,0,0,0,0,0,0,0,0,0,0,[0|0|0|0],0,25,0,0,0,0,0,1,1,1,1,1,1,0,0,0,0,0,0,0,0,1,1,1,0,0,0,0,0,0,0,0,0,0,0,0,0,0,0,0,0,0,1,1,1,0,0,1,1,1,0,1,1,1,0,1,1,1,1,1,1,1,0,0,0,0,0,0,1,1,1,0,0,0,0,1,0,0,0,1,0,0,0,1,1,1,1,1,1,1,1,1,1,1,1,1,1,0,[0|0|0|0|0|0|0|0|0|0|0|0|0|0],透过雷亚卢卡利亚的领导者──\n蕾娜菈女王的琥珀卵重新诞生的\n年幼魔法学徒们穿戴的长袍。\n\n然而“重新诞生”并不完整，\n他们周而复始地经历着这循环，\n最后开始对此产生成瘾性。\n\n如入夜沉睡，昼出转醒般自然──\n他们重新诞生，逐渐淡忘一切。
1040000,光耀金面具,1,0,[0|0|0],501240,0,33,33,0,0.003,1050,0,500,2.2,6104000,-1,-1,7000,1.5,0,-1,-1,-1,-1,-1,-1,-1,-1,-1,-1,-1,-1,-1,-1,-1,-1,1,1,1,1,1,1,1,1,-1,2230,14780,14780,0,0,0,0,[0|0],0,0,0,0,0,0,0,0,22,22,9,33,0,-1,-1,1,0,5,4,0,2,20,0,[0|0],1,1,0,0,0,1,0,0,0,-1,-1,0,1,1,0,0,1,2,0,0.977,0.979,0.979,0.986,0.954,0.955,0.954,109,110,108,110,108,139,139,139,-1,1,0,0.952,0,0,0,0,0,0,0,0,0,0,0,0,0,0,0,0,0,0,0,0,0,0,0,0,0,0,0,0,0,0,0,0,0,0,0,0,[0|0|0|0],0,9,0,0,0,0,0,0,0,0,0,0,0,0,0,0,0,0,0,1,0,0,0,0,0,0,0,0,0,0,0,0,0,0,0,1,1,0,0,1,0,0,0,0,0,0,0,0,0,0,0,0,0,0,0,0,0,0,0,0,0,0,1,1,1,1,0,1,0,0,0,0,0,0,0,0,0,1,0,0,0,0,0,0,0,0,0,0,0,0,0,0,0,0,0,0,0,0,[0|0|0|0|0|0|0|0|0|0|0|0|0|0],参考光耀黄金法环的模样制成的面具。\n黄金律法基本主义的严谨探索者──\n金面具制作、留下来的防具。\n\n能强化黄金律法的祷告。\n\n此为过去降临于他的，压倒性庞大的灵感，\n也是位在探索尽头，那神似法环的存在。\n\n　如果你想和我有相同的灵感，\n　就戴上这副面具吧。
1040100,金面具的破布,1,0,[0|0|0],601300,0,60,60,100,0.005,1150,0,500,2.4,-1,-1,-1,7000,1,-0.4,-1,-1,-1,-1,-1,-1,-1,-1,-1,-1,-1,-1,-1,-1,-1,-1,1,1,1,1,1,1,1,1,-1,2230,14781,14781,0,0,0,0,[0|0],0,0,0,0,0,0,0,0,38,38,11,60,0,-1,-1,1,0,2,3,1,2,20,0,[0|0],1,0,1,0,0,0,0,0,0,-1,-1,0,1,1,0,0,1,2,0,0.958,0.973,0.973,0.994,0.881,0.886,0.881,109,50,113,50,113,139,139,139,-1,1,0,0.872,0,0,0,0,0,0,0,0,0,0,0,0,0,0,0,0,0,0,0,0,0,0,0,0,0,0,0,0,0,0,0,0,0,0,0,0,[0|0|0|0],0,11,0,0,0,0,0,0,0,0,0,0,0,0,0,0,0,0,0,0,0,1,0,1,0,0,0,0,0,0,0,0,0,0,0,0,0,0,0,0,0,0,0,1,1,1,0,1,0,1,1,1,0,0,1,0,1,0,1,0,1,0,0,0,0,0,0,0,0,1,1,1,0,0,0,1,0,0,0,0,0,0,0,1,1,1,1,1,1,1,1,1,1,1,1,1,1,0,[0|0|0|0|0|0|0|0|0|0|0|0|0|0],勉强遮住身体的破布。\n金面具认为没有穿衣服的必要。\n\n　穿衣服对探索有何帮助？
1040200,金色腕套,1,0,[0|0|0],701110,0,20,20,0,0.001,1150,0,500,0.8,-1,-1,-1,7000,1.1,0,-1,-1,-1,-1,-1,-1,-1,-1,-1,-1,-1,-1,-1,-1,-1,-1,1,1,1,1,1,1,1,1,-1,2230,14782,14782,0,0,0,0,[0|0],0,0,0,0,0,0,0,0,13,13,4,20,0,-1,-1,1,0,1,4,2,2,20,0,[0|0],1,0,0,1,0,0,0,0,0,-1,-1,0,1,1,0,0,1,2,0,0.99,0.994,0.994,0.999,0.971,0.972,0.971,109,50,109,50,139,139,139,139,-1,1,0,0.968,0,0,0,0,0,0,0,0,0,0,0,0,0,0,0,0,0,0,0,0,0,0,0,0,0,0,0,0,0,0,0,0,0,0,0,0,[0|0|0|0],0,4,0,0,0,0,0,0,0,0,0,0,0,0,0,0,0,0,0,0,0,0,0,0,0,0,1,1,0,1,0,0,0,1,0,0,0,0,0,0,0,0,0,0,0,0,0,0,0,0,0,0,0,0,0,0,0,0,0,0,0,0,0,0,0,0,0,0,0,0,0,0,0,0,0,0,0,0,0,0,0,0,0,0,0,0,0,0,0,0,0,0,0,0,0,0,0,0,[0|0|0|0|0|0|0|0|0|0|0|0|0|0],参考黄金树枝条制成的腕套。\n过去由徒弟们赠予，最低限度的装饰品。\n\n在很久以前，他们就消失了踪影。
1040300,金色腰巾,1,0,[0|0|0],801140,0,56,56,0,0.007,1250,0,500,4.4,-1,-1,-1,7000,1.1,0,-1,-1,-1,-1,-1,-1,-1,-1,-1,-1,-1,-1,-1,-1,-1,-1,1,1,1,1,1,1,1,1,-1,2230,14783,14783,0,0,0,0,[0|0],0,0,0,0,0,0,0,0,35,35,15,56,0,-1,-1,1,0,6,3,3,2,20,0,[0|0],1,0,0,0,1,0,0,0,0,-1,-1,0,1,1,0,0,1,2,0,0.96,0.962,0.962,0.97,0.924,0.926,0.924,109,50,109,50,139,139,139,139,111,1,0,0.919,0,0,0,0,0,0,0,0,0,0,0,0,0,0,0,0,0,0,0,0,0,0,0,0,0,0,0,0,0,0,0,0,0,0,0,0,[0|0|0|0],0,15,0,0,0,0,0,0,0,0,0,0,0,0,0,0,0,0,0,0,0,1,0,0,0,0,0,0,0,0,0,0,0,0,0,0,0,0,0,0,0,0,0,0,0,0,0,0,0,0,0,0,0,0,0,0,0,0,0,0,0,0,0,0,0,0,0,0,0,0,0,0,0,1,0,0,0,0,0,0,0,0,0,0,0,0,0,0,0,0,0,0,0,0,0,0,0,0,[0|0|0|0|0|0|0|0|0|0|0|0|0|0],参考黄金树枝条制成的腰巾。\n过去由徒弟们赠予，最低限度的装饰品。\n\n在很久以前，他们就消失了踪影。
1050100,恶兆妖鬼斗篷,1,0,[0|0|0],602150,0,71,71,100,0.008,1150,0,2000,5.1,-1,-1,-1,7000,1,-0.4,-1,-1,-1,-1,-1,-1,-1,-1,-1,-1,-1,-1,-1,-1,-1,-1,1,1,1,1,1,1,1,1,-1,2240,14791,14791,0,0,0,0,[0|0],0,0,0,0,0,0,0,0,42,42,25,83,0,-1,-1,1,0,2,3,1,2,30,0,[0|0],1,0,1,0,0,0,0,0,0,-1,-1,0,1,1,0,0,1,2,0,0.939,0.933,0.933,0.939,0.87,0.876,0.874,109,50,113,50,113,139,139,139,-1,1,0,0.872,0,0,0,0,0,0,0,0,0,0,0,0,0,0,0,0,0,0,0,0,0,0,0,0,0,0,0,0,0,0,0,0,0,0,0,0,[0|0|0|0],0,25,0,0,0,0,0,0,0,0,0,0,0,0,0,0,0,0,0,0,0,1,0,0,0,0,0,0,0,0,0,0,0,0,0,0,0,0,0,0,0,0,0,1,1,1,0,1,1,1,1,0,0,0,1,0,1,0,1,0,1,1,0,0,0,0,0,0,1,1,1,0,0,0,0,1,0,0,0,0,0,0,0,1,1,1,1,1,1,1,1,1,1,1,1,1,1,0,[0|0|0|0|0|0|0|0|0|0|0|0|0|0],将残破毛皮披在裸身上的物品。\n“恶兆妖鬼”玛尔基特的防具。\n\n恶兆妖鬼在破碎战争中狩猎英雄无数。\n对于那些意图挑战黄金树、\n心怀称王野心的人而言，恶兆妖鬼是他们的恶梦。
1060000,白金之子头罩,1,0,[0|0|0],503170,0,10,10,0,0.005,1050,0,100,3.8,6106000,-1,-1,7000,1.5,0,-1,-1,-1,-1,-1,-1,-1,-1,-1,-1,-1,-1,-1,-1,-1,-1,1,1,1,1,1,1,1,1,-1,2250,14800,14800,0,0,0,0,[0|0],0,0,0,0,0,0,0,0,12,12,23,10,0,-1,-1,1,0,5,4,0,2,40,0,[0|0],1,1,0,0,0,1,0,0,0,-1,-1,1,1,1,0,0,1,2,0,0.96,0.96,0.969,0.962,0.975,0.969,0.979,109,110,109,110,145,139,139,139,-1,1,0,0.975,0,0,0,0,0,0,0,0,0,0,0,0,0,0,0,0,0,0,0,0,0,0,0,0,0,0,0,0,0,0,0,0,0,0,0,0,[0|0|0|0],0,23,1,1,1,1,0,0,0,0,0,0,0,0,0,0,0,0,0,1,0,0,0,0,0,0,0,0,0,0,0,0,0,0,1,0,1,0,0,1,0,0,0,0,0,0,0,0,0,0,0,0,0,0,0,0,0,0,0,0,0,0,1,1,1,1,1,1,1,1,1,1,0,0,0,0,0,1,1,0,1,1,1,0,0,0,0,0,0,0,0,0,0,0,0,0,0,0,[0|0|0|0|0|0|0|0|0|0|0|0|0|0],将年轻白金之子的表皮，\n直接套在头上使用的头罩。\n\n能提升感应，\n但会减少红露滴圣杯瓶的恢复量。\n\n并非神皮的白金之子表皮头罩，\n是带有恶意嘲笑性质的产物。
1060100,骯脏锁子铠甲,1,0,[0|0|0],605010,0,21,21,100,0.018,1150,0,100,8.8,-1,-1,-1,7000,1,-0.4,-1,-1,-1,-1,-1,-1,-1,-1,-1,-1,-1,-1,-1,-1,-1,-1,1,1,1,1,1,1,1,1,-1,2250,14801,14801,0,0,0,0,[0|0],0,0,0,0,0,0,0,0,25,25,50,21,0,-1,-1,1,0,2,4,1,1,60,0,[0|0],1,0,1,0,0,0,0,0,0,-1,-1,0,1,1,0,0,1,2,0,0.886,0.881,0.912,0.886,0.92,0.912,0.939,109,50,144,50,144,139,139,139,-1,1,0,0.92,0,0,0,0,0,0,0,0,0,0,0,0,0,0,0,0,0,0,0,0,0,0,0,0,0,0,0,0,0,0,0,0,0,0,0,0,[0|0|0|0],0,50,0,0,0,0,0,0,1,1,1,1,0,0,0,0,0,0,0,0,0,1,1,1,0,0,0,0,0,0,0,0,0,0,0,0,0,0,0,0,0,0,0,1,1,1,0,1,1,1,0,1,1,0,1,0,1,1,1,1,0,1,0,0,0,0,0,0,1,1,1,0,1,0,0,1,0,0,0,1,0,0,0,1,1,1,1,1,1,1,1,1,1,1,1,1,1,0,[0|0|0|0|0|0|0|0|0|0|0|0|0|0],年轻的白金之子穿戴的锁子铠甲。\n铠甲腹部突了出来，但没有特殊效果。
1070000,萨米尔面具,1,0,[0|0|0],506190,0,5,5,0,0.006,1050,0,500,3.8,-1,-1,-1,7000,1.5,0,-1,-1,-1,-1,-1,-1,-1,-1,-1,-1,-1,-1,-1,-1,-1,-1,1,1,1,1,1,1,1,1,-1,2260,14810,14810,0,0,0,0,[0|0],0,0,0,0,0,0,0,0,9,9,27,8,0,-1,-1,1,0,5,4,0,2,70,0,[0|0],1,1,0,0,0,1,0,0,0,-1,-1,0,1,1,0,0,1,2,0,0.958,0.956,0.966,0.962,0.969,0.969,0.979,109,110,108,110,108,139,139,139,-1,1,0,0.972,0,0,0,0,0,0,0,0,0,0,0,0,0,0,0,0,0,0,0,0,0,0,0,0,0,0,0,0,0,0,0,0,0,0,0,0,[0|0|0|0],0,27,1,1,1,1,1,0,0,0,0,0,0,0,0,0,0,0,0,1,0,0,0,0,0,0,0,0,0,0,0,0,0,0,1,0,1,0,0,1,0,0,0,0,0,0,0,0,0,0,0,0,0,0,0,0,0,0,0,0,0,0,1,1,1,1,1,1,1,1,1,1,0,0,0,0,0,1,1,0,1,1,1,0,0,0,0,0,0,0,0,0,0,0,0,0,0,1,[0|0|0|0|0|0|0|0|0|0|0|0|0|0],巨人战争中的知名英雄──\n萨米尔的骑士们穿戴的面具。\n\n他们身上带着冻结冰风，寿命相当长。\n据说从远古时代开始，就是火焰巨人们的宿敌。
1070100,萨米尔铠甲,1,0,[0|0|0],606140,0,11,11,100,0.018,1150,0,500,8.8,-1,-1,-1,7000,1,-0.4,-1,-1,-1,-1,-1,-1,-1,-1,-1,-1,-1,-1,-1,-1,-1,-1,1,1,1,1,1,1,1,1,-1,2260,14811,14811,0,0,0,0,[0|0],0,0,0,0,0,0,0,0,21,21,63,18,0,-1,-1,1,0,2,4,1,2,70,0,[0|0],1,0,1,0,0,0,0,0,0,-1,-1,0,1,1,0,0,1,2,0,0.881,0.876,0.905,0.891,0.912,0.912,0.939,109,50,144,50,144,139,139,139,-1,1,0,0.92,0,0,0,0,0,0,0,0,0,0,0,0,0,0,0,0,0,0,0,0,0,0,0,0,0,0,0,0,0,0,0,0,0,0,0,0,[0|0|0|0],0,63,0,0,0,0,0,1,1,0,1,0,0,0,0,0,0,0,0,0,0,0,0,0,0,0,0,0,0,0,0,0,0,0,0,0,0,0,0,0,0,0,1,1,1,0,0,1,1,1,0,1,1,1,0,1,0,1,1,1,0,1,0,0,0,0,0,0,1,0,1,1,0,0,0,1,0,0,0,0,0,0,0,0,0,0,0,0,0,0,0,0,0,0,0,0,0,0,[0|0|0|0|0|0|0|0|0|0|0|0|0|0],巨人战争中的知名英雄──\n萨米尔的骑士们穿戴的铠甲。\n\n他们身上带着冻结冰风，寿命相当长。\n据说从远古时代开始，就是火焰巨人们的宿敌。
1070200,萨米尔腕套,1,0,[0|0|0],705170,0,0,0,0,0.004,1150,0,500,2.8,-1,-1,-1,7000,1.1,0,-1,-1,-1,-1,-1,-1,-1,-1,-1,-1,-1,-1,-1,-1,-1,-1,1,1,1,1,1,1,1,1,-1,2260,14812,14812,0,0,0,0,[0|0],0,0,0,0,0,0,0,0,6,6,20,4,0,-1,-1,1,0,1,4,2,2,60,0,[0|0],1,0,0,1,0,0,0,0,0,-1,-1,0,1,1,0,0,1,2,0,0.972,0.971,0.979,0.975,0.981,0.981,0.987,109,50,106,50,106,139,139,139,-1,1,0,0.983,0,0,0,0,0,0,0,0,0,0,0,0,0,0,0,0,0,0,0,0,0,0,0,0,0,0,0,0,0,0,0,0,0,0,0,0,[0|0|0|0],0,20,0,0,0,0,0,0,0,0,0,0,0,0,0,0,0,0,0,0,0,0,0,0,0,0,1,1,0,1,0,0,0,1,0,0,0,0,0,0,0,0,0,0,0,0,0,0,0,0,0,0,0,0,0,0,0,0,0,0,0,0,0,0,0,0,0,0,0,0,0,0,0,0,0,0,0,0,0,0,0,0,0,0,0,0,0,0,0,0,0,0,0,0,0,0,0,0,[0|0|0|0|0|0|0|0|0|0|0|0|0|0],巨人战争中的知名英雄──\n萨米尔的骑士们穿戴的腕套。\n\n他们身上带着冻结冰风，寿命相当长。\n据说从远古时代开始，就是火焰巨人们的宿敌。
1070300,萨米尔绑腿,1,0,[0|0|0],805160,0,0,0,0,0.01,1250,0,500,5.1,-1,-1,-1,7000,1.1,0,-1,-1,-1,-1,-1,-1,-1,-1,-1,-1,-1,-1,-1,-1,-1,-1,1,1,1,1,1,1,1,1,-1,2260,14813,14813,0,0,0,0,[0|0],0,0,0,0,0,0,0,0,11,11,37,7,0,-1,-1,1,0,6,4,3,2,60,0,[0|0],1,0,0,0,1,0,0,0,0,-1,-1,0,1,1,0,0,1,2,0,0.935,0.932,0.95,0.942,0.955,0.955,0.97,109,50,113,50,113,139,139,139,111,1,0,0.96,0,0,0,0,0,0,0,0,0,0,0,0,0,0,0,0,0,0,0,0,0,0,0,0,0,0,0,0,0,0,0,0,0,0,0,0,[0|0|0|0],0,37,0,0,0,0,0,0,0,0,0,0,0,0,0,0,0,0,0,0,0,0,0,0,0,0,0,0,0,0,0,0,0,0,0,0,0,0,0,0,0,0,0,0,0,0,0,0,0,0,0,0,0,0,0,0,0,0,0,0,0,0,0,0,0,0,0,0,0,0,0,0,0,1,0,0,0,0,0,0,0,0,0,0,0,0,0,0,0,0,0,0,0,0,0,0,0,0,[0|0|0|0|0|0|0|0|0|0|0|0|0|0],巨人战争中的知名英雄──\n萨米尔的骑士们穿戴的绑腿。\n\n他们身上带着冻结冰风，寿命相当长。\n据说从远古时代开始，就是火焰巨人们的宿敌。
1080000,小恶魔头罩（猫）,1,0,[0|0|0],503050,0,20,20,0,0.01,1050,0,200,8.1,6108000,-1,-1,7000,1.5,0,-1,-1,-1,-1,-1,-1,-1,-1,-1,-1,-1,-1,-1,-1,-1,-1,1,1,1,1,1,1,1,1,-1,2270,14820,14820,0,0,0,0,[0|0],0,0,0,0,0,0,0,0,35,35,35,20,0,-1,-1,1,0,5,4,0,2,40,0,[0|0],1,1,0,0,0,1,0,0,0,-1,-1,0,1,1,0,0,1,2,0,0.942,0.942,0.948,0.939,0.95,0.942,0.952,109,110,117,110,117,139,139,139,-1,1,0,0.95,0,0,0,0,0,0,0,0,0,0,0,0,0,0,0,0,0,0,0,0,0,0,0,0,0,0,0,0,0,0,0,0,0,0,0,0,[0|0|0|0],0,35,1,1,1,1,0,0,0,0,0,0,0,0,0,0,0,0,0,1,0,0,0,0,0,0,0,0,0,0,0,0,0,0,1,0,1,0,0,1,0,0,0,0,0,0,0,0,0,0,0,0,0,0,0,0,0,0,0,0,0,0,1,1,1,1,1,1,1,1,1,1,0,0,0,0,0,1,1,0,1,1,1,0,0,0,0,0,0,0,0,0,0,0,0,0,0,1,[0|0|0|0|0|0|0|0|0|0|0|0|0|0],将小恶魔魔像的头部，\n直接套在头上使用的头罩。\n\n外形神似猫的头罩，蕴藏着些微的智力。
1081000,小恶魔头罩（尖牙）,1,0,[0|0|0],503070,0,20,20,0,0.01,1050,0,200,8.1,6108100,-1,-1,7000,1.5,0,-1,-1,-1,-1,-1,-1,-1,-1,-1,-1,-1,-1,-1,-1,-1,-1,1,1,1,1,1,1,1,1,-1,2510,14830,14830,0,0,0,0,[0|0],0,0,0,0,0,0,0,0,35,35,35,20,0,-1,-1,1,0,5,4,0,2,40,0,[0|0],1,1,0,0,0,1,0,0,0,-1,-1,0,1,1,0,0,1,2,0,0.942,0.942,0.948,0.939,0.95,0.942,0.952,109,110,117,110,117,139,139,139,-1,1,0,0.95,0,0,0,0,0,0,0,0,0,0,0,0,0,0,0,0,0,0,0,0,0,0,0,0,0,0,0,0,0,0,0,0,0,0,0,0,[0|0|0|0],0,35,1,1,1,1,0,0,0,0,0,0,0,0,0,0,0,0,0,1,0,0,0,0,0,0,0,0,0,0,0,0,0,0,1,0,1,0,0,1,0,0,0,0,0,0,0,0,0,0,0,0,0,0,0,0,0,0,0,0,0,0,1,1,1,1,1,1,1,1,1,1,0,0,0,0,0,1,1,0,1,1,1,0,0,0,0,0,0,0,0,0,0,0,0,0,0,0,[0|0|0|0|0|0|0|0|0|0|0|0|0|0],将小恶魔魔像的头部，\n直接套在头上使用的头罩。\n\n尖牙造型的头罩，蕴藏着些微的力气。
1082000,小恶魔头罩（耸舌）,1,0,[0|0|0],503080,0,20,20,0,0.01,1050,0,200,8.1,6108200,-1,-1,7000,1.5,0,-1,-1,-1,-1,-1,-1,-1,-1,-1,-1,-1,-1,-1,-1,-1,-1,1,1,1,1,1,1,1,1,-1,2520,14840,14840,0,0,0,0,[0|0],0,0,0,0,0,0,0,0,35,35,35,20,0,-1,-1,1,0,5,4,0,2,40,0,[0|0],1,1,0,0,0,1,0,0,0,-1,-1,0,1,1,0,0,1,2,0,0.942,0.942,0.948,0.939,0.95,0.942,0.952,109,110,117,110,117,139,139,139,-1,1,0,0.95,0,0,0,0,0,0,0,0,0,0,0,0,0,0,0,0,0,0,0,0,0,0,0,0,0,0,0,0,0,0,0,0,0,0,0,0,[0|0|0|0],0,35,1,1,1,1,0,0,0,0,0,0,0,0,0,0,0,0,0,1,0,0,0,0,0,0,0,0,0,0,0,0,0,0,1,0,1,0,0,1,0,0,0,0,0,0,0,0,0,0,0,0,0,0,0,0,0,0,0,0,0,0,1,1,1,1,1,1,1,1,1,1,0,0,0,0,0,1,1,0,1,1,1,0,0,0,0,0,0,0,0,0,0,0,0,0,0,0,[0|0|0|0|0|0|0|0|0|0|0|0|0|0],将小恶魔魔像的头部，\n直接套在头上使用的头罩。\n\n耸舌造型的头罩，蕴藏着些微的灵巧。
1083000,小恶魔头罩（长生者）,1,0,[0|0|0],503090,0,20,20,0,0.01,1050,0,200,8.1,6108300,-1,-1,7000,1.5,0,-1,-1,-1,-1,-1,-1,-1,-1,-1,-1,-1,-1,-1,-1,-1,-1,1,1,1,1,1,1,1,1,-1,2570,14850,14850,0,0,0,0,[0|0],0,0,0,0,0,0,0,0,35,35,35,20,0,-1,-1,1,0,5,4,0,2,40,0,[0|0],1,1,0,0,0,1,0,0,0,-1,-1,0,1,1,0,0,1,2,0,0.942,0.942,0.948,0.939,0.95,0.942,0.952,109,110,117,110,117,139,139,139,-1,1,0,0.95,0,0,0,0,0,0,0,0,0,0,0,0,0,0,0,0,0,0,0,0,0,0,0,0,0,0,0,0,0,0,0,0,0,0,0,0,[0|0|0|0],0,35,1,1,1,1,0,0,0,0,0,0,0,0,0,0,0,0,0,1,0,0,0,0,0,0,0,0,0,0,0,0,0,0,1,0,1,0,0,1,0,0,0,0,0,0,0,0,0,0,0,0,0,0,0,0,0,0,0,0,0,0,1,1,1,1,1,1,1,1,1,1,0,0,0,0,0,1,1,0,1,1,1,0,0,0,0,0,0,0,0,0,0,0,0,0,0,0,[0|0|0|0|0|0|0|0|0|0|0|0|0|0],将小恶魔魔像的头部，\n直接套在头上使用的头罩。\n\n长生者造型的头罩，蕴藏着些微的信仰。
1084000,小恶魔头罩（狼）,1,0,[0|0|0],503060,0,20,20,0,0.01,1050,0,200,8.1,6108400,-1,-1,7000,1.5,0,-1,-1,-1,-1,-1,-1,-1,-1,-1,-1,-1,-1,-1,-1,-1,-1,1,1,1,1,1,1,1,1,-1,2575,14860,14860,0,0,0,0,[0|0],0,0,0,0,0,0,0,0,35,35,35,20,0,-1,-1,1,0,5,4,0,2,40,0,[0|0],1,1,0,0,0,1,0,0,0,-1,-1,0,1,1,0,0,1,2,0,0.942,0.942,0.948,0.939,0.95,0.942,0.952,109,110,117,110,117,139,139,139,-1,1,0,0.95,0,0,0,0,0,0,0,0,0,0,0,0,0,0,0,0,0,0,0,0,0,0,0,0,0,0,0,0,0,0,0,0,0,0,0,0,[0|0|0|0],0,35,1,1,1,1,0,0,0,0,0,0,0,0,0,0,0,0,0,1,0,0,0,0,0,0,0,0,0,0,0,0,0,0,1,0,1,0,0,1,0,0,0,0,0,0,0,0,0,0,0,0,0,0,0,0,0,0,0,0,0,0,1,1,1,1,1,1,1,1,1,1,0,0,0,0,0,1,1,0,1,1,1,0,0,0,0,0,0,0,0,0,0,0,0,0,0,0,[0|0|0|0|0|0|0|0|0|0|0|0|0|0],将小恶魔魔像的头部，\n直接套在头上使用的头罩。\n\n外形神似狼的头罩，蕴藏着些微的耐力。
1085000,小恶魔头罩（长老）,1,0,[0|0|0],503100,0,20,20,0,0.01,1050,0,200,8.1,6108500,-1,-1,7000,1.5,0,-1,-1,-1,-1,-1,-1,-1,-1,-1,-1,-1,-1,-1,-1,-1,-1,1,1,1,1,1,1,1,1,-1,2580,14870,14870,0,0,0,0,[0|0],0,0,0,0,0,0,0,0,35,35,35,20,0,-1,-1,1,0,5,4,0,2,40,0,[0|0],1,1,0,0,0,1,0,0,0,-1,-1,0,1,1,0,0,1,2,0,0.942,0.942,0.948,0.939,0.95,0.942,0.952,109,110,117,110,117,139,139,139,-1,1,0,0.95,0,0,0,0,0,0,0,0,0,0,0,0,0,0,0,0,0,0,0,0,0,0,0,0,0,0,0,0,0,0,0,0,0,0,0,0,[0|0|0|0],0,35,1,1,1,1,0,0,0,0,0,0,0,0,0,0,0,0,0,1,0,0,0,0,0,0,0,0,0,0,0,0,0,0,1,0,1,0,0,1,0,0,0,0,0,0,0,0,0,0,0,0,0,0,0,0,0,0,0,0,0,0,1,1,1,1,1,1,1,1,1,1,0,0,0,0,0,1,1,0,1,1,1,0,0,0,0,0,0,0,0,0,0,0,0,0,0,0,[0|0|0|0|0|0|0|0|0|0|0|0|0|0],将小恶魔魔像的头部，\n直接套在头上使用的头罩。\n\n长老造型的头罩，蕴藏着些微的感应。
1090000,银色泪滴面具,1,0,[0|0|0],503130,0,44,44,0,0.006,1050,0,200,4.6,6109000,-1,-1,7000,1.5,0,-1,-1,-1,-1,-1,-1,-1,-1,-1,-1,-1,-1,-1,-1,-1,-1,1,1,1,1,1,1,1,1,-1,2280,14880,14880,0,0,0,0,[0|0],0,0,0,0,0,0,0,0,26,26,20,44,0,-1,-1,1,0,5,4,0,2,40,0,[0|0],1,1,0,0,0,1,0,0,0,-1,-1,0,1,1,0,0,1,2,0,0.958,0.962,0.964,0.969,0.945,0.948,0.95,109,110,106,110,106,139,139,139,-1,1,0,0.947,0,0,0,0,0,0,0,0,0,0,0,0,0,0,0,0,0,0,0,0,0,0,0,0,0,0,0,0,0,0,0,0,0,0,0,0,[0|0|0|0],0,20,1,1,1,1,0,0,0,0,0,0,0,0,0,0,0,0,0,1,0,0,0,0,0,0,0,0,0,0,0,0,0,0,1,0,1,0,0,1,0,0,0,0,0,0,0,0,0,0,0,0,0,0,0,0,0,0,0,0,0,0,1,1,1,1,1,1,1,1,1,1,0,0,0,0,0,1,1,0,1,1,1,0,0,0,0,0,0,0,0,0,0,0,0,0,0,0,[0|0|0|0|0|0|0|0|0|0|0|0|0|0],将称作银色泪滴的变形生物尸体，\n连同那硬化后的壳，戴在脸上的面具。\n\n能大幅提升感应，但会降低物理攻击力。\n\n反过来去模仿那模仿他人的事物──\n算是颠覆性的创意。
1100000,锁子头盔,1,0,[0|0|0],506000,0,5,5,0,0.006,1050,0,200,3.8,-1,-1,-1,7000,1.5,0,-1,-1,-1,-1,-1,-1,-1,-1,-1,-1,-1,-1,-1,-1,-1,-1,1,1,1,1,1,1,1,1,-1,1540,14890,14895,0,0,0,0,[0|0],0,0,0,0,0,0,0,0,11,11,18,8,0,-1,-1,1,0,5,3,0,1,70,0,[0|0],1,1,0,0,0,1,0,0,0,-1,-1,0,1,1,0,0,1,2,0,0.958,0.954,0.969,0.958,0.975,0.962,0.979,109,110,144,110,144,139,139,139,-1,1,0,0.972,0,0,0,0,0,0,0,0,0,0,0,0,0,0,0,0,0,0,0,0,0,0,0,0,0,0,0,0,0,0,0,0,0,0,0,0,[0|0|0|0],0,18,0,0,0,1,0,0,0,0,0,0,0,0,0,0,0,0,0,0,0,0,0,0,0,1,0,0,0,0,0,0,0,0,1,0,0,0,1,0,0,0,0,0,0,0,0,0,0,0,0,0,0,0,0,0,0,0,0,0,0,0,1,1,1,1,1,1,1,1,1,1,0,0,0,0,0,1,1,0,2,2,0,0,0,0,0,0,0,0,0,0,0,0,0,0,0,0,[0|0|0|0|0|0|0|0|0|0|0|0|0|0],用细钢丝编成的头盔，\n从军的士兵穿戴的防具。\n\n没有装饰点缀，做工坚固的防具。
1100100,锁子铠甲,1,0,[0|0|0],605000,0,11,11,100,0.017,1150,0,200,8.8,-1,-1,-1,7000,1,-0.4,-1,-1,-1,-1,-1,-1,-1,-1,-1,-1,-1,-1,-1,-1,-1,-1,1,1,1,1,1,1,1,1,-1,1540,14891,14896,0,0,0,0,[0|0],0,0,0,0,0,0,0,0,25,25,42,18,0,-1,-1,1,0,2,3,1,1,60,0,[0|0],1,0,1,0,0,0,0,0,0,-1,-1,0,1,1,0,0,1,2,0,0.881,0.871,0.912,0.881,0.929,0.891,0.939,109,50,144,50,144,139,139,139,-1,1,0,0.92,0,0,0,0,0,0,0,0,0,0,0,0,0,0,0,0,0,0,0,0,0,0,0,0,0,0,0,0,0,0,0,0,0,0,0,0,[0|0|0|0],0,42,0,0,0,0,0,0,1,1,1,1,1,0,0,0,0,0,0,0,0,1,1,1,0,0,0,0,0,0,0,0,0,0,0,0,0,0,0,0,0,0,0,1,1,1,0,1,0,1,1,1,1,1,0,1,0,1,1,1,0,1,0,0,0,0,0,0,0,1,1,1,0,0,0,1,0,0,0,1,0,0,0,0,0,0,0,0,0,0,0,0,0,0,0,0,0,0,[0|0|0|0|0|0|0|0|0|0|0|0|0|0],用细钢丝编成的铠甲，\n从军的士兵穿戴的防具。\n\n没有装饰点缀，做工坚固的防具。
1100200,护臂,1,0,[0|0|0],705000,0,4,4,0,0.004,1150,0,200,2.9,-1,-1,-1,7000,1.1,0,-1,-1,-1,-1,-1,-1,-1,-1,-1,-1,-1,-1,-1,-1,-1,-1,1,1,1,1,1,1,1,1,-1,1540,14892,14897,0,0,0,0,[0|0],0,0,0,0,0,0,0,0,8,8,14,6,0,-1,-1,1,0,1,3,2,1,60,0,[0|0],1,0,0,1,0,0,0,0,0,-1,-1,0,1,1,0,0,1,2,0,0.971,0.968,0.979,0.971,0.983,0.973,0.985,109,50,144,50,144,139,139,139,-1,1,0,0.981,0,0,0,0,0,0,0,0,0,0,0,0,0,0,0,0,0,0,0,0,0,0,0,0,0,0,0,0,0,0,0,0,0,0,0,0,[0|0|0|0],0,14,0,0,0,0,0,0,0,0,0,0,1,1,0,1,0,0,0,0,1,0,0,0,0,0,0,1,1,0,1,1,1,0,0,0,0,0,0,0,0,0,0,0,0,0,0,0,0,0,0,0,0,0,0,0,0,0,0,0,0,0,0,0,0,0,0,0,0,0,0,0,0,0,0,0,0,0,0,0,0,0,0,0,0,0,0,0,0,0,0,0,0,0,0,0,0,0,[0|0|0|0|0|0|0|0|0|0|0|0|0|0],从军的士兵穿戴的臂甲。\n没有装饰点缀，做工坚固的防具。
1100300,锁子腿甲,1,0,[0|0|0],805000,0,7,7,0,0.01,1250,0,200,5.5,-1,-1,-1,7000,1.1,0,-1,-1,-1,-1,-1,-1,-1,-1,-1,-1,-1,-1,-1,-1,-1,-1,1,1,1,1,1,1,1,1,-1,1540,14893,14893,0,0,0,0,[0|0],0,0,0,0,0,0,0,0,16,16,26,11,0,-1,-1,1,0,6,4,3,1,60,0,[0|0],1,0,0,0,1,0,0,0,0,-1,-1,0,1,1,0,0,1,2,0,0.932,0.926,0.95,0.932,0.96,0.938,0.966,109,50,144,50,144,139,139,139,111,1,0,0.955,0,0,0,0,0,0,0,0,0,0,0,0,0,0,0,0,0,0,0,0,0,0,0,0,0,0,0,0,0,0,0,0,0,0,0,0,[0|0|0|0],0,26,0,0,0,0,0,0,0,0,0,0,0,0,1,0,1,1,1,0,0,1,0,0,0,0,0,0,0,0,0,0,0,0,0,0,0,0,0,0,0,0,0,0,0,0,0,0,0,0,0,0,0,0,0,0,0,0,0,0,0,0,0,0,0,0,0,0,0,0,0,0,0,0,1,0,0,0,0,0,0,0,0,0,0,0,0,0,0,0,0,0,0,0,0,0,0,0,[0|0|0|0|0|0|0|0|0|0|0|0|0|0],用细钢丝编成的腿甲，\n从军的士兵穿戴的防具。\n\n没有装饰点缀，做工坚固的防具。
1101000,巨盔,1,0,[0|0|0],507020,0,11,11,0,0.009,1050,0,500,5.9,-1,-1,-1,7000,1.5,0,-1,-1,-1,-1,-1,-1,-1,-1,-1,-1,-1,-1,-1,-1,-1,-1,1,1,1,1,1,1,1,1,-1,1545,14900,14900,0,0,0,0,[0|0],0,0,0,0,0,0,0,0,16,16,29,11,0,-1,-1,1,0,5,4,0,1,80,0,[0|0],1,1,0,0,0,1,0,0,0,-1,-1,0,1,1,0,0,1,2,0,0.945,0.942,0.958,0.948,0.958,0.954,0.962,109,110,106,110,106,139,139,139,-1,1,0,0.958,0,0,0,0,0,0,0,0,0,0,0,0,0,0,0,0,0,0,0,0,0,0,0,0,0,0,0,0,0,0,0,0,0,0,0,0,[0|0|0|0],0,29,1,1,1,1,0,0,0,0,0,0,0,0,0,0,0,0,0,1,0,0,0,0,0,0,0,0,0,0,0,0,0,0,1,0,1,0,0,1,0,0,0,0,0,0,0,0,0,0,0,0,0,0,0,0,0,0,0,0,0,0,1,1,1,1,1,1,1,1,1,1,0,0,0,0,0,1,1,0,1,1,1,0,0,0,0,0,0,0,0,0,0,0,0,0,0,0,[0|0|0|0|0|0|0|0|0|0|0|0|0|0],盖住头部的铁制大桶盔。\n\n戴起来很沉重，视野狭窄，\n但是减伤率很高。
1101100,眼眸筒形外衣,1,0,[0|0|0],605030,0,21,21,100,0.021,1150,0,500,9.2,-1,-1,-1,7000,1,-0.4,-1,-1,-1,-1,-1,-1,-1,-1,-1,-1,-1,-1,-1,-1,-1,-1,1,1,1,1,1,1,1,1,-1,1545,14901,14901,0,0,0,0,[0|0],0,0,0,0,0,0,0,0,25,25,55,18,0,-1,-1,1,0,2,4,1,1,60,0,[0|0],1,0,1,0,0,0,0,0,0,-1,-1,0,1,1,0,0,1,2,0,0.871,0.871,0.912,0.881,0.912,0.891,0.929,109,50,144,50,144,139,139,139,-1,1,0,0.912,0,0,0,0,0,0,0,0,0,0,0,0,0,0,0,0,0,0,0,0,0,0,0,0,0,0,0,0,0,0,0,0,0,0,0,0,[0|0|0|0],0,55,0,0,0,0,0,0,1,1,1,1,1,0,0,0,0,0,0,0,0,1,1,1,0,0,0,0,0,0,0,0,0,0,0,0,0,0,0,0,0,0,1,0,1,1,0,1,1,0,1,1,1,1,0,1,0,1,1,1,0,1,0,0,0,0,0,0,1,0,1,1,0,0,0,1,0,0,0,1,0,0,0,0,0,0,0,0,0,0,0,0,0,0,0,0,0,0,[0|0|0|0|0|0|0|0|0|0|0|0|0|0],在锁子甲上搭配咖啡色筒形外衣的组合。\n\n眼眸徽章代表侍奉“百智爵士”基甸，\n是作为他的耳目的标记。
1102100,大树筒形外衣,1,0,[0|0|0],605020,0,21,21,100,0.021,1150,0,500,9.2,-1,-1,-1,7000,1,-0.4,-1,-1,-1,-1,-1,-1,-1,-1,-1,-1,-1,-1,-1,-1,-1,-1,1,1,1,1,1,1,1,1,-1,1546,14911,14911,0,0,0,0,[0|0],0,0,0,0,0,0,0,0,25,25,55,18,0,-1,-1,1,0,2,4,1,1,60,0,[0|0],1,0,1,0,0,0,0,0,0,-1,-1,0,1,1,0,0,1,2,0,0.871,0.871,0.912,0.881,0.912,0.891,0.929,109,50,144,50,144,139,139,139,-1,1,0,0.912,0,0,0,0,0,0,0,0,0,0,0,0,0,0,0,0,0,0,0,0,0,0,0,0,0,0,0,0,0,0,0,0,0,0,0,0,[0|0|0|0],0,55,0,0,0,0,0,0,1,1,1,1,1,0,0,0,0,0,0,0,0,1,1,1,0,0,0,0,0,0,0,0,0,0,0,0,0,0,0,0,0,0,1,0,1,1,0,1,1,0,1,1,1,1,0,1,0,1,1,1,0,1,0,0,0,0,0,0,1,0,1,1,0,0,0,1,0,0,0,1,0,0,0,0,0,0,0,0,0,0,0,0,0,0,0,0,0,0,[0|0|0|0|0|0|0|0|0|0|0|0|0|0],在锁子甲上搭配蓝色筒形外衣的组合。\n\n大树徽章描绘的主题是黄金树，\n为交界地之中广受欢迎的设计。
1110000,章鱼头罩,1,0,[0|0|0],503150,0,23,23,0,0.005,1050,0,100,3.6,-1,-1,-1,7000,1.5,0,-1,-1,-1,-1,-1,-1,-1,-1,-1,-1,-1,-1,-1,-1,-1,-1,1,1,1,1,1,1,1,1,-1,2290,14920,14920,0,0,0,0,[0|0],0,0,0,0,0,0,0,0,31,31,14,23,0,-1,-1,1,0,5,4,0,1,40,0,[0|0],1,1,0,0,0,1,0,0,0,-1,-1,0,1,1,0,0,1,2,0,0.966,0.972,0.946,0.972,0.96,0.964,0.96,109,110,109,110,145,139,139,139,-1,1,0,0.962,0,0,0,0,0,0,0,0,0,0,0,0,0,0,0,0,0,0,0,0,0,0,0,0,0,0,0,0,0,0,0,0,0,0,0,0,[0|0|0|0],0,14,1,1,1,1,0,0,0,0,0,0,0,0,0,0,0,0,0,1,0,0,0,0,0,0,0,0,0,0,0,0,0,0,1,0,1,0,0,1,0,0,0,0,0,0,0,0,0,0,0,0,0,0,0,0,0,0,0,0,0,0,1,1,1,1,1,1,1,1,1,1,0,0,0,0,0,1,0,0,1,1,1,0,0,0,0,0,0,0,0,0,0,0,0,0,0,1,[0|0|0|0|0|0|0|0|0|0|0|0|0|0],将陆生章鱼的幼体直接套在头上的头罩。\n还残留着人类皮肤般的余温。\n\n味道非常腥，柔软富弹性，\n特别能抵御打击属性的攻击。
1120000,壶头罩,1,0,[0|0|0],503160,0,16,16,0,0.01,1050,0,100,6.8,6112000,-1,-1,7000,1.5,0,-1,-1,-1,-1,-1,-1,-1,-1,-1,-1,-1,-1,-1,-1,-1,-1,1,1,1,1,1,1,1,1,-1,2300,14930,14930,0,0,0,0,[0|0],0,0,0,0,0,0,0,0,24,24,33,15,0,-1,-1,1,0,5,4,0,2,40,0,[0|0],1,1,0,0,0,1,0,0,0,-1,-1,0,1,1,0,0,1,2,0,0.932,0.93,0.966,0.932,0.953,0.951,0.954,109,110,117,110,117,139,139,139,-1,1,0,0.953,0,0,0,0,0,0,0,0,0,0,0,0,0,0,0,0,0,0,0,0,0,0,0,0,0,0,0,0,0,0,0,0,0,0,0,0,[0|0|0|0],0,33,0,0,0,0,0,0,0,0,0,0,0,0,0,0,0,0,0,1,0,0,0,0,0,0,0,0,0,0,0,0,0,0,1,0,1,0,0,1,0,0,0,0,0,0,0,0,0,0,0,0,0,0,0,0,0,0,0,0,0,0,0,1,1,1,1,0,1,1,1,1,0,0,0,0,0,1,0,0,1,1,0,0,0,0,0,0,0,0,0,0,0,0,0,0,0,1,[0|0|0|0|0|0|0|0|0|0|0|0|0|0],将壶倒盖、完整覆盖头部的壶头罩。\n“铁拳”亚历山大的手工制品。\n\n壶为了证明彼此的友谊而有的产物。\n能提升投掷壶类道具的威力。
1130000,蘑菇头部,1,0,[0|0|0],500160,0,39,39,0,0.002,1050,0,100,2.2,-1,-1,-1,7000,1.5,0,-1,-1,-1,-1,-1,-1,-1,-1,-1,-1,-1,-1,-1,-1,-1,-1,1,1,1,1,1,1,1,1,-1,2310,14940,14940,0,0,0,0,[0|0],0,0,0,0,0,0,0,0,44,44,10,33,0,-1,-1,1,0,5,4,0,1,10,0,[0|0],1,1,0,0,0,1,0,0,0,-1,-1,0,1,1,0,0,1,2,0,0.979,0.991,0.975,0.982,0.953,0.982,0.954,109,110,109,110,147,139,139,139,-1,1,0,0.954,0,0,0,0,0,0,0,0,0,0,0,0,0,0,0,0,0,0,0,0,0,0,0,0,0,0,0,0,0,0,0,0,0,0,0,0,[0|0|0|0],0,10,0,0,0,0,0,0,0,0,0,0,0,0,0,0,0,0,0,0,0,0,0,0,0,1,0,0,0,0,0,0,0,0,0,1,0,0,0,1,0,0,0,0,0,0,0,0,0,0,0,0,0,0,0,0,0,0,0,0,0,0,1,1,1,1,0,1,0,0,0,0,0,0,0,0,0,1,0,0,0,0,0,0,0,0,0,0,0,0,0,0,0,0,0,0,0,0,[0|0|0|0|0|0|0|0|0|0|0|0|0|0],全身长出密密麻麻的蘑菇──\n其中头部的蘑菇。\n\n对猩红腐败为之倾倒的人们，\n意图在该地落地生根的神圣装扮。
1130100,蘑菇身体,1,0,[0|0|0],600200,0,90,90,100,0.005,1150,0,100,5.1,-1,-1,-1,7000,1,-0.4,-1,-1,-1,-1,-1,-1,-1,-1,-1,-1,-1,-1,-1,-1,-1,-1,1,1,1,1,1,1,1,1,-1,2310,14941,14941,0,0,0,0,[0|0],0,0,0,0,0,0,0,0,102,102,24,76,0,-1,-1,1,0,2,3,1,1,10,0,[0|0],1,0,1,0,0,0,0,0,0,-1,-1,0,1,1,0,0,1,2,0,0.939,0.973,0.929,0.947,0.867,0.947,0.872,109,50,109,50,147,139,139,139,-1,1,0,0.87,0,0,0,0,0,0,0,0,0,0,0,0,0,0,0,0,0,0,0,0,0,0,0,0,0,0,0,0,0,0,0,0,0,0,0,0,[0|0|0|0],0,24,0,0,0,0,0,0,0,0,0,0,0,0,0,0,0,0,0,0,0,0,0,0,0,0,0,0,0,0,0,0,0,0,0,0,0,0,0,0,0,0,1,1,1,0,1,0,1,1,1,0,0,0,1,0,1,0,1,0,1,0,0,0,0,0,0,0,1,1,1,0,1,0,0,1,0,0,0,0,0,0,0,1,1,1,1,1,1,1,1,1,1,1,1,1,1,0,[0|0|0|0|0|0|0|0|0|0|0|0|0|0],全身长出密密麻麻的蘑菇──\n其中身体部分的蘑菇。\n\n对猩红腐败为之倾倒的人们，\n意图在该地落地生根的神圣装扮。
1130200,蘑菇腕部,1,0,[0|0|0],700030,0,30,30,0,0.001,1150,0,100,1.7,-1,-1,-1,7000,1.1,0,-1,-1,-1,-1,-1,-1,-1,-1,-1,-1,-1,-1,-1,-1,-1,-1,1,1,1,1,1,1,1,1,-1,2310,14942,14942,0,0,0,0,[0|0],0,0,0,0,0,0,0,0,34,34,8,25,0,-1,-1,1,0,1,3,2,1,10,0,[0|0],1,0,0,1,0,0,0,0,0,-1,-1,0,1,1,0,0,1,2,0,0.985,0.994,0.983,0.987,0.967,0.987,0.968,109,50,109,50,147,139,139,139,-1,1,0,0.968,0,0,0,0,0,0,0,0,0,0,0,0,0,0,0,0,0,0,0,0,0,0,0,0,0,0,0,0,0,0,0,0,0,0,0,0,[0|0|0|0],0,8,0,0,0,0,0,0,0,0,0,0,0,0,0,0,0,0,0,0,0,0,0,0,0,0,1,1,0,1,0,0,0,1,0,0,0,0,0,0,0,0,0,0,0,0,0,0,0,0,0,0,0,0,0,0,0,0,0,0,0,0,0,0,0,0,0,0,0,0,0,0,0,0,0,0,0,0,0,0,0,0,0,0,0,0,0,0,0,0,0,0,0,0,0,0,0,0,[0|0|0|0|0|0|0|0|0|0|0|0|0|0],全身长出密密麻麻的蘑菇──\n其中手腕部分的蘑菇。\n\n对猩红腐败为之倾倒的人们，\n意图在该地落地生根的神圣装扮。
1130300,蘑菇腿部,1,0,[0|0|0],800080,0,56,56,0,0.003,1250,0,100,3.1,-1,-1,-1,7000,1.1,0,-1,-1,-1,-1,-1,-1,-1,-1,-1,-1,-1,-1,-1,-1,-1,-1,1,1,1,1,1,1,1,1,-1,2310,14943,14943,0,0,0,0,[0|0],0,0,0,0,0,0,0,0,63,63,15,47,0,-1,-1,1,0,6,3,3,1,10,0,[0|0],1,0,0,0,1,0,0,0,0,-1,-1,0,1,1,0,0,1,2,0,0.966,0.985,0.96,0.97,0.924,0.97,0.927,109,50,109,50,147,139,139,139,111,1,0,0.926,0,0,0,0,0,0,0,0,0,0,0,0,0,0,0,0,0,0,0,0,0,0,0,0,0,0,0,0,0,0,0,0,0,0,0,0,[0|0|0|0],0,15,0,0,0,0,0,0,0,0,0,0,0,0,0,0,0,0,0,0,0,0,0,0,0,0,0,0,0,0,0,0,0,0,0,0,0,0,0,0,0,0,0,0,0,0,0,0,0,0,0,0,0,0,0,0,0,0,0,0,0,0,0,0,0,0,0,0,0,0,0,0,0,1,0,0,0,0,0,0,0,0,0,0,0,0,0,0,0,0,0,0,0,0,0,0,0,0,[0|0|0|0|0|0|0|0|0|0|0|0|0|0],全身长出密密麻麻的蘑菇──\n其中腿部的蘑菇。\n\n对猩红腐败为之倾倒的人们，\n意图在该地落地生根的神圣装扮。
1300000,诺克斯镜面盔,1,0,[0|0|0],503110,0,26,26,0,0.006,1050,0,1000,7.5,-1,-1,-1,7000,1.5,0,-1,-1,-1,-1,-1,-1,-1,-1,-1,-1,-1,-1,-1,-1,-1,-1,1,1,1,1,1,1,1,1,-1,1550,14950,14950,0,0,0,0,[0|0],0,0,0,0,0,0,0,0,29,29,33,42,0,-1,-1,1,0,5,4,0,2,40,0,[0|0],1,1,0,0,0,1,0,0,0,-1,-1,0,1,1,0,0,1,2,0,0.96,0.945,0.966,0.95,0.933,0.947,0.958,109,110,106,110,106,139,139,139,-1,1,0,0.947,0,0,0,0,0,0,0,0,0,0,0,0,0,0,0,0,0,0,0,0,0,0,0,0,0,0,0,0,0,0,0,0,0,0,0,0,[0|0|0|0],0,33,0,1,1,1,0,0,0,0,0,0,0,0,0,0,0,0,0,1,0,0,0,0,0,1,0,0,0,0,0,0,0,0,1,0,0,0,0,1,0,0,0,0,0,0,0,0,0,0,0,0,0,0,0,0,0,0,0,0,0,0,1,1,1,1,1,1,1,1,1,1,0,0,0,0,0,1,1,0,1,1,1,0,0,0,0,0,0,0,0,0,0,0,0,0,0,0,[0|0|0|0|0|0|0|0|0|0|0|0|0|0],用结晶镜制成的头盔。\n永恒之城的其中一种诅咒器具。\n容易破碎，不耐打击。\n\n此为犯下大逆不道之举的人穿戴的防具。\n据说能弹开所有的干涉──\n包含无上意志，以及其使者指头。
1301000,伊吉镜面盔,1,0,[0|0|0],503120,0,26,26,0,0.007,1050,0,1000,7.5,-1,-1,-1,7000,1.5,0,-1,-1,-1,-1,-1,-1,-1,-1,-1,-1,-1,-1,-1,-1,-1,-1,1,1,1,1,1,1,1,1,-1,1555,14960,14960,0,0,0,0,[0|0],0,0,0,0,0,0,0,0,22,22,42,39,0,-1,-1,1,0,5,4,0,2,40,0,[0|0],1,1,0,0,0,1,0,0,0,-1,-1,0,1,1,0,0,1,2,0,0.962,0.948,0.962,0.948,0.938,0.954,0.952,109,110,106,110,106,139,139,139,-1,1,0,0.942,0,0,0,0,0,0,0,0,0,0,0,0,0,0,0,0,0,0,0,0,0,0,0,0,0,0,0,0,0,0,0,0,0,0,0,0,[0|0|0|0],0,42,1,1,1,1,1,0,0,0,0,0,0,0,0,0,0,0,0,1,0,0,0,0,0,0,0,0,0,0,0,0,0,0,1,0,1,0,0,1,0,0,0,0,0,0,0,0,0,0,0,0,0,0,0,0,0,0,0,0,0,0,1,1,1,1,1,1,1,1,1,1,0,0,0,0,0,1,1,0,1,1,1,0,0,0,0,0,0,0,0,0,0,0,0,0,0,1,[0|0|0|0|0|0|0|0|0|0|0|0|0|0],用结晶镜制成的头盔。\n军师伊吉绝不离身的防具。\n容易破碎，不耐打击。\n\n此为犯下大逆不道之举的人穿戴的防具。\n据说能弹开所有的干涉──\n包含无上意志，以及其使者指头。\n\n伊吉深怕自己会做出背叛。
1400000,黑布风帽,1,0,[0|0|0],504060,0,16,16,0,0.004,1050,0,100,3,-1,-1,-1,7000,1.5,0,-1,-1,-1,-1,-1,-1,-1,-1,-1,-1,-1,-1,-1,-1,-1,-1,1,1,1,1,1,1,1,1,-1,1560,14970,14970,0,0,0,0,[0|0],0,0,0,0,0,0,0,0,33,33,16,18,0,-1,-1,1,0,5,4,0,1,50,0,[0|0],1,1,0,0,0,1,0,0,0,-1,-1,0,1,1,0,0,1,2,0,0.972,0.969,0.969,0.969,0.969,0.966,0.964,109,110,108,110,108,139,139,139,-1,1,0,0.969,0,0,0,0,0,0,0,0,0,0,0,0,0,0,0,0,0,0,0,0,0,0,0,0,0,0,0,0,0,0,0,0,0,0,0,0,[0|0|0|0],0,16,0,1,0,0,1,0,0,0,0,0,0,0,0,0,0,0,0,0,0,0,0,0,0,0,0,0,0,0,0,0,0,0,1,0,1,0,0,1,0,0,0,0,0,0,0,0,0,0,0,0,0,0,0,0,0,0,0,0,0,0,0,0,1,1,1,0,1,1,1,1,0,0,0,0,0,1,1,0,1,1,1,0,0,0,0,0,0,0,0,0,0,0,0,0,0,1,[0|0|0|0|0|0|0|0|0|0|0|0|0|0],没有光泽的黑色布质风帽。\n想隐藏长相以及真面目的人们穿戴的防具。\n\n在这世上，该公诸于世的事情几乎不存在。
1400100,皮革铠甲,1,0,[0|0|0],603000,0,42,42,100,0.012,1150,0,100,7.1,-1,-1,-1,7000,1,-0.4,-1,-1,-1,-1,-1,-1,-1,-1,-1,-1,-1,-1,-1,-1,-1,-1,1,1,1,1,1,1,1,1,-1,1560,14971,14976,0,0,0,0,[0|0],0,0,0,0,0,0,0,0,60,60,35,50,0,-1,-1,1,0,2,3,1,1,40,0,[0|0],1,0,1,0,0,0,0,0,0,-1,-1,0,1,1,0,0,1,2,0,0.92,0.92,0.905,0.912,0.905,0.905,0.898,109,50,108,50,108,139,139,139,-1,1,0,0.898,0,0,0,0,0,0,0,0,0,0,0,0,0,0,0,0,0,0,0,0,0,0,0,0,0,0,0,0,0,0,0,0,0,0,0,0,[0|0|0|0],0,35,0,0,0,0,0,1,1,1,1,1,0,0,0,0,0,0,0,0,0,1,1,1,0,0,0,0,0,0,0,0,0,0,0,0,0,0,0,0,0,0,1,0,1,1,0,1,0,1,1,1,1,0,1,0,1,1,0,0,1,0,0,0,0,0,0,0,1,0,1,1,1,0,0,1,0,0,0,1,0,0,0,1,1,1,1,1,1,1,1,1,1,1,1,1,1,0,[0|0|0|0|0|0|0|0|0|0|0|0|0|0],适用于战斗的轻型皮制铠甲。\n脑袋精明的战士穿戴的装备。\n\n带有行侠仗义、品格正直的象征，\n因此穿戴者会受到他人的崇敬。
1400200,皮革手套,1,0,[0|0|0],703000,0,14,14,0,0.003,1150,0,100,2.4,-1,-1,-1,7000,1.1,0,-1,-1,-1,-1,-1,-1,-1,-1,-1,-1,-1,-1,-1,-1,-1,-1,1,1,1,1,1,1,1,1,-1,1560,14972,14972,0,0,0,0,[0|0],0,0,0,0,0,0,0,0,20,20,12,17,0,-1,-1,1,0,1,4,2,1,40,0,[0|0],1,0,0,1,0,0,0,0,0,-1,-1,0,1,1,0,0,1,2,0,0.981,0.981,0.977,0.979,0.977,0.977,0.975,109,50,108,50,108,139,139,139,-1,1,0,0.975,0,0,0,0,0,0,0,0,0,0,0,0,0,0,0,0,0,0,0,0,0,0,0,0,0,0,0,0,0,0,0,0,0,0,0,0,[0|0|0|0],0,12,0,0,0,0,0,0,0,0,0,0,1,1,0,1,0,0,0,0,1,0,0,0,0,0,0,1,1,0,1,1,1,0,0,0,0,0,0,0,0,0,0,0,0,0,0,0,0,0,0,0,0,0,0,0,0,0,0,0,0,0,0,0,0,0,0,0,0,0,0,0,0,0,0,0,0,0,0,0,0,0,0,0,0,0,0,0,0,0,0,0,0,0,0,0,0,0,[0|0|0|0|0|0|0|0|0|0|0|0|0|0],适用于战斗的轻型皮制手套。\n脑袋精明的战士穿戴的装备。\n\n带有行侠仗义、品格正直的象征，\n因此穿戴者会受到他人的崇敬。
1400300,皮革靴子,1,0,[0|0|0],803010,0,26,26,0,0.007,1250,0,100,4.4,-1,-1,-1,7000,1.1,0,-1,-1,-1,-1,-1,-1,-1,-1,-1,-1,-1,-1,-1,-1,-1,-1,1,1,1,1,1,1,1,1,-1,1560,14973,14973,0,0,0,0,[0|0],0,0,0,0,0,0,0,0,37,37,22,31,0,-1,-1,1,0,6,4,3,1,40,0,[0|0],1,0,0,0,1,0,0,0,0,-1,-1,0,1,1,0,0,1,2,0,0.955,0.955,0.946,0.95,0.946,0.946,0.942,109,50,108,50,108,139,139,139,111,1,0,0.942,0,0,0,0,0,0,0,0,0,0,0,0,0,0,0,0,0,0,0,0,0,0,0,0,0,0,0,0,0,0,0,0,0,0,0,0,[0|0|0|0],0,22,0,0,0,0,0,0,0,0,0,0,0,0,1,0,1,1,1,0,0,1,0,0,0,0,0,0,0,0,0,0,0,0,0,0,0,0,0,0,0,0,0,0,0,0,0,0,0,0,0,0,0,0,0,0,0,0,0,0,0,0,0,0,0,0,0,0,0,0,0,0,0,0,1,0,0,0,0,0,0,0,0,0,0,0,0,0,0,0,0,0,0,0,0,0,0,0,[0|0|0|0|0|0|0|0|0|0|0|0|0|0],适用于战斗的轻型皮制靴子。\n脑袋精明的战士穿戴的装备。\n\n带有行侠仗义、品格正直的象征，\n因此穿戴者会受到他人的崇敬。
1401000,盗贼面具,1,0,[0|0|0],504050,0,14,14,0,0.004,1050,0,100,3,-1,-1,-1,7000,1.5,0,-1,-1,-1,-1,-1,-1,-1,-1,-1,-1,-1,-1,-1,-1,-1,-1,1,1,1,1,1,1,1,1,-1,1561,14980,14980,0,0,0,0,[0|0],0,0,0,0,0,0,0,0,30,30,14,16,0,-1,-1,1,0,5,4,0,1,50,0,[0|0],1,1,0,0,0,1,0,0,0,-1,-1,0,1,1,0,0,1,2,0,0.972,0.969,0.969,0.969,0.969,0.966,0.964,109,110,108,110,108,139,139,139,-1,1,0,0.969,0,0,0,0,0,0,0,0,0,0,0,0,0,0,0,0,0,0,0,0,0,0,0,0,0,0,0,0,0,0,0,0,0,0,0,0,[0|0|0|0],0,14,0,1,0,0,0,0,0,0,0,0,0,0,0,0,0,0,0,0,0,0,0,0,0,1,0,0,0,0,0,0,0,0,1,0,0,0,0,1,0,0,0,0,0,0,0,0,0,0,0,0,0,0,0,0,0,0,0,0,0,0,1,1,1,1,0,1,0,0,0,0,0,0,0,0,0,1,0,0,1,1,1,0,0,0,0,0,0,0,0,0,0,0,0,0,0,0,[0|0|0|0|0|0|0|0|0|0|0|0|0|0],用黑布覆盖嘴部的面具。\n\n盗贼们会用来遮住长相，\n以及用来应付毒物等等。
1500000,骑士头盔,1,0,[0|0|0],507000,0,8,8,0,0.008,1050,0,200,4.6,-1,-1,-1,7000,1.5,0,-1,-1,-1,-1,-1,-1,-1,-1,-1,-1,-1,-1,-1,-1,-1,-1,1,1,1,1,1,1,1,1,-1,1570,14990,14990,0,0,0,0,[0|0],0,0,0,0,0,0,0,0,12,12,22,8,0,-1,-1,1,0,5,4,0,1,80,0,[0|0],1,1,0,0,0,1,0,0,0,-1,-1,0,1,1,0,0,1,2,0,0.956,0.952,0.958,0.952,0.962,0.962,0.966,109,110,106,110,106,139,139,139,-1,1,0,0.969,0,0,0,0,0,0,0,0,0,0,0,0,0,0,0,0,0,0,0,0,0,0,0,0,0,0,0,0,0,0,0,0,0,0,0,0,[0|0|0|0],0,22,1,1,1,1,1,0,0,0,0,0,0,0,0,0,0,0,0,1,0,0,0,0,0,1,0,0,0,0,0,0,0,0,1,0,0,0,0,1,0,0,0,0,0,0,0,0,0,0,0,0,0,0,0,0,0,0,0,0,0,0,1,1,1,1,1,1,1,1,1,1,0,0,0,0,0,1,1,0,1,1,1,0,0,0,0,0,0,0,0,0,0,0,0,0,0,0,[0|0|0|0|0|0|0|0|0|0|0|0|0|0],无名骑士穿戴的头盔。\n用铁薄片加工制成的防具。\n\n金属制的盔甲有相当分量，\n因此减伤率偏高，是坚固的防具。
1500100,骑士铠甲,1,0,[0|0|0],607000,0,18,18,100,0.024,1150,0,200,10.6,-1,-1,-1,7000,1,-0.4,-1,-1,-1,-1,-1,-1,-1,-1,-1,-1,-1,-1,-1,-1,-1,-1,1,1,1,1,1,1,1,1,-1,1570,14991,14991,0,0,0,0,[0|0],0,0,0,0,0,0,0,0,28,28,50,18,0,-1,-1,1,0,2,4,1,1,80,0,[0|0],1,0,1,0,0,0,0,0,0,-1,-1,0,1,1,0,0,1,2,0,0.876,0.865,0.881,0.865,0.891,0.891,0.905,109,50,106,50,106,139,139,139,-1,1,0,0.912,0,0,0,0,0,0,0,0,0,0,0,0,0,0,0,0,0,0,0,0,0,0,0,0,0,0,0,0,0,0,0,0,0,0,0,0,[0|0|0|0],0,50,0,0,0,0,0,0,1,1,1,1,1,0,0,0,0,0,0,0,0,1,1,1,0,0,0,0,0,0,0,0,0,0,0,0,0,0,0,0,0,0,1,1,1,0,1,0,1,1,0,1,1,1,0,0,1,1,1,1,0,1,0,0,0,0,0,0,1,0,1,1,1,0,0,1,0,0,0,1,0,0,0,0,0,0,0,0,0,0,0,0,0,0,0,0,0,0,[0|0|0|0|0|0|0|0|0|0|0|0|0|0],无名骑士穿戴的铠甲。\n用铁薄片加工制成的防具。\n\n金属制的盔甲有相当分量，\n因此减伤率偏高，是坚固的防具。
1500200,骑士臂甲,1,0,[0|0|0],706000,0,6,6,0,0.005,1150,0,200,3.5,-1,-1,-1,7000,1.1,0,-1,-1,-1,-1,-1,-1,-1,-1,-1,-1,-1,-1,-1,-1,-1,-1,1,1,1,1,1,1,1,1,-1,1570,14992,14992,0,0,0,0,[0|0],0,0,0,0,0,0,0,0,9,9,17,6,0,-1,-1,1,0,1,4,2,1,70,0,[0|0],1,0,0,1,0,0,0,0,0,-1,-1,0,1,1,0,0,1,2,0,0.969,0.967,0.971,0.967,0.973,0.973,0.977,109,50,106,50,106,139,139,139,-1,1,0,0.979,0,0,0,0,0,0,0,0,0,0,0,0,0,0,0,0,0,0,0,0,0,0,0,0,0,0,0,0,0,0,0,0,0,0,0,0,[0|0|0|0],0,17,0,0,0,0,0,0,0,0,0,0,0,1,0,1,0,0,0,0,1,0,0,0,0,0,1,1,0,0,1,1,0,1,0,0,0,0,0,0,0,0,0,0,0,0,0,0,0,0,0,0,0,0,0,0,0,0,0,0,0,0,0,0,0,0,0,0,0,0,0,0,0,0,0,0,0,0,0,0,0,0,0,0,0,0,0,0,0,0,0,0,0,0,0,0,0,0,[0|0|0|0|0|0|0|0|0|0|0|0|0|0],无名骑士穿戴的臂甲。\n用铁薄片加工制成的防具。\n\n金属制的盔甲有相当分量，\n因此减伤率偏高，是坚固的防具。
1500300,骑士腿甲,1,0,[0|0|0],806000,0,11,11,0,0.014,1250,0,200,6.6,-1,-1,-1,7000,1.1,0,-1,-1,-1,-1,-1,-1,-1,-1,-1,-1,-1,-1,-1,-1,-1,-1,1,1,1,1,1,1,1,1,-1,1570,14993,14993,0,0,0,0,[0|0],0,0,0,0,0,0,0,0,17,17,31,11,0,-1,-1,1,0,6,4,3,1,70,0,[0|0],1,0,0,0,1,0,0,0,0,-1,-1,0,1,1,0,0,1,2,0,0.929,0.923,0.932,0.923,0.938,0.938,0.946,109,50,106,50,106,139,139,139,111,1,0,0.95,0,0,0,0,0,0,0,0,0,0,0,0,0,0,0,0,0,0,0,0,0,0,0,0,0,0,0,0,0,0,0,0,0,0,0,0,[0|0|0|0],0,31,0,0,0,0,0,0,0,0,0,0,0,0,1,0,1,1,1,0,0,1,0,0,0,0,0,0,0,0,0,0,0,0,0,0,0,0,0,0,0,0,0,0,0,0,0,0,0,0,0,0,0,0,0,0,0,0,0,0,0,0,0,0,0,0,0,0,0,0,0,0,0,0,1,0,0,0,0,0,0,0,0,0,0,0,0,0,0,0,0,0,0,0,0,0,0,0,[0|0|0|0|0|0|0|0|0|0|0|0|0|0],无名骑士穿戴的腿甲。\n用铁薄片加工制成的防具。\n\n金属制的盔甲有相当分量，\n因此减伤率偏高，是坚固的防具。
1600000,大风帽,1,0,[0|0|0],501230,0,47,47,0,0.005,1050,0,200,5.1,6160000,-1,-1,7000,1.5,0,-1,-1,-1,-1,-1,-1,-1,-1,-1,-1,-1,-1,-1,-1,-1,-1,1,1,1,1,1,1,1,1,-1,1580,15000,15000,0,0,0,0,[0|0],0,0,0,0,0,0,0,0,33,33,20,47,0,-1,-1,1,0,5,4,0,2,20,0,[0|0],1,1,0,0,0,1,0,0,0,-1,-1,0,1,1,0,0,1,2,0,0.962,0.962,0.964,0.964,0.945,0.95,0.945,109,110,113,110,113,139,139,139,-1,1,0,0.938,0,0,0,0,0,0,0,0,0,0,0,0,0,0,0,0,0,0,0,0,0,0,0,0,0,0,0,0,0,0,0,0,0,0,0,0,[0|0|0|0],0,20,0,0,0,0,0,0,0,0,0,0,0,0,0,0,0,0,0,0,0,0,0,0,0,0,0,0,0,0,0,0,0,0,1,0,1,0,0,1,0,0,0,0,0,0,0,0,0,0,0,0,0,0,0,0,0,0,0,0,0,0,0,0,1,1,1,0,1,1,1,1,0,0,0,0,0,1,1,0,0,0,0,0,0,0,0,0,0,0,0,0,0,0,0,0,0,1,[0|0|0|0|0|0|0|0|0|0|0|0|0|0],比头部还要大上许多的大风帽。\n在得知追求许久的真相后，\n能用来穿戴、等待死亡的防具。\n\n能提升智力与信仰，但会降低血量。\n\n　啊，年幼的蕾娜菈，\n　她真的仰望过这轮月亮。
1610000,,1,0,[0|0|0],999999,0,47,47,0,0.005,1050,0,200,5.1,-1,-1,-1,7000,1.5,0,-1,-1,-1,-1,-1,-1,-1,-1,-1,-1,-1,-1,-1,-1,-1,-1,1,1,1,1,1,1,1,1,-1,1580,15000,15000,0,0,0,0,[0|0],0,0,0,0,0,0,0,0,33,33,20,47,0,-1,-1,1,0,5,4,0,2,255,0,[0|0],1,1,0,0,0,1,0,0,0,-1,-1,0,1,0,0,0,1,2,0,0.962,0.962,0.964,0.964,0.945,0.95,0.945,109,110,113,110,113,139,139,139,-1,1,0,0.938,0,0,0,0,0,0,0,0,0,0,0,0,0,0,0,0,0,0,0,0,0,0,0,0,0,0,0,0,0,0,0,0,0,0,0,0,[0|0|0|0],0,20,0,0,0,0,0,0,0,0,0,0,0,0,0,0,0,0,0,0,0,0,0,0,0,0,0,0,0,0,0,0,0,0,1,0,1,0,0,1,0,0,0,0,0,0,0,0,0,0,0,0,0,0,0,0,0,0,0,0,0,0,0,0,1,1,1,0,1,1,1,1,0,0,0,0,0,1,1,0,0,0,0,0,0,0,0,0,0,0,0,0,0,0,0,0,0,1,[0|0|0|0|0|0|0|0|0|0|0|0|0|0],
1700000,葛瑞克士兵头盔,1,0,[0|0|0],506020,0,9,9,0,0.007,1050,0,100,4,-1,-1,-1,7000,1.5,0,-1,-1,-1,-1,-1,-1,-1,-1,-1,-1,-1,-1,-1,-1,-1,-1,1,1,1,1,1,1,1,1,-1,2320,15010,15010,0,0,0,0,[0|0],0,0,0,0,0,0,0,0,12,12,22,9,0,-1,-1,1,0,5,4,0,1,70,0,[0|0],1,1,0,0,0,1,0,0,0,-1,-1,0,1,1,0,0,1,2,0,0.956,0.956,0.964,0.958,0.969,0.964,0.975,109,110,106,110,106,139,139,139,-1,1,0,0.969,0,0,0,0,0,0,0,0,0,0,0,0,0,0,0,0,0,0,0,0,0,0,0,0,0,0,0,0,0,0,0,0,0,0,0,0,[0|0|0|0],0,22,0,0,0,1,1,0,0,0,0,0,0,0,0,0,0,0,0,0,0,0,0,0,0,0,0,0,0,0,0,0,0,0,1,0,1,0,0,1,0,0,0,0,0,0,0,0,0,0,0,0,0,0,0,0,0,0,0,0,0,0,1,1,1,1,1,1,1,1,1,1,0,0,0,0,0,1,1,0,0,1,0,0,0,0,0,0,0,0,0,0,0,0,0,0,0,1,[0|0|0|0|0|0|0|0|0|0|0|0|0|0],侍奉“接肢”葛瑞克的士兵们穿戴的头盔。\n由铁制头盔与锁子甲组成的防具。
1700100,大树与野兽筒形外衣,1,0,[0|0|0],605040,0,23,23,100,0.022,1150,0,100,10.6,-1,-1,-1,7000,1,-0.4,-1,-1,-1,-1,-1,-1,-1,-1,-1,-1,-1,-1,-1,-1,-1,-1,1,1,1,1,1,1,1,1,-1,2320,15011,15011,0,0,0,0,[0|0],0,0,0,0,0,0,0,0,32,32,55,23,0,-1,-1,1,0,2,4,1,1,60,0,[0|0],1,0,1,0,0,0,0,0,0,-1,-1,0,1,1,0,0,1,2,0,0.871,0.871,0.886,0.876,0.898,0.891,0.92,109,50,108,50,108,139,139,139,-1,1,0,0.905,0,0,0,0,0,0,0,0,0,0,0,0,0,0,0,0,0,0,0,0,0,0,0,0,0,0,0,0,0,0,0,0,0,0,0,0,[0|0|0|0],0,55,0,0,0,0,0,1,1,1,1,1,1,0,0,0,0,0,0,0,0,1,1,1,0,0,0,0,0,0,0,0,0,0,0,0,0,0,0,0,0,0,1,1,0,1,1,0,1,0,1,1,1,1,0,0,1,1,1,1,0,1,0,0,0,0,0,0,1,0,1,1,1,0,0,1,0,0,0,1,0,0,0,0,0,0,0,0,0,0,0,0,0,0,0,0,0,0,[0|0|0|0|0|0|0|0|0|0|0|0|0|0],侍奉“接肢”葛瑞克的士兵们穿戴的铠甲。\n\n筒形外衣上绘有遥远过去的黄金树，\n以及黄金一族的象征“宰相野兽”──\n这些都是过往的荣耀。
1700200,葛瑞克士兵臂甲,1,0,[0|0|0],705020,0,8,8,0,0.005,1150,0,100,3.5,-1,-1,-1,7000,1.1,0,-1,-1,-1,-1,-1,-1,-1,-1,-1,-1,-1,-1,-1,-1,-1,-1,1,1,1,1,1,1,1,1,-1,2320,15012,15012,0,0,0,0,[0|0],0,0,0,0,0,0,0,0,11,11,18,8,0,-1,-1,1,0,1,4,2,1,60,0,[0|0],1,0,0,1,0,0,0,0,0,-1,-1,0,1,1,0,0,1,2,0,0.968,0.968,0.972,0.969,0.975,0.973,0.981,109,50,108,50,108,139,139,139,-1,1,0,0.977,0,0,0,0,0,0,0,0,0,0,0,0,0,0,0,0,0,0,0,0,0,0,0,0,0,0,0,0,0,0,0,0,0,0,0,0,[0|0|0|0],0,18,0,0,0,0,0,0,0,0,0,0,1,1,0,1,0,0,0,0,1,0,0,0,0,0,1,0,1,0,1,1,0,1,0,0,0,0,0,0,0,0,0,0,0,0,0,0,0,0,0,0,0,0,0,0,0,0,0,0,0,0,0,0,0,0,0,0,0,0,0,0,0,0,0,0,0,0,0,0,0,0,0,0,0,0,0,0,0,0,0,0,0,0,0,0,0,0,[0|0|0|0|0|0|0|0|0|0|0|0|0|0],侍奉“接肢”葛瑞克的士兵们穿戴的臂甲。\n投身没有尽头的战争之中，因此锈蚀骯脏。
1700300,葛瑞克士兵腿甲,1,0,[0|0|0],805010,0,14,14,0,0.013,1250,0,100,6.6,-1,-1,-1,7000,1.1,0,-1,-1,-1,-1,-1,-1,-1,-1,-1,-1,-1,-1,-1,-1,-1,-1,1,1,1,1,1,1,1,1,-1,2320,15013,15013,0,0,0,0,[0|0],0,0,0,0,0,0,0,0,20,20,34,14,0,-1,-1,1,0,6,4,3,1,60,0,[0|0],1,0,0,0,1,0,0,0,0,-1,-1,0,1,1,0,0,1,2,0,0.926,0.926,0.935,0.929,0.942,0.938,0.955,109,50,144,50,144,139,139,139,111,1,0,0.946,0,0,0,0,0,0,0,0,0,0,0,0,0,0,0,0,0,0,0,0,0,0,0,0,0,0,0,0,0,0,0,0,0,0,0,0,[0|0|0|0],0,34,0,0,0,0,0,0,0,0,0,0,0,0,1,0,1,1,1,0,0,1,0,0,0,0,0,0,0,0,0,0,0,0,0,0,0,0,0,0,0,0,0,0,0,0,0,0,0,0,0,0,0,0,0,0,0,0,0,0,0,0,0,0,0,0,0,0,0,0,0,0,0,0,1,0,0,0,0,0,0,0,0,0,0,0,0,0,0,0,0,0,0,0,0,0,0,0,[0|0|0|0|0|0|0|0|0|0|0|0|0|0],侍奉“接肢”葛瑞克的士兵们穿戴的腿甲。\n投身没有尽头的战争之中，因此锈蚀骯脏。
1710000,雷亚卢卡利亚士兵头盔,1,0,[0|0|0],506030,0,9,9,0,0.007,1050,0,100,4,-1,-1,-1,7000,1.5,0,-1,-1,-1,-1,-1,-1,-1,-1,-1,-1,-1,-1,-1,-1,-1,-1,1,1,1,1,1,1,1,1,-1,2330,15020,15020,0,0,0,0,[0|0],0,0,0,0,0,0,0,0,12,12,22,9,0,-1,-1,1,0,5,4,0,1,70,0,[0|0],1,1,0,0,0,1,0,0,0,-1,-1,0,1,1,0,0,1,2,0,0.956,0.954,0.966,0.956,0.966,0.964,0.977,109,110,106,110,106,139,139,139,-1,1,0,0.972,0,0,0,0,0,0,0,0,0,0,0,0,0,0,0,0,0,0,0,0,0,0,0,0,0,0,0,0,0,0,0,0,0,0,0,0,[0|0|0|0],0,22,0,0,0,1,1,0,0,0,0,0,0,0,0,0,0,0,0,0,0,0,0,0,0,0,0,0,0,0,0,0,0,0,1,0,1,0,0,1,0,0,0,0,0,0,0,0,0,0,0,0,0,0,0,0,0,0,0,0,0,0,1,1,1,1,1,1,1,1,1,1,0,0,0,0,0,1,1,0,0,1,0,0,0,0,0,0,0,0,0,0,0,0,0,0,0,1,[0|0|0|0|0|0|0|0|0|0|0|0|0|0],侍奉魔法学院的士兵们穿戴的头盔。\n额头上装饰着一根杜鹃羽毛。
1710100,杜鹃筒形外衣,1,0,[0|0|0],605050,0,23,23,100,0.022,1150,0,100,10.6,-1,-1,-1,7000,1,-0.4,-1,-1,-1,-1,-1,-1,-1,-1,-1,-1,-1,-1,-1,-1,-1,-1,1,1,1,1,1,1,1,1,-1,2330,15021,15021,0,0,0,0,[0|0],0,0,0,0,0,0,0,0,28,28,55,23,0,-1,-1,1,0,2,4,1,1,60,0,[0|0],1,0,1,0,0,0,0,0,0,-1,-1,0,1,1,0,0,1,2,0,0.871,0.865,0.891,0.871,0.881,0.891,0.929,109,50,108,50,108,139,139,139,-1,1,0,0.912,0,0,0,0,0,0,0,0,0,0,0,0,0,0,0,0,0,0,0,0,0,0,0,0,0,0,0,0,0,0,0,0,0,0,0,0,[0|0|0|0],0,55,0,0,0,0,0,1,1,1,1,1,1,0,0,0,0,0,0,0,0,1,1,1,0,0,0,0,0,0,0,0,0,0,0,0,0,0,0,0,0,0,1,1,0,1,1,0,1,0,1,1,1,1,0,0,1,1,1,1,0,1,0,0,0,0,0,0,1,0,1,1,1,0,0,1,0,0,0,1,0,0,0,0,0,0,0,0,0,0,0,0,0,0,0,0,0,0,[0|0|0|0|0|0|0|0|0|0|0|0|0|0],侍奉魔法学院的士兵们穿戴的铠甲。\n\n筒形外衣上绘有辉石的兴盛，\n以及从旁窥视的杜鹃们。\n对辉石魔法师而言，肉体不过是短暂的停留点──\n只有杜鹃对此心知肚明，在旁张望。
1710200,雷亚卢卡利亚士兵臂甲,1,0,[0|0|0],705030,0,8,8,0,0.005,1150,0,100,3.5,-1,-1,-1,7000,1.1,0,-1,-1,-1,-1,-1,-1,-1,-1,-1,-1,-1,-1,-1,-1,-1,-1,1,1,1,1,1,1,1,1,-1,2330,15022,15022,0,0,0,0,[0|0],0,0,0,0,0,0,0,0,11,11,18,8,0,-1,-1,1,0,1,4,2,1,60,0,[0|0],1,0,0,1,0,0,0,0,0,-1,-1,0,1,1,0,0,1,2,0,0.968,0.967,0.973,0.968,0.973,0.973,0.983,109,50,108,50,108,139,139,139,-1,1,0,0.979,0,0,0,0,0,0,0,0,0,0,0,0,0,0,0,0,0,0,0,0,0,0,0,0,0,0,0,0,0,0,0,0,0,0,0,0,[0|0|0|0],0,18,0,0,0,0,0,0,0,0,0,0,1,1,0,1,0,0,0,0,1,0,0,0,0,0,1,0,1,0,1,1,0,1,0,0,0,0,0,0,0,0,0,0,0,0,0,0,0,0,0,0,0,0,0,0,0,0,0,0,0,0,0,0,0,0,0,0,0,0,0,0,0,0,0,0,0,0,0,0,0,0,0,0,0,0,0,0,0,0,0,0,0,0,0,0,0,0,[0|0|0|0|0|0|0|0|0|0|0|0|0|0],侍奉魔法学院的士兵们穿戴的臂甲。\n投身没有尽头的战争之中，因此锈蚀骯脏。
1710300,雷亚卢卡利亚士兵腿甲,1,0,[0|0|0],805020,0,14,14,0,0.013,1250,0,100,6.6,-1,-1,-1,7000,1.1,0,-1,-1,-1,-1,-1,-1,-1,-1,-1,-1,-1,-1,-1,-1,-1,-1,1,1,1,1,1,1,1,1,-1,2330,15023,15023,0,0,0,0,[0|0],0,0,0,0,0,0,0,0,20,20,34,14,0,-1,-1,1,0,6,4,3,1,60,0,[0|0],1,0,0,0,1,0,0,0,0,-1,-1,0,1,1,0,0,1,2,0,0.926,0.923,0.938,0.926,0.938,0.938,0.96,109,50,144,50,144,139,139,139,111,1,0,0.95,0,0,0,0,0,0,0,0,0,0,0,0,0,0,0,0,0,0,0,0,0,0,0,0,0,0,0,0,0,0,0,0,0,0,0,0,[0|0|0|0],0,34,0,0,0,0,0,0,0,0,0,0,0,0,1,0,1,1,1,0,0,1,0,0,0,0,0,0,0,0,0,0,0,0,0,0,0,0,0,0,0,0,0,0,0,0,0,0,0,0,0,0,0,0,0,0,0,0,0,0,0,0,0,0,0,0,0,0,0,0,0,0,0,0,1,0,0,0,0,0,0,0,0,0,0,0,0,0,0,0,0,0,0,0,0,0,0,0,[0|0|0|0|0|0|0|0|0|0|0|0|0|0],侍奉魔法学院的士兵们穿戴的腿甲。\n投身没有尽头的战争之中，因此锈蚀骯脏。
1720000,罗德尔士兵头盔,1,0,[0|0|0],506050,0,9,9,0,0.007,1050,0,100,4,-1,-1,-1,7000,1.5,0,-1,-1,-1,-1,-1,-1,-1,-1,-1,-1,-1,-1,-1,-1,-1,-1,1,1,1,1,1,1,1,1,-1,2340,15030,15030,0,0,0,0,[0|0],0,0,0,0,0,0,0,0,12,12,22,9,0,-1,-1,1,0,5,4,0,1,70,0,[0|0],1,1,0,0,0,1,0,0,0,-1,-1,0,1,1,0,0,1,2,0,0.956,0.958,0.962,0.956,0.972,0.966,0.972,109,110,106,110,106,139,139,139,-1,1,0,0.969,0,0,0,0,0,0,0,0,0,0,0,0,0,0,0,0,0,0,0,0,0,0,0,0,0,0,0,0,0,0,0,0,0,0,0,0,[0|0|0|0],0,22,0,0,0,1,1,0,0,0,0,0,0,0,0,0,0,0,0,0,0,0,0,0,0,0,0,0,0,0,0,0,0,0,1,0,1,0,0,1,0,0,0,0,0,0,0,0,0,0,0,0,0,0,0,0,0,0,0,0,0,0,1,1,1,1,1,1,1,1,1,1,0,0,0,0,0,1,1,0,0,1,0,0,0,0,0,0,0,0,0,0,0,0,0,0,0,1,[0|0|0|0|0|0|0|0|0|0|0|0|0|0],守护王城罗德尔的士兵们穿戴的头盔。\n由铁制头盔与锁子甲组成的防具。
1720100,黄金树筒形外衣,1,0,[0|0|0],605070,0,23,23,100,0.022,1150,0,100,10.6,-1,-1,-1,7000,1,-0.4,-1,-1,-1,-1,-1,-1,-1,-1,-1,-1,-1,-1,-1,-1,-1,-1,1,1,1,1,1,1,1,1,-1,2340,15031,15031,0,0,0,0,[0|0],0,0,0,0,0,0,0,0,32,32,55,23,0,-1,-1,1,0,2,4,1,1,60,0,[0|0],1,0,1,0,0,0,0,0,0,-1,-1,0,1,1,0,0,1,2,0,0.871,0.876,0.881,0.871,0.905,0.898,0.912,109,50,108,50,108,139,139,139,-1,1,0,0.905,0,0,0,0,0,0,0,0,0,0,0,0,0,0,0,0,0,0,0,0,0,0,0,0,0,0,0,0,0,0,0,0,0,0,0,0,[0|0|0|0],0,55,0,0,0,0,0,1,1,1,1,1,1,0,0,0,0,0,0,0,0,1,1,1,0,0,0,0,0,0,0,0,0,0,0,0,0,0,0,0,0,0,1,1,0,1,1,0,1,0,1,1,1,1,0,0,1,1,1,1,0,1,0,0,0,0,0,0,1,0,1,1,1,0,0,1,0,0,0,1,0,0,0,0,0,0,0,0,0,0,0,0,0,0,0,0,0,0,[0|0|0|0|0|0|0|0|0|0|0|0|0|0],守护王城罗德尔的士兵们穿戴的铠甲。\n\n筒形外衣上绘有充满气势的黄金树。\n外衣使用的黄金色，其他军队不得使用。
1720200,罗德尔士兵臂甲,1,0,[0|0|0],705050,0,8,8,0,0.005,1150,0,100,3.5,-1,-1,-1,7000,1.1,0,-1,-1,-1,-1,-1,-1,-1,-1,-1,-1,-1,-1,-1,-1,-1,-1,1,1,1,1,1,1,1,1,-1,2340,15032,15032,0,0,0,0,[0|0],0,0,0,0,0,0,0,0,11,11,18,8,0,-1,-1,1,0,1,4,2,1,60,0,[0|0],1,0,0,1,0,0,0,0,0,-1,-1,0,1,1,0,0,1,2,0,0.968,0.969,0.971,0.968,0.977,0.975,0.979,109,50,108,50,108,139,139,139,-1,1,0,0.977,0,0,0,0,0,0,0,0,0,0,0,0,0,0,0,0,0,0,0,0,0,0,0,0,0,0,0,0,0,0,0,0,0,0,0,0,[0|0|0|0],0,18,0,0,0,0,0,0,0,0,0,0,1,1,0,1,0,0,0,0,1,0,0,0,0,0,1,0,1,0,1,1,0,1,0,0,0,0,0,0,0,0,0,0,0,0,0,0,0,0,0,0,0,0,0,0,0,0,0,0,0,0,0,0,0,0,0,0,0,0,0,0,0,0,0,0,0,0,0,0,0,0,0,0,0,0,0,0,0,0,0,0,0,0,0,0,0,0,[0|0|0|0|0|0|0|0|0|0|0|0|0|0],守护王城罗德尔的士兵们穿戴的臂甲。\n投身没有尽头的战争之中，因此锈蚀骯脏。
1720300,罗德尔士兵腿甲,1,0,[0|0|0],805040,0,14,14,0,0.013,1250,0,100,6.6,-1,-1,-1,7000,1.1,0,-1,-1,-1,-1,-1,-1,-1,-1,-1,-1,-1,-1,-1,-1,-1,-1,1,1,1,1,1,1,1,1,-1,2340,15033,15033,0,0,0,0,[0|0],0,0,0,0,0,0,0,0,20,20,34,14,0,-1,-1,1,0,6,4,3,1,60,0,[0|0],1,0,0,0,1,0,0,0,0,-1,-1,0,1,1,0,0,1,2,0,0.926,0.929,0.932,0.926,0.946,0.942,0.95,109,50,144,50,144,139,139,139,111,1,0,0.946,0,0,0,0,0,0,0,0,0,0,0,0,0,0,0,0,0,0,0,0,0,0,0,0,0,0,0,0,0,0,0,0,0,0,0,0,[0|0|0|0],0,34,0,0,0,0,0,0,0,0,0,0,0,0,1,0,1,1,1,0,0,1,0,0,0,0,0,0,0,0,0,0,0,0,0,0,0,0,0,0,0,0,0,0,0,0,0,0,0,0,0,0,0,0,0,0,0,0,0,0,0,0,0,0,0,0,0,0,0,0,0,0,0,0,1,0,0,0,0,0,0,0,0,0,0,0,0,0,0,0,0,0,0,0,0,0,0,0,[0|0|0|0|0|0|0|0|0|0|0|0|0|0],守护王城罗德尔的士兵们穿戴的腿甲。\n投身没有尽头的战争之中，因此锈蚀骯脏。
1730000,拉塔恩士兵头盔,1,0,[0|0|0],506040,0,9,9,0,0.007,1050,0,100,4,-1,-1,-1,7000,1.5,0,-1,-1,-1,-1,-1,-1,-1,-1,-1,-1,-1,-1,-1,-1,-1,-1,1,1,1,1,1,1,1,1,-1,2350,15040,15040,0,0,0,0,[0|0],0,0,0,0,0,0,0,0,12,12,20,10,0,-1,-1,1,0,5,4,0,1,70,0,[0|0],1,1,0,0,0,1,0,0,0,-1,-1,0,1,1,0,0,1,2,0,0.954,0.958,0.966,0.96,0.969,0.962,0.975,109,110,106,110,106,139,139,139,-1,1,0,0.969,0,0,0,0,0,0,0,0,0,0,0,0,0,0,0,0,0,0,0,0,0,0,0,0,0,0,0,0,0,0,0,0,0,0,0,0,[0|0|0|0],0,20,0,0,0,1,1,0,0,0,0,0,0,0,0,0,0,0,0,0,0,0,0,0,0,0,0,0,0,0,0,0,0,0,1,0,1,0,0,1,0,0,0,0,0,0,0,0,0,0,0,0,0,0,0,0,0,0,0,0,0,0,1,1,1,1,1,1,1,1,1,1,0,0,0,0,0,1,1,0,0,1,0,0,0,0,0,0,0,0,0,0,0,0,0,0,0,1,[0|0|0|0|0|0|0|0|0|0|0|0|0|0],与拉塔恩将军并肩作战的士兵们穿戴的头盔。\n护颊是以狮牙的形象设计。
1730100,红狮子筒形外衣,1,0,[0|0|0],605060,0,23,23,100,0.022,1150,0,100,10.6,-1,-1,-1,7000,1,-0.4,-1,-1,-1,-1,-1,-1,-1,-1,-1,-1,-1,-1,-1,-1,-1,-1,1,1,1,1,1,1,1,1,-1,2350,15041,15041,0,0,0,0,[0|0],0,0,0,0,0,0,0,0,32,32,50,24,0,-1,-1,1,0,2,4,1,1,60,0,[0|0],1,0,1,0,0,0,0,0,0,-1,-1,0,1,1,0,0,1,2,0,0.865,0.876,0.891,0.881,0.898,0.886,0.92,109,50,108,50,108,139,139,139,-1,1,0,0.905,0,0,0,0,0,0,0,0,0,0,0,0,0,0,0,0,0,0,0,0,0,0,0,0,0,0,0,0,0,0,0,0,0,0,0,0,[0|0|0|0],0,50,0,0,0,0,0,1,1,1,1,1,1,0,0,0,0,0,0,0,0,1,1,1,0,0,0,0,0,0,0,0,0,0,0,0,0,0,0,0,0,0,1,1,0,1,1,0,1,0,1,1,1,1,0,0,1,1,1,1,0,1,0,0,0,0,0,0,1,0,1,1,1,0,0,1,0,0,0,1,0,0,0,0,0,0,0,0,0,0,0,0,0,0,0,0,0,0,[0|0|0|0|0|0|0|0|0|0|0|0|0|0],与拉塔恩将军并肩作战的士兵们穿戴的铠甲。\n\n筒形外衣上绘有拉塔恩的形象──\n高举剑的红毛狮子。\n他们因此名为红狮子军团，各个都是精兵。
1730200,拉塔恩士兵臂甲,1,0,[0|0|0],705040,0,8,8,0,0.005,1150,0,100,3.5,-1,-1,-1,7000,1.1,0,-1,-1,-1,-1,-1,-1,-1,-1,-1,-1,-1,-1,-1,-1,-1,-1,1,1,1,1,1,1,1,1,-1,2350,15042,15042,0,0,0,0,[0|0],0,0,0,0,0,0,0,0,11,11,17,8,0,-1,-1,1,0,1,4,2,1,60,0,[0|0],1,0,0,1,0,0,0,0,0,-1,-1,0,1,1,0,0,1,2,0,0.967,0.969,0.973,0.971,0.975,0.972,0.981,109,50,108,50,108,139,139,139,-1,1,0,0.977,0,0,0,0,0,0,0,0,0,0,0,0,0,0,0,0,0,0,0,0,0,0,0,0,0,0,0,0,0,0,0,0,0,0,0,0,[0|0|0|0],0,17,0,0,0,0,0,0,0,0,0,0,1,1,0,1,0,0,0,0,1,0,0,0,0,0,1,0,1,0,1,1,0,1,0,0,0,0,0,0,0,0,0,0,0,0,0,0,0,0,0,0,0,0,0,0,0,0,0,0,0,0,0,0,0,0,0,0,0,0,0,0,0,0,0,0,0,0,0,0,0,0,0,0,0,0,0,0,0,0,0,0,0,0,0,0,0,0,[0|0|0|0|0|0|0|0|0|0|0|0|0|0],与拉塔恩将军并肩作战的士兵们穿戴的臂甲。\n投身没有尽头的战争之中，因此锈蚀骯脏。
1730300,拉塔恩士兵腿甲,1,0,[0|0|0],805030,0,14,14,0,0.013,1250,0,100,6.6,-1,-1,-1,7000,1.1,0,-1,-1,-1,-1,-1,-1,-1,-1,-1,-1,-1,-1,-1,-1,-1,-1,1,1,1,1,1,1,1,1,-1,2350,15043,15043,0,0,0,0,[0|0],0,0,0,0,0,0,0,0,20,20,31,15,0,-1,-1,1,0,6,4,3,1,60,0,[0|0],1,0,0,0,1,0,0,0,0,-1,-1,0,1,1,0,0,1,2,0,0.923,0.929,0.938,0.932,0.942,0.935,0.955,109,50,144,50,144,139,139,139,111,1,0,0.946,0,0,0,0,0,0,0,0,0,0,0,0,0,0,0,0,0,0,0,0,0,0,0,0,0,0,0,0,0,0,0,0,0,0,0,0,[0|0|0|0],0,31,0,0,0,0,0,0,0,0,0,0,0,0,1,0,1,1,1,0,0,1,0,0,0,0,0,0,0,0,0,0,0,0,0,0,0,0,0,0,0,0,0,0,0,0,0,0,0,0,0,0,0,0,0,0,0,0,0,0,0,0,0,0,0,0,0,0,0,0,0,0,0,0,1,0,0,0,0,0,0,0,0,0,0,0,0,0,0,0,0,0,0,0,0,0,0,0,[0|0|0|0|0|0|0|0|0|0|0|0|0|0],与拉塔恩将军并肩作战的士兵们穿戴的腿甲。\n投身没有尽头的战争之中，因此锈蚀骯脏。
1740100,灵庙筒形外衣,1,0,[0|0|0],605090,0,23,23,100,0.024,1150,0,100,10.6,-1,-1,-1,7000,1,-0.4,-1,-1,-1,-1,-1,-1,-1,-1,-1,-1,-1,-1,-1,-1,-1,-1,1,1,1,1,1,1,1,1,-1,2360,15051,15051,0,0,0,0,[0|0],0,0,0,0,0,0,0,0,32,32,50,21,0,-1,-1,1,0,2,4,1,1,60,0,[0|0],1,0,1,0,0,0,0,0,0,-1,-1,0,1,1,0,0,1,2,0,0.871,0.865,0.891,0.876,0.898,0.898,0.912,109,50,108,50,108,139,139,139,-1,1,0,0.898,0,0,0,0,0,0,0,0,0,0,0,0,0,0,0,0,0,0,0,0,0,0,0,0,0,0,0,0,0,0,0,0,0,0,0,0,[0|0|0|0],0,50,0,0,0,0,0,1,1,1,1,1,1,0,0,0,0,0,0,0,0,1,1,1,0,0,0,0,0,0,0,0,0,0,0,0,0,0,0,0,0,0,1,1,0,1,1,0,1,0,1,1,1,1,0,0,1,1,1,1,0,1,0,0,0,0,0,0,1,0,1,1,1,0,0,1,0,0,0,1,0,0,0,0,0,0,0,0,0,0,0,0,0,0,0,0,0,1,[0|0|0|0|0|0|0|0|0|0|0|0|0|0],持续守护漫步灵庙的无头士兵们穿戴的铠甲。\n\n筒形外衣上绘有灵庙的钟──\n仿佛是为了追悼无魂半神，\n灵庙的钟声响彻不歇。
1740200,灵庙士兵臂甲,1,0,[0|0|0],705070,0,8,8,0,0.005,1150,0,100,3.5,-1,-1,-1,7000,1.1,0,-1,-1,-1,-1,-1,-1,-1,-1,-1,-1,-1,-1,-1,-1,-1,-1,1,1,1,1,1,1,1,1,-1,2360,15052,15052,0,0,0,0,[0|0],0,0,0,0,0,0,0,0,11,11,17,7,0,-1,-1,1,0,1,4,2,1,60,0,[0|0],1,0,0,1,0,0,0,0,0,-1,-1,0,1,1,0,0,1,2,0,0.968,0.967,0.973,0.969,0.975,0.975,0.979,109,50,108,50,108,139,139,139,-1,1,0,0.975,0,0,0,0,0,0,0,0,0,0,0,0,0,0,0,0,0,0,0,0,0,0,0,0,0,0,0,0,0,0,0,0,0,0,0,0,[0|0|0|0],0,17,0,0,0,0,0,0,0,0,0,0,1,1,0,1,0,0,0,0,1,0,0,0,0,0,1,0,1,0,1,1,0,1,0,0,0,0,0,0,0,0,0,0,0,0,0,0,0,0,0,0,0,0,0,0,0,0,0,0,0,0,0,0,0,0,0,0,0,0,0,0,0,0,0,0,0,0,0,0,0,0,0,0,0,0,0,0,0,0,0,0,0,0,0,0,0,0,[0|0|0|0|0|0|0|0|0|0|0|0|0|0],持续守护漫步灵庙的无头士兵们穿戴的臂甲。\n投身没有尽头的战争之中，因此锈蚀骯脏。
1740300,灵庙士兵腿甲,1,0,[0|0|0],805060,0,14,14,0,0.014,1250,0,100,6.6,-1,-1,-1,7000,1.1,0,-1,-1,-1,-1,-1,-1,-1,-1,-1,-1,-1,-1,-1,-1,-1,-1,1,1,1,1,1,1,1,1,-1,2360,15053,15053,0,0,0,0,[0|0],0,0,0,0,0,0,0,0,20,20,31,13,0,-1,-1,1,0,6,4,3,1,60,0,[0|0],1,0,0,0,1,0,0,0,0,-1,-1,0,1,1,0,0,1,2,0,0.926,0.923,0.938,0.929,0.942,0.942,0.95,109,50,144,50,144,139,139,139,111,1,0,0.942,0,0,0,0,0,0,0,0,0,0,0,0,0,0,0,0,0,0,0,0,0,0,0,0,0,0,0,0,0,0,0,0,0,0,0,0,[0|0|0|0],0,31,0,0,0,0,0,0,0,0,0,0,0,0,1,0,1,1,1,0,0,1,0,0,0,0,0,0,0,0,0,0,0,0,0,0,0,0,0,0,0,0,0,0,0,0,0,0,0,0,0,0,0,0,0,0,0,0,0,0,0,0,0,0,0,0,0,0,0,0,0,0,0,0,1,0,0,0,0,0,0,0,0,0,0,0,0,0,0,0,0,0,0,0,0,0,0,0,[0|0|0|0|0|0|0|0|0|0|0|0|0|0],持续守护漫步灵庙的无头士兵们穿戴的腿甲。\n投身没有尽头的战争之中，因此锈蚀骯脏。
1750000,圣树士兵头盔,1,0,[0|0|0],506060,0,9,9,0,0.006,1050,0,100,4,6175000,-1,-1,7000,1.5,0,-1,-1,-1,-1,-1,-1,-1,-1,-1,-1,-1,-1,-1,-1,-1,-1,1,1,1,1,1,1,1,1,-1,2370,15060,15060,0,0,0,0,[0|0],0,0,0,0,0,0,0,0,12,12,22,10,0,-1,-1,1,0,5,4,0,2,70,0,[0|0],1,1,0,0,0,1,0,0,0,-1,-1,0,1,1,0,0,1,2,0,0.956,0.958,0.962,0.956,0.972,0.966,0.975,109,110,106,110,106,139,139,139,-1,1,0,0.966,0,0,0,0,0,0,0,0,0,0,0,0,0,0,0,0,0,0,0,0,0,0,0,0,0,0,0,0,0,0,0,0,0,0,0,0,[0|0|0|0],0,22,0,0,0,1,1,0,0,0,0,0,0,0,0,0,0,0,0,0,0,0,0,0,0,0,0,0,0,0,0,0,0,0,1,0,1,0,0,1,0,0,0,0,0,0,0,0,0,0,0,0,0,0,0,0,0,0,0,0,0,0,1,1,1,1,1,1,1,1,1,1,0,0,0,0,0,1,1,0,0,1,0,0,0,0,0,0,0,0,0,0,0,0,0,0,0,1,[0|0|0|0|0|0|0|0|0|0|0|0|0|0],侍奉圣树的士兵们穿戴的头盔。\n铁制头盔上装饰着纯净金头带。\n\n能提升信仰。
1750100,圣树图腾筒形外衣,1,0,[0|0|0],605080,0,23,23,100,0.021,1150,0,100,10.6,-1,-1,-1,7000,1,-0.4,-1,-1,-1,-1,-1,-1,-1,-1,-1,-1,-1,-1,-1,-1,-1,-1,1,1,1,1,1,1,1,1,-1,2370,15061,15061,0,0,0,0,[0|0],0,0,0,0,0,0,0,0,32,32,55,24,0,-1,-1,1,0,2,4,1,1,60,0,[0|0],1,0,1,0,0,0,0,0,0,-1,-1,0,1,1,0,0,1,2,0,0.871,0.876,0.881,0.871,0.905,0.898,0.92,109,50,108,50,108,139,139,139,-1,1,0,0.898,0,0,0,0,0,0,0,0,0,0,0,0,0,0,0,0,0,0,0,0,0,0,0,0,0,0,0,0,0,0,0,0,0,0,0,0,[0|0|0|0],0,55,0,0,0,0,0,1,1,1,1,1,1,0,0,0,0,0,0,0,0,1,1,1,0,0,0,0,0,0,0,0,0,0,0,0,0,0,0,0,0,0,1,1,0,1,1,0,1,0,1,1,1,1,0,0,1,1,1,1,0,1,0,0,0,0,0,0,1,0,1,1,1,0,0,1,0,0,0,1,0,0,0,0,0,0,0,0,0,0,0,0,0,0,0,0,0,0,[0|0|0|0|0|0|0|0|0|0|0|0|0|0],侍奉圣树的士兵们穿戴的铠甲。\n\n筒形外衣上绘有圣树的徽章。\n接受米凯拉的鲜血灌注，小树萌发神圣嫩芽──\n然而那棵树却无法成为黄金树。
1750200,圣树士兵臂甲,1,0,[0|0|0],705060,0,8,8,0,0.004,1150,0,100,3.5,-1,-1,-1,7000,1.1,0,-1,-1,-1,-1,-1,-1,-1,-1,-1,-1,-1,-1,-1,-1,-1,-1,1,1,1,1,1,1,1,1,-1,2370,15062,15062,0,0,0,0,[0|0],0,0,0,0,0,0,0,0,11,11,18,8,0,-1,-1,1,0,1,4,2,1,60,0,[0|0],1,0,0,1,0,0,0,0,0,-1,-1,0,1,1,0,0,1,2,0,0.968,0.969,0.971,0.968,0.977,0.975,0.981,109,50,108,50,108,139,139,139,-1,1,0,0.975,0,0,0,0,0,0,0,0,0,0,0,0,0,0,0,0,0,0,0,0,0,0,0,0,0,0,0,0,0,0,0,0,0,0,0,0,[0|0|0|0],0,18,0,0,0,0,0,0,0,0,0,0,1,1,0,1,0,0,0,0,1,0,0,0,0,0,1,0,1,0,1,1,0,1,0,0,0,0,0,0,0,0,0,0,0,0,0,0,0,0,0,0,0,0,0,0,0,0,0,0,0,0,0,0,0,0,0,0,0,0,0,0,0,0,0,0,0,0,0,0,0,0,0,0,0,0,0,0,0,0,0,0,0,0,0,0,0,0,[0|0|0|0|0|0|0|0|0|0|0|0|0|0],侍奉圣树的士兵们穿戴的臂甲。\n投身没有尽头的战争之中，因此锈蚀骯脏。
1750300,圣树士兵腿甲,1,0,[0|0|0],805050,0,14,14,0,0.012,1250,0,100,6.6,-1,-1,-1,7000,1.1,0,-1,-1,-1,-1,-1,-1,-1,-1,-1,-1,-1,-1,-1,-1,-1,-1,1,1,1,1,1,1,1,1,-1,2370,15063,15063,0,0,0,0,[0|0],0,0,0,0,0,0,0,0,20,20,34,15,0,-1,-1,1,0,6,4,3,1,60,0,[0|0],1,0,0,0,1,0,0,0,0,-1,-1,0,1,1,0,0,1,2,0,0.926,0.929,0.932,0.926,0.946,0.942,0.955,109,50,144,50,144,139,139,139,111,1,0,0.942,0,0,0,0,0,0,0,0,0,0,0,0,0,0,0,0,0,0,0,0,0,0,0,0,0,0,0,0,0,0,0,0,0,0,0,0,[0|0|0|0],0,34,0,0,0,0,0,0,0,0,0,0,0,0,1,0,1,1,1,0,0,1,0,0,0,0,0,0,0,0,0,0,0,0,0,0,0,0,0,0,0,0,0,0,0,0,0,0,0,0,0,0,0,0,0,0,0,0,0,0,0,0,0,0,0,0,0,0,0,0,0,0,0,0,1,0,0,0,0,0,0,0,0,0,0,0,0,0,0,0,0,0,0,0,0,0,0,0,[0|0|0|0|0|0|0|0|0|0|0|0|0|0],侍奉圣树的士兵们穿戴的腿甲。\n投身没有尽头的战争之中，因此锈蚀骯脏。
1760000,格密尔骑士头盔,1,0,[0|0|0],507070,0,10,10,0,0.008,1050,0,100,5.1,-1,-1,-1,7000,1.5,0,-1,-1,-1,-1,-1,-1,-1,-1,-1,-1,-1,-1,-1,-1,-1,-1,1,1,1,1,1,1,1,1,-1,2380,15070,15070,0,0,0,0,[0|0],0,0,0,0,0,0,0,0,15,15,23,10,0,-1,-1,1,0,5,4,0,1,80,0,[0|0],1,1,0,0,0,1,0,0,0,-1,-1,0,1,1,0,0,1,2,0,0.952,0.95,0.96,0.952,0.962,0.956,0.964,109,110,106,110,106,139,139,139,-1,1,0,0.962,0,0,0,0,0,0,0,0,0,0,0,0,0,0,0,0,0,0,0,0,0,0,0,0,0,0,0,0,0,0,0,0,0,0,0,0,[0|0|0|0],0,23,1,1,1,1,1,0,0,0,0,0,0,0,0,0,0,0,0,1,0,0,0,0,0,1,0,0,0,0,0,0,0,0,1,0,0,0,0,1,0,0,0,0,0,0,0,0,0,0,0,0,0,0,0,0,0,0,0,0,0,0,1,1,1,1,1,1,1,1,1,1,0,0,0,0,0,1,1,0,1,1,1,0,0,0,0,0,0,0,0,0,0,0,0,0,0,0,[0|0|0|0|0|0|0|0|0|0|0|0|0|0],过去侍奉拉卡德司法官的骑士们穿戴的头盔。\n红色羽毛顶饰是身为拉达冈王之子的象征。
1760100,格密尔骑士铠甲,1,0,[0|0|0],607110,0,24,24,100,0.024,1150,0,100,11.8,-1,-1,-1,7000,1,-0.4,-1,-1,-1,-1,-1,-1,-1,-1,-1,-1,-1,-1,-1,-1,-1,-1,1,1,1,1,1,1,1,1,-1,2380,15071,15071,0,0,0,0,[0|0],0,0,0,0,0,0,0,0,35,35,55,23,0,-1,-1,1,0,2,4,1,1,80,0,[0|0],1,0,1,0,0,0,0,0,0,-1,-1,0,1,1,0,0,1,2,0,0.865,0.86,0.886,0.865,0.891,0.876,0.898,109,50,113,50,113,139,139,139,-1,1,0,0.891,0,0,0,0,0,0,0,0,0,0,0,0,0,0,0,0,0,0,0,0,0,0,0,0,0,0,0,0,0,0,0,0,0,0,0,0,[0|0|0|0],0,55,0,0,0,0,0,0,1,1,1,1,1,0,0,0,0,0,0,0,0,1,1,1,0,0,0,0,0,0,0,0,0,0,0,0,0,0,0,0,0,0,1,1,0,1,0,1,1,1,0,1,1,1,0,0,1,1,1,1,0,1,0,0,0,0,0,0,1,0,1,1,0,0,0,1,0,0,0,1,0,0,0,1,1,1,1,1,1,1,1,1,1,1,1,1,1,0,[0|0|0|0|0|0|0|0|0|0|0|0|0|0],过去侍奉拉卡德司法官的骑士们穿戴的铠甲。\n\n铠甲上的徽章，如今已经没有人使用。\n当霸王的雄心壮志沦落成卑贱的贪欲，\n他们也失去了该侍奉的主人。
1760200,格密尔骑士臂甲,1,0,[0|0|0],706060,0,8,8,0,0.005,1150,0,100,3.9,-1,-1,-1,7000,1.1,0,-1,-1,-1,-1,-1,-1,-1,-1,-1,-1,-1,-1,-1,-1,-1,-1,1,1,1,1,1,1,1,1,-1,2380,15072,15072,0,0,0,0,[0|0],0,0,0,0,0,0,0,0,12,12,18,8,0,-1,-1,1,0,1,4,2,1,70,0,[0|0],1,0,0,1,0,0,0,0,0,-1,-1,0,1,1,0,0,1,2,0,0.967,0.965,0.972,0.967,0.973,0.969,0.975,109,50,106,50,106,139,139,139,-1,1,0,0.973,0,0,0,0,0,0,0,0,0,0,0,0,0,0,0,0,0,0,0,0,0,0,0,0,0,0,0,0,0,0,0,0,0,0,0,0,[0|0|0|0],0,18,0,0,0,0,0,0,0,0,0,0,0,1,0,1,0,0,0,0,1,0,0,0,0,0,1,1,0,0,1,1,0,1,0,0,0,0,0,0,0,0,0,0,0,0,0,0,0,0,0,0,0,0,0,0,0,0,0,0,0,0,0,0,0,0,0,0,0,0,0,0,0,0,0,0,0,0,0,0,0,0,0,0,0,0,0,0,0,0,0,0,0,0,0,0,0,0,[0|0|0|0|0|0|0|0|0|0|0|0|0|0],过去侍奉拉卡德司法官的骑士们穿戴的臂甲。\n虽然老旧，却不减光辉。
1760300,格密尔骑士腿甲,1,0,[0|0|0],806060,0,15,15,0,0.014,1250,0,100,7.3,-1,-1,-1,7000,1.1,0,-1,-1,-1,-1,-1,-1,-1,-1,-1,-1,-1,-1,-1,-1,-1,-1,1,1,1,1,1,1,1,1,-1,2380,15073,15073,0,0,0,0,[0|0],0,0,0,0,0,0,0,0,22,22,34,14,0,-1,-1,1,0,6,4,3,1,70,0,[0|0],1,0,0,0,1,0,0,0,0,-1,-1,0,1,1,0,0,1,2,0,0.923,0.92,0.935,0.923,0.938,0.929,0.942,109,50,106,50,106,139,139,139,111,1,0,0.938,0,0,0,0,0,0,0,0,0,0,0,0,0,0,0,0,0,0,0,0,0,0,0,0,0,0,0,0,0,0,0,0,0,0,0,0,[0|0|0|0],0,34,0,0,0,0,0,0,0,0,0,0,0,0,1,0,1,1,1,0,0,1,0,0,0,0,0,0,0,0,0,0,0,0,0,0,0,0,0,0,0,0,0,0,0,0,0,0,0,0,0,0,0,0,0,0,0,0,0,0,0,0,0,0,0,0,0,0,0,0,0,0,0,0,1,0,0,0,0,0,0,0,0,0,0,0,0,0,0,0,0,0,0,0,0,0,0,0,[0|0|0|0|0|0|0|0|0|0|0|0|0|0],过去侍奉拉卡德司法官的骑士们穿戴的腿甲。\n虽然老旧，却不减光辉。
1761100,格密尔骑士铠甲（轻装）,1,0,[0|0|0],607120,0,21,21,100,0.024,1150,0,100,10.8,-1,-1,-1,7000,1,-0.4,-1,-1,-1,-1,-1,-1,-1,-1,-1,-1,-1,-1,-1,-1,-1,-1,1,1,1,1,1,1,1,1,-1,2381,15081,15081,0,0,0,0,[0|0],0,0,0,0,0,0,0,0,32,32,50,21,0,-1,-1,1,0,2,4,1,1,80,0,[0|0],1,0,1,0,0,0,0,0,0,-1,-1,0,1,1,0,0,1,2,0,0.869,0.864,0.89,0.869,0.895,0.88,0.902,109,50,144,50,144,139,139,139,-1,1,0,0.895,0,0,0,0,0,0,0,0,0,0,0,0,0,0,0,0,0,0,0,0,0,0,0,0,0,0,0,0,0,0,0,0,0,0,0,0,[0|0|0|0],0,50,0,0,0,0,0,0,1,1,1,1,1,0,0,0,0,0,0,0,0,1,1,1,0,0,0,0,0,0,0,0,0,0,0,0,0,0,0,0,0,0,1,1,0,1,0,1,1,0,1,1,1,1,0,0,1,1,0,1,0,1,0,0,0,0,0,0,1,0,1,1,0,0,0,1,0,0,0,1,0,0,0,0,0,0,0,0,0,0,0,0,0,0,0,0,0,0,[0|0|0|0|0|0|0|0|0|0|0|0|0|0],过去侍奉拉卡德司法官的骑士们穿戴的铠甲。\n\n铠甲上的徽章，如今已经没有人使用。\n当霸王的雄心壮志沦落成卑贱的贪欲，\n他们也失去了该侍奉的主人。
1770000,葛瑞克骑士头盔,1,0,[0|0|0],507040,0,10,10,0,0.008,1050,0,200,5.1,-1,-1,-1,7000,1.5,0,-1,-1,-1,-1,-1,-1,-1,-1,-1,-1,-1,-1,-1,-1,-1,-1,1,1,1,1,1,1,1,1,-1,2390,15090,15090,0,0,0,0,[0|0],0,0,0,0,0,0,0,0,15,15,24,10,0,-1,-1,1,0,5,4,0,1,80,0,[0|0],1,1,0,0,0,1,0,0,0,-1,-1,0,1,1,0,0,1,2,0,0.952,0.95,0.958,0.954,0.962,0.958,0.966,109,110,106,110,106,139,139,139,-1,1,0,0.962,0,0,0,0,0,0,0,0,0,0,0,0,0,0,0,0,0,0,0,0,0,0,0,0,0,0,0,0,0,0,0,0,0,0,0,0,[0|0|0|0],0,24,1,1,1,1,1,0,0,0,0,0,0,0,0,0,0,0,0,1,0,0,0,0,0,1,0,0,0,0,0,0,0,0,1,0,0,0,0,1,0,0,0,0,0,0,0,0,0,0,0,0,0,0,0,0,0,0,0,0,0,0,1,1,1,1,1,1,1,1,1,1,0,0,0,0,0,1,1,0,1,1,1,0,0,0,0,0,0,0,0,0,0,0,0,0,0,0,[0|0|0|0|0|0|0|0|0|0|0|0|0|0],侍奉“接肢”葛瑞克的骑士们穿戴的头盔。\n头盔上的顶饰是枯槁的灰发。
1770100,葛瑞克骑士铠甲,1,0,[0|0|0],607050,0,24,24,100,0.024,1150,0,200,11.8,-1,-1,-1,7000,1,-0.4,-1,-1,-1,-1,-1,-1,-1,-1,-1,-1,-1,-1,-1,-1,-1,-1,1,1,1,1,1,1,1,1,-1,2390,15091,15091,0,0,0,0,[0|0],0,0,0,0,0,0,0,0,35,35,57,24,0,-1,-1,1,0,2,4,1,1,80,0,[0|0],1,0,1,0,0,0,0,0,0,-1,-1,0,1,1,0,0,1,2,0,0.865,0.86,0.881,0.871,0.891,0.881,0.905,109,50,113,50,113,139,139,139,-1,1,0,0.891,0,0,0,0,0,0,0,0,0,0,0,0,0,0,0,0,0,0,0,0,0,0,0,0,0,0,0,0,0,0,0,0,0,0,0,0,[0|0|0|0],0,57,0,0,0,0,0,0,1,1,1,1,1,0,0,0,0,0,0,0,0,1,1,1,0,0,0,0,0,0,0,0,0,0,0,0,0,0,0,0,0,0,1,1,0,1,0,1,1,1,0,1,1,1,0,0,1,1,1,1,0,1,0,0,0,0,0,0,1,0,1,1,0,0,0,1,0,0,0,1,0,0,0,1,1,1,1,1,1,1,1,1,1,1,1,1,1,0,[0|0|0|0|0|0|0|0|0|0|0|0|0|0],侍奉“接肢”葛瑞克的骑士们穿戴的铠甲。\n\n左胸上有黄金一族的象征──\n绘有双头战斧的徽章。\n在过去，他们对力量引以为傲。
1770200,葛瑞克骑士臂甲,1,0,[0|0|0],706030,0,8,8,0,0.005,1150,0,200,3.9,-1,-1,-1,7000,1.1,0,-1,-1,-1,-1,-1,-1,-1,-1,-1,-1,-1,-1,-1,-1,-1,-1,1,1,1,1,1,1,1,1,-1,2390,15092,15092,0,0,0,0,[0|0],0,0,0,0,0,0,0,0,12,12,19,8,0,-1,-1,1,0,1,4,2,1,70,0,[0|0],1,0,0,1,0,0,0,0,0,-1,-1,0,1,1,0,0,1,2,0,0.967,0.965,0.971,0.968,0.973,0.971,0.977,109,50,106,50,106,139,139,139,-1,1,0,0.973,0,0,0,0,0,0,0,0,0,0,0,0,0,0,0,0,0,0,0,0,0,0,0,0,0,0,0,0,0,0,0,0,0,0,0,0,[0|0|0|0],0,19,0,0,0,0,0,0,0,0,0,0,0,1,0,1,0,0,0,0,1,0,0,0,0,0,1,1,0,0,1,1,0,1,0,0,0,0,0,0,0,0,0,0,0,0,0,0,0,0,0,0,0,0,0,0,0,0,0,0,0,0,0,0,0,0,0,0,0,0,0,0,0,0,0,0,0,0,0,0,0,0,0,0,0,0,0,0,0,0,0,0,0,0,0,0,0,0,[0|0|0|0|0|0|0|0|0|0|0|0|0|0],侍奉“接肢”葛瑞克的骑士们穿戴的臂甲。\n虽然老旧，却不减光辉。
1770300,葛瑞克骑士腿甲,1,0,[0|0|0],806030,0,15,15,0,0.014,1250,0,200,7.3,-1,-1,-1,7000,1.1,0,-1,-1,-1,-1,-1,-1,-1,-1,-1,-1,-1,-1,-1,-1,-1,-1,1,1,1,1,1,1,1,1,-1,2390,15093,15093,0,0,0,0,[0|0],0,0,0,0,0,0,0,0,22,22,35,15,0,-1,-1,1,0,6,4,3,1,70,0,[0|0],1,0,0,0,1,0,0,0,0,-1,-1,0,1,1,0,0,1,2,0,0.923,0.92,0.932,0.926,0.938,0.932,0.946,109,50,106,50,106,139,139,139,111,1,0,0.938,0,0,0,0,0,0,0,0,0,0,0,0,0,0,0,0,0,0,0,0,0,0,0,0,0,0,0,0,0,0,0,0,0,0,0,0,[0|0|0|0],0,35,0,0,0,0,0,0,0,0,0,0,0,0,1,0,1,1,1,0,0,1,0,0,0,0,0,0,0,0,0,0,0,0,0,0,0,0,0,0,0,0,0,0,0,0,0,0,0,0,0,0,0,0,0,0,0,0,0,0,0,0,0,0,0,0,0,0,0,0,0,0,0,0,1,0,0,0,0,0,0,0,0,0,0,0,0,0,0,0,0,0,0,0,0,0,0,0,[0|0|0|0|0|0|0|0|0|0|0|0|0|0],侍奉“接肢”葛瑞克的骑士们穿戴的腿甲。\n虽然老旧，却不减光辉。
1771100,葛瑞克骑士铠甲（轻装）,1,0,[0|0|0],607060,0,21,21,100,0.024,1150,0,200,10.8,-1,-1,-1,7000,1,-0.4,-1,-1,-1,-1,-1,-1,-1,-1,-1,-1,-1,-1,-1,-1,-1,-1,1,1,1,1,1,1,1,1,-1,2391,15101,15101,0,0,0,0,[0|0],0,0,0,0,0,0,0,0,32,32,52,21,0,-1,-1,1,0,2,4,1,1,80,0,[0|0],1,0,1,0,0,0,0,0,0,-1,-1,0,1,1,0,0,1,2,0,0.869,0.864,0.885,0.875,0.895,0.885,0.909,109,50,144,50,144,139,139,139,-1,1,0,0.895,0,0,0,0,0,0,0,0,0,0,0,0,0,0,0,0,0,0,0,0,0,0,0,0,0,0,0,0,0,0,0,0,0,0,0,0,[0|0|0|0],0,52,0,0,0,0,0,0,1,1,1,1,1,0,0,0,0,0,0,0,0,1,1,1,0,0,0,0,0,0,0,0,0,0,0,0,0,0,0,0,0,0,1,1,0,1,0,1,1,0,1,1,1,1,0,0,1,1,0,1,0,1,0,0,0,0,0,0,1,0,1,1,0,0,0,1,0,0,0,1,0,0,0,0,0,0,0,0,0,0,0,0,0,0,0,0,0,0,[0|0|0|0|0|0|0|0|0|0|0|0|0|0],侍奉“接肢”葛瑞克的骑士们穿戴的铠甲。\n\n左胸上有黄金一族的象征──\n绘有双头战斧的徽章。\n在过去，他们对力量引以为傲。
1780000,杜鹃骑士头盔,1,0,[0|0|0],507050,0,10,10,0,0.008,1050,0,200,5.1,-1,-1,-1,7000,1.5,0,-1,-1,-1,-1,-1,-1,-1,-1,-1,-1,-1,-1,-1,-1,-1,-1,1,1,1,1,1,1,1,1,-1,2400,15110,15110,0,0,0,0,[0|0],0,0,0,0,0,0,0,0,14,14,24,10,0,-1,-1,1,0,5,4,0,1,80,0,[0|0],1,1,0,0,0,1,0,0,0,-1,-1,0,1,1,0,0,1,2,0,0.952,0.948,0.96,0.952,0.956,0.958,0.969,109,110,106,110,106,139,139,139,-1,1,0,0.964,0,0,0,0,0,0,0,0,0,0,0,0,0,0,0,0,0,0,0,0,0,0,0,0,0,0,0,0,0,0,0,0,0,0,0,0,[0|0|0|0],0,24,1,1,1,1,1,0,0,0,0,0,0,0,0,0,0,0,0,1,0,0,0,0,0,1,0,0,0,0,0,0,0,0,1,0,0,0,0,1,0,0,0,0,0,0,0,0,0,0,0,0,0,0,0,0,0,0,0,0,0,0,1,1,1,1,1,1,1,1,1,1,0,0,0,0,0,1,1,0,1,1,1,0,0,0,0,0,0,0,0,0,0,0,0,0,0,0,[0|0|0|0|0|0|0|0|0|0|0|0|0|0],侍奉魔法学院的骑士们穿戴的头盔。\n额头上装饰着一根杜鹃羽毛。
1780100,杜鹃骑士铠甲,1,0,[0|0|0],607070,0,24,24,100,0.024,1150,0,200,11.8,-1,-1,-1,7000,1,-0.4,-1,-1,-1,-1,-1,-1,-1,-1,-1,-1,-1,-1,-1,-1,-1,-1,1,1,1,1,1,1,1,1,-1,2400,15111,15111,0,0,0,0,[0|0],0,0,0,0,0,0,0,0,32,32,57,24,0,-1,-1,1,0,2,4,1,1,80,0,[0|0],1,0,1,0,0,0,0,0,0,-1,-1,0,1,1,0,0,1,2,0,0.865,0.854,0.886,0.865,0.876,0.881,0.912,109,50,113,50,113,139,139,139,-1,1,0,0.898,0,0,0,0,0,0,0,0,0,0,0,0,0,0,0,0,0,0,0,0,0,0,0,0,0,0,0,0,0,0,0,0,0,0,0,0,[0|0|0|0],0,57,0,0,0,0,0,0,1,1,1,1,1,0,0,0,0,0,0,0,0,1,1,1,0,0,0,0,0,0,0,0,0,0,0,0,0,0,0,0,0,0,1,1,0,1,0,1,1,1,0,1,1,1,0,0,1,1,1,1,0,1,0,0,0,0,0,0,1,0,1,1,0,0,0,1,0,0,0,1,0,0,0,1,1,1,1,1,1,1,1,1,1,1,1,1,1,0,[0|0|0|0|0|0|0|0|0|0|0|0|0|0],侍奉魔法学院的骑士们穿戴的铠甲。\n\n左胸上有他们的别称由来──\n绘有从旁窥视的杜鹃。\n可能是想传达出这种讯息：\n　我们绝不会完全效忠学院。
1780200,杜鹃骑士臂甲,1,0,[0|0|0],706040,0,8,8,0,0.005,1150,0,200,3.9,-1,-1,-1,7000,1.1,0,-1,-1,-1,-1,-1,-1,-1,-1,-1,-1,-1,-1,-1,-1,-1,-1,1,1,1,1,1,1,1,1,-1,2400,15112,15112,0,0,0,0,[0|0],0,0,0,0,0,0,0,0,11,11,19,8,0,-1,-1,1,0,1,4,2,1,70,0,[0|0],1,0,0,1,0,0,0,0,0,-1,-1,0,1,1,0,0,1,2,0,0.967,0.964,0.972,0.967,0.969,0.971,0.979,109,50,106,50,106,139,139,139,-1,1,0,0.975,0,0,0,0,0,0,0,0,0,0,0,0,0,0,0,0,0,0,0,0,0,0,0,0,0,0,0,0,0,0,0,0,0,0,0,0,[0|0|0|0],0,19,0,0,0,0,0,0,0,0,0,0,0,1,0,1,0,0,0,0,1,0,0,0,0,0,1,1,0,0,1,1,0,1,0,0,0,0,0,0,0,0,0,0,0,0,0,0,0,0,0,0,0,0,0,0,0,0,0,0,0,0,0,0,0,0,0,0,0,0,0,0,0,0,0,0,0,0,0,0,0,0,0,0,0,0,0,0,0,0,0,0,0,0,0,0,0,0,[0|0|0|0|0|0|0|0|0|0|0|0|0|0],侍奉魔法学院的骑士们穿戴的臂甲。\n虽然老旧，却不减光辉。
1780300,杜鹃骑士腿甲,1,0,[0|0|0],806040,0,15,15,0,0.014,1250,0,200,7.3,-1,-1,-1,7000,1.1,0,-1,-1,-1,-1,-1,-1,-1,-1,-1,-1,-1,-1,-1,-1,-1,-1,1,1,1,1,1,1,1,1,-1,2400,15113,15113,0,0,0,0,[0|0],0,0,0,0,0,0,0,0,20,20,35,15,0,-1,-1,1,0,6,4,3,1,70,0,[0|0],1,0,0,0,1,0,0,0,0,-1,-1,0,1,1,0,0,1,2,0,0.923,0.916,0.935,0.923,0.929,0.932,0.95,109,50,106,50,106,139,139,139,111,1,0,0.942,0,0,0,0,0,0,0,0,0,0,0,0,0,0,0,0,0,0,0,0,0,0,0,0,0,0,0,0,0,0,0,0,0,0,0,0,[0|0|0|0],0,35,0,0,0,0,0,0,0,0,0,0,0,0,1,0,1,1,1,0,0,1,0,0,0,0,0,0,0,0,0,0,0,0,0,0,0,0,0,0,0,0,0,0,0,0,0,0,0,0,0,0,0,0,0,0,0,0,0,0,0,0,0,0,0,0,0,0,0,0,0,0,0,0,1,0,0,0,0,0,0,0,0,0,0,0,0,0,0,0,0,0,0,0,0,0,0,0,[0|0|0|0|0|0|0|0|0|0|0|0|0|0],侍奉魔法学院的骑士们穿戴的腿甲。\n虽然老旧，却不减光辉。
1781100,杜鹃骑士铠甲（轻装）,1,0,[0|0|0],607080,0,21,21,100,0.024,1150,0,200,10.8,-1,-1,-1,7000,1,-0.4,-1,-1,-1,-1,-1,-1,-1,-1,-1,-1,-1,-1,-1,-1,-1,-1,1,1,1,1,1,1,1,1,-1,2401,15121,15121,0,0,0,0,[0|0],0,0,0,0,0,0,0,0,29,29,52,21,0,-1,-1,1,0,2,4,1,1,80,0,[0|0],1,0,1,0,0,0,0,0,0,-1,-1,0,1,1,0,0,1,2,0,0.869,0.858,0.89,0.869,0.88,0.885,0.916,109,50,144,50,144,139,139,139,-1,1,0,0.902,0,0,0,0,0,0,0,0,0,0,0,0,0,0,0,0,0,0,0,0,0,0,0,0,0,0,0,0,0,0,0,0,0,0,0,0,[0|0|0|0],0,52,0,0,0,0,0,0,1,1,1,1,1,0,0,0,0,0,0,0,0,1,1,1,0,0,0,0,0,0,0,0,0,0,0,0,0,0,0,0,0,0,1,1,0,1,0,1,1,0,1,1,1,1,0,0,1,1,0,1,0,1,0,0,0,0,0,0,1,0,1,1,0,0,0,1,0,0,0,1,0,0,0,0,0,0,0,0,0,0,0,0,0,0,0,0,0,0,[0|0|0|0|0|0|0|0|0|0|0|0|0|0],侍奉魔法学院的骑士们穿戴的铠甲。\n\n左胸上有他们的别称由来──\n绘有从旁窥视的杜鹃。\n可能是想传达出这种讯息：\n　我们绝不会完全效忠学院。
1790000,罗德尔骑士头盔,1,0,[0|0|0],507080,0,10,10,0,0.008,1050,0,200,5.1,-1,-1,-1,7000,1.5,0,-1,-1,-1,-1,-1,-1,-1,-1,-1,-1,-1,-1,-1,-1,-1,-1,1,1,1,1,1,1,1,1,-1,2410,15130,15130,0,0,0,0,[0|0],0,0,0,0,0,0,0,0,15,15,24,10,0,-1,-1,1,0,5,4,0,1,80,0,[0|0],1,1,0,0,0,1,0,0,0,-1,-1,0,1,1,0,0,1,2,0,0.952,0.952,0.956,0.952,0.964,0.96,0.964,109,110,106,110,106,139,139,139,-1,1,0,0.962,0,0,0,0,0,0,0,0,0,0,0,0,0,0,0,0,0,0,0,0,0,0,0,0,0,0,0,0,0,0,0,0,0,0,0,0,[0|0|0|0],0,24,1,1,1,1,1,0,0,0,0,0,0,0,0,0,0,0,0,1,0,0,0,0,0,1,0,0,0,0,0,0,0,0,1,0,0,0,0,1,0,0,0,0,0,0,0,0,0,0,0,0,0,0,0,0,0,0,0,0,0,0,1,1,1,1,1,1,1,1,1,1,0,0,0,0,0,1,1,0,1,1,1,0,0,0,0,0,0,0,0,0,0,0,0,0,0,0,[0|0|0|0|0|0|0|0|0|0|0|0|0|0],守护王城罗德尔的骑士们穿戴的头盔。\n黄金树冠顶饰代表身为大树守护者的荣誉。
1790100,罗德尔骑士铠甲,1,0,[0|0|0],607130,0,24,24,100,0.024,1150,0,200,11.8,-1,-1,-1,7000,1,-0.4,-1,-1,-1,-1,-1,-1,-1,-1,-1,-1,-1,-1,-1,-1,-1,-1,1,1,1,1,1,1,1,1,-1,2410,15131,15131,0,0,0,0,[0|0],0,0,0,0,0,0,0,0,35,35,55,24,0,-1,-1,1,0,2,4,1,1,80,0,[0|0],1,0,1,0,0,0,0,0,0,-1,-1,0,1,1,0,0,1,2,0,0.865,0.865,0.876,0.865,0.898,0.886,0.886,109,50,113,50,113,139,139,139,-1,1,0,0.898,0,0,0,0,0,0,0,0,0,0,0,0,0,0,0,0,0,0,0,0,0,0,0,0,0,0,0,0,0,0,0,0,0,0,0,0,[0|0|0|0],0,55,0,0,0,0,0,0,1,1,1,1,1,0,0,0,0,0,0,0,0,1,1,1,0,0,0,0,0,0,0,0,0,0,0,0,0,0,0,0,0,0,1,1,0,1,0,1,1,1,0,1,1,1,0,0,1,1,1,1,0,1,0,0,0,0,0,0,1,0,1,1,0,0,0,1,0,0,0,1,0,0,0,1,1,1,1,1,1,1,1,1,1,1,1,1,1,0,[0|0|0|0|0|0|0|0|0|0|0|0|0|0],守护王城罗德尔的骑士们穿戴的铠甲。\n\n左胸上绘有黄金树信仰的徽章，\n据说那在过去，执行过庇佑的祷告。
1790200,罗德尔骑士臂甲,1,0,[0|0|0],706070,0,8,8,0,0.005,1150,0,200,3.9,-1,-1,-1,7000,1.1,0,-1,-1,-1,-1,-1,-1,-1,-1,-1,-1,-1,-1,-1,-1,-1,-1,1,1,1,1,1,1,1,1,-1,2410,15132,15132,0,0,0,0,[0|0],0,0,0,0,0,0,0,0,12,12,19,8,0,-1,-1,1,0,1,4,2,1,70,0,[0|0],1,0,0,1,0,0,0,0,0,-1,-1,0,1,1,0,0,1,2,0,0.967,0.967,0.969,0.967,0.975,0.972,0.975,109,50,106,50,106,139,139,139,-1,1,0,0.973,0,0,0,0,0,0,0,0,0,0,0,0,0,0,0,0,0,0,0,0,0,0,0,0,0,0,0,0,0,0,0,0,0,0,0,0,[0|0|0|0],0,19,0,0,0,0,0,0,0,0,0,0,0,1,0,1,0,0,0,0,1,0,0,0,0,0,1,1,0,0,1,1,0,1,0,0,0,0,0,0,0,0,0,0,0,0,0,0,0,0,0,0,0,0,0,0,0,0,0,0,0,0,0,0,0,0,0,0,0,0,0,0,0,0,0,0,0,0,0,0,0,0,0,0,0,0,0,0,0,0,0,0,0,0,0,0,0,0,[0|0|0|0|0|0|0|0|0|0|0|0|0|0],守护王城罗德尔的骑士们穿戴的臂甲。\n虽然老旧，却不减光辉。
1790300,罗德尔骑士腿甲,1,0,[0|0|0],806070,0,15,15,0,0.014,1250,0,200,7.3,-1,-1,-1,7000,1.1,0,-1,-1,-1,-1,-1,-1,-1,-1,-1,-1,-1,-1,-1,-1,-1,-1,1,1,1,1,1,1,1,1,-1,2410,15133,15133,0,0,0,0,[0|0],0,0,0,0,0,0,0,0,22,22,35,15,0,-1,-1,1,0,6,4,3,1,70,0,[0|0],1,0,0,0,1,0,0,0,0,-1,-1,0,1,1,0,0,1,2,0,0.923,0.923,0.929,0.923,0.942,0.935,0.942,109,50,106,50,106,139,139,139,111,1,0,0.938,0,0,0,0,0,0,0,0,0,0,0,0,0,0,0,0,0,0,0,0,0,0,0,0,0,0,0,0,0,0,0,0,0,0,0,0,[0|0|0|0],0,35,0,0,0,0,0,0,0,0,0,0,0,0,1,0,1,1,1,0,0,1,0,0,0,0,0,0,0,0,0,0,0,0,0,0,0,0,0,0,0,0,0,0,0,0,0,0,0,0,0,0,0,0,0,0,0,0,0,0,0,0,0,0,0,0,0,0,0,0,0,0,0,0,1,0,0,0,0,0,0,0,0,0,0,0,0,0,0,0,0,0,0,0,0,0,0,0,[0|0|0|0|0|0|0|0|0|0|0|0|0|0],守护王城罗德尔的骑士们穿戴的腿甲。\n虽然老旧，却不减光辉。
1791100,罗德尔骑士铠甲（轻装）,1,0,[0|0|0],607140,0,21,21,100,0.024,1150,0,200,10.8,-1,-1,-1,7000,1,-0.4,-1,-1,-1,-1,-1,-1,-1,-1,-1,-1,-1,-1,-1,-1,-1,-1,1,1,1,1,1,1,1,1,-1,2411,15141,15141,0,0,0,0,[0|0],0,0,0,0,0,0,0,0,32,32,50,21,0,-1,-1,1,0,2,4,1,1,80,0,[0|0],1,0,1,0,0,0,0,0,0,-1,-1,0,1,1,0,0,1,2,0,0.869,0.869,0.88,0.869,0.902,0.89,0.89,109,50,144,50,144,139,139,139,-1,1,0,0.902,0,0,0,0,0,0,0,0,0,0,0,0,0,0,0,0,0,0,0,0,0,0,0,0,0,0,0,0,0,0,0,0,0,0,0,0,[0|0|0|0],0,50,0,0,0,0,0,0,1,1,1,1,1,0,0,0,0,0,0,0,0,1,1,1,0,0,0,0,0,0,0,0,0,0,0,0,0,0,0,0,0,0,1,1,0,1,0,1,1,0,1,1,1,1,0,0,1,1,0,1,0,1,0,0,0,0,0,0,1,0,1,1,0,0,0,1,0,0,0,1,0,0,0,0,0,0,0,0,0,0,0,0,0,0,0,0,0,0,[0|0|0|0|0|0|0|0|0|0|0|0|0|0],守护王城罗德尔的骑士们穿戴的铠甲。\n\n左胸上绘有黄金树信仰的徽章，\n据说那在过去，执行过庇佑的祷告。
1800000,红狮子骑士头盔,1,0,[0|0|0],507060,0,10,10,0,0.008,1050,0,200,5.1,-1,-1,-1,7000,1.5,0,-1,-1,-1,-1,-1,-1,-1,-1,-1,-1,-1,-1,-1,-1,-1,-1,1,1,1,1,1,1,1,1,-1,2420,15150,15150,0,0,0,0,[0|0],0,0,0,0,0,0,0,0,15,15,23,11,0,-1,-1,1,0,5,4,0,1,80,0,[0|0],1,1,0,0,0,1,0,0,0,-1,-1,0,1,1,0,0,1,2,0,0.95,0.952,0.96,0.956,0.962,0.956,0.966,109,110,106,110,106,139,139,139,-1,1,0,0.962,0,0,0,0,0,0,0,0,0,0,0,0,0,0,0,0,0,0,0,0,0,0,0,0,0,0,0,0,0,0,0,0,0,0,0,0,[0|0|0|0],0,23,1,1,1,1,1,0,0,0,0,0,0,0,0,0,0,0,0,1,0,0,0,0,0,1,0,0,0,0,0,0,0,0,1,0,0,0,0,1,0,0,0,0,0,0,0,0,0,0,0,0,0,0,0,0,0,0,0,0,0,0,1,1,1,1,1,1,1,1,1,1,0,0,0,0,0,1,1,0,1,1,1,0,0,0,0,0,0,0,0,0,0,0,0,0,0,0,[0|0|0|0|0|0|0|0|0|0|0|0|0|0],与拉塔恩将军并肩作战的骑士们穿戴的头盔。\n\n头盔上的红发顶饰\n是身为拉达冈王之子的象征，\n也是自诩为红狮子时，代表的鬃毛。
1800100,红狮子骑士铠甲,1,0,[0|0|0],607090,0,24,24,100,0.024,1150,0,200,11.8,-1,-1,-1,7000,1,-0.4,-1,-1,-1,-1,-1,-1,-1,-1,-1,-1,-1,-1,-1,-1,-1,-1,1,1,1,1,1,1,1,1,-1,2420,15151,15151,0,0,0,0,[0|0],0,0,0,0,0,0,0,0,35,35,55,25,0,-1,-1,1,0,2,4,1,1,80,0,[0|0],1,0,1,0,0,0,0,0,0,-1,-1,0,1,1,0,0,1,2,0,0.865,0.865,0.886,0.876,0.891,0.872,0.905,109,50,113,50,113,139,139,139,-1,1,0,0.891,0,0,0,0,0,0,0,0,0,0,0,0,0,0,0,0,0,0,0,0,0,0,0,0,0,0,0,0,0,0,0,0,0,0,0,0,[0|0|0|0],0,55,0,0,0,0,0,0,1,1,1,1,1,0,0,0,0,0,0,0,0,1,1,1,0,0,0,0,0,0,0,0,0,0,0,0,0,0,0,0,0,0,1,1,1,0,0,1,1,1,0,1,1,1,0,0,1,1,1,1,0,1,0,0,0,0,0,0,1,0,1,1,1,0,0,1,0,0,0,1,0,0,0,1,1,1,1,1,1,1,1,1,1,1,1,1,1,0,[0|0|0|0|0|0|0|0|0|0|0|0|0|0],与拉塔恩将军并肩作战的骑士们穿戴的铠甲。\n\n败给玛莲妮亚的猩红腐败，沦为败战军之际，\n骑士们抱着决心，烧毁左胸上的徽章。\n\n　遥远的故乡啊，永别了。\n　我们会留在此地，抑制腐败。
1800200,红狮子骑士臂甲,1,0,[0|0|0],706050,0,8,8,0,0.005,1150,0,200,3.9,-1,-1,-1,7000,1.1,0,-1,-1,-1,-1,-1,-1,-1,-1,-1,-1,-1,-1,-1,-1,-1,-1,1,1,1,1,1,1,1,1,-1,2420,15152,15152,0,0,0,0,[0|0],0,0,0,0,0,0,0,0,12,12,18,8,0,-1,-1,1,0,1,4,2,1,70,0,[0|0],1,0,0,1,0,0,0,0,0,-1,-1,0,1,1,0,0,1,2,0,0.965,0.967,0.972,0.969,0.973,0.969,0.977,109,50,106,50,106,139,139,139,-1,1,0,0.973,0,0,0,0,0,0,0,0,0,0,0,0,0,0,0,0,0,0,0,0,0,0,0,0,0,0,0,0,0,0,0,0,0,0,0,0,[0|0|0|0],0,18,0,0,0,0,0,0,0,0,0,0,0,1,0,1,0,0,0,0,1,0,0,0,0,0,1,1,0,0,1,1,0,1,0,0,0,0,0,0,0,0,0,0,0,0,0,0,0,0,0,0,0,0,0,0,0,0,0,0,0,0,0,0,0,0,0,0,0,0,0,0,0,0,0,0,0,0,0,0,0,0,0,0,0,0,0,0,0,0,0,0,0,0,0,0,0,0,[0|0|0|0|0|0|0|0|0|0|0|0|0|0],与拉塔恩将军并肩作战的骑士们穿戴的臂甲。\n虽然老旧，黑铁制的防具依然堪用。
1800300,红狮子骑士腿甲,1,0,[0|0|0],806050,0,15,15,0,0.014,1250,0,200,7.3,-1,-1,-1,7000,1.1,0,-1,-1,-1,-1,-1,-1,-1,-1,-1,-1,-1,-1,-1,-1,-1,-1,1,1,1,1,1,1,1,1,-1,2420,15153,15153,0,0,0,0,[0|0],0,0,0,0,0,0,0,0,22,22,34,15,0,-1,-1,1,0,6,4,3,1,70,0,[0|0],1,0,0,0,1,0,0,0,0,-1,-1,0,1,1,0,0,1,2,0,0.923,0.923,0.935,0.929,0.938,0.927,0.946,109,50,106,50,106,139,139,139,111,1,0,0.938,0,0,0,0,0,0,0,0,0,0,0,0,0,0,0,0,0,0,0,0,0,0,0,0,0,0,0,0,0,0,0,0,0,0,0,0,[0|0|0|0],0,34,0,0,0,0,0,0,0,0,0,0,0,0,1,0,1,1,1,0,0,1,0,0,0,0,0,0,0,0,0,0,0,0,0,0,0,0,0,0,0,0,0,0,0,0,0,0,0,0,0,0,0,0,0,0,0,0,0,0,0,0,0,0,0,0,0,0,0,0,0,0,0,0,1,0,0,0,0,0,0,0,0,0,0,0,0,0,0,0,0,0,0,0,0,0,0,0,[0|0|0|0|0|0|0|0|0|0|0|0|0|0],与拉塔恩将军并肩作战的骑士们穿戴的腿甲。\n虽然老旧，黑铁制的防具依然堪用。
1801100,红狮子骑士铠甲（轻装）,1,0,[0|0|0],607100,0,21,21,100,0.024,1150,0,200,10.8,-1,-1,-1,7000,1,-0.4,-1,-1,-1,-1,-1,-1,-1,-1,-1,-1,-1,-1,-1,-1,-1,-1,1,1,1,1,1,1,1,1,-1,2421,15161,15161,0,0,0,0,[0|0],0,0,0,0,0,0,0,0,32,32,50,22,0,-1,-1,1,0,2,4,1,1,80,0,[0|0],1,0,1,0,0,0,0,0,0,-1,-1,0,1,1,0,0,1,2,0,0.869,0.869,0.89,0.88,0.895,0.876,0.909,109,50,144,50,144,139,139,139,-1,1,0,0.895,0,0,0,0,0,0,0,0,0,0,0,0,0,0,0,0,0,0,0,0,0,0,0,0,0,0,0,0,0,0,0,0,0,0,0,0,[0|0|0|0],0,50,0,0,0,0,0,0,1,1,1,1,1,0,0,0,0,0,0,0,0,1,1,1,0,0,0,0,0,0,0,0,0,0,0,0,0,0,0,0,0,0,1,1,1,0,0,1,1,0,1,1,1,1,0,0,1,1,0,1,0,1,0,0,0,0,0,0,1,0,1,1,1,0,0,1,0,0,0,1,0,0,0,0,0,0,0,0,0,0,0,0,0,0,0,0,0,0,[0|0|0|0|0|0|0|0|0|0|0|0|0|0],与拉塔恩将军并肩作战的骑士们穿戴的铠甲。\n\n败给玛莲妮亚的猩红腐败，沦为败战军之际，\n骑士们抱着决心，烧毁左胸上的徽章。\n\n　遥远的故乡啊，永别了。\n　我们会留在此地，抑制腐败。
1810100,灵庙骑士铠甲,1,0,[0|0|0],607170,0,24,24,100,0.025,1150,0,200,11.8,-1,-1,-1,7000,1,-0.4,-1,-1,-1,-1,-1,-1,-1,-1,-1,-1,-1,-1,-1,-1,-1,-1,1,1,1,1,1,1,1,1,-1,2430,15171,15171,0,0,0,0,[0|0],0,0,0,0,0,0,0,0,35,35,55,23,0,-1,-1,1,0,2,4,1,1,80,0,[0|0],1,0,1,0,0,0,0,0,0,-1,-1,0,1,1,0,0,1,2,0,0.865,0.854,0.886,0.871,0.891,0.886,0.898,109,50,113,50,113,139,139,139,-1,1,0,0.886,0,0,0,0,0,0,0,0,0,0,0,0,0,0,0,0,0,0,0,0,0,0,0,0,0,0,0,0,0,0,0,0,0,0,0,0,[0|0|0|0],0,55,0,0,0,0,0,0,1,1,1,1,1,0,0,0,0,0,0,0,0,1,1,1,0,0,0,0,0,0,0,0,0,0,0,0,0,0,0,0,0,0,1,1,1,0,1,0,1,1,1,0,1,1,0,0,1,1,1,1,0,1,0,0,0,0,0,0,1,0,1,1,1,0,0,1,0,0,0,1,0,0,0,1,1,1,1,1,1,1,1,1,1,1,1,1,1,0,[0|0|0|0|0|0|0|0|0|0|0|0|0|0],持续守护漫步灵庙的无头骑士们穿戴的铠甲。\n\n背上的羽毛装饰源自死之鸟──\n那是亲自斩断头颅，追随主君赴死后，\n为了以灵魂模样留在此地而有的诅咒。
1810200,灵庙骑士臂甲,1,0,[0|0|0],706090,0,8,8,0,0.005,1150,0,200,3.9,-1,-1,-1,7000,1.1,0,-1,-1,-1,-1,-1,-1,-1,-1,-1,-1,-1,-1,-1,-1,-1,-1,1,1,1,1,1,1,1,1,-1,2430,15172,15172,0,0,0,0,[0|0],0,0,0,0,0,0,0,0,12,12,18,8,0,-1,-1,1,0,1,4,2,1,70,0,[0|0],1,0,0,1,0,0,0,0,0,-1,-1,0,1,1,0,0,1,2,0,0.967,0.964,0.972,0.968,0.973,0.972,0.975,109,50,106,50,106,139,139,139,-1,1,0,0.972,0,0,0,0,0,0,0,0,0,0,0,0,0,0,0,0,0,0,0,0,0,0,0,0,0,0,0,0,0,0,0,0,0,0,0,0,[0|0|0|0],0,18,0,0,0,0,0,0,0,0,0,0,0,1,0,1,0,0,0,0,1,0,0,0,0,0,1,1,0,0,1,1,0,1,0,0,0,0,0,0,0,0,0,0,0,0,0,0,0,0,0,0,0,0,0,0,0,0,0,0,0,0,0,0,0,0,0,0,0,0,0,0,0,0,0,0,0,0,0,0,0,0,0,0,0,0,0,0,0,0,0,0,0,0,0,0,0,0,[0|0|0|0|0|0|0|0|0|0|0|0|0|0],持续守护漫步灵庙的无头骑士们穿戴的臂甲。\n虽然老旧，却不减光辉。
1810300,灵庙骑士腿甲,1,0,[0|0|0],806090,0,15,15,0,0.015,1250,0,200,7.3,-1,-1,-1,7000,1.1,0,-1,-1,-1,-1,-1,-1,-1,-1,-1,-1,-1,-1,-1,-1,-1,-1,1,1,1,1,1,1,1,1,-1,2430,15173,15173,0,0,0,0,[0|0],0,0,0,0,0,0,0,0,22,22,34,14,0,-1,-1,1,0,6,4,3,1,70,0,[0|0],1,0,0,0,1,0,0,0,0,-1,-1,0,1,1,0,0,1,2,0,0.923,0.916,0.935,0.926,0.938,0.935,0.942,109,50,106,50,106,139,139,139,111,1,0,0.935,0,0,0,0,0,0,0,0,0,0,0,0,0,0,0,0,0,0,0,0,0,0,0,0,0,0,0,0,0,0,0,0,0,0,0,0,[0|0|0|0],0,34,0,0,0,0,0,0,0,0,0,0,0,0,1,0,1,1,1,0,0,1,0,0,0,0,0,0,0,0,0,0,0,0,0,0,0,0,0,0,0,0,0,0,0,0,0,0,0,0,0,0,0,0,0,0,0,0,0,0,0,0,0,0,0,0,0,0,0,0,0,0,0,0,1,0,0,0,0,0,0,0,0,0,0,0,0,0,0,0,0,0,0,0,0,0,0,0,[0|0|0|0|0|0|0|0|0|0|0|0|0|0],持续守护漫步灵庙的无头骑士们穿戴的腿甲。\n虽然老旧，却不减光辉。
1811100,灵庙骑士铠甲（轻装）,1,0,[0|0|0],607180,0,21,21,100,0.025,1150,0,200,10.8,-1,-1,-1,7000,1,-0.4,-1,-1,-1,-1,-1,-1,-1,-1,-1,-1,-1,-1,-1,-1,-1,-1,1,1,1,1,1,1,1,1,-1,2431,15181,15181,0,0,0,0,[0|0],0,0,0,0,0,0,0,0,32,32,50,21,0,-1,-1,1,0,2,4,1,1,80,0,[0|0],1,0,1,0,0,0,0,0,0,-1,-1,0,1,1,0,0,1,2,0,0.869,0.858,0.89,0.875,0.895,0.89,0.902,109,50,144,50,144,139,139,139,-1,1,0,0.89,0,0,0,0,0,0,0,0,0,0,0,0,0,0,0,0,0,0,0,0,0,0,0,0,0,0,0,0,0,0,0,0,0,0,0,0,[0|0|0|0],0,50,0,0,0,0,0,0,1,1,1,1,1,0,0,0,0,0,0,0,0,1,1,1,0,0,0,0,0,0,0,0,0,0,0,0,0,0,0,0,0,0,1,1,1,0,1,0,1,1,1,0,1,1,0,0,1,1,0,1,0,1,0,0,0,0,0,0,1,0,1,1,1,0,0,1,0,0,0,1,0,0,0,0,0,0,0,0,0,0,0,0,0,0,0,0,0,0,[0|0|0|0|0|0|0|0|0|0|0|0|0|0],持续守护漫步灵庙的无头骑士们穿戴的铠甲。\n\n背上的羽毛装饰源自死之鸟──\n那是亲自斩断头颅，追随主君赴死后，\n为了以灵魂模样留在此地而有的诅咒。
1820000,圣树骑士头盔,1,0,[0|0|0],507090,0,10,10,0,0.007,1050,0,200,5.1,6182000,-1,-1,7000,1.5,0,-1,-1,-1,-1,-1,-1,-1,-1,-1,-1,-1,-1,-1,-1,-1,-1,1,1,1,1,1,1,1,1,-1,2440,15190,15190,0,0,0,0,[0|0],0,0,0,0,0,0,0,0,15,15,24,11,0,-1,-1,1,0,5,4,0,2,80,0,[0|0],1,1,0,0,0,1,0,0,0,-1,-1,0,1,1,0,0,1,2,0,0.952,0.952,0.956,0.952,0.964,0.96,0.966,109,110,106,110,106,139,139,139,-1,1,0,0.96,0,0,0,0,0,0,0,0,0,0,0,0,0,0,0,0,0,0,0,0,0,0,0,0,0,0,0,0,0,0,0,0,0,0,0,0,[0|0|0|0],0,24,1,1,1,1,1,0,0,0,0,0,0,0,0,0,0,0,0,1,0,0,0,0,0,1,0,0,0,0,0,0,0,0,1,0,0,0,0,1,0,0,0,0,0,0,0,0,0,0,0,0,0,0,0,0,0,0,0,0,0,0,1,1,1,1,1,1,1,1,1,1,0,0,0,0,0,1,1,0,1,1,1,0,0,0,0,0,0,0,0,0,0,0,0,0,0,0,[0|0|0|0|0|0|0|0|0|0|0|0|0|0],侍奉圣树的骑士们穿戴的头盔。\n头盔上装饰着纯净金头带。\n\n能提升信仰。
1820100,圣树骑士铠甲,1,0,[0|0|0],607150,0,24,24,100,0.022,1150,0,200,11.8,-1,-1,-1,7000,1,-0.4,-1,-1,-1,-1,-1,-1,-1,-1,-1,-1,-1,-1,-1,-1,-1,-1,1,1,1,1,1,1,1,1,-1,2440,15191,15191,0,0,0,0,[0|0],0,0,0,0,0,0,0,0,35,35,57,25,0,-1,-1,1,0,2,4,1,1,80,0,[0|0],1,0,1,0,0,0,0,0,0,-1,-1,0,1,1,0,0,1,2,0,0.865,0.865,0.876,0.865,0.898,0.886,0.905,109,50,113,50,113,139,139,139,-1,1,0,0.886,0,0,0,0,0,0,0,0,0,0,0,0,0,0,0,0,0,0,0,0,0,0,0,0,0,0,0,0,0,0,0,0,0,0,0,0,[0|0|0|0],0,57,0,0,0,0,0,0,1,1,1,1,1,0,0,0,0,0,0,0,0,1,1,1,0,0,0,0,0,0,0,0,0,0,0,0,0,0,0,0,0,0,1,1,0,1,0,1,1,1,0,1,1,1,0,0,1,1,1,1,0,1,0,0,0,0,0,0,1,0,1,1,0,0,0,1,0,0,0,1,0,0,0,1,1,1,1,1,1,1,1,1,1,1,1,1,1,0,[0|0|0|0|0|0|0|0|0|0|0|0|0|0],侍奉圣树的骑士们穿戴的铠甲。\n\n左胸上绘有圣树的徽章，\n接受米凯拉的鲜血灌注，小树萌发神圣嫩芽──\n然而那棵树却无法成为黄金树。
1820200,圣树骑士臂甲,1,0,[0|0|0],706080,0,8,8,0,0.005,1150,0,200,3.9,-1,-1,-1,7000,1.1,0,-1,-1,-1,-1,-1,-1,-1,-1,-1,-1,-1,-1,-1,-1,-1,-1,1,1,1,1,1,1,1,1,-1,2440,15192,15192,0,0,0,0,[0|0],0,0,0,0,0,0,0,0,12,12,19,8,0,-1,-1,1,0,1,4,2,1,70,0,[0|0],1,0,0,1,0,0,0,0,0,-1,-1,0,1,1,0,0,1,2,0,0.967,0.967,0.969,0.967,0.975,0.972,0.977,109,50,106,50,106,139,139,139,-1,1,0,0.972,0,0,0,0,0,0,0,0,0,0,0,0,0,0,0,0,0,0,0,0,0,0,0,0,0,0,0,0,0,0,0,0,0,0,0,0,[0|0|0|0],0,19,0,0,0,0,0,0,0,0,0,0,0,1,0,1,0,0,0,0,1,0,0,0,0,0,1,1,0,0,1,1,0,1,0,0,0,0,0,0,0,0,0,0,0,0,0,0,0,0,0,0,0,0,0,0,0,0,0,0,0,0,0,0,0,0,0,0,0,0,0,0,0,0,0,0,0,0,0,0,0,0,0,0,0,0,0,0,0,0,0,0,0,0,0,0,0,0,[0|0|0|0|0|0|0|0|0|0|0|0|0|0],侍奉圣树的骑士们穿戴的臂甲。\n虽然老旧，却不减光辉。
1820300,圣树骑士腿甲,1,0,[0|0|0],806080,0,15,15,0,0.013,1250,0,200,7.3,-1,-1,-1,7000,1.1,0,-1,-1,-1,-1,-1,-1,-1,-1,-1,-1,-1,-1,-1,-1,-1,-1,1,1,1,1,1,1,1,1,-1,2440,15193,15193,0,0,0,0,[0|0],0,0,0,0,0,0,0,0,22,22,35,15,0,-1,-1,1,0,6,4,3,1,70,0,[0|0],1,0,0,0,1,0,0,0,0,-1,-1,0,1,1,0,0,1,2,0,0.923,0.923,0.929,0.923,0.942,0.935,0.946,109,50,106,50,106,139,139,139,111,1,0,0.935,0,0,0,0,0,0,0,0,0,0,0,0,0,0,0,0,0,0,0,0,0,0,0,0,0,0,0,0,0,0,0,0,0,0,0,0,[0|0|0|0],0,35,0,0,0,0,0,0,0,0,0,0,0,0,1,0,1,1,1,0,0,1,0,0,0,0,0,0,0,0,0,0,0,0,0,0,0,0,0,0,0,0,0,0,0,0,0,0,0,0,0,0,0,0,0,0,0,0,0,0,0,0,0,0,0,0,0,0,0,0,0,0,0,0,1,0,0,0,0,0,0,0,0,0,0,0,0,0,0,0,0,0,0,0,0,0,0,0,[0|0|0|0|0|0|0|0|0|0|0|0|0|0],侍奉圣树的骑士们穿戴的腿甲。\n虽然老旧，却不减光辉。
1821100,圣树骑士铠甲（轻装）,1,0,[0|0|0],607160,0,21,21,100,0.022,1150,0,200,10.8,-1,-1,-1,7000,1,-0.4,-1,-1,-1,-1,-1,-1,-1,-1,-1,-1,-1,-1,-1,-1,-1,-1,1,1,1,1,1,1,1,1,-1,2441,15201,15201,0,0,0,0,[0|0],0,0,0,0,0,0,0,0,32,32,52,22,0,-1,-1,1,0,2,4,1,1,80,0,[0|0],1,0,1,0,0,0,0,0,0,-1,-1,0,1,1,0,0,1,2,0,0.869,0.869,0.88,0.869,0.902,0.89,0.909,109,50,144,50,144,139,139,139,-1,1,0,0.89,0,0,0,0,0,0,0,0,0,0,0,0,0,0,0,0,0,0,0,0,0,0,0,0,0,0,0,0,0,0,0,0,0,0,0,0,[0|0|0|0],0,52,0,0,0,0,0,0,1,1,1,1,1,0,0,0,0,0,0,0,0,1,1,1,0,0,0,0,0,0,0,0,0,0,0,0,0,0,0,0,0,0,1,1,0,1,0,1,1,0,1,1,1,1,0,0,1,1,0,1,0,1,0,0,0,0,0,0,1,0,1,1,0,0,0,1,0,0,0,1,0,0,0,0,0,0,0,0,0,0,0,0,0,0,0,0,0,0,[0|0|0|0|0|0|0|0|0|0|0|0|0|0],侍奉圣树的骑士们穿戴的铠甲。\n\n左胸上绘有圣树的徽章，\n接受米凯拉的鲜血灌注，小树萌发神圣嫩芽──\n然而那棵树却无法成为黄金树。
1830000,小兵铁帽,1,0,[0|0|0],505020,0,23,23,0,0.006,1050,0,200,3.6,-1,-1,-1,7000,1.5,0,-1,-1,-1,-1,-1,-1,-1,-1,-1,-1,-1,-1,-1,-1,-1,-1,1,1,1,1,1,1,1,1,-1,2450,15210,15210,0,0,0,0,[0|0],0,0,0,0,0,0,0,0,27,27,18,23,0,-1,-1,1,0,5,4,0,1,60,0,[0|0],1,1,0,0,0,1,0,0,0,-1,-1,0,1,1,0,0,1,2,0,0.966,0.966,0.964,0.966,0.962,0.96,0.958,109,110,106,110,106,139,139,139,-1,1,0,0.962,0,0,0,0,0,0,0,0,0,0,0,0,0,0,0,0,0,0,0,0,0,0,0,0,0,0,0,0,0,0,0,0,0,0,0,0,[0|0|0|0],0,18,0,0,0,1,0,0,0,0,0,0,0,0,0,0,0,0,0,0,0,0,0,0,0,0,0,0,0,0,0,0,0,0,1,0,1,0,0,1,0,0,0,0,0,0,0,0,0,0,0,0,0,0,0,0,0,0,0,0,0,0,1,0,1,1,1,1,1,1,1,1,0,0,0,0,0,1,1,0,0,0,0,0,0,0,0,0,0,0,0,0,0,0,0,0,0,1,[0|0|0|0|0|0|0|0|0|0|0|0|0|0],具有帽檐的铁制帽子。\n君王军的小兵常用的防具。
1830100,锁子披肩软铠甲,1,0,[0|0|0],604020,0,55,55,100,0.017,1150,0,200,8.3,-1,-1,-1,7000,1,-0.4,-1,-1,-1,-1,-1,-1,-1,-1,-1,-1,-1,-1,-1,-1,-1,-1,1,1,1,1,1,1,1,1,-1,2450,15211,15211,0,0,0,0,[0|0],0,0,0,0,0,0,0,0,63,63,42,55,0,-1,-1,1,0,2,4,1,1,50,0,[0|0],1,0,1,0,0,0,0,0,0,-1,-1,0,1,1,0,0,1,2,0,0.905,0.905,0.898,0.905,0.891,0.886,0.881,109,50,113,50,113,139,139,139,-1,1,0,0.891,0,0,0,0,0,0,0,0,0,0,0,0,0,0,0,0,0,0,0,0,0,0,0,0,0,0,0,0,0,0,0,0,0,0,0,0,[0|0|0|0],0,42,0,0,0,0,0,1,1,1,1,1,1,0,0,0,0,0,0,0,0,1,1,1,0,0,0,0,0,0,0,0,0,0,0,0,0,0,0,0,0,0,1,0,1,1,0,1,0,1,1,1,1,1,0,0,1,1,1,1,0,1,0,0,0,0,0,0,0,1,1,1,1,0,0,1,0,0,0,1,0,0,0,0,0,0,0,0,0,0,0,0,0,0,0,0,0,0,[0|0|0|0|0|0|0|0|0|0|0|0|0|0],在铺棉的布质铠甲上，\n披着锁子披肩的防具。\n\n君王军的小兵常用的防具。
1830200,小兵臂甲,1,0,[0|0|0],704000,0,17,17,0,0.003,1150,0,200,2.6,-1,-1,-1,7000,1.1,0,-1,-1,-1,-1,-1,-1,-1,-1,-1,-1,-1,-1,-1,-1,-1,-1,1,1,1,1,1,1,1,1,-1,2450,15212,15212,0,0,0,0,[0|0],0,0,0,0,0,0,0,0,20,20,13,17,0,-1,-1,1,0,1,4,2,1,50,0,[0|0],1,0,0,1,0,0,0,0,0,-1,-1,0,1,1,0,0,1,2,0,0.979,0.979,0.977,0.979,0.975,0.973,0.972,109,50,106,50,106,139,139,139,-1,1,0,0.975,0,0,0,0,0,0,0,0,0,0,0,0,0,0,0,0,0,0,0,0,0,0,0,0,0,0,0,0,0,0,0,0,0,0,0,0,[0|0|0|0],0,13,0,0,0,0,0,0,0,0,0,0,1,1,0,1,0,0,0,0,1,0,0,0,0,0,1,0,1,0,1,1,0,1,0,0,0,0,0,0,0,0,0,0,0,0,0,0,0,0,0,0,0,0,0,0,0,0,0,0,0,0,0,0,0,0,0,0,0,0,0,0,0,0,0,0,0,0,0,0,0,0,0,0,0,0,0,0,0,0,0,0,0,0,0,0,0,0,[0|0|0|0|0|0|0|0|0|0|0|0|0|0],表面有无数刮痕的金属制臂甲。\n君王军的小兵常用的防具。
1830300,小兵腿甲,1,0,[0|0|0],804000,0,34,34,0,0.01,1250,0,200,5.1,-1,-1,-1,7000,1.1,0,-1,-1,-1,-1,-1,-1,-1,-1,-1,-1,-1,-1,-1,-1,-1,-1,1,1,1,1,1,1,1,1,-1,2450,15213,15213,0,0,0,0,[0|0],0,0,0,0,0,0,0,0,39,39,26,34,0,-1,-1,1,0,6,4,3,1,50,0,[0|0],1,0,0,0,1,0,0,0,0,-1,-1,0,1,1,0,0,1,2,0,0.946,0.946,0.942,0.946,0.938,0.935,0.932,109,50,108,50,108,139,139,139,111,1,0,0.938,0,0,0,0,0,0,0,0,0,0,0,0,0,0,0,0,0,0,0,0,0,0,0,0,0,0,0,0,0,0,0,0,0,0,0,0,[0|0|0|0],0,26,0,0,0,0,0,0,0,0,0,0,0,0,1,0,1,1,1,0,0,1,0,0,0,0,0,0,0,0,0,0,0,0,0,0,0,0,0,0,0,0,0,0,0,0,0,0,0,0,0,0,0,0,0,0,0,0,0,0,0,0,0,0,0,0,0,0,0,0,0,0,0,0,1,0,0,0,0,0,0,0,0,0,0,0,0,0,0,0,0,0,0,0,0,0,0,0,[0|0|0|0|0|0|0|0|0|0|0|0|0|0],表面有无数修补痕迹的金属制腿甲。\n君王军的小兵常用的防具。
1840000,小兵铁头盔,1,0,[0|0|0],505010,0,23,23,0,0.006,1050,0,200,3.6,-1,-1,-1,7000,1.5,0,-1,-1,-1,-1,-1,-1,-1,-1,-1,-1,-1,-1,-1,-1,-1,-1,1,1,1,1,1,1,1,1,-1,2460,15220,15220,0,0,0,0,[0|0],0,0,0,0,0,0,0,0,27,27,18,23,0,-1,-1,1,0,5,4,0,1,60,0,[0|0],1,1,0,0,0,1,0,0,0,-1,-1,0,1,1,0,0,1,2,0,0.966,0.964,0.966,0.964,0.96,0.96,0.96,109,110,106,110,106,139,139,139,-1,1,0,0.964,0,0,0,0,0,0,0,0,0,0,0,0,0,0,0,0,0,0,0,0,0,0,0,0,0,0,0,0,0,0,0,0,0,0,0,0,[0|0|0|0],0,18,0,0,0,0,0,0,0,0,0,0,0,0,0,0,0,0,0,0,0,0,0,0,0,0,0,0,0,0,0,0,0,0,1,0,1,0,0,1,0,0,0,0,0,0,0,0,0,0,0,0,0,0,0,0,0,0,0,0,0,0,1,0,1,1,1,0,1,1,1,1,0,0,0,0,0,1,1,0,0,0,0,0,0,0,0,0,0,0,0,0,0,0,0,0,0,0,[0|0|0|0|0|0|0|0|0|0|0|0|0|0],钵形头盔附上布料，围住头后方的防具。\n君王军的小兵常用的防具。
1840100,小兵软铠甲,1,0,[0|0|0],604000,0,55,55,100,0.017,1150,0,200,8.3,-1,-1,-1,7000,1,-0.4,-1,-1,-1,-1,-1,-1,-1,-1,-1,-1,-1,-1,-1,-1,-1,-1,1,1,1,1,1,1,1,1,-1,2460,15221,15221,0,0,0,0,[0|0],0,0,0,0,0,0,0,0,63,63,42,55,0,-1,-1,1,0,2,4,1,1,50,0,[0|0],1,0,1,0,0,0,0,0,0,-1,-1,0,1,1,0,0,1,2,0,0.905,0.898,0.905,0.898,0.886,0.886,0.886,109,50,113,50,113,139,139,139,-1,1,0,0.898,0,0,0,0,0,0,0,0,0,0,0,0,0,0,0,0,0,0,0,0,0,0,0,0,0,0,0,0,0,0,0,0,0,0,0,0,[0|0|0|0],0,42,0,0,0,0,0,1,1,1,1,1,1,0,0,0,0,0,0,0,0,1,1,1,0,0,0,0,0,0,0,0,0,0,0,0,0,0,0,0,0,0,1,0,1,1,0,1,0,1,1,1,1,1,0,0,1,1,1,1,0,1,0,0,0,0,0,0,0,1,1,1,1,0,0,1,0,0,0,1,0,0,0,0,0,0,0,0,0,0,0,0,0,0,0,0,0,0,[0|0|0|0|0|0|0|0|0|0|0|0|0|0],铺棉的骯脏布质铠甲。\n君王军的小兵常用的防具。
1850000,小兵金帽,1,0,[0|0|0],505030,0,23,23,0,0.006,1050,0,200,3.6,-1,-1,-1,7000,1.5,0,-1,-1,-1,-1,-1,-1,-1,-1,-1,-1,-1,-1,-1,-1,-1,-1,1,1,1,1,1,1,1,1,-1,2470,15230,15230,0,0,0,0,[0|0],0,0,0,0,0,0,0,0,27,27,18,23,0,-1,-1,1,0,5,4,0,1,60,0,[0|0],1,1,0,0,0,1,0,0,0,-1,-1,0,1,1,0,0,1,2,0,0.966,0.969,0.962,0.964,0.964,0.962,0.956,109,110,106,110,106,139,139,139,-1,1,0,0.962,0,0,0,0,0,0,0,0,0,0,0,0,0,0,0,0,0,0,0,0,0,0,0,0,0,0,0,0,0,0,0,0,0,0,0,0,[0|0|0|0],0,18,0,0,0,0,0,0,0,0,0,0,0,0,0,0,0,0,0,0,0,0,0,0,0,0,0,0,0,0,0,0,0,0,0,1,1,0,0,1,0,0,0,0,0,0,0,0,0,0,0,0,0,0,0,0,0,0,0,0,0,0,1,0,1,1,1,0,0,0,0,0,0,0,0,0,0,1,0,0,0,0,0,0,0,0,0,0,0,0,0,0,0,0,0,0,0,0,[0|0|0|0|0|0|0|0|0|0|0|0|0|0],具有帽檐的金色帽子。\n守护王城罗德尔的小兵们穿戴的防具。
1850100,皮革披肩软铠甲,1,0,[0|0|0],604010,0,55,55,100,0.017,1150,0,200,8.3,-1,-1,-1,7000,1,-0.4,-1,-1,-1,-1,-1,-1,-1,-1,-1,-1,-1,-1,-1,-1,-1,-1,1,1,1,1,1,1,1,1,-1,2470,15231,15231,0,0,0,0,[0|0],0,0,0,0,0,0,0,0,63,63,42,55,0,-1,-1,1,0,2,4,1,1,50,0,[0|0],1,0,1,0,0,0,0,0,0,-1,-1,0,1,1,0,0,1,2,0,0.905,0.912,0.891,0.898,0.898,0.891,0.876,109,50,113,50,113,139,139,139,-1,1,0,0.891,0,0,0,0,0,0,0,0,0,0,0,0,0,0,0,0,0,0,0,0,0,0,0,0,0,0,0,0,0,0,0,0,0,0,0,0,[0|0|0|0],0,42,0,0,0,0,0,1,1,1,1,1,1,0,0,0,0,0,0,0,0,1,1,1,0,0,0,0,0,0,0,0,0,0,0,0,0,0,0,0,0,0,1,0,1,1,0,1,0,1,1,1,1,1,0,0,1,1,1,1,0,1,0,0,0,0,0,0,0,1,1,1,1,0,0,1,0,0,0,1,0,0,0,0,0,0,0,0,0,0,0,0,0,0,0,0,0,0,[0|0|0|0|0|0|0|0|0|0|0|0|0|0],在铺棉的布质铠甲上，\n披着皮革披肩的防具。\n\n君王军的小兵常用的防具。
1860000,小兵头盔,1,0,[0|0|0],505000,0,23,23,0,0.006,1050,0,200,3.6,-1,-1,-1,7000,1.5,0,-1,-1,-1,-1,-1,-1,-1,-1,-1,-1,-1,-1,-1,-1,-1,-1,1,1,1,1,1,1,1,1,-1,2480,15240,15240,0,0,0,0,[0|0],0,0,0,0,0,0,0,0,27,27,18,23,0,-1,-1,1,0,5,4,0,1,60,0,[0|0],1,1,0,0,0,1,0,0,0,-1,-1,0,1,1,0,0,1,2,0,0.964,0.969,0.966,0.969,0.962,0.958,0.958,109,110,106,110,106,139,139,139,-1,1,0,0.962,0,0,0,0,0,0,0,0,0,0,0,0,0,0,0,0,0,0,0,0,0,0,0,0,0,0,0,0,0,0,0,0,0,0,0,0,[0|0|0|0],0,18,0,0,0,0,0,0,0,0,0,0,0,0,0,0,0,0,0,0,0,0,0,0,0,0,0,0,0,0,0,0,0,0,1,0,1,0,0,1,0,0,0,0,0,0,0,0,0,0,0,0,0,0,0,0,0,0,0,0,0,0,1,0,1,1,1,1,1,1,1,1,0,0,0,0,0,1,1,0,0,0,0,0,0,0,0,0,0,0,0,0,0,0,0,0,0,0,[0|0|0|0|0|0|0|0|0|0|0|0|0|0],没有特别装饰的铁制头盔。\n君王军的小兵常用的防具。
1860100,猩红软铠甲,1,0,[0|0|0],604040,0,55,55,100,0.017,1150,0,200,8.3,-1,-1,-1,7000,1,-0.4,-1,-1,-1,-1,-1,-1,-1,-1,-1,-1,-1,-1,-1,-1,-1,-1,1,1,1,1,1,1,1,1,-1,2480,15241,15241,0,0,0,0,[0|0],0,0,0,0,0,0,0,0,63,63,42,55,0,-1,-1,1,0,2,4,1,1,50,0,[0|0],1,0,1,0,0,0,0,0,0,-1,-1,0,1,1,0,0,1,2,0,0.898,0.912,0.905,0.912,0.891,0.881,0.881,109,50,113,50,113,139,139,139,-1,1,0,0.891,0,0,0,0,0,0,0,0,0,0,0,0,0,0,0,0,0,0,0,0,0,0,0,0,0,0,0,0,0,0,0,0,0,0,0,0,[0|0|0|0],0,42,0,0,0,0,0,1,1,1,1,1,1,0,0,0,0,0,0,0,0,1,1,1,0,0,0,0,0,0,0,0,0,0,0,0,0,0,0,0,0,0,1,0,1,1,0,1,0,1,1,1,1,1,0,0,1,1,1,1,0,1,0,0,0,0,0,0,0,1,1,1,1,0,0,1,0,0,0,1,0,0,0,0,0,0,0,0,0,0,0,0,0,0,0,0,0,0,[0|0|0|0|0|0|0|0|0|0|0|0|0|0],沾满猩红腐败的铺棉布质铠甲。\n\n与拉塔恩将军并肩作战的小兵们穿戴的防具。
1870100,淌血软铠甲,1,0,[0|0|0],604050,0,55,55,100,0.018,1150,0,200,8.3,-1,-1,-1,7000,1,-0.4,-1,-1,-1,-1,-1,-1,-1,-1,-1,-1,-1,-1,-1,-1,-1,-1,1,1,1,1,1,1,1,1,-1,2490,15251,15251,0,0,0,0,[0|0],0,0,0,0,0,0,0,0,63,63,38,50,0,-1,-1,1,0,2,4,1,1,50,0,[0|0],1,0,1,0,0,0,0,0,0,-1,-1,0,1,1,0,0,1,2,0,0.905,0.898,0.905,0.905,0.891,0.891,0.876,109,50,113,50,113,139,139,139,-1,1,0,0.886,0,0,0,0,0,0,0,0,0,0,0,0,0,0,0,0,0,0,0,0,0,0,0,0,0,0,0,0,0,0,0,0,0,0,0,0,[0|0|0|0],0,38,0,0,0,0,0,1,1,1,1,1,1,0,0,0,0,0,0,0,0,1,1,1,0,0,0,0,0,0,0,0,0,0,0,0,0,0,0,0,0,0,1,0,1,1,0,1,0,1,1,1,1,1,0,0,1,1,1,1,0,1,0,0,0,0,0,0,0,1,1,1,1,0,0,1,0,0,0,1,0,0,0,0,0,0,0,0,0,0,0,0,0,0,0,0,0,0,[0|0|0|0|0|0|0|0|0|0|0|0|0|0],脖子附近布满血迹的铺棉布质铠甲。\n\n持续守护漫步灵庙的无头小兵们穿戴的防具。
1880000,圣冠铁头盔,1,0,[0|0|0],505040,0,23,23,0,0.005,1050,0,200,3.6,6188000,-1,-1,7000,1.5,0,-1,-1,-1,-1,-1,-1,-1,-1,-1,-1,-1,-1,-1,-1,-1,-1,1,1,1,1,1,1,1,1,-1,2500,15260,15260,0,0,0,0,[0|0],0,0,0,0,0,0,0,0,27,27,18,24,0,-1,-1,1,0,5,4,0,2,60,0,[0|0],1,1,0,0,0,1,0,0,0,-1,-1,0,1,1,0,0,1,2,0,0.966,0.969,0.962,0.964,0.964,0.962,0.958,109,110,106,110,106,139,139,139,-1,1,0,0.96,0,0,0,0,0,0,0,0,0,0,0,0,0,0,0,0,0,0,0,0,0,0,0,0,0,0,0,0,0,0,0,0,0,0,0,0,[0|0|0|0],0,18,0,0,0,0,0,0,0,0,0,0,0,0,0,0,0,0,0,0,0,0,0,0,0,0,0,0,0,0,0,0,0,0,0,1,1,0,0,1,0,0,0,0,0,0,0,0,0,0,0,0,0,0,0,0,0,0,0,0,0,0,1,0,1,1,1,0,0,0,0,0,0,0,0,0,0,1,0,0,0,0,0,0,0,0,0,0,0,0,0,0,0,0,0,0,0,0,[0|0|0|0|0|0|0|0|0|0|0|0|0|0],具有帽檐的铁制帽子上，\n装饰着纯净金头带的防具。\n能提升信仰。\n\n侍奉圣树的小兵们穿戴的防具。\n\n默默无名的、力量弱小的，\n米凯拉会给予赐福。
1880100,象牙披肩软铠甲,1,0,[0|0|0],604030,0,55,55,100,0.016,1150,0,200,8.3,-1,-1,-1,7000,1,-0.4,-1,-1,-1,-1,-1,-1,-1,-1,-1,-1,-1,-1,-1,-1,-1,-1,1,1,1,1,1,1,1,1,-1,2500,15261,15261,0,0,0,0,[0|0],0,0,0,0,0,0,0,0,63,63,42,57,0,-1,-1,1,0,2,4,1,1,50,0,[0|0],1,0,1,0,0,0,0,0,0,-1,-1,0,1,1,0,0,1,2,0,0.905,0.912,0.891,0.898,0.898,0.891,0.881,109,50,113,50,113,139,139,139,-1,1,0,0.886,0,0,0,0,0,0,0,0,0,0,0,0,0,0,0,0,0,0,0,0,0,0,0,0,0,0,0,0,0,0,0,0,0,0,0,0,[0|0|0|0],0,42,0,0,0,0,0,1,1,1,1,1,1,0,0,0,0,0,0,0,0,1,1,1,0,0,0,0,0,0,0,0,0,0,0,0,0,0,0,0,0,0,1,0,1,1,0,1,0,1,1,1,1,1,0,0,1,1,1,1,0,1,0,0,0,0,0,0,0,1,1,1,1,0,0,1,0,0,0,1,0,0,0,0,0,0,0,0,0,0,0,0,0,0,0,0,0,0,[0|0|0|0|0|0|0|0|0|0|0|0|0|0],在铺棉的布质铠甲上，\n披着象牙色披肩的防具。\n\n侍奉圣树的小兵们穿戴的防具。
1890000,恶兆笑脸面具,1,0,[0|0|0],504090,0,20,20,0,0.006,1050,0,200,3,6189000,-1,-1,7000,1.5,0,-1,-1,-1,-1,-1,-1,-1,-1,-1,-1,-1,-1,-1,-1,-1,-1,1,1,1,1,1,1,1,1,-1,2530,15270,15270,0,0,0,0,[0|0],0,0,0,0,0,0,0,0,29,29,12,20,0,-1,-1,1,0,5,4,0,2,50,0,[0|0],1,1,0,0,0,1,0,0,0,-1,-1,0,1,1,0,0,1,2,0,0.969,0.975,0.972,0.975,0.969,0.966,0.96,109,110,108,110,108,139,139,139,-1,1,0,0.964,0,0,0,0,0,0,0,0,0,0,0,0,0,0,0,0,0,0,0,0,0,0,0,0,0,0,0,0,0,0,0,0,0,0,0,0,[0|0|0|0],0,12,1,1,1,1,0,0,0,0,0,0,0,0,0,0,0,0,0,1,0,0,0,0,0,0,0,0,0,0,0,0,0,0,1,0,1,0,0,1,0,0,0,0,0,0,0,0,0,0,0,0,0,0,0,0,0,0,0,0,0,0,1,1,1,1,1,1,1,1,1,1,0,0,0,0,0,1,1,0,1,1,1,0,0,0,0,0,0,0,0,0,0,0,0,0,0,0,[0|0|0|0|0|0|0|0|0|0|0|0|0|0],具有丑陋弯曲长角的面具。\n恶兆猎人们穿戴的防具。\n能提升力气。\n\n一脸开心的老人，笑容带有一丝猥琐。\n\n据说是参考出现在恶兆之子们的恶梦中，\n那邪恶灵魂的模样制成的物品。
1890100,恶兆猎人长袍,1,0,[0|0|0],603100,0,46,46,100,0.016,1150,0,200,7.1,-1,-1,-1,7000,1,-0.4,-1,-1,-1,-1,-1,-1,-1,-1,-1,-1,-1,-1,-1,-1,-1,-1,1,1,1,1,1,1,1,1,-1,2530,15271,15271,0,0,0,0,[0|0],0,0,0,0,0,0,0,0,67,67,28,46,0,-1,-1,1,0,2,4,1,1,40,0,[0|0],1,0,1,0,0,0,0,0,0,-1,-1,0,1,1,0,0,1,2,0,0.912,0.929,0.92,0.929,0.912,0.905,0.886,109,50,113,50,113,139,139,139,-1,1,0,0.898,0,0,0,0,0,0,0,0,0,0,0,0,0,0,0,0,0,0,0,0,0,0,0,0,0,0,0,0,0,0,0,0,0,0,0,0,[0|0|0|0],0,28,0,0,0,0,0,0,1,1,1,1,1,0,0,0,0,0,0,0,0,1,1,1,0,0,0,0,0,0,0,0,0,0,0,0,0,0,0,0,0,0,0,1,1,1,0,1,1,1,0,1,1,1,0,1,0,1,1,1,0,1,0,0,0,0,0,0,1,0,1,1,1,0,0,1,0,0,0,1,0,0,0,1,1,1,1,1,1,1,1,1,1,1,1,1,1,0,[0|0|0|0|0|0|0|0|0|0|0|0|0|0],心灵毁坏的虐杀者──\n恶兆猎人们穿戴的长袍。\n\n猎人们的鼻祖罗洛，是古老的调香师。\n厚重围裙是由此而来。
1890200,恶兆猎人长手套,1,0,[0|0|0],703060,0,15,15,0,0.003,1150,0,200,2.4,-1,-1,-1,7000,1.1,0,-1,-1,-1,-1,-1,-1,-1,-1,-1,-1,-1,-1,-1,-1,-1,-1,1,1,1,1,1,1,1,1,-1,2530,15272,15272,0,0,0,0,[0|0],0,0,0,0,0,0,0,0,22,22,9,15,0,-1,-1,1,0,1,4,2,1,40,0,[0|0],1,0,0,1,0,0,0,0,0,-1,-1,0,1,1,0,0,1,2,0,0.979,0.983,0.981,0.983,0.979,0.977,0.972,109,50,108,50,108,139,139,139,-1,1,0,0.975,0,0,0,0,0,0,0,0,0,0,0,0,0,0,0,0,0,0,0,0,0,0,0,0,0,0,0,0,0,0,0,0,0,0,0,0,[0|0|0|0],0,9,0,0,0,0,0,0,0,0,0,0,1,1,0,1,0,0,0,0,1,0,0,0,0,0,0,1,1,0,1,1,1,0,0,0,0,0,0,0,0,0,0,0,0,0,0,0,0,0,0,0,0,0,0,0,0,0,0,0,0,0,0,0,0,0,0,0,0,0,0,0,0,0,0,0,0,0,0,0,0,0,0,0,0,0,0,0,0,0,0,0,0,0,0,0,0,0,[0|0|0|0|0|0|0|0|0|0|0|0|0|0],硬质的皮制长手套。\n恶兆猎人们穿戴的防具。
1890300,恶兆猎人靴子,1,0,[0|0|0],803080,0,29,29,0,0.009,1250,0,200,4.4,-1,-1,-1,7000,1.1,0,-1,-1,-1,-1,-1,-1,-1,-1,-1,-1,-1,-1,-1,-1,-1,-1,1,1,1,1,1,1,1,1,-1,2530,15273,15273,0,0,0,0,[0|0],0,0,0,0,0,0,0,0,41,41,17,29,0,-1,-1,1,0,6,4,3,1,40,0,[0|0],1,0,0,0,1,0,0,0,0,-1,-1,0,1,1,0,0,1,2,0,0.95,0.96,0.955,0.96,0.95,0.946,0.935,109,50,108,50,108,139,139,139,111,1,0,0.942,0,0,0,0,0,0,0,0,0,0,0,0,0,0,0,0,0,0,0,0,0,0,0,0,0,0,0,0,0,0,0,0,0,0,0,0,[0|0|0|0],0,17,0,0,0,0,0,0,0,0,0,0,0,0,1,0,1,1,1,0,0,1,0,0,0,0,0,0,0,0,0,0,0,0,0,0,0,0,0,0,0,0,0,0,0,0,0,0,0,0,0,0,0,0,0,0,0,0,0,0,0,0,0,0,0,0,0,0,0,0,0,0,0,0,1,0,0,0,0,0,0,0,0,0,0,0,0,0,0,0,0,0,0,0,0,0,0,0,[0|0|0|0|0|0|0|0|0|0|0|0|0|0],硬质的皮制靴子。\n恶兆猎人们穿戴的防具。
1900000,战灰粪金龟,1,0,[0|0|0],503020,0,27,27,0,0.006,1050,0,500,5.1,6190000,-1,-1,7000,1.5,0,-1,-1,-1,-1,-1,-1,-1,-1,-1,-1,-1,-1,-1,-1,-1,-1,1,1,1,1,1,1,1,1,-1,2550,15280,15280,0,0,0,0,[0|0],0,0,0,0,0,0,0,0,42,42,22,26,0,-1,-1,1,0,5,4,0,2,40,0,[0|0],1,1,0,0,0,1,0,0,0,-1,-1,0,1,1,0,0,1,2,0,0.962,0.962,0.96,0.962,0.954,0.954,0.954,109,110,108,110,123,139,139,139,-1,1,0,0.955,0,0,0,0,0,0,0,0,0,0,0,0,0,0,0,0,0,0,0,0,0,0,0,0,0,0,0,0,0,0,0,0,0,0,0,0,[0|0|0|0],0,22,1,1,1,1,0,0,0,0,0,0,0,0,0,0,0,0,0,1,0,0,0,0,0,0,0,0,0,0,0,0,0,0,1,0,1,0,0,1,0,0,0,0,0,0,0,0,0,0,0,0,0,0,0,0,0,0,0,0,0,0,1,1,1,1,1,1,1,1,1,1,0,0,0,0,0,1,0,0,1,1,1,0,0,0,0,0,0,0,0,0,0,0,0,0,0,0,[0|0|0|0|0|0|0|0|0|0|0|0|0|0],将滚动战灰的深灰色粪金龟\n直接套在头上使用的防具。\n\n发动战技时，能些微减少消耗的专注值，\n但会增加受到的损伤。
1901000,祷告粪金龟,1,0,[0|0|0],503040,0,27,27,0,0.006,1150,0,500,5.1,6190100,-1,-1,7000,1,0,-1,-1,-1,-1,-1,-1,-1,-1,-1,-1,-1,-1,-1,-1,-1,-1,1,1,1,1,1,1,1,1,-1,2551,15290,15290,0,0,0,0,[0|0],0,0,0,0,0,0,0,0,42,42,22,26,0,-1,-1,1,0,5,4,0,2,40,0,[0|0],1,1,0,0,0,0,0,0,0,-1,-1,0,1,1,0,0,1,2,0,0.962,0.962,0.96,0.962,0.954,0.954,0.954,109,50,108,50,123,139,139,139,-1,1,0,0.955,0,0,0,0,0,0,0,0,0,0,0,0,0,0,0,0,0,0,0,0,0,0,0,0,0,0,0,0,0,0,0,0,0,0,0,0,[0|0|0|0],0,22,1,1,1,1,0,0,0,0,0,0,0,0,0,0,0,0,0,1,0,0,0,0,0,0,0,0,0,0,0,0,0,0,1,0,1,0,0,1,0,0,0,0,0,0,0,0,0,0,0,0,0,0,0,0,0,0,0,0,0,0,1,1,1,1,1,1,1,1,1,1,0,0,0,0,0,1,0,0,1,1,1,0,0,0,0,0,0,0,0,0,0,0,0,0,0,0,[0|0|0|0|0|0|0|0|0|0|0|0|0|0],将滚动祷告的金色粪金龟\n直接套在头上使用的防具。\n\n执行祷告时，能些微减少消耗的专注值，\n但会增加受到的损伤。\n\n据说当粪金龟察觉到死期将近，\n会抛下滚动的球，将翅膀展开到极限，\n朝它的故乡──巢穴飞去。
1902000,辉石粪金龟,1,0,[0|0|0],503030,0,27,27,0,0.006,1150,0,500,5.1,6190200,-1,-1,7000,1.1,0,-1,-1,-1,-1,-1,-1,-1,-1,-1,-1,-1,-1,-1,-1,-1,-1,1,1,1,1,1,1,1,1,-1,2552,15300,15300,0,0,0,0,[0|0],0,0,0,0,0,0,0,0,42,42,22,26,0,-1,-1,1,0,5,4,0,2,40,0,[0|0],1,1,0,0,0,0,0,0,0,-1,-1,0,1,1,0,0,1,2,0,0.962,0.962,0.96,0.962,0.954,0.954,0.954,109,50,108,50,123,139,139,139,-1,1,0,0.955,0,0,0,0,0,0,0,0,0,0,0,0,0,0,0,0,0,0,0,0,0,0,0,0,0,0,0,0,0,0,0,0,0,0,0,0,[0|0|0|0],0,22,1,1,1,1,0,0,0,0,0,0,0,0,0,0,0,0,0,1,0,0,0,0,0,0,0,0,0,0,0,0,0,0,1,0,1,0,0,1,0,0,0,0,0,0,0,0,0,0,0,0,0,0,0,0,0,0,0,0,0,0,1,1,1,1,1,1,1,1,1,1,0,0,0,0,0,1,0,0,1,1,1,0,0,0,0,0,0,0,0,0,0,0,0,0,0,0,[0|0|0|0|0|0|0|0|0|0|0|0|0|0],将滚动魔法的蓝绿色粪金龟\n直接套在头上使用的防具。\n\n施展魔法时，能些微减少消耗的专注值，\n但会增加受到的损伤。
1910000,红露滴粪金龟,1,0,[0|0|0],503000,0,27,27,0,0.006,1050,0,500,5.1,6191000,-1,-1,7000,1.5,0,-1,-1,-1,-1,-1,-1,-1,-1,-1,-1,-1,-1,-1,-1,-1,-1,1,1,1,1,1,1,1,1,-1,2555,15310,15310,0,0,0,0,[0|0],0,0,0,0,0,0,0,0,42,42,22,26,0,-1,-1,1,0,5,4,0,2,40,0,[0|0],1,1,0,0,0,1,0,0,0,-1,-1,0,1,1,0,0,1,2,0,0.962,0.962,0.96,0.962,0.954,0.954,0.954,109,110,108,110,123,139,139,139,-1,1,0,0.955,0,0,0,0,0,0,0,0,0,0,0,0,0,0,0,0,0,0,0,0,0,0,0,0,0,0,0,0,0,0,0,0,0,0,0,0,[0|0|0|0],0,22,1,1,1,1,0,0,0,0,0,0,0,0,0,0,0,0,0,1,0,0,0,0,0,0,0,0,0,0,0,0,0,0,1,0,1,0,0,1,0,0,0,0,0,0,0,0,0,0,0,0,0,0,0,0,0,0,0,0,0,0,1,1,1,1,1,1,1,1,1,1,0,0,0,0,0,1,0,0,1,1,1,0,0,0,0,0,0,0,0,0,0,0,0,0,0,0,[0|0|0|0|0|0|0|0|0|0|0|0|0|0],将滚动红露滴的红色粪金龟\n直接套在头上使用的防具。\n\n能些微提升红露滴圣杯瓶的恢复量，\n但会增加受到的损伤。
1920000,蓝露滴粪金龟,1,0,[0|0|0],503010,0,27,27,0,0.006,1150,0,500,5.1,6192000,-1,-1,7000,1,0,-1,-1,-1,-1,-1,-1,-1,-1,-1,-1,-1,-1,-1,-1,-1,-1,1,1,1,1,1,1,1,1,-1,2560,15320,15320,0,0,0,0,[0|0],0,0,0,0,0,0,0,0,42,42,22,26,0,-1,-1,1,0,5,4,0,2,40,0,[0|0],1,1,0,0,0,0,0,0,0,-1,-1,0,1,1,0,0,1,2,0,0.962,0.962,0.96,0.962,0.954,0.954,0.954,109,50,108,50,123,139,139,139,-1,1,0,0.955,0,0,0,0,0,0,0,0,0,0,0,0,0,0,0,0,0,0,0,0,0,0,0,0,0,0,0,0,0,0,0,0,0,0,0,0,[0|0|0|0],0,22,1,1,1,1,0,0,0,0,0,0,0,0,0,0,0,0,0,1,0,0,0,0,0,0,0,0,0,0,0,0,0,0,1,0,1,0,0,1,0,0,0,0,0,0,0,0,0,0,0,0,0,0,0,0,0,0,0,0,0,0,1,1,1,1,1,1,1,1,1,1,0,0,0,0,0,1,0,0,1,1,1,0,0,0,0,0,0,0,0,0,0,0,0,0,0,0,[0|0|0|0|0|0|0|0|0|0|0|0|0|0],将滚动蓝露滴的蓝色粪金龟\n直接套在头上使用的防具。\n\n能些微提升蓝露滴圣杯瓶的恢复量，\n但会增加受到的损伤。
1930100,死眠连身裙,1,0,[0|0|0],601210,0,63,63,100,0.005,1150,0,500,3.2,6193010,-1,-1,7000,1.1,-0.4,-1,-1,-1,-1,-1,-1,-1,-1,-1,-1,-1,-1,-1,-1,-1,-1,1,1,1,1,1,1,1,1,-1,1590,15331,15331,0,0,0,0,[0|0],0,0,0,0,0,0,0,0,38,38,11,107,0,-1,-1,1,0,2,3,1,2,20,0,[0|0],1,1,0,0,0,0,0,0,0,-1,-1,0,1,1,0,0,1,2,0,0.994,0.994,0.973,0.994,0.881,0.886,0.881,109,50,113,50,113,139,139,139,-1,1,0,0.876,0,0,0,0,0,0,0,0,0,0,0,0,0,0,0,0,0,0,0,0,0,0,0,0,0,0,0,0,0,0,0,0,0,0,0,0,[0|0|0|0],0,11,0,0,0,0,0,1,1,1,1,0,0,0,0,0,0,0,0,0,0,0,0,1,0,0,0,0,0,0,0,0,0,0,0,0,0,0,0,0,0,0,1,0,1,1,0,1,0,1,1,1,1,1,0,1,1,1,1,1,1,1,0,0,0,0,0,0,0,1,1,1,0,0,0,0,0,0,0,0,0,0,0,1,1,1,1,1,1,1,1,1,1,1,1,1,1,0,[0|0|0|0|0|0|0|0|0|0|0|0|0|0],非常轻薄、平滑的白丝连身裙。\n死眠少女依偎尸体时穿着的衣物。\n\n不包含自身，缓慢恢复周围我方人物的血量。\n\n据说此衣物不会碰伤枯槁的尸体。\n会带给尸体的，只有温暖。
1930300,[ERROR]死眠长裤,1,0,[0|0|0],999999,0,39,39,0,0.003,1150,0,500,2,-1,-1,-1,7000,1.1,0,-1,-1,-1,-1,-1,-1,-1,-1,-1,-1,-1,-1,-1,-1,-1,-1,1,1,1,1,1,1,1,1,-1,1590,15333,15333,0,0,0,0,[0|0],0,0,0,0,0,0,0,0,24,24,7,66,0,-1,-1,1,0,6,3,3,1,255,0,[0|0],1,1,0,0,0,0,0,0,0,-1,-1,0,1,0,0,0,1,2,0,0.985,0.985,0.977,0.985,0.932,0.935,0.932,109,50,109,50,139,139,109,139,-1,1,0,0.928,0,0,0,0,0,0,0,0,0,0,0,0,0,0,0,0,0,0,0,0,0,0,0,0,0,0,0,0,0,0,0,0,0,0,0,0,[0|0|0|0],0,7,0,0,0,0,0,0,0,0,0,0,0,0,0,0,0,0,0,0,0,0,0,0,0,0,0,0,0,0,0,0,0,0,0,0,0,0,0,0,0,0,0,0,0,0,0,0,0,0,0,0,0,0,0,0,0,0,0,0,0,0,0,0,0,0,0,0,0,0,0,0,0,1,0,0,0,0,0,0,0,0,0,0,0,0,0,0,0,0,0,0,0,0,0,0,0,0,[0|0|0|0|0|0|0|0|0|0|0|0|0|0],死眠少女菲雅的裙子
1932100,,1,0,[0|0|0],999999,0,63,63,100,0.005,1150,0,500,3.2,-1,-1,-1,7000,1.1,-0.4,-1,-1,-1,-1,-1,-1,-1,-1,-1,-1,-1,-1,-1,-1,-1,-1,1,1,1,1,1,1,1,1,-1,1597,15331,15331,0,0,0,0,[0|0],0,0,0,0,0,0,0,0,38,38,11,107,0,-1,-1,1,0,2,3,1,1,255,0,[0|0],1,1,0,0,0,0,0,0,0,-1,-1,0,1,0,0,0,1,2,0,0.973,0.973,0.958,0.973,0.881,0.886,0.881,109,50,113,50,113,139,139,139,-1,1,0,0.874,0,0,0,0,0,0,0,0,0,0,0,0,0,0,0,0,0,0,0,0,0,0,0,0,0,0,0,0,0,0,0,0,0,0,0,0,[0|0|0|0],0,11,0,0,0,0,0,1,1,1,1,0,0,0,0,0,0,0,0,0,0,0,0,1,0,0,0,0,0,0,0,0,0,0,0,0,0,0,0,0,0,0,1,0,1,1,0,1,0,1,1,1,1,1,0,1,1,1,1,1,1,1,0,0,0,0,0,0,0,1,1,1,0,0,0,0,0,0,0,0,0,0,0,1,1,1,1,1,1,1,1,1,1,1,1,1,1,0,[0|0|0|0|0|0|0|0|0|0|0|0|0|0],
1940000,菲雅风帽,1,0,[0|0|0],501180,0,29,29,0,0.002,1150,0,500,1.7,-1,-1,-1,7000,1.1,0,-1,-1,-1,-1,-1,-1,-1,-1,-1,-1,-1,-1,-1,-1,-1,-1,1,1,1,1,1,1,1,1,-1,1595,15340,15340,0,0,0,0,[0|0],0,0,0,0,0,0,0,0,18,18,8,45,0,-1,-1,1,0,5,4,0,1,20,0,[0|0],1,1,0,0,0,0,0,0,0,-1,-1,0,1,1,0,0,1,2,0,0.986,0.986,0.982,0.986,0.956,0.958,0.956,109,50,113,50,113,139,139,139,-1,1,0,0.954,0,0,0,0,0,0,0,0,0,0,0,0,0,0,0,0,0,0,0,0,0,0,0,0,0,0,0,0,0,0,0,0,0,0,0,0,[0|0|0|0],0,8,0,0,0,0,0,0,0,0,0,0,0,0,0,0,0,0,0,0,0,0,0,0,0,0,0,0,0,0,0,0,0,0,0,1,1,0,0,1,0,0,0,0,0,0,0,0,0,0,0,0,0,0,0,0,0,0,0,0,0,0,0,0,1,1,1,0,1,1,1,1,0,0,0,0,0,1,0,0,0,0,0,0,0,0,0,0,0,0,0,0,0,0,0,0,0,1,[0|0|0|0|0|0|0|0|0|0|0|0|0|0],覆盖头部的黑色布质风帽。\n被赶出故乡的死眠少女──\n菲雅的旅行服装。\n\n质地有如薄丝一般柔软。
1940100,菲雅长袍,1,0,[0|0|0],601190,0,76,76,100,0.008,1150,0,500,5.1,-1,-1,-1,7000,1.1,-0.4,-1,-1,-1,-1,-1,-1,-1,-1,-1,-1,-1,-1,-1,-1,-1,-1,1,1,1,1,1,1,1,1,-1,1595,15341,15341,0,0,0,0,[0|0],0,0,0,0,0,0,0,0,46,46,21,108,0,-1,-1,1,0,2,3,1,1,20,0,[0|0],1,1,0,0,0,0,0,0,0,-1,-1,0,1,1,0,0,1,2,0,0.947,0.947,0.939,0.947,0.874,0.876,0.874,109,50,113,50,113,139,139,139,-1,1,0,0.87,0,0,0,0,0,0,0,0,0,0,0,0,0,0,0,0,0,0,0,0,0,0,0,0,0,0,0,0,0,0,0,0,0,0,0,0,[0|0|0|0],0,21,0,0,0,0,0,1,1,1,1,0,0,0,0,0,0,0,0,0,0,0,0,1,0,0,0,0,0,0,0,0,0,0,0,0,0,0,0,0,0,0,1,0,1,1,0,1,0,1,1,1,1,1,0,1,1,1,1,1,1,1,0,0,0,0,0,0,0,1,1,1,0,0,0,0,0,0,0,0,0,0,0,1,1,1,1,1,1,1,1,1,1,1,1,1,1,0,[0|0|0|0|0|0|0|0|0|0|0|0|0|0],覆盖全身的黑色布质长袍。\n被赶出故乡的死眠少女──\n菲雅的旅行服装。\n\n质地有如薄丝一般柔软，\n能透过衣服感受到温暖与心跳。
1941100,菲雅长袍（轻装）,1,0,[0|0|0],601200,0,57,57,100,0.005,1150,0,500,3.2,-1,-1,-1,7000,1.1,-0.4,-1,-1,-1,-1,-1,-1,-1,-1,-1,-1,-1,-1,-1,-1,-1,-1,1,1,1,1,1,1,1,1,-1,1596,15351,15351,0,0,0,0,[0|0],0,0,0,0,0,0,0,0,34,34,10,93,0,-1,-1,1,0,2,3,1,1,20,0,[0|0],1,1,0,0,0,0,0,0,0,-1,-1,0,1,1,0,0,1,2,0,0.973,0.973,0.958,0.973,0.881,0.886,0.881,109,50,113,50,113,139,139,139,-1,1,0,0.874,0,0,0,0,0,0,0,0,0,0,0,0,0,0,0,0,0,0,0,0,0,0,0,0,0,0,0,0,0,0,0,0,0,0,0,0,[0|0|0|0],0,10,0,0,0,0,0,1,1,1,1,0,0,0,0,0,0,0,0,0,0,0,0,1,0,0,0,0,0,0,0,0,0,0,0,0,0,0,0,0,0,0,0,1,1,1,0,1,0,1,1,1,1,1,0,1,1,1,1,1,1,1,0,0,0,0,0,0,0,1,1,1,0,0,0,0,0,0,0,0,0,0,0,0,0,0,0,0,0,0,0,0,0,0,0,0,0,0,[0|0|0|0|0|0|0|0|0|0|0|0|0|0],覆盖全身的黑色布质长袍。\n被赶出故乡的死眠少女──\n菲雅的旅行服装。\n\n质地有如薄丝一般柔软，\n能透过衣服感受到温暖与心跳。
1950100,,1,0,[0|0|0],999999,0,63,63,100,0.007,1150,0,500,3.2,-1,-1,-1,7000,1.1,-0.4,-1,-1,-1,-1,-1,-1,-1,-1,-1,-1,-1,-1,-1,-1,-1,-1,1,1,1,1,1,1,1,1,-1,2590,15361,15361,0,0,0,0,[0|0],0,0,0,0,0,0,0,0,38,38,21,63,0,-1,-1,1,0,2,3,1,1,255,0,[0|0],1,1,0,0,0,0,0,0,0,-1,-1,0,1,0,0,0,1,2,0,0.958,0.958,0.958,0.973,0.874,0.881,0.876,109,50,113,50,113,139,139,139,-1,1,0,0.874,0,0,0,0,0,0,0,0,0,0,0,0,0,0,0,0,0,0,0,0,0,0,0,0,0,0,0,0,0,0,0,0,0,0,0,0,[0|0|0|0],0,21,0,0,0,0,0,1,1,1,1,1,0,0,0,0,0,0,0,0,0,1,0,1,0,0,0,0,0,0,0,0,0,0,0,0,0,0,0,0,0,0,1,0,1,1,0,1,0,1,1,1,1,1,0,1,0,1,1,1,0,1,0,0,0,0,0,0,1,0,1,1,1,0,0,1,0,0,0,1,0,0,0,0,0,0,0,0,0,0,0,0,0,0,0,0,0,0,[0|0|0|0|0|0|0|0|0|0|0|0|0|0],
1950200,,1,0,[0|0|0],999999,0,21,21,0,0.001,1150,0,500,1.1,-1,-1,-1,7000,1.1,0,-1,-1,-1,-1,-1,-1,-1,-1,-1,-1,-1,-1,-1,-1,-1,-1,1,1,1,1,1,1,1,1,-1,2590,15362,15362,0,0,0,0,[0|0],0,0,0,0,0,0,0,0,13,13,7,21,0,-1,-1,1,0,1,4,2,1,255,0,[0|0],1,0,0,1,0,0,0,0,0,-1,-1,0,1,0,0,0,1,2,0,0.99,0.99,0.99,0.994,0.969,0.971,0.969,109,50,108,50,108,139,139,139,-1,1,0,0.969,0,0,0,0,0,0,0,0,0,0,0,0,0,0,0,0,0,0,0,0,0,0,0,0,0,0,0,0,0,0,0,0,0,0,0,0,[0|0|0|0],0,7,0,0,0,0,0,0,0,0,0,0,1,1,0,1,0,0,0,0,1,0,0,0,0,0,0,1,1,0,1,1,1,0,0,0,0,0,0,0,0,0,0,0,0,0,0,0,0,0,0,0,0,0,0,0,0,0,0,0,0,0,0,0,0,0,0,0,0,0,0,0,0,0,0,0,0,0,0,0,0,0,0,0,0,0,0,0,0,0,0,0,0,0,0,0,0,0,[0|0|0|0|0|0|0|0|0|0|0|0|0|0],
1950300,,1,0,[0|0|0],999999,0,39,39,0,0.004,1150,0,500,2,-1,-1,-1,7000,1.1,0,-1,-1,-1,-1,-1,-1,-1,-1,-1,-1,-1,-1,-1,-1,-1,-1,1,1,1,1,1,1,1,1,-1,2590,15363,15363,0,0,0,0,[0|0],0,0,0,0,0,0,0,0,24,24,13,39,0,-1,-1,1,0,6,4,3,1,255,0,[0|0],1,1,0,0,0,0,0,0,0,-1,-1,0,1,0,0,0,1,2,0,0.977,0.977,0.977,0.985,0.928,0.932,0.929,109,50,108,50,108,139,139,139,-1,1,0,0.928,0,0,0,0,0,0,0,0,0,0,0,0,0,0,0,0,0,0,0,0,0,0,0,0,0,0,0,0,0,0,0,0,0,0,0,0,[0|0|0|0],0,13,0,0,0,0,0,0,0,0,0,0,0,0,1,0,1,1,1,0,0,0,0,0,0,0,0,0,0,0,0,0,0,0,0,0,0,1,0,0,0,0,0,0,0,0,0,0,0,0,0,0,0,0,0,0,0,0,0,0,0,0,0,0,0,0,0,0,0,0,0,0,0,1,0,0,0,0,0,0,0,0,0,0,0,0,0,0,0,0,0,0,0,0,0,0,0,0,[0|0|0|0|0|0|0|0|0|0|0|0|0|0],
1960100,,1,0,[0|0|0],999999,0,63,63,100,0.007,1150,0,500,3.2,-1,-1,-1,7000,1.1,-0.4,-1,-1,-1,-1,-1,-1,-1,-1,-1,-1,-1,-1,-1,-1,-1,-1,1,1,1,1,1,1,1,1,-1,2595,3142,3142,0,0,0,0,[0|0],0,0,0,0,0,0,0,0,38,38,21,63,0,-1,-1,1,0,2,2,1,1,255,0,[0|0],1,1,0,0,0,0,0,0,0,-1,-1,0,1,0,0,0,1,2,0,0.958,0.958,0.958,0.973,0.874,0.881,0.876,109,50,108,50,108,139,139,139,-1,1,0,0.874,0,0,0,0,0,0,0,0,0,0,0,0,0,0,0,0,0,0,0,0,0,0,0,0,0,0,0,0,0,0,0,0,0,0,0,0,[0|0|0|0],0,21,0,0,0,0,0,1,1,1,1,1,0,0,0,0,0,0,0,0,0,1,0,1,0,0,0,0,0,0,0,0,0,0,0,0,0,0,0,0,0,0,1,0,1,1,0,1,0,1,1,1,1,1,0,1,0,1,1,1,0,1,0,0,0,0,0,0,1,0,1,1,1,0,0,1,0,0,0,1,0,0,0,0,0,0,0,0,0,0,0,0,0,0,0,1,0,0,[0|0|0|0|0|0|0|0|0|0|0|0|0|0],
1960200,,1,0,[0|0|0],999999,0,21,21,0,0.001,1150,0,500,1.1,-1,-1,-1,7000,1.1,0,-1,-1,-1,-1,-1,-1,-1,-1,-1,-1,-1,-1,-1,-1,-1,-1,1,1,1,1,1,1,1,1,-1,2595,3142,3142,0,0,0,0,[0|0],0,0,0,0,0,0,0,0,13,13,7,21,0,-1,-1,1,0,1,2,2,1,255,0,[0|0],1,0,0,1,0,0,0,0,0,-1,-1,0,1,0,0,0,1,2,0,0.99,0.99,0.99,0.994,0.969,0.971,0.969,109,50,108,50,108,139,139,139,-1,1,0,0.969,0,0,0,0,0,0,0,0,0,0,0,0,0,0,0,0,0,0,0,0,0,0,0,0,0,0,0,0,0,0,0,0,0,0,0,0,[0|0|0|0],0,7,0,0,0,0,0,0,0,0,0,0,1,1,0,1,0,0,0,0,1,0,0,0,0,0,0,1,1,1,0,1,0,1,0,0,0,0,0,0,0,0,0,0,0,0,0,0,0,0,0,0,0,0,0,0,0,0,0,0,0,0,0,0,0,0,0,0,0,0,0,0,0,0,0,0,0,0,0,0,0,0,0,0,0,0,0,0,0,0,0,0,0,0,0,0,0,0,[0|0|0|0|0|0|0|0|0|0|0|0|0|0],
1970100,,1,0,[0|0|0],999999,0,76,76,100,0.01,1150,0,500,8.3,-1,-1,-1,7000,1.1,-0.4,-1,-1,-1,-1,-1,-1,-1,-1,-1,-1,-1,-1,-1,-1,-1,-1,1,1,1,1,1,1,1,1,-1,2600,15371,15371,0,0,0,0,[0|0],0,0,0,0,0,0,0,0,46,46,24,76,0,-1,-1,1,0,2,3,1,1,255,0,[0|0],1,1,0,0,0,0,0,0,0,-1,-1,0,1,0,0,0,1,2,0,0.939,0.939,0.939,0.947,0.87,0.874,0.872,109,50,106,50,106,139,139,139,-1,1,0,0.87,0,0,0,0,0,0,0,0,0,0,0,0,0,0,0,0,0,0,0,0,0,0,0,0,0,0,0,0,0,0,0,0,0,0,0,0,[0|0|0|0],0,24,0,0,0,0,0,1,1,1,1,1,0,0,0,0,0,0,0,0,0,0,0,1,0,0,0,0,0,0,0,0,0,0,0,0,0,0,0,0,0,0,1,0,1,1,0,1,0,1,1,1,1,1,0,1,0,1,1,1,0,1,0,0,0,0,0,0,1,0,1,1,1,0,0,1,0,0,0,1,0,0,0,0,0,0,0,0,0,0,0,0,0,0,0,0,0,0,[0|0|0|0|0|0|0|0|0|0|0|0|0|0],
1970200,,1,0,[0|0|0],999999,0,25,25,0,0.002,1150,0,500,2.8,-1,-1,-1,7000,1.1,0,-1,-1,-1,-1,-1,-1,-1,-1,-1,-1,-1,-1,-1,-1,-1,-1,1,1,1,1,1,1,1,1,-1,2600,15372,15372,0,0,0,0,[0|0],0,0,0,0,0,0,0,0,15,15,8,25,0,-1,-1,1,0,1,4,2,1,255,0,[0|0],1,0,0,1,0,0,0,0,0,-1,-1,0,1,0,0,0,1,2,0,0.985,0.985,0.985,0.987,0.968,0.969,0.968,109,50,108,50,108,139,139,139,-1,1,0,0.968,0,0,0,0,0,0,0,0,0,0,0,0,0,0,0,0,0,0,0,0,0,0,0,0,0,0,0,0,0,0,0,0,0,0,0,0,[0|0|0|0],0,8,0,0,0,0,0,0,0,0,0,0,1,1,0,1,0,0,0,0,1,0,0,0,0,0,0,1,1,0,1,1,1,0,0,0,0,0,0,0,0,0,0,0,0,0,0,0,0,0,0,0,0,0,0,0,0,0,0,0,0,0,0,0,0,0,0,0,0,0,0,0,0,0,0,0,0,0,0,0,0,0,0,0,0,0,0,0,0,0,0,0,0,0,0,0,0,0,[0|0|0|0|0|0|0|0|0|0|0|0|0|0],
1971100,,1,0,[0|0|0],999999,0,76,76,100,0.01,1150,0,500,5.1,-1,-1,-1,7000,1.1,-0.4,-1,-1,-1,-1,-1,-1,-1,-1,-1,-1,-1,-1,-1,-1,-1,-1,1,1,1,1,1,1,1,1,-1,2596,3142,3142,0,0,0,0,[0|0],0,0,0,0,0,0,0,0,46,46,24,76,0,-1,-1,1,0,2,2,1,1,255,0,[0|0],1,1,0,0,0,0,0,0,0,-1,-1,0,1,0,0,0,1,2,0,0.939,0.939,0.939,0.947,0.87,0.874,0.872,109,50,108,50,108,139,139,139,-1,1,0,0.87,0,0,0,0,0,0,0,0,0,0,0,0,0,0,0,0,0,0,0,0,0,0,0,0,0,0,0,0,0,0,0,0,0,0,0,0,[0|0|0|0],0,24,0,0,0,0,0,1,1,1,1,1,0,0,0,0,0,0,0,0,0,0,0,1,0,0,0,0,0,0,0,0,0,0,0,0,0,0,0,0,0,0,1,0,1,1,0,1,0,1,1,1,1,1,0,1,0,1,1,1,0,1,0,0,0,0,0,0,1,0,1,1,1,0,0,1,0,0,0,1,0,0,0,0,0,0,0,0,0,0,0,0,0,0,0,0,0,0,[0|0|0|0|0|0|0|0|0|0|0|0|0|0],
1971200,,1,0,[0|0|0],999999,0,25,25,0,0.002,1150,0,500,1.7,-1,-1,-1,7000,1.1,0,-1,-1,-1,-1,-1,-1,-1,-1,-1,-1,-1,-1,-1,-1,-1,-1,1,1,1,1,1,1,1,1,-1,2596,3142,3142,0,0,0,0,[0|0],0,0,0,0,0,0,0,0,15,15,8,25,0,-1,-1,1,0,1,2,2,1,255,0,[0|0],1,0,0,1,0,0,0,0,0,-1,-1,0,1,0,0,0,1,2,0,0.985,0.985,0.985,0.987,0.968,0.969,0.968,109,50,108,50,108,139,139,139,-1,1,0,0.968,0,0,0,0,0,0,0,0,0,0,0,0,0,0,0,0,0,0,0,0,0,0,0,0,0,0,0,0,0,0,0,0,0,0,0,0,[0|0|0|0],0,8,0,0,0,0,0,0,0,0,0,0,1,1,0,1,0,0,0,0,1,0,0,0,0,0,0,1,1,1,0,1,0,1,0,0,0,0,0,0,0,0,0,0,0,0,0,0,0,0,0,0,0,0,0,0,0,0,0,0,0,0,0,0,0,0,0,0,0,0,0,0,0,0,0,0,0,0,0,0,0,0,0,0,0,0,0,0,0,0,0,0,0,0,0,0,0,0,[0|0|0|0|0|0|0|0|0|0|0|0|0|0],
1980000,强盗风帽,1,0,[0|0|0],505050,0,22,22,0,0.004,1050,0,100,3.3,-1,-1,-1,7000,1.5,0,-1,-1,-1,-1,-1,-1,-1,-1,-1,-1,-1,-1,-1,-1,-1,-1,1,1,1,1,1,1,1,1,-1,2505,15380,15380,0,0,0,0,[0|0],0,0,0,0,0,0,0,0,24,24,15,22,0,-1,-1,1,0,5,4,0,1,60,0,[0|0],1,1,0,0,0,1,0,0,0,-1,-1,0,1,1,0,0,1,2,0,0.972,0.972,0.964,0.969,0.962,0.962,0.96,109,110,113,110,113,139,139,139,-1,1,0,0.964,0,0,0,0,0,0,0,0,0,0,0,0,0,0,0,0,0,0,0,0,0,0,0,0,0,0,0,0,0,0,0,0,0,0,0,0,[0|0|0|0],0,15,0,1,0,1,0,0,0,0,0,0,0,0,0,0,0,0,0,0,0,0,0,0,0,1,0,0,0,0,0,0,0,0,1,0,0,0,0,1,0,0,0,0,0,0,0,0,0,0,0,0,0,0,0,0,0,0,0,0,0,0,1,0,1,1,1,1,1,1,1,1,0,0,0,0,0,1,1,0,1,1,1,0,0,0,0,0,0,0,0,0,0,0,0,0,0,0,[0|0|0|0|0|0|0|0|0|0|0|0|0|0],非常骯脏的破布风帽。\n落魄士兵组成的强盗团成员穿戴的防具。
1980100,强盗软铠甲,1,0,[0|0|0],604060,0,50,50,100,0.016,1150,0,100,7.7,-1,-1,-1,7000,1,-0.4,-1,-1,-1,-1,-1,-1,-1,-1,-1,-1,-1,-1,-1,-1,-1,-1,1,1,1,1,1,1,1,1,-1,2505,15381,15381,0,0,0,0,[0|0],0,0,0,0,0,0,0,0,57,57,35,50,0,-1,-1,1,0,2,4,1,1,50,0,[0|0],1,0,1,0,0,0,0,0,0,-1,-1,0,1,1,0,0,1,2,0,0.92,0.92,0.898,0.912,0.891,0.891,0.886,109,50,113,50,113,139,139,139,-1,1,0,0.898,0,0,0,0,0,0,0,0,0,0,0,0,0,0,0,0,0,0,0,0,0,0,0,0,0,0,0,0,0,0,0,0,0,0,0,0,[0|0|0|0],0,35,0,0,0,0,0,1,1,1,1,1,1,0,0,0,0,0,0,0,0,1,1,1,0,0,0,0,0,0,0,0,0,0,0,0,0,0,0,0,0,0,0,1,1,1,0,1,0,1,1,1,1,1,0,0,1,1,1,1,0,1,0,0,0,0,0,0,0,1,1,1,0,0,0,1,0,0,0,1,0,0,0,0,0,0,0,0,0,0,0,0,0,0,0,0,0,0,[0|0|0|0|0|0|0|0|0|0|0|0|0|0],非常骯脏的铺棉软铠甲。\n落魄士兵组成的强盗团成员穿戴的防具。
1980200,强盗臂甲,1,0,[0|0|0],704010,0,17,17,0,0.003,1150,0,100,2.6,-1,-1,-1,7000,1.1,0,-1,-1,-1,-1,-1,-1,-1,-1,-1,-1,-1,-1,-1,-1,-1,-1,1,1,1,1,1,1,1,1,-1,2505,15382,15382,0,0,0,0,[0|0],0,0,0,0,0,0,0,0,19,19,12,17,0,-1,-1,1,0,1,4,2,1,50,0,[0|0],1,0,0,1,0,0,0,0,0,-1,-1,0,1,1,0,0,1,2,0,0.981,0.981,0.975,0.979,0.973,0.973,0.972,109,50,108,50,108,139,139,139,-1,1,0,0.975,0,0,0,0,0,0,0,0,0,0,0,0,0,0,0,0,0,0,0,0,0,0,0,0,0,0,0,0,0,0,0,0,0,0,0,0,[0|0|0|0],0,12,0,0,0,0,0,0,0,0,0,0,1,1,0,1,0,0,0,0,1,0,0,0,0,0,1,0,1,0,1,1,0,1,0,0,0,0,0,0,0,0,0,0,0,0,0,0,0,0,0,0,0,0,0,0,0,0,0,0,0,0,0,0,0,0,0,0,0,0,0,0,0,0,0,0,0,0,0,0,0,0,0,0,0,0,0,0,0,0,0,0,0,0,0,0,0,0,[0|0|0|0|0|0|0|0|0|0|0|0|0|0],非常骯脏、缺少金属部分的臂甲。\n落魄士兵组成的强盗团成员穿戴的防具。
1990000,上流随从风帽,1,0,[0|0|0],500060,0,27,27,0,0.002,1050,0,200,1.4,-1,-1,-1,7000,1.5,0,-1,-1,-1,-1,-1,-1,-1,-1,-1,-1,-1,-1,-1,-1,-1,-1,1,1,1,1,1,1,1,1,-1,1685,15390,15390,0,0,0,0,[0|0],0,0,0,0,0,0,0,0,15,15,8,27,0,-1,-1,1,0,5,4,0,1,10,0,[0|0],1,1,0,0,0,1,0,0,0,-1,-1,0,1,1,0,0,1,2,0,0.991,0.991,0.982,0.991,0.954,0.958,0.956,109,110,113,110,113,139,139,139,-1,1,0,0.955,0,0,0,0,0,0,0,0,0,0,0,0,0,0,0,0,0,0,0,0,0,0,0,0,0,0,0,0,0,0,0,0,0,0,0,0,[0|0|0|0],0,8,0,0,0,0,0,0,0,0,0,0,0,0,0,0,0,0,0,0,0,0,0,0,0,0,0,0,0,0,0,0,0,0,1,0,1,0,0,1,0,0,0,0,0,0,0,0,0,0,0,0,0,0,0,0,0,0,0,0,0,0,1,0,1,1,1,0,1,1,1,1,0,0,0,0,0,1,1,0,0,0,0,0,0,0,0,0,0,0,0,0,0,0,0,0,0,0,[0|0|0|0|0|0|0|0|0|0|0|0|0|0],受到特别挑选，\n侍奉位高权重者的随从们穿戴的风帽。\n\n形似麻布袋的风帽，是无名者的象征。
1990100,上流随从上衣,1,0,[0|0|0],600120,0,76,76,100,0.01,1150,0,200,5.3,-1,-1,-1,7000,1,-0.4,-1,-1,-1,-1,-1,-1,-1,-1,-1,-1,-1,-1,-1,-1,-1,-1,1,1,1,1,1,1,1,1,-1,1685,15391,15391,0,0,0,0,[0|0],0,0,0,0,0,0,0,0,42,42,23,76,0,-1,-1,1,0,2,4,1,1,10,0,[0|0],1,0,1,0,0,0,0,0,0,-1,-1,0,1,1,0,0,1,2,0,0.945,0.945,0.931,0.945,0.865,0.872,0.87,109,50,113,50,113,139,139,139,-1,1,0,0.868,0,0,0,0,0,0,0,0,0,0,0,0,0,0,0,0,0,0,0,0,0,0,0,0,0,0,0,0,0,0,0,0,0,0,0,0,[0|0|0|0],0,23,0,0,0,0,0,1,1,1,1,1,1,0,0,0,0,0,0,0,0,1,1,1,0,0,0,0,0,0,0,0,0,0,0,0,0,0,0,0,0,0,1,0,1,1,1,0,1,1,0,1,1,1,0,0,1,1,1,1,0,1,0,0,0,0,0,0,1,0,1,1,1,0,0,1,0,0,0,1,0,0,0,1,1,1,1,1,1,1,1,1,1,1,1,1,1,0,[0|0|0|0|0|0|0|0|0|0|0|0|0|0],受到特别挑选，\n侍奉位高权重者的随从们穿戴的上衣。\n\n制作得颇为优质的旅行服装，\n为的是不失体面。
1991100,上流随从上衣（轻装）,1,0,[0|0|0],600130,0,61,61,100,0.008,1150,0,200,4.3,-1,-1,-1,7000,1,-0.4,-1,-1,-1,-1,-1,-1,-1,-1,-1,-1,-1,-1,-1,-1,-1,-1,1,1,1,1,1,1,1,1,-1,1686,15401,15401,0,0,0,0,[0|0],0,0,0,0,0,0,0,0,34,34,19,61,0,-1,-1,1,0,2,4,1,1,10,0,[0|0],1,0,1,0,0,0,0,0,0,-1,-1,0,1,1,0,0,1,2,0,0.956,0.956,0.937,0.956,0.868,0.874,0.872,109,50,108,50,108,139,139,139,-1,1,0,0.87,0,0,0,0,0,0,0,0,0,0,0,0,0,0,0,0,0,0,0,0,0,0,0,0,0,0,0,0,0,0,0,0,0,0,0,0,[0|0|0|0],0,19,0,0,0,0,0,1,1,1,1,1,1,0,0,0,0,0,0,0,0,1,1,1,0,0,0,0,0,0,0,0,0,0,0,0,0,0,0,0,0,0,1,0,1,1,1,0,0,1,1,1,1,1,0,0,1,1,1,1,0,1,0,0,0,0,0,0,0,1,1,1,1,0,0,1,0,0,0,1,0,0,0,0,0,0,0,0,0,0,0,0,0,0,0,0,0,0,[0|0|0|0|0|0|0|0|0|0|0|0|0|0],受到特别挑选，\n侍奉位高权重者的随从们穿戴的上衣。\n\n制作得颇为优质的旅行服装，\n为的是不失体面。
2000000,腐败斗士头盔,1,0,[0|0|0],505080,0,14,14,0,0.009,1050,0,200,6.4,6200000,-1,-1,7000,1.5,0,-1,-1,-1,-1,-1,-1,-1,-1,-1,-1,-1,-1,-1,-1,-1,-1,1,1,1,1,1,1,1,1,-1,1775,15410,15410,0,0,0,0,[0|0],0,0,0,0,0,0,0,0,31,31,31,14,0,-1,-1,1,0,5,4,0,2,60,0,[0|0],1,1,0,0,0,1,0,0,0,-1,-1,0,1,1,0,0,1,2,0,0.945,0.942,0.954,0.945,0.955,0.954,0.956,109,110,106,110,106,139,139,139,-1,1,0,0.955,0,0,0,0,0,0,0,0,0,0,0,0,0,0,0,0,0,0,0,0,0,0,0,0,0,0,0,0,0,0,0,0,0,0,0,0,[0|0|0|0],0,31,0,0,0,0,0,0,0,0,0,0,0,0,0,0,0,0,0,0,0,0,0,0,0,0,0,0,0,0,0,0,0,0,0,1,1,0,0,1,0,0,0,0,0,0,0,0,0,0,0,0,0,0,0,0,0,0,0,0,0,0,1,0,1,1,1,0,1,1,1,1,0,0,0,0,1,0,1,0,0,0,0,0,0,0,0,0,0,0,0,0,0,0,0,0,0,1,[0|0|0|0|0|0|0|0|0|0|0|0|0|0],以大量的蛇装饰的青铜制头盔。\n被猩红腐败侵蚀的防具。\n\n被赶出竞技场的斗士们穿戴的防具。\n会稍微变得容易受敌人攻击。
2000100,腐败守墓斗篷,1,0,[0|0|0],604100,0,42,42,100,0.012,1150,0,200,6.3,-1,-1,-1,7000,1,-0.4,-1,-1,-1,-1,-1,-1,-1,-1,-1,-1,-1,-1,-1,-1,-1,-1,1,1,1,1,1,1,1,1,-1,1775,15411,15411,0,0,0,0,[0|0],0,0,0,0,0,0,0,0,76,76,32,42,0,-1,-1,1,0,2,3,1,2,50,0,[0|0],1,0,1,0,0,0,0,0,0,-1,-1,0,1,1,0,0,1,2,0,0.933,0.933,0.933,0.933,0.912,0.912,0.891,109,50,113,50,113,139,139,139,-1,1,0,0.912,0,0,0,0,0,0,0,0,0,0,0,0,0,0,0,0,0,0,0,0,0,0,0,0,0,0,0,0,0,0,0,0,0,0,0,0,[0|0|0|0],0,32,0,0,0,0,0,0,0,0,0,0,0,0,0,0,0,0,0,0,0,1,1,1,0,0,0,0,0,0,0,0,0,0,0,0,0,0,0,0,0,0,0,1,1,1,0,1,1,1,1,0,0,0,1,0,1,0,1,0,1,0,0,0,0,0,0,0,1,1,1,0,0,0,0,1,0,0,0,0,0,0,0,1,1,1,1,1,1,1,1,1,1,1,1,1,1,0,[0|0|0|0|0|0|0|0|0|0|0|0|0|0],硬质的厚实斗篷。\n被猩红腐败侵蚀的防具。\n\n身为地下墓地守墓者的证明。
2000300,腐败斗士腿甲,1,0,[0|0|0],804030,0,15,15,0,0.013,1150,0,200,7.3,6200030,-1,-1,7000,1.1,0,-1,-1,-1,-1,-1,-1,-1,-1,-1,-1,-1,-1,-1,-1,-1,-1,1,1,1,1,1,1,1,1,-1,1775,15413,15413,0,0,0,0,[0|0],0,0,0,0,0,0,0,0,35,35,35,15,0,-1,-1,1,0,6,4,3,2,50,0,[0|0],1,1,0,0,0,0,0,0,0,-1,-1,0,1,1,0,0,1,2,0,0.926,0.923,0.938,0.929,0.938,0.935,0.942,109,50,108,50,108,139,113,139,-1,1,0,0.938,0,0,0,0,0,0,0,0,0,0,0,0,0,0,0,0,0,0,0,0,0,0,0,0,0,0,0,0,0,0,0,0,0,0,0,0,[0|0|0|0],0,35,0,0,0,0,0,0,0,0,0,0,0,0,0,0,0,1,0,0,0,1,0,0,0,0,0,0,0,0,0,0,0,0,0,0,0,0,0,0,0,0,0,0,0,0,0,0,0,0,0,0,0,0,0,0,0,0,0,0,0,0,0,0,0,0,0,0,0,0,0,0,0,0,1,0,0,0,0,0,0,0,0,0,0,0,0,0,0,0,0,0,0,0,0,0,0,0,[0|0|0|0|0|0|0|0|0|0|0|0|0|0],缠上青铜制蛇的腿甲。\n被猩红腐败侵蚀的防具。\n\n被赶出竞技场的斗士们穿戴的防具。\n会稍微变得容易受敌人攻击。
2001100,腐败守墓斗篷（轻装）,1,0,[0|0|0],604110,0,34,34,100,0.008,1150,0,200,5.1,6200110,-1,-1,7000,1,-0.4,-1,-1,-1,-1,-1,-1,-1,-1,-1,-1,-1,-1,-1,-1,-1,-1,1,1,1,1,1,1,1,1,-1,1776,15421,15426,0,0,0,0,[0|0],0,0,0,0,0,0,0,0,64,64,25,34,0,-1,-1,1,0,2,3,1,2,50,0,[0|0],1,0,1,0,0,0,0,0,0,-1,-1,0,1,1,0,0,1,2,0,0.939,0.939,0.939,0.939,0.92,0.92,0.898,109,50,109,50,139,139,139,139,-1,1,0,0.92,0,0,0,0,0,0,0,0,0,0,0,0,0,0,0,0,0,0,0,0,0,0,0,0,0,0,0,0,0,0,0,0,0,0,0,0,[0|0|0|0],0,25,0,0,0,0,0,0,0,0,0,0,0,0,0,0,0,0,0,0,0,0,1,1,0,0,0,0,0,0,0,0,0,0,0,0,0,0,0,0,0,0,0,1,1,1,0,1,0,1,1,1,0,0,1,0,1,0,1,0,1,0,0,0,0,0,0,0,0,1,1,1,0,0,0,1,0,0,0,0,0,0,0,0,0,0,0,0,0,0,0,0,0,0,0,0,0,0,[0|0|0|0|0|0|0|0|0|0|0|0|0|0],缠上青铜制蛇的防具。\n被猩红腐败侵蚀的防具。\n\n被赶出竞技场的斗士们穿戴的防具。\n会稍微变得容易受敌人攻击。
2010000,蘑菇王冠,1,0,[0|0|0],500170,0,18,18,0,0.01,1050,0,200,9.1,6201000,-1,-1,7000,1.5,0,-1,-1,-1,-1,-1,-1,-1,-1,-1,-1,-1,-1,-1,-1,-1,-1,1,1,1,1,1,1,1,1,-1,2610,15430,15430,0,0,0,0,[0|0],0,0,0,0,0,0,0,0,46,46,45,22,0,-1,-1,1,0,5,4,0,2,10,0,[0|0],1,1,0,0,0,1,0,0,0,-1,-1,0,1,1,0,0,1,2,0,0.942,0.932,0.941,0.93,0.952,0.969,0.954,109,110,108,110,147,139,139,139,-1,1,0,0.952,0,0,0,0,0,0,0,0,0,0,0,0,0,0,0,0,0,0,0,0,0,0,0,0,0,0,0,0,0,0,0,0,0,0,0,0,[0|0|0|0],0,45,0,0,0,0,0,0,0,0,0,0,0,0,0,0,0,0,0,1,0,0,0,0,0,0,0,0,0,0,0,0,0,0,1,0,1,0,0,1,1,1,0,0,0,0,0,0,0,0,0,0,0,0,0,0,0,0,0,0,0,0,1,1,1,1,1,0,1,1,1,1,0,0,0,0,0,1,0,0,0,0,0,0,0,0,0,0,0,0,0,0,0,0,0,0,0,1,[0|0|0|0|0|0|0|0|0|0|0|0|0|0],全身长出密密麻麻的蘑菇──\n其中头部的耸立蘑菇。\n\n当周围人物陷入异常状态\n中毒、猩红腐败时，能提升攻击力。\n\n在过去，伟大诸王侍奉猩红腐败，\n此为他们的王冠。
2020000,黑头罩,1,0,[0|0|0],500150,0,0,0,0,0.004,1050,0,10,2.7,6202000,-1,-1,7000,1.5,0,-1,-1,-1,-1,-1,-1,-1,-1,-1,-1,-1,-1,-1,-1,-1,-1,1,1,1,1,1,1,1,1,-1,2620,15440,15440,0,0,0,0,[0|0],0,0,0,0,0,0,0,0,24,24,15,20,0,-1,-1,1,0,5,4,0,2,10,0,[0|0],1,1,0,0,0,1,0,0,0,-1,-1,0,1,1,0,0,1,2,0,0.972,0.972,0.969,0.972,0.969,0.966,0.964,109,110,108,110,108,139,139,139,-1,1,0,0.969,0,0,0,0,0,0,0,0,0,0,0,0,0,0,0,0,0,0,0,0,0,0,0,0,0,0,0,0,0,0,0,0,0,0,0,0,[0|0|0|0],0,15,0,0,0,0,0,0,0,0,0,0,0,0,0,0,0,0,0,1,0,0,0,0,0,0,0,0,0,0,0,0,0,0,1,0,1,0,0,1,0,0,0,0,0,0,0,0,0,0,0,0,0,0,0,0,0,0,0,0,0,0,1,1,1,1,1,1,1,1,1,1,0,0,0,0,0,1,0,0,0,0,0,0,0,0,0,0,0,0,0,0,0,0,0,0,0,1,[0|0|0|0|0|0|0|0|0|0|0|0|0|0],承受严刑拷打时被套上的头罩。\n能加深恐惧，让痛觉更加敏锐。\n\n当自己陷入异常状态发狂时，\n能提升攻击力。\n\n那拷问不是为了问出答案，\n因此结束的时刻永不到来。
2030000,拉兹利长袍,1,0,[0|0|0],601040,0,67,67,100,0.008,1150,0,100,4.1,-1,-1,-1,7000,1,-0.4,-1,-1,-1,-1,-1,-1,-1,-1,-1,-1,-1,-1,-1,-1,-1,-1,1,1,1,1,1,1,1,1,-1,2640,15451,15451,0,0,0,0,[0|0],0,0,0,0,0,0,0,0,42,42,21,67,0,-1,-1,1,0,2,3,1,1,20,0,[0|0],1,0,1,0,0,0,0,0,0,-1,-1,0,1,1,0,0,1,2,0,0.939,0.958,0.947,0.973,0.862,0.881,0.876,109,50,113,50,113,139,139,139,-1,1,0,0.872,0,0,0,0,0,0,0,0,0,0,0,0,0,0,0,0,0,0,0,0,0,0,0,0,0,0,0,0,0,0,0,0,0,0,0,0,[0|0|0|0],0,21,0,0,0,0,0,1,1,0,1,0,0,0,0,0,0,0,0,0,0,1,0,1,0,0,0,0,0,0,0,0,0,0,0,0,0,0,0,0,0,0,1,0,1,1,0,1,1,0,1,1,1,1,0,1,1,1,1,1,1,1,0,0,0,0,0,0,1,0,1,1,0,0,0,1,0,0,0,1,0,0,0,1,1,1,1,1,1,1,1,1,1,1,1,1,1,0,[0|0|0|0|0|0|0|0|0|0|0|0|0|0],雷亚卢卡利亚的魔法学徒中，\n在拉兹利教室求学的人们穿戴的长袍。\n\n他们穿着满月色的长袍，学习卡利亚魔法，\n并对月亮与星星平等视之，堪称异端。
3000000,丹恩帽子,1,0,[0|0|0],501231,0,33,33,0,0.003,1050,0,500,2.2,-1,-1,-1,7000,1.5,0,-1,-1,-1,-1,-1,-1,-1,-1,-1,-1,-1,-1,-1,-1,-1,-1,1,1,1,1,1,1,1,1,-1,2700,15500,15500,0,0,0,0,[0|0],0,0,0,0,0,0,0,0,16,16,11,31,0,-1,-1,1,0,5,4,0,2,20,0,[0|0],1,1,0,0,0,1,0,0,0,-1,-1,0,1,1,0,0,1,2,0,0.982,0.986,0.977,0.986,0.95,0.958,0.955,109,110,113,110,106,139,139,139,-1,1,0,0.95,0,0,0,0,0,0,0,0,0,0,0,0,0,0,0,0,0,0,0,0,0,0,0,0,0,0,0,0,0,0,0,0,0,0,0,0,[0|0|0|0],0,11,0,0,0,0,0,0,0,0,0,0,0,0,0,0,0,0,0,0,0,1,0,0,0,1,0,0,0,0,0,0,0,0,0,1,0,0,0,1,0,0,0,0,0,0,0,0,0,0,0,0,0,0,0,0,0,0,0,0,0,0,1,0,0,1,1,1,0,0,0,0,0,0,0,0,0,1,0,0,0,0,0,0,0,0,0,0,0,0,0,0,0,0,0,0,0,1,[0|0|0|0|0|0|0|0|0|0|0|0|0|0],“落叶”丹恩的帽子。\n外观褪色而老旧，大帽檐用于遮住视线。\n\n当视线交错，有时会造成过度刺激，\n进而让理当孤单的求道者因此堕落。
3000100,落叶派长袍,1,0,[0|0|0],601281,0,76,76,100,0.01,1150,0,500,5.1,-1,-1,-1,7000,1,-0.4,-1,-1,-1,-1,-1,-1,-1,-1,-1,-1,-1,-1,-1,-1,-1,-1,1,1,1,1,1,1,1,1,-1,2700,15501,15501,0,0,0,0,[0|0],0,0,0,0,0,0,0,0,38,38,25,71,0,-1,-1,1,0,2,4,1,2,20,0,[0|0],1,0,1,0,0,0,0,0,0,-1,-1,0,1,1,0,0,1,2,0,0.947,0.958,0.933,0.958,0.859,0.881,0.874,109,50,113,50,144,139,139,139,-1,1,0,0.859,0,0,0,0,0,0,0,0,0,0,0,0,0,0,0,0,0,0,0,0,0,0,0,0,0,0,0,0,0,0,0,0,0,0,0,0,[0|0|0|0],0,25,0,0,0,0,0,1,1,1,1,0,0,0,0,0,0,0,0,0,0,1,0,0,0,0,0,0,0,0,0,0,0,0,0,0,0,0,0,0,0,0,1,1,1,0,1,0,1,1,1,0,1,1,0,1,0,1,1,1,0,1,0,0,0,0,0,0,1,1,1,0,1,0,0,1,0,0,0,0,0,0,0,1,1,1,1,1,1,1,1,1,1,1,1,1,1,0,[0|0|0|0|0|0|0|0|0|0|0|0|0|0],圣职人员穿戴的旅行装。\n外观褪色而老旧。\n\n挂在胸前的金色项链，\n是人称“落叶派”的求道者们配戴的物品。\n\n对于信仰，他们极度要求自我。\n在锻炼上毫不懈怠。
3000200,落叶派腕套,1,0,[0|0|0],701101,0,25,25,0,0.002,1150,0,500,1.7,-1,-1,-1,7000,1.1,0,-1,-1,-1,-1,-1,-1,-1,-1,-1,-1,-1,-1,-1,-1,-1,-1,1,1,1,1,1,1,1,1,-1,2700,15502,15502,0,0,0,0,[0|0],0,0,0,0,0,0,0,0,13,13,8,24,0,-1,-1,1,0,1,4,2,2,20,0,[0|0],1,0,0,1,0,0,0,0,0,-1,-1,0,1,1,0,0,1,2,0,0.987,0.99,0.984,0.99,0.965,0.971,0.969,109,50,113,50,106,139,139,139,-1,1,0,0.965,0,0,0,0,0,0,0,0,0,0,0,0,0,0,0,0,0,0,0,0,0,0,0,0,0,0,0,0,0,0,0,0,0,0,0,0,[0|0|0|0],0,8,0,0,0,0,0,0,0,0,0,0,0,0,0,0,0,0,0,0,1,1,0,0,0,0,1,1,0,1,0,0,0,1,0,0,0,0,0,0,0,0,0,0,0,0,0,0,0,0,0,0,0,0,0,0,0,0,0,0,0,0,0,0,0,0,0,0,0,0,0,0,0,0,0,0,0,0,0,0,0,0,0,0,0,0,0,0,0,0,0,0,0,0,0,0,0,0,[0|0|0|0|0|0|0|0|0|0|0|0|0|0],外观褪色而老旧的绷带。\n\n绷带紧紧缠绕双手，\n仿佛是为了避免手腕飞散失形。
3000300,落叶派长靴,1,0,[0|0|0],801131,0,47,47,0,0.006,1250,0,500,3.1,-1,-1,-1,7000,1.1,0,-1,-1,-1,-1,-1,-1,-1,-1,-1,-1,-1,-1,-1,-1,-1,-1,1,1,1,1,1,1,1,1,-1,2700,15503,15503,0,0,0,0,[0|0],0,0,0,0,0,0,0,0,24,24,15,44,0,-1,-1,1,0,6,4,3,2,20,0,[0|0],1,0,0,0,1,0,0,0,0,-1,-1,0,1,1,0,0,1,2,0,0.97,0.977,0.962,0.977,0.919,0.932,0.928,109,50,108,50,108,139,108,139,111,1,0,0.919,0,0,0,0,0,0,0,0,0,0,0,0,0,0,0,0,0,0,0,0,0,0,0,0,0,0,0,0,0,0,0,0,0,0,0,0,[0|0|0|0],0,15,0,0,0,0,0,0,0,0,0,0,0,0,1,0,1,1,1,0,0,1,0,0,0,0,0,0,0,0,0,0,0,0,0,0,0,0,0,0,0,0,0,0,0,0,0,0,0,0,0,0,0,0,0,0,0,0,0,0,0,0,0,0,0,0,0,0,0,0,0,0,0,0,1,0,0,0,0,0,0,0,0,0,0,0,0,0,0,0,0,0,0,0,0,0,0,0,[0|0|0|0|0|0|0|0|0|0|0|0|0|0],圣职人员穿戴的旅行装。\n外观褪色而老旧。\n\n材质坚固的皮革长靴。
3001100,落叶派长袍（轻装）,1,0,[0|0|0],601282,0,67,67,100,0.008,1150,0,500,4.1,-1,-1,-1,7000,1,-0.4,-1,-1,-1,-1,-1,-1,-1,-1,-1,-1,-1,-1,-1,-1,-1,-1,1,1,1,1,1,1,1,1,-1,2701,15504,15504,0,0,0,0,[0|0],0,0,0,0,0,0,0,0,35,35,24,63,0,-1,-1,1,0,2,4,1,2,20,0,[0|0],1,0,1,0,0,0,0,0,0,-1,-1,0,1,1,0,0,1,2,0,0.958,0.973,0.939,0.973,0.862,0.886,0.876,109,50,113,50,144,139,139,139,-1,1,0,0.862,0,0,0,0,0,0,0,0,0,0,0,0,0,0,0,0,0,0,0,0,0,0,0,0,0,0,0,0,0,0,0,0,0,0,0,0,[0|0|0|0],0,24,0,0,0,0,0,1,1,1,1,0,0,0,0,0,0,0,0,0,0,1,0,0,0,0,0,0,0,0,0,0,0,0,0,0,0,0,0,0,0,0,1,0,1,1,0,1,1,0,1,1,1,1,0,1,0,1,1,1,0,1,0,0,0,0,0,0,0,1,1,1,0,0,0,1,0,0,0,0,0,0,0,0,0,0,0,0,0,0,0,0,0,0,0,0,0,0,[0|0|0|0|0|0|0|0|0|0|0|0|0|0],圣职人员穿戴的旅行装。\n外观褪色而老旧。\n\n背在肩上的皮制大背包，\n表面以黄金嫩芽的图案装饰，\n为米凯拉的象征之一。
3010000,盖乌斯头盔,1,0,[0|0|0],509102,0,23,23,0,0.012,1050,0,1000,8.6,-1,-1,-1,7000,1.5,0,-1,-1,-1,-1,-1,-1,-1,-1,-1,-1,-1,-1,-1,-1,-1,-1,1,1,1,1,1,1,1,1,-1,3000,15505,15505,0,0,0,0,[0|0],0,0,0,0,0,0,0,0,29,29,35,23,0,-1,-1,1,0,5,4,0,3,100,0,[0|0],1,1,0,0,0,1,0,0,0,-1,-1,0,1,1,0,0,1,2,0,0.939,0.928,0.944,0.93,0.95,0.951,0.951,109,110,106,110,106,139,139,139,-1,1,0,0.951,0,0,0,0,0,0,0,0,0,0,0,0,0,0,0,0,0,0,0,0,0,0,0,0,0,0,0,0,0,0,0,0,0,0,0,0,[0|0|0|0],0,35,1,1,1,1,1,0,0,0,0,0,0,0,0,0,0,0,0,1,0,1,0,0,0,0,0,0,0,0,0,0,0,0,1,0,1,0,0,1,0,0,0,0,0,0,0,0,0,0,0,0,0,0,0,0,0,0,0,0,0,0,1,1,1,1,1,1,1,1,1,1,0,0,0,0,0,1,1,0,1,1,1,0,0,0,0,0,0,0,0,0,0,0,0,0,0,1,[0|0|0|0|0|0|0|0|0|0|0|0|0|0],老将盖乌斯的黑铁制头盔。\n参考种子掉落的模样制成的盔甲；\n此为构成该盔甲的一部分。\n\n盖乌斯拜白王为师，修习重力招式。\n为拉塔恩、盖亚的同门师兄。
3010100,盖乌斯铠甲,1,0,[0|0|0],609161,0,55,55,100,0.038,1150,0,1000,20.1,-1,-1,-1,7000,1,-0.4,-1,-1,-1,-1,-1,-1,-1,-1,-1,-1,-1,-1,-1,-1,-1,-1,1,1,1,1,1,1,1,1,-1,3000,15506,15506,0,0,0,0,[0|0],0,0,0,0,0,0,0,0,67,67,83,55,0,-1,-1,1,0,2,4,1,3,100,0,[0|0],1,0,1,0,0,0,0,0,0,-1,-1,0,1,1,0,0,1,2,0,0.832,0.803,0.843,0.808,0.859,0.862,0.862,109,50,106,50,144,139,139,139,-1,1,0,0.862,0,0,0,0,0,0,0,0,0,0,0,0,0,0,0,0,0,0,0,0,0,0,0,0,0,0,0,0,0,0,0,0,0,0,0,1,[0|0|0|0],0,83,0,0,0,0,0,1,1,1,1,1,1,0,0,0,0,0,0,0,0,1,1,1,0,0,0,0,0,0,0,0,0,0,0,0,0,0,0,0,0,0,1,1,1,0,1,0,1,1,1,0,1,0,1,0,1,1,1,1,0,1,0,0,0,0,0,0,1,1,1,0,1,0,0,1,0,0,0,1,0,0,0,1,1,1,1,1,1,1,1,1,1,1,1,1,1,0,[0|0|0|0|0|0|0|0|0|0|0|0|0|0],老将盖乌斯的黑铁制铠甲。\n参考种子掉落的模样制成的盔甲；\n此为构成该盔甲的一部分。\n\n盖乌斯拜白王为师，修习重力招式。\n为拉塔恩、盖亚的同门师兄。
3010200,盖乌斯臂甲,1,0,[0|0|0],708071,0,18,18,0,0.008,1150,0,1000,6.7,-1,-1,-1,7000,1.1,0,-1,-1,-1,-1,-1,-1,-1,-1,-1,-1,-1,-1,-1,-1,-1,-1,1,1,1,1,1,1,1,1,-1,3000,15507,15507,0,0,0,0,[0|0],0,0,0,0,0,0,0,0,22,22,28,18,0,-1,-1,1,0,1,4,2,3,90,0,[0|0],1,0,0,1,0,0,0,0,0,-1,-1,0,1,1,0,0,1,2,0,0.958,0.95,0.961,0.951,0.965,0.966,0.966,109,50,106,50,106,139,139,139,-1,1,0,0.966,0,0,0,0,0,0,0,0,0,0,0,0,0,0,0,0,0,0,0,0,0,0,0,0,0,0,0,0,0,0,0,0,0,0,0,0,[0|0|0|0],0,28,0,0,0,0,0,0,0,0,0,0,1,1,0,1,0,0,0,0,1,1,0,0,0,0,1,0,1,0,1,1,0,1,0,0,0,0,0,0,0,0,0,0,0,0,0,0,0,0,0,0,0,0,0,0,0,0,0,0,0,0,0,0,0,0,0,0,0,0,0,0,0,0,0,0,0,0,0,0,0,0,0,0,0,0,0,0,0,0,0,0,0,0,0,0,0,0,[0|0|0|0|0|0|0|0|0|0|0|0|0|0],老将盖乌斯的黑铁制臂甲。\n参考种子掉落的模样制成的盔甲；\n此为构成该盔甲的一部分。\n\n盖乌斯拜白王为师，修习重力招式。\n为拉塔恩、盖亚的同门师兄。
3010300,盖乌斯腿甲,1,0,[0|0|0],808071,0,20,20,0,0.017,1250,0,1000,8.9,-1,-1,-1,7000,1.1,0,-1,-1,-1,-1,-1,-1,-1,-1,-1,-1,-1,-1,-1,-1,-1,-1,1,1,1,1,1,1,1,1,-1,3000,15508,15508,0,0,0,0,[0|0],0,0,0,0,0,0,0,0,29,29,35,20,0,-1,-1,1,0,6,4,3,3,90,0,[0|0],1,0,0,0,1,0,0,0,0,-1,-1,0,1,1,0,0,1,2,0,0.926,0.908,0.929,0.912,0.928,0.929,0.929,109,50,108,50,108,139,108,139,111,1,0,0.929,0,0,0,0,0,0,0,0,0,0,0,0,0,0,0,0,0,0,0,0,0,0,0,0,0,0,0,0,0,0,0,0,0,0,0,0,[0|0|0|0],0,35,0,0,0,0,0,0,0,0,0,0,0,0,1,0,1,1,1,0,0,1,0,0,0,0,0,0,0,0,0,0,0,0,0,0,0,0,0,0,0,0,0,0,0,0,0,0,0,0,0,0,0,0,0,0,0,0,0,0,0,0,0,0,0,0,0,0,0,0,0,0,0,0,1,0,0,0,0,0,0,0,0,0,0,0,0,0,0,0,0,0,0,0,0,0,0,0,[0|0|0|0|0|0|0|0|0|0|0|0|0|0],老将盖乌斯的黑铁制腿甲。\n此为带有恶意嘲笑性质的产物，\n盖乌斯本人无法穿戴。\n\n坐在伙伴山猪的背上行动──\n盖乌斯是白金之子。
5000000,誓约骑士头盔,1,0,[0|0|0],507999,0,10,10,0,0.007,1050,0,500,4.4,-1,-1,-1,7000,1.5,0,-1,-1,-1,-1,-1,-1,-1,-1,-1,-1,-1,-1,-1,-1,-1,-1,1,1,1,1,1,1,1,1,-1,2730,15509,15509,0,0,0,0,[0|0],0,0,0,0,0,0,0,0,12,12,21,9,0,-1,-1,1,0,5,4,0,2,90,0,[0|0],1,1,0,0,0,1,0,0,0,-1,-1,0,1,1,0,0,1,2,0,0.956,0.958,0.962,0.96,0.964,0.966,0.977,109,110,106,110,108,139,139,139,-1,1,0,0.966,0,0,0,0,0,0,0,0,0,0,0,0,0,0,0,0,0,0,0,0,0,0,0,0,0,0,0,0,0,0,0,0,0,0,0,0,[0|0|0|0],0,21,1,1,1,1,1,0,0,0,0,0,0,0,0,0,0,0,0,1,0,0,0,0,0,1,0,0,0,0,0,0,0,0,1,0,0,0,0,1,0,0,0,0,0,0,0,0,0,0,0,0,0,0,0,0,0,0,0,0,0,0,1,1,1,1,1,1,1,1,1,1,0,0,0,0,0,1,1,0,1,1,1,0,0,0,0,0,0,0,0,0,0,0,0,0,0,0,[0|0|0|0|0|0|0|0|0|0|0|0|0|0],缀有金色装饰的黑色头盔。\n誓约骑士们的防具。\n\n为了亲自找到，并选择毕生侍奉的唯一誓约，\n骑士们踏上了探索之旅。
5000100,蕾妲铠甲,1,0,[0|0|0],607991,0,22,22,100,0.021,1150,0,500,10.6,6500010,-1,-1,7000,1,-0.4,-1,-1,-1,-1,-1,-1,-1,-1,-1,-1,-1,-1,-1,-1,-1,-1,1,1,1,1,1,1,1,1,-1,2730,15510,15510,0,0,0,0,[0|0],0,0,0,0,0,0,0,0,29,29,52,21,0,-1,-1,1,0,2,3,1,2,90,0,[0|0],1,0,1,0,0,0,0,0,0,-1,-1,0,1,1,0,0,1,2,0,0.873,0.878,0.888,0.883,0.891,0.898,0.929,109,50,106,50,113,139,139,139,-1,1,0,0.898,0,0,0,0,0,0,0,0,0,0,0,0,0,0,0,0,0,0,0,0,0,0,0,0,0,0,0,0,0,0,0,0,0,0,0,0,[0|0|0|0],0,52,0,0,0,0,0,1,1,1,1,1,1,0,0,0,0,0,0,0,0,1,1,1,0,0,0,0,0,0,0,0,0,0,0,0,0,0,0,0,0,0,0,1,1,1,0,1,1,1,1,0,1,1,0,1,0,1,1,1,0,1,0,0,0,0,0,0,1,1,1,0,1,0,0,1,0,0,0,1,0,0,0,1,1,1,1,1,1,1,1,1,1,1,1,1,1,0,[0|0|0|0|0|0|0|0|0|0|0|0|0|0],“金针骑士”蕾妲的铠甲。\n\n能些微强化冲刺攻击，\n以及在翻滚、后跃之后使出的攻击。\n\n雪白斗篷与筒形外衣\n缀以黄金交错树的刺绣，\n为充满荣誉的金针骑士之证。\n\n　为了镇定、驱退一切，\n　米凯拉用针将我们连成一线。
5000200,誓约骑士臂甲,1,0,[0|0|0],706999,0,8,8,0,0.004,1150,0,500,3.5,-1,-1,-1,7000,1.1,0,-1,-1,-1,-1,-1,-1,-1,-1,-1,-1,-1,-1,-1,-1,-1,-1,1,1,1,1,1,1,1,1,-1,2730,15511,15511,0,0,0,0,[0|0],0,0,0,0,0,0,0,0,11,11,19,8,0,-1,-1,1,0,1,4,2,2,80,0,[0|0],1,0,0,1,0,0,0,0,0,-1,-1,0,1,1,0,0,1,2,0,0.968,0.969,0.972,0.971,0.973,0.975,0.983,109,50,106,50,106,139,139,139,-1,1,0,0.975,0,0,0,0,0,0,0,0,0,0,0,0,0,0,0,0,0,0,0,0,0,0,0,0,0,0,0,0,0,0,0,0,0,0,0,0,[0|0|0|0],0,19,0,0,0,0,0,0,0,0,0,0,0,1,0,1,0,0,0,0,1,0,0,0,0,0,1,1,0,0,1,1,0,1,0,0,0,0,0,0,0,0,0,0,0,0,0,0,0,0,0,0,0,0,0,0,0,0,0,0,0,0,0,0,0,0,0,0,0,0,0,0,0,0,0,0,0,0,0,0,0,0,0,0,0,0,0,0,0,0,0,0,0,0,0,0,0,0,[0|0|0|0|0|0|0|0|0|0|0|0|0|0],缀有金色装饰的黑色臂甲。\n誓约骑士们的防具。\n\n为了亲自找到，并选择毕生侍奉的唯一誓约，\n骑士们踏上了探索之旅。
5000300,誓约骑士腿甲,1,0,[0|0|0],806999,0,15,15,0,0.012,1250,0,500,6.6,-1,-1,-1,7000,1.1,0,-1,-1,-1,-1,-1,-1,-1,-1,-1,-1,-1,-1,-1,-1,-1,-1,1,1,1,1,1,1,1,1,-1,2730,15512,15512,0,0,0,0,[0|0],0,0,0,0,0,0,0,0,20,20,35,15,0,-1,-1,1,0,6,4,3,2,80,0,[0|0],1,0,0,0,1,0,0,0,0,-1,-1,0,1,1,0,0,1,2,0,0.926,0.929,0.935,0.932,0.938,0.942,0.96,109,50,106,50,106,139,106,139,111,1,0,0.942,0,0,0,0,0,0,0,0,0,0,0,0,0,0,0,0,0,0,0,0,0,0,0,0,0,0,0,0,0,0,0,0,0,0,0,0,[0|0|0|0],0,35,0,0,0,0,0,0,0,0,0,0,0,0,1,0,1,1,1,0,0,1,0,0,0,0,0,0,0,0,0,0,0,0,0,0,0,0,0,0,0,0,0,0,0,0,0,0,0,0,0,0,0,0,0,0,0,0,0,0,0,0,0,0,0,0,0,0,0,0,0,0,0,0,1,0,0,0,0,0,0,0,0,0,0,0,0,0,0,0,0,0,0,0,0,0,0,0,[0|0|0|0|0|0|0|0|0|0|0|0|0|0],缀有金色装饰的黑色腿甲。\n誓约骑士们的防具。\n\n为了亲自找到，并选择毕生侍奉的唯一誓约，\n骑士们踏上了探索之旅。
5002100,誓约骑士铠甲,1,0,[0|0|0],607990,0,21,21,100,0.019,1150,0,500,9.2,-1,-1,-1,7000,1,-0.4,-1,-1,-1,-1,-1,-1,-1,-1,-1,-1,-1,-1,-1,-1,-1,-1,1,1,1,1,1,1,1,1,-1,2735,15514,15514,0,0,0,0,[0|0],0,0,0,0,0,0,0,0,25,25,50,21,0,-1,-1,1,0,2,4,1,2,90,0,[0|0],1,0,1,0,0,0,0,0,0,-1,-1,0,1,1,0,0,1,2,0,0.878,0.883,0.9,0.888,0.905,0.905,0.933,109,50,106,50,106,139,139,139,-1,1,0,0.905,0,0,0,0,0,0,0,0,0,0,0,0,0,0,0,0,0,0,0,0,0,0,0,0,0,0,0,0,0,0,0,0,0,0,0,0,[0|0|0|0],0,50,0,0,0,0,0,1,1,1,1,1,1,0,0,0,0,0,0,0,0,1,1,1,0,0,0,0,0,0,0,0,0,0,0,0,0,0,0,0,0,0,1,1,1,0,0,1,1,1,0,1,1,0,1,0,1,1,0,1,0,1,0,0,0,0,0,0,1,1,1,0,1,0,0,1,0,0,0,0,0,0,0,0,0,0,0,0,0,0,0,0,0,0,0,0,0,0,[0|0|0|0|0|0|0|0|0|0|0|0|0|0],缀有金色装饰的黑色铠甲。\n誓约骑士们的防具。\n\n为了亲自找到，并选择毕生侍奉的唯一誓约，\n骑士们踏上了探索之旅。
5010000,铜绿头盔,1,0,[0|0|0],510021,0,15,15,0,0.015,1050,0,500,11.1,-1,-1,-1,7000,1.5,0,-1,-1,-1,-1,-1,-1,-1,-1,-1,-1,-1,-1,-1,-1,-1,-1,1,1,1,1,1,1,1,1,-1,2710,15515,15515,0,0,0,0,[0|0],0,0,0,0,0,0,0,0,39,39,46,22,0,-1,-1,1,0,5,4,0,2,110,0,[0|0],1,1,0,0,0,1,0,0,0,-1,-1,0,1,1,0,0,1,2,0,0.925,0.928,0.936,0.932,0.952,0.953,0.948,109,110,106,110,106,139,139,139,-1,1,0,0.953,0,0,0,0,0,0,0,0,0,0,0,0,0,0,0,0,0,0,0,0,0,0,0,0,0,0,0,0,0,0,0,0,0,0,0,0,[0|0|0|0],0,46,1,1,1,1,1,0,0,0,0,0,0,0,0,0,0,0,0,1,0,0,0,0,0,0,0,0,0,0,0,0,0,0,1,0,1,0,0,1,0,0,0,0,0,0,0,0,0,0,0,0,0,0,0,0,0,0,0,0,0,0,1,1,1,1,1,1,1,1,1,1,0,0,0,0,0,1,1,0,1,1,1,0,0,0,0,0,0,0,0,0,0,0,0,0,0,1,[0|0|0|0|0|0|0|0|0|0|0|0|0|0],以特殊金属铜绿制成的头盔。\n\n据说铜绿是外在神祇带来的赠礼。\n带有锈蚀的特性，即使重量沉重，\n仍具备延展性。
5010100,铜绿铠甲,1,0,[0|0|0],610021,0,32,32,100,0.047,1150,0,500,25.9,-1,-1,-1,7000,1,-0.4,-1,-1,-1,-1,-1,-1,-1,-1,-1,-1,-1,-1,-1,-1,-1,-1,1,1,1,1,1,1,1,1,-1,2710,15516,15516,0,0,0,0,[0|0],0,0,0,0,0,0,0,0,82,82,97,45,0,-1,-1,1,0,2,4,1,2,110,0,[0|0],1,0,1,0,0,0,0,0,0,-1,-1,0,1,1,0,0,1,2,0,0.796,0.803,0.823,0.813,0.865,0.867,0.855,109,50,106,50,106,139,139,139,-1,1,0,0.867,0,0,0,0,0,0,0,0,0,0,0,0,0,0,0,0,0,0,0,0,0,0,0,0,0,0,0,0,0,0,0,0,0,0,0,0,[0|0|0|0],0,97,0,0,0,0,0,0,1,1,1,1,0,0,0,0,0,0,0,0,0,1,1,1,0,0,0,0,0,0,0,0,0,0,0,0,0,0,0,0,0,0,0,1,1,1,0,1,1,1,0,1,1,0,1,0,1,1,1,1,0,1,0,0,0,0,0,0,1,1,0,1,1,0,0,1,0,0,0,1,0,0,0,0,0,0,0,0,0,0,0,0,0,0,0,0,0,0,[0|0|0|0|0|0|0|0|0|0|0|0|0|0],以特殊金属铜绿制成的铠甲。\n\n据说铜绿是外在神祇带来的赠礼。\n带有锈蚀的特性，即使重量沉重，\n仍具备延展性。
5010200,铜绿臂甲,1,0,[0|0|0],709011,0,12,12,0,0.01,1150,0,500,8.6,-1,-1,-1,7000,1.1,0,-1,-1,-1,-1,-1,-1,-1,-1,-1,-1,-1,-1,-1,-1,-1,-1,1,1,1,1,1,1,1,1,-1,2710,15517,15517,0,0,0,0,[0|0],0,0,0,0,0,0,0,0,30,30,36,17,0,-1,-1,1,0,1,4,2,2,100,0,[0|0],1,0,0,1,0,0,0,0,0,-1,-1,0,1,1,0,0,1,2,0,0.948,0.95,0.955,0.953,0.967,0.967,0.964,109,50,106,50,106,139,139,139,-1,1,0,0.967,0,0,0,0,0,0,0,0,0,0,0,0,0,0,0,0,0,0,0,0,0,0,0,0,0,0,0,0,0,0,0,0,0,0,0,0,[0|0|0|0],0,36,0,0,0,0,0,0,0,0,0,0,0,1,0,1,0,0,0,0,1,0,0,0,0,0,1,1,0,0,1,1,1,0,0,0,0,0,0,0,0,0,0,0,0,0,0,0,0,0,0,0,0,0,0,0,0,0,0,0,0,0,0,0,0,0,0,0,0,0,0,0,0,0,0,0,0,0,0,0,0,0,0,0,0,0,0,0,0,0,0,0,0,0,0,0,0,0,[0|0|0|0|0|0|0|0|0|0|0|0|0|0],以特殊金属铜绿制成的臂甲。\n\n据说铜绿是外在神祇带来的赠礼。\n带有锈蚀的特性，即使重量沉重，\n仍具备延展性。
5010300,铜绿腿甲,1,0,[0|0|0],809011,0,22,22,0,0.028,1250,0,500,16,-1,-1,-1,7000,1.1,0,-1,-1,-1,-1,-1,-1,-1,-1,-1,-1,-1,-1,-1,-1,-1,-1,1,1,1,1,1,1,1,1,-1,2710,15518,15518,0,0,0,0,[0|0],0,0,0,0,0,0,0,0,56,56,66,31,0,-1,-1,1,0,6,4,3,2,100,0,[0|0],1,0,0,0,1,0,0,0,0,-1,-1,0,1,1,0,0,1,2,0,0.881,0.886,0.898,0.892,0.923,0.924,0.917,109,50,106,50,106,139,106,139,111,1,0,0.924,0,0,0,0,0,0,0,0,0,0,0,0,0,0,0,0,0,0,0,0,0,0,0,0,0,0,0,0,0,0,0,0,0,0,0,0,[0|0|0|0],0,66,0,0,0,0,0,0,0,0,0,0,0,0,1,0,1,1,1,0,0,1,0,0,0,0,0,0,0,0,0,0,0,0,0,0,0,0,0,0,0,0,0,0,0,0,0,0,0,0,0,0,0,0,0,0,0,0,0,0,0,0,0,0,0,0,0,0,0,0,0,0,0,0,1,0,0,0,0,0,0,0,0,0,0,0,0,0,0,0,0,0,0,0,0,0,0,0,[0|0|0|0|0|0|0|0|0|0|0|0|0|0],以特殊金属铜绿制成的腿甲。\n\n据说铜绿是外在神祇带来的赠礼。\n带有锈蚀的特性，即使重量沉重，\n仍具备延展性。
5020000,拉鲁瓦毛皮,1,0,[0|0|0],505180,0,22,22,0,0.005,1050,0,500,3.6,6502000,-1,-1,7000,1.5,0,-1,-1,-1,-1,-1,-1,-1,-1,-1,-1,-1,-1,-1,-1,-1,-1,1,1,1,1,1,1,1,1,-1,2720,15519,15519,0,0,0,0,[0|0],0,0,0,0,0,0,0,0,27,27,23,22,0,-1,-1,1,0,5,4,0,2,60,0,[0|0],1,1,0,0,0,1,0,0,0,-1,-1,0,1,1,0,0,1,2,0,0.969,0.969,0.966,0.969,0.958,0.96,0.955,109,110,108,110,108,139,139,139,-1,1,0,0.96,0,0,0,0,0,0,0,0,0,0,0,0,0,0,0,0,0,0,0,0,0,0,0,0,0,0,0,0,0,0,0,0,0,0,0,0,[0|0|0|0],0,23,0,0,0,0,0,0,0,0,0,0,0,0,0,0,0,0,0,0,0,0,0,0,0,0,0,0,0,0,0,0,0,0,0,1,1,0,0,1,1,1,0,0,0,0,0,0,0,0,0,0,0,0,0,0,0,0,0,0,0,0,1,0,1,1,1,0,1,1,1,1,0,0,0,0,0,1,0,0,0,0,0,0,0,0,0,0,0,0,0,0,0,0,0,0,0,1,[0|0|0|0|0|0|0|0|0|0|0|0|0|0],将大红熊拉鲁瓦的毛皮，\n直接披在头上的物品。\n\n能强化人称熊飨的祷告。\n\n只有战士赌命缠斗，获胜后取得的外皮，\n才能让他化为野生的熊。
5020100,铁铆钉上衣,1,0,[0|0|0],604200,0,42,42,100,0.013,1150,0,500,7.1,-1,-1,-1,7000,1,-0.4,-1,-1,-1,-1,-1,-1,-1,-1,-1,-1,-1,-1,-1,-1,-1,-1,1,1,1,1,1,1,1,1,-1,2720,15520,15520,0,0,0,0,[0|0],0,0,0,0,0,0,0,0,57,57,46,42,0,-1,-1,1,0,2,3,1,2,50,0,[0|0],1,0,1,0,0,0,0,0,0,-1,-1,0,1,1,0,0,1,2,0,0.929,0.929,0.92,0.929,0.891,0.898,0.881,109,50,144,50,113,139,139,139,-1,1,0,0.898,0,0,0,0,0,0,0,0,0,0,0,0,0,0,0,0,0,0,0,0,0,0,0,0,0,0,0,0,0,0,0,0,0,0,0,0,[0|0|0|0],0,46,0,0,0,0,0,0,0,0,0,0,0,0,0,0,0,0,0,0,0,1,0,0,0,0,0,0,0,0,0,0,0,0,0,0,0,0,0,0,0,0,0,1,1,1,0,1,0,1,1,1,1,0,1,0,1,1,1,1,0,1,0,0,0,0,0,0,0,1,1,1,0,0,0,1,0,0,0,0,0,0,0,0,0,0,0,0,0,0,0,0,0,0,0,0,0,0,[0|0|0|0|0|0|0|0|0|0|0|0|0|0],遗忘自身名字的狂战士，红熊的上衣。\n用铁铆钉补强的防具。\n\n战士与大红熊赌命缠斗，最终获胜。\n而他因此深受吸引──\n在赤裸状态下，含有的纯粹力量。\n\n　我想要完全化为熊。
5020200,铁铆钉臂甲,1,0,[0|0|0],704060,0,4,4,0,0.004,1150,0,500,2.9,-1,-1,-1,7000,1.1,0,-1,-1,-1,-1,-1,-1,-1,-1,-1,-1,-1,-1,-1,-1,-1,-1,1,1,1,1,1,1,1,1,-1,2720,15521,15521,0,0,0,0,[0|0],0,0,0,0,0,0,0,0,8,8,19,4,0,-1,-1,1,0,1,4,2,2,50,0,[0|0],1,0,0,1,0,0,0,0,0,-1,-1,0,1,1,0,0,1,2,0,0.972,0.972,0.979,0.973,0.977,0.977,0.981,109,50,106,50,106,139,139,139,-1,1,0,0.979,0,0,0,0,0,0,0,0,0,0,0,0,0,0,0,0,0,0,0,0,0,0,0,0,0,0,0,0,0,0,0,0,0,0,0,0,[0|0|0|0],0,19,0,0,0,0,0,0,0,0,0,0,0,0,0,0,0,0,0,0,0,0,0,0,0,0,1,1,0,0,1,1,1,0,0,0,0,0,0,0,0,0,0,0,0,0,0,0,0,0,0,0,0,0,0,0,0,0,0,0,0,0,0,0,0,0,0,0,0,0,0,0,0,0,0,0,0,0,0,0,0,0,0,0,0,0,0,0,0,0,0,0,0,0,0,0,0,0,[0|0|0|0|0|0|0|0|0|0|0|0|0|0],遗忘自身名字的狂战士，红熊的臂甲。\n用铁铆钉补强的防具。\n\n战士与大红熊赌命缠斗，最终获胜。\n而他因此深受吸引──\n在赤裸状态下，含有的纯粹力量。\n\n　我想要完全化为熊。
5020300,铁铆钉腿甲,1,0,[0|0|0],804070,0,11,11,0,0.011,1250,0,500,5.7,-1,-1,-1,7000,1.1,0,-1,-1,-1,-1,-1,-1,-1,-1,-1,-1,-1,-1,-1,-1,-1,-1,1,1,1,1,1,1,1,1,-1,2720,15522,15522,0,0,0,0,[0|0],0,0,0,0,0,0,0,0,17,17,37,11,0,-1,-1,1,0,6,4,3,2,50,0,[0|0],1,0,0,0,1,0,0,0,0,-1,-1,0,1,1,0,0,1,2,0,0.932,0.932,0.946,0.935,0.942,0.942,0.95,109,50,106,50,106,139,109,139,111,1,0,0.946,0,0,0,0,0,0,0,0,0,0,0,0,0,0,0,0,0,0,0,0,0,0,0,0,0,0,0,0,0,0,0,0,0,0,0,0,[0|0|0|0],0,37,0,0,0,0,0,0,0,0,0,0,0,0,1,0,1,1,0,0,0,1,0,0,0,0,0,0,0,0,0,0,0,0,0,0,0,0,0,0,0,0,0,0,0,0,0,0,0,0,0,0,0,0,0,0,0,0,0,0,0,0,0,0,0,0,0,0,0,0,0,0,0,0,1,0,0,0,0,0,0,0,0,0,0,0,0,0,0,0,0,0,0,0,0,0,0,0,[0|0|0|0|0|0|0|0|0|0|0|0|0|0],遗忘自身名字的狂战士，红熊的腿甲。\n用铁铆钉补强的防具。\n\n战士与大红熊赌命缠斗，最终获胜。\n而他因此深受吸引──\n在赤裸状态下，含有的纯粹力量。\n\n　我想要完全化为熊。
5021000,狮牙头盔,1,0,[0|0|0],505143,0,16,16,0,0.004,1050,0,500,2.7,-1,-1,-1,7000,1.5,0,-1,-1,-1,-1,-1,-1,-1,-1,-1,-1,-1,-1,-1,-1,-1,-1,1,1,1,1,1,1,1,1,-1,2721,15523,15523,0,0,0,0,[0|0],0,0,0,0,0,0,0,0,23,23,18,16,0,-1,-1,1,0,5,4,0,1,60,0,[0|0],1,1,0,0,0,1,0,0,0,-1,-1,0,1,1,0,0,1,2,0,0.977,0.977,0.975,0.977,0.964,0.966,0.96,109,110,108,110,108,139,139,139,-1,1,0,0.966,0,0,0,0,0,0,0,0,0,0,0,0,0,0,0,0,0,0,0,0,0,0,0,0,0,0,0,0,0,0,0,0,0,0,0,0,[0|0|0|0],0,18,0,0,0,0,0,0,0,0,0,0,0,0,0,0,0,0,0,0,0,0,0,0,0,0,0,0,0,0,0,0,0,0,0,1,1,0,0,1,0,0,0,0,0,0,0,0,0,0,0,0,0,0,0,0,0,0,0,0,0,0,0,1,0,0,1,1,0,0,0,0,0,0,0,0,0,1,0,0,0,0,0,0,0,0,0,0,0,0,0,0,0,0,0,0,0,0,[0|0|0|0|0|0|0|0|0|0|0|0|0|0],遗忘自身名字的狂战士，红熊的头盔。\n护颊是以狮牙的形象设计。\n\n他曾是红狮子──\n正因为如此，才会受野性的力量吸引。
5030000,休里耶面具,1,0,[0|0|0],504031,0,11,11,0,0.006,1050,0,500,3.8,6503000,-1,-1,7000,1.5,0,-1,-1,-1,-1,-1,-1,-1,-1,-1,-1,-1,-1,-1,-1,-1,-1,1,1,1,1,1,1,1,1,-1,2750,15524,15524,0,0,0,0,[0|0],0,0,0,0,0,0,0,0,15,15,16,0,0,-1,-1,1,0,5,4,0,2,50,0,[0|0],1,1,0,0,0,1,0,0,0,-1,-1,0,1,1,0,0,1,2,0,0.956,0.96,0.966,0.962,0.977,0.969,0.977,109,110,113,110,113,139,139,139,-1,1,0,0.969,0,0,0,0,0,0,0,0,0,0,0,0,0,0,0,0,0,0,0,0,0,0,0,0,0,0,0,0,0,0,0,0,0,0,0,0,[0|0|0|0],0,16,1,1,1,1,1,0,0,0,0,0,0,0,0,0,0,0,0,1,0,0,0,0,0,0,0,0,0,0,0,0,0,0,1,0,1,0,0,1,0,0,0,0,0,0,0,0,0,0,0,0,0,0,0,0,0,0,0,0,0,0,1,1,1,1,1,1,1,1,1,1,0,0,0,0,0,1,1,0,1,1,1,0,0,0,0,0,0,0,0,0,0,0,0,0,0,1,[0|0|0|0|0|0|0|0|0|0|0|0|0|0],参考安稳睡脸制成的面具。\n\n银色编发是由圣女托莉娜的形象而来。\n能提升感应。\n\n在过去，仅限一次，\n休里耶获赐温柔的深沉酣眠──\n他渴望将那次经验，化为永恒。
5030100,休里耶上衣,1,0,[0|0|0],603041,0,63,63,100,0.013,1150,0,500,7.1,6503001,-1,-1,7000,1,-0.4,-1,-1,-1,-1,-1,-1,-1,-1,-1,-1,-1,-1,-1,-1,-1,-1,1,1,1,1,1,1,1,1,-1,2750,15525,15525,0,0,0,0,[0|0],0,0,0,0,0,0,0,0,71,71,28,38,0,-1,-1,1,0,2,4,1,2,40,0,[0|0],1,0,1,0,0,0,0,0,0,-1,-1,0,1,1,0,0,1,2,0,0.912,0.929,0.912,0.929,0.92,0.905,0.891,109,50,108,50,113,139,139,139,-1,1,0,0.898,0,0,0,0,0,0,0,0,0,0,0,0,0,0,0,0,0,0,0,0,0,0,0,0,0,0,0,0,0,0,0,0,0,0,0,0,[0|0|0|0],0,28,0,0,0,0,0,1,1,1,1,1,0,0,0,0,0,0,0,0,0,1,0,1,0,0,0,0,0,0,0,0,0,0,0,0,0,0,0,0,0,0,1,1,1,0,0,1,1,1,0,1,1,0,1,0,1,1,1,1,0,1,0,0,0,0,0,0,1,1,1,0,1,0,0,1,0,0,0,1,0,0,0,1,1,1,1,1,1,1,1,1,1,1,1,1,1,0,[0|0|0|0|0|0|0|0|0|0|0|0|0|0],暗地用毒的人们穿戴的深色上衣。\n\n银色编发是由圣女托莉娜的形象而来。\n能提升感应。\n\n表面缝着无数细针，据说有避邪的效用。
5030200,休里耶长手套,1,0,[0|0|0],703031,0,21,21,0,0.003,1150,0,500,2.4,-1,-1,-1,7000,1.1,0,-1,-1,-1,-1,-1,-1,-1,-1,-1,-1,-1,-1,-1,-1,-1,-1,1,1,1,1,1,1,1,1,-1,2750,15526,15526,0,0,0,0,[0|0],0,0,0,0,0,0,0,0,24,24,9,13,0,-1,-1,1,0,1,4,2,2,40,0,[0|0],1,0,0,1,0,0,0,0,0,-1,-1,0,1,1,0,0,1,2,0,0.979,0.983,0.979,0.983,0.981,0.977,0.973,109,50,108,50,108,139,139,139,-1,1,0,0.975,0,0,0,0,0,0,0,0,0,0,0,0,0,0,0,0,0,0,0,0,0,0,0,0,0,0,0,0,0,0,0,0,0,0,0,0,[0|0|0|0],0,9,0,0,0,0,0,0,0,0,0,0,1,1,0,1,0,0,0,0,1,0,0,0,0,0,0,1,1,0,1,1,1,0,0,0,0,0,0,0,0,0,0,0,0,0,0,0,0,0,0,0,0,0,0,0,0,0,0,0,0,0,0,0,0,0,0,0,0,0,0,0,0,0,0,0,0,0,0,0,0,0,0,0,0,0,0,0,0,0,0,0,0,0,0,0,0,0,[0|0|0|0|0|0|0|0|0|0|0|0|0|0],暗地用毒的人们穿戴的深色长手套。\n长久以来，他们受人轻视，也备受嫌恶。
5030300,休里耶长裤,1,0,[0|0|0],803041,0,39,39,0,0.008,1250,0,500,4.4,-1,-1,-1,7000,1.1,0,-1,-1,-1,-1,-1,-1,-1,-1,-1,-1,-1,-1,-1,-1,-1,-1,1,1,1,1,1,1,1,1,-1,2750,15527,15527,0,0,0,0,[0|0],0,0,0,0,0,0,0,0,44,44,17,24,0,-1,-1,1,0,6,4,3,2,40,0,[0|0],1,0,0,0,1,0,0,0,0,-1,-1,0,1,1,0,0,1,2,0,0.95,0.96,0.95,0.96,0.955,0.946,0.938,109,50,108,50,108,139,108,139,111,1,0,0.942,0,0,0,0,0,0,0,0,0,0,0,0,0,0,0,0,0,0,0,0,0,0,0,0,0,0,0,0,0,0,0,0,0,0,0,0,[0|0|0|0],0,17,0,0,0,0,0,0,0,0,0,0,0,0,1,0,1,1,1,0,0,1,0,0,0,0,0,0,0,0,0,0,0,0,0,0,0,0,0,0,0,0,0,0,0,0,0,0,0,0,0,0,0,0,0,0,0,0,0,0,0,0,0,0,0,0,0,0,0,0,0,0,0,0,1,0,0,0,0,0,0,0,0,0,0,0,0,0,0,0,0,0,0,0,0,0,0,0,[0|0|0|0|0|0|0|0|0|0|0|0|0|0],暗地用毒的人们穿戴的深色长裤。\n长久以来，他们受人轻视，也备受嫌恶。
5031100,休里耶上衣（轻装）,1,0,[0|0|0],603042,0,60,60,100,0.012,1150,0,500,6.3,-1,-1,-1,7000,1,-0.4,-1,-1,-1,-1,-1,-1,-1,-1,-1,-1,-1,-1,-1,-1,-1,-1,1,1,1,1,1,1,1,1,-1,2751,15528,15528,0,0,0,0,[0|0],0,0,0,0,0,0,0,0,67,67,25,35,0,-1,-1,1,0,2,4,1,2,40,0,[0|0],1,0,1,0,0,0,0,0,0,-1,-1,0,1,1,0,0,1,2,0,0.92,0.933,0.92,0.933,0.929,0.912,0.898,109,50,108,50,108,139,139,139,-1,1,0,0.905,0,0,0,0,0,0,0,0,0,0,0,0,0,0,0,0,0,0,0,0,0,0,0,0,0,0,0,0,0,0,0,0,0,0,0,0,[0|0|0|0],0,25,0,0,0,0,0,1,1,1,1,1,0,0,0,0,0,0,0,0,0,1,0,1,0,0,0,0,0,0,0,0,0,0,0,0,0,0,0,0,0,0,1,0,1,1,0,1,1,0,1,1,1,0,1,0,1,1,1,1,0,1,0,0,0,0,0,0,1,0,1,1,0,0,0,1,0,0,0,1,0,0,0,0,0,0,0,0,0,0,0,0,0,0,0,0,0,0,[0|0|0|0|0|0|0|0|0|0|0|0|0|0],暗地用毒的人们穿戴的深色上衣。\n表面缝着无数细针，据说有避邪的效用。
5032100,,1,0,[0|0|0],9999999,0,60,60,100,0.012,1150,0,500,6.3,-1,-1,-1,7000,1,-0.4,-1,-1,-1,-1,-1,-1,-1,-1,-1,-1,-1,-1,-1,-1,-1,-1,1,1,1,1,1,1,1,1,-1,2755,13741,13741,0,0,0,0,[0|0],0,0,0,0,0,0,0,0,67,67,25,35,0,-1,-1,1,0,2,4,1,0,255,0,[0|0],1,0,1,0,0,0,0,0,0,-1,-1,0,1,1,0,0,1,2,0,0.92,0.933,0.92,0.933,0.929,0.912,0.898,109,50,113,50,113,139,139,139,-1,1,0,0.905,0,0,0,0,0,0,0,0,0,0,0,0,0,0,0,0,0,0,0,0,0,0,0,0,0,0,0,0,0,0,0,0,0,0,0,0,[0|0|0|0],0,25,0,0,0,0,0,1,1,1,1,1,0,0,0,0,0,0,0,0,0,1,0,1,0,0,0,0,0,0,0,0,0,0,0,0,0,0,0,0,0,0,1,1,1,0,0,1,1,1,0,1,1,0,1,0,1,1,1,1,0,1,0,0,0,0,0,0,1,1,1,0,1,0,0,1,0,0,0,1,0,0,0,1,1,1,1,1,1,1,1,1,1,1,1,1,1,0,[0|0|0|0|0|0|0|0|0|0|0|0|0|0],
5040000,,1,0,[0|0|0],9999999,0,0,0,0,0,1050,0,-1,0.7,-1,-1,-1,7000,1.5,0,-1,-1,-1,-1,-1,-1,-1,-1,-1,-1,-1,-1,-1,-1,-1,-1,1,1,1,1,1,1,1,1,-1,2740,15529,15529,0,0,0,0,[0|0],0,0,0,0,0,0,0,0,0,0,0,0,0,-1,-1,1,0,5,4,0,0,255,0,[0|0],1,1,0,0,0,1,0,0,0,-1,-1,0,1,1,0,0,1,2,0,1.008,1.008,1.008,1.008,1.008,1.008,1.008,109,110,108,110,108,139,139,139,-1,1,0,1.008,0,0,0,0,0,0,0,0,0,0,0,0,0,0,0,0,0,0,0,0,0,0,0,0,0,0,0,0,0,0,0,0,0,0,0,0,[0|0|0|0],0,0,0,0,0,0,0,0,0,0,0,0,0,0,0,0,0,0,0,1,0,0,0,0,0,0,0,0,0,0,0,0,0,0,0,0,0,0,0,0,0,0,0,0,0,0,0,0,0,0,0,0,0,0,0,0,0,0,0,0,0,0,0,0,0,0,0,0,0,0,0,0,0,0,0,0,0,0,0,0,1,1,1,0,0,0,0,0,0,0,0,0,0,0,0,0,0,0,[0|0|0|0|0|0|0|0|0|0|0|0|0|0],
5040100,,1,0,[0|0|0],9999999,0,0,0,100,0,1150,0,-1,1.7,-1,-1,-1,7000,1,-0.4,-1,-1,-1,-1,-1,-1,-1,-1,-1,-1,-1,-1,-1,-1,-1,-1,1,1,1,1,1,1,1,1,-1,2740,15530,15530,0,0,0,0,[0|0],0,0,0,0,0,0,0,0,0,0,0,0,0,-1,-1,1,0,2,4,1,0,255,0,[0|0],1,0,1,0,0,0,0,0,0,-1,-1,0,1,1,0,0,1,2,0,1.023,1.023,1.023,1.023,1.023,1.023,1.023,109,50,113,50,113,139,139,139,-1,1,0,1.023,0,0,0,0,0,0,0,0,0,0,0,0,0,0,0,0,0,0,0,0,0,0,0,0,0,0,0,0,0,0,0,0,0,0,0,0,[0|0|0|0],0,0,1,1,1,1,1,1,1,1,1,1,1,1,1,1,1,1,1,1,1,0,1,1,0,1,1,1,1,1,1,1,1,1,1,1,1,1,1,1,1,1,1,1,1,1,1,1,1,1,1,1,1,1,1,1,1,1,1,1,1,1,1,1,1,1,1,1,1,1,1,1,1,1,1,1,1,1,1,1,1,1,1,0,0,0,0,0,0,0,0,0,0,0,0,0,0,0,[0|0|0|0|0|0|0|0|0|0|0|0|0|0],
5040200,,1,0,[0|0|0],9999999,0,0,0,0,0,1150,0,-1,0.6,-1,-1,-1,7000,1.1,0,-1,-1,-1,-1,-1,-1,-1,-1,-1,-1,-1,-1,-1,-1,-1,-1,1,1,1,1,1,1,1,1,-1,2740,15531,15531,0,0,0,0,[0|0],0,0,0,0,0,0,0,0,0,0,0,0,0,-1,-1,1,0,1,4,2,0,255,0,[0|0],1,0,0,1,0,0,0,0,0,-1,-1,0,1,1,0,0,1,2,0,1.005,1.005,1.005,1.005,1.005,1.005,1.005,109,50,106,50,106,139,139,139,-1,1,0,1.005,0,0,0,0,0,0,0,0,0,0,0,0,0,0,0,0,0,0,0,0,0,0,0,0,0,0,0,0,0,0,0,0,0,0,0,0,[0|0|0|0],0,0,0,0,0,0,0,0,0,0,0,0,0,0,0,0,0,0,0,0,0,0,0,0,0,0,0,0,0,0,0,0,0,0,0,0,0,0,0,0,0,0,0,0,0,0,0,0,0,0,0,0,0,0,0,0,0,0,0,0,0,0,0,0,0,0,0,0,0,0,0,0,0,0,0,0,0,0,0,0,0,0,0,0,0,0,0,0,0,0,0,0,0,0,0,0,0,0,[0|0|0|0|0|0|0|0|0|0|0|0|0|0],
5040300,,1,0,[0|0|0],9999999,0,0,0,0,0,1250,0,-1,1,-1,-1,-1,7000,1.1,0,-1,-1,-1,-1,-1,-1,-1,-1,-1,-1,-1,-1,-1,-1,-1,-1,1,1,1,1,1,1,1,1,-1,2740,15532,15532,0,0,0,0,[0|0],0,0,0,0,0,0,0,0,0,0,0,0,0,-1,-1,1,0,6,4,3,0,255,0,[0|0],1,0,0,0,1,0,0,0,0,-1,-1,0,1,1,0,0,1,2,0,1.013,1.013,1.013,1.013,1.013,1.013,1.013,109,50,106,50,106,139,139,139,111,1,0,1.013,0,0,0,0,0,0,0,0,0,0,0,0,0,0,0,0,0,0,0,0,0,0,0,0,0,0,0,0,0,0,0,0,0,0,0,0,[0|0|0|0],0,0,0,0,0,0,0,0,0,0,0,0,0,0,1,0,0,0,0,0,0,0,0,0,0,0,0,0,0,0,0,0,0,0,0,0,0,0,0,0,0,0,0,0,0,0,0,0,0,0,0,0,0,0,0,0,0,0,0,0,0,0,0,0,0,0,0,0,0,0,0,0,0,0,0,0,0,0,0,0,0,0,0,0,0,0,0,0,0,0,0,0,0,0,0,0,0,0,[0|0|0|0|0|0|0|0|0|0|0|0|0|0],
5050000,,1,0,[0|0|0],9999999,0,0,0,0,0,1050,0,-1,0.7,-1,-1,-1,7000,1.5,0,-1,-1,-1,-1,-1,-1,-1,-1,-1,-1,-1,-1,-1,-1,-1,-1,1,1,1,1,1,1,1,1,-1,2745,15533,15533,0,0,0,0,[0|0],0,0,0,0,0,0,0,0,0,0,0,0,0,-1,-1,1,0,5,4,0,0,255,0,[0|0],1,1,0,0,0,1,0,0,0,-1,-1,0,1,1,0,0,1,2,0,1.008,1.008,1.008,1.008,1.008,1.008,1.008,109,110,108,110,108,139,139,139,-1,1,0,1.008,0,0,0,0,0,0,0,0,0,0,0,0,0,0,0,0,0,0,0,0,0,0,0,0,0,0,0,0,0,0,0,0,0,0,0,0,[0|0|0|0],0,0,0,0,0,0,0,0,0,0,0,0,0,0,0,0,0,0,0,1,0,0,0,0,0,0,0,0,0,0,0,0,0,0,0,0,0,0,0,0,0,0,0,0,0,0,0,0,0,0,0,0,0,0,0,0,0,0,0,0,0,0,0,0,0,0,0,0,0,0,0,0,0,0,0,0,0,0,0,0,1,1,1,0,0,0,0,0,0,0,0,0,0,0,0,0,0,0,[0|0|0|0|0|0|0|0|0|0|0|0|0|0],
5050100,,1,0,[0|0|0],9999999,0,0,0,100,0,1150,0,-1,1.7,-1,-1,-1,7000,1,-0.4,-1,-1,-1,-1,-1,-1,-1,-1,-1,-1,-1,-1,-1,-1,-1,-1,1,1,1,1,1,1,1,1,-1,2745,15534,15534,0,0,0,0,[0|0],0,0,0,0,0,0,0,0,0,0,0,0,0,-1,-1,1,0,2,4,1,0,255,0,[0|0],1,0,1,0,0,0,0,0,0,-1,-1,0,1,1,0,0,1,2,0,1.023,1.023,1.023,1.023,1.023,1.023,1.023,109,50,113,50,113,139,139,139,-1,1,0,1.023,0,0,0,0,0,0,0,0,0,0,0,0,0,0,0,0,0,0,0,0,0,0,0,0,0,0,0,0,0,0,0,0,0,0,0,0,[0|0|0|0],0,0,1,1,1,1,1,1,1,1,1,1,1,1,1,1,1,1,1,1,1,0,1,1,0,1,1,1,1,1,1,1,1,1,1,1,1,1,1,1,1,1,1,1,1,1,1,1,1,1,1,1,1,1,1,1,1,1,1,1,1,1,1,1,1,1,1,1,1,1,1,1,1,1,1,1,1,1,1,1,1,1,1,1,1,1,1,1,1,1,1,1,1,1,1,1,1,0,[0|0|0|0|0|0|0|0|0|0|0|0|0|0],
5050200,,1,0,[0|0|0],9999999,0,0,0,0,0,1150,0,-1,0.6,-1,-1,-1,7000,1.1,0,-1,-1,-1,-1,-1,-1,-1,-1,-1,-1,-1,-1,-1,-1,-1,-1,1,1,1,1,1,1,1,1,-1,2745,15535,15535,0,0,0,0,[0|0],0,0,0,0,0,0,0,0,0,0,0,0,0,-1,-1,1,0,1,4,2,0,255,0,[0|0],1,0,0,1,0,0,0,0,0,-1,-1,0,1,1,0,0,1,2,0,1.005,1.005,1.005,1.005,1.005,1.005,1.005,109,50,106,50,106,139,139,139,-1,1,0,1.005,0,0,0,0,0,0,0,0,0,0,0,0,0,0,0,0,0,0,0,0,0,0,0,0,0,0,0,0,0,0,0,0,0,0,0,0,[0|0|0|0],0,0,0,0,0,0,0,0,0,0,0,0,0,0,0,0,0,0,0,0,0,0,0,0,0,0,0,0,0,0,0,0,0,0,0,0,0,0,0,0,0,0,0,0,0,0,0,0,0,0,0,0,0,0,0,0,0,0,0,0,0,0,0,0,0,0,0,0,0,0,0,0,0,0,0,0,0,0,0,0,0,0,0,0,0,0,0,0,0,0,0,0,0,0,0,0,0,0,[0|0|0|0|0|0|0|0|0|0|0|0|0|0],
5050300,,1,0,[0|0|0],9999999,0,0,0,0,0,1250,0,-1,1,-1,-1,-1,7000,1.1,0,-1,-1,-1,-1,-1,-1,-1,-1,-1,-1,-1,-1,-1,-1,-1,-1,1,1,1,1,1,1,1,1,-1,2745,15536,15536,0,0,0,0,[0|0],0,0,0,0,0,0,0,0,0,0,0,0,0,-1,-1,1,0,6,4,3,0,255,0,[0|0],1,0,0,0,1,0,0,0,0,-1,-1,0,1,1,0,0,1,2,0,1.013,1.013,1.013,1.013,1.013,1.013,1.013,109,50,106,50,106,139,139,139,111,1,0,1.013,0,0,0,0,0,0,0,0,0,0,0,0,0,0,0,0,0,0,0,0,0,0,0,0,0,0,0,0,0,0,0,0,0,0,0,0,[0|0|0|0],0,0,0,0,0,0,0,0,0,0,0,0,0,0,1,0,0,0,0,0,0,0,0,0,0,0,0,0,0,0,0,0,0,0,0,0,0,0,0,0,0,0,0,0,0,0,0,0,0,0,0,0,0,0,0,0,0,0,0,0,0,0,0,0,0,0,0,0,0,0,0,0,0,0,0,0,0,0,0,0,0,0,0,0,0,0,0,0,0,0,0,0,0,0,0,0,0,0,[0|0|0|0|0|0|0|0|0|0|0|0|0|0],
5060000,大祭司帽子,1,0,[0|0|0],501175,0,27,27,0,0.003,1050,0,1000,1.7,6506000,-1,-1,7000,1.5,0,-1,-1,-1,-1,-1,-1,-1,-1,-1,-1,-1,-1,-1,-1,-1,-1,1,1,1,1,1,1,1,1,-1,2770,15537,15537,0,0,0,0,[0|0],0,0,0,0,0,0,0,0,18,18,10,33,0,-1,-1,1,0,5,4,0,2,20,0,[0|0],1,1,0,0,0,1,0,0,0,-1,-1,0,1,1,0,0,1,2,0,0.982,0.986,0.979,0.991,0.954,0.955,0.956,109,110,113,110,113,139,139,139,-1,1,0,0.955,0,0,0,0,0,0,0,0,0,0,0,0,0,0,0,0,0,0,0,0,0,0,0,0,0,0,0,0,0,0,0,0,0,0,0,0,[0|0|0|0],0,10,0,0,0,1,1,0,0,0,0,0,0,0,0,0,0,0,0,0,0,0,0,0,0,1,0,0,0,0,0,0,0,0,0,1,0,0,0,1,0,0,0,0,0,0,0,0,0,0,0,0,0,0,0,0,0,0,0,0,0,0,1,1,1,1,1,1,1,1,1,1,0,0,0,0,0,1,1,0,1,1,0,0,0,0,0,0,0,0,0,0,0,0,0,0,0,0,[0|0|0|0|0|0|0|0|0|0|0|0|0|0],“大祭司”尤弥尔的帽子。\n\n头上的圆形空洞，代表无上意志的黑暗深渊。\n能提升智力与感应。\n\n尤弥尔虽为蕾菈娜的魔法教授，\n却背弃了对月的忠诚。\n\n　也不过是因为月\n　恰巧离我们比较近罢了。
5060100,大祭司长袍,1,0,[0|0|0],601181,0,57,57,100,0.01,1150,0,1000,4.2,-1,-1,-1,7000,1,-0.4,-1,-1,-1,-1,-1,-1,-1,-1,-1,-1,-1,-1,-1,-1,-1,-1,1,1,1,1,1,1,1,1,-1,2770,15538,15538,0,0,0,0,[0|0],0,0,0,0,0,0,0,0,38,38,21,69,0,-1,-1,1,0,2,3,1,2,20,0,[0|0],1,0,1,0,0,0,0,0,0,-1,-1,0,1,1,0,0,1,2,0,0.948,0.959,0.94,0.974,0.872,0.874,0.876,109,50,113,50,113,139,139,139,-1,1,0,0.874,0,0,0,0,0,0,0,0,0,0,0,0,0,0,0,0,0,0,0,0,0,0,0,0,0,0,0,0,0,0,0,0,0,0,0,0,[0|0|0|0],0,21,0,0,0,0,0,1,1,1,1,1,0,0,0,0,0,0,0,0,0,1,1,1,0,0,0,0,0,0,0,0,0,0,0,0,0,0,0,0,0,0,0,1,1,1,0,1,0,1,1,1,1,1,0,1,1,1,1,1,1,1,0,0,0,0,0,0,1,1,1,0,1,0,0,1,0,0,0,1,0,0,0,0,0,0,0,0,0,0,0,0,0,0,0,0,0,0,[0|0|0|0|0|0|0|0|0|0|0|0|0|0],“大祭司”尤弥尔的长袍。\n有无数蠕动的物体隐藏其中。\n\n紫色基底的长袍缀以金色刺绣，\n领饰犹如盛开的花朵。
5060200,大祭司长手套,1,0,[0|0|0],701061,0,21,21,0,0.002,1150,0,1000,1.4,-1,-1,-1,7000,1.1,0,-1,-1,-1,-1,-1,-1,-1,-1,-1,-1,-1,-1,-1,-1,-1,-1,1,1,1,1,1,1,1,1,-1,2770,15539,15539,0,0,0,0,[0|0],0,0,0,0,0,0,0,0,14,14,8,25,0,-1,-1,1,0,1,4,2,2,20,0,[0|0],1,0,0,1,0,0,0,0,0,-1,-1,0,1,1,0,0,1,2,0,0.987,0.99,0.985,0.994,0.968,0.969,0.969,109,50,108,50,108,139,139,139,-1,1,0,0.969,0,0,0,0,0,0,0,0,0,0,0,0,0,0,0,0,0,0,0,0,0,0,0,0,0,0,0,0,0,0,0,0,0,0,0,0,[0|0|0|0],0,8,0,0,0,0,0,0,0,0,0,0,0,1,0,1,0,0,0,0,1,0,0,0,0,0,1,0,1,1,0,1,0,1,0,0,0,0,0,0,0,0,0,0,0,0,0,0,0,0,0,0,0,0,0,0,0,0,0,0,0,0,0,0,0,0,0,0,0,0,0,0,0,0,0,0,0,0,0,0,0,0,0,0,0,0,0,0,0,0,0,0,0,0,0,0,0,0,[0|0|0|0|0|0|0|0|0|0|0|0|0|0],“大祭司”尤弥尔的长手套。\n质地柔软，制作精良的物品。
5060300,大祭司衬裤,1,0,[0|0|0],801091,0,39,39,0,0.006,1250,0,1000,2.5,-1,-1,-1,7000,1.1,0,-1,-1,-1,-1,-1,-1,-1,-1,-1,-1,-1,-1,-1,-1,-1,-1,1,1,1,1,1,1,1,1,-1,2770,15540,15540,0,0,0,0,[0|0],0,0,0,0,0,0,0,0,26,26,14,47,0,-1,-1,1,0,6,4,3,2,20,0,[0|0],1,0,0,0,1,0,0,0,0,-1,-1,0,1,1,0,0,1,2,0,0.97,0.977,0.966,0.985,0.927,0.928,0.929,109,50,108,50,108,139,108,139,111,1,0,0.928,0,0,0,0,0,0,0,0,0,0,0,0,0,0,0,0,0,0,0,0,0,0,0,0,0,0,0,0,0,0,0,0,0,0,0,0,[0|0|0|0],0,14,0,0,0,0,0,0,0,0,0,0,0,0,1,0,1,1,1,0,0,1,0,0,0,0,0,0,0,0,0,0,0,0,0,0,0,0,0,0,0,0,0,0,0,0,0,0,0,0,0,0,0,0,0,0,0,0,0,0,0,0,0,0,0,0,0,0,0,0,0,0,0,0,1,0,0,0,0,0,0,0,0,0,0,0,0,0,0,0,0,0,0,0,0,0,0,0,[0|0|0|0|0|0|0|0|0|0|0|0|0|0],“大祭司”尤弥尔的衬裤。\n质地柔软，制作精良的物品。
5062100,指头长袍,1,0,[0|0|0],601182,0,64,64,100,0.012,1150,0,1000,5.1,6506210,-1,-1,7000,1,-0.4,-1,-1,-1,-1,-1,-1,-1,-1,-1,-1,-1,-1,-1,-1,-1,-1,1,1,1,1,1,1,1,1,-1,2775,15541,15541,0,0,0,0,[0|0],0,0,0,0,0,0,0,0,42,42,21,82,0,-1,-1,1,0,2,4,1,2,20,0,[0|0],1,0,1,0,0,0,0,0,0,-1,-1,0,1,1,0,0,1,2,0,0.94,0.948,0.934,0.959,0.87,0.872,0.874,109,50,113,50,113,139,139,139,-1,1,0,0.872,0,0,0,0,0,0,0,0,0,0,0,0,0,0,0,0,0,0,0,0,0,0,0,0,0,0,0,0,0,0,0,0,0,0,0,0,[0|0|0|0],0,21,0,0,0,0,0,1,1,1,1,1,0,0,0,0,0,0,0,0,0,1,1,1,0,0,0,0,0,0,0,0,0,0,0,0,0,0,0,0,0,0,0,1,1,1,0,1,1,1,1,0,1,1,0,1,1,1,1,1,1,1,0,0,0,0,0,0,1,1,1,0,1,0,0,1,0,0,0,1,0,0,0,1,1,1,1,1,1,1,1,1,1,1,1,1,1,0,[0|0|0|0|0|0|0|0|0|0|0|0|0|0],“大祭司”尤弥尔的长袍。\n长袍敞开后，显露出蠕动的指头。\n\n此为他崇高的心愿与欲望\n超出界限，一涌而出的模样。\n能强化指头的魔法。\n\n　我会成为真正的母亲。\n　我的指头会带领世界，得到救赎。
5070000,毛虫面具,1,0,[0|0|0],500141,0,45,45,0,0.002,1050,0,200,1.4,-1,-1,-1,7000,1.5,0,-1,-1,-1,-1,-1,-1,-1,-1,-1,-1,-1,-1,-1,-1,-1,-1,1,1,1,1,1,1,1,1,-1,2790,15542,15542,0,0,0,0,[0|0],0,0,0,0,0,0,0,0,16,16,9,25,0,-1,-1,1,0,5,4,0,1,10,0,[0|0],1,1,0,0,0,1,0,0,0,-1,-1,0,1,1,0,0,1,2,0,0.982,0.986,0.986,0.991,0.955,0.962,0.958,109,110,113,110,113,139,139,139,-1,1,0,0.954,0,0,0,0,0,0,0,0,0,0,0,0,0,0,0,0,0,0,0,0,0,0,0,0,0,0,0,0,0,0,0,0,0,0,0,0,[0|0|0|0],0,9,1,1,1,1,1,0,0,0,0,0,0,0,0,0,0,0,0,1,0,0,0,0,0,0,0,0,0,0,0,0,0,0,1,0,1,0,0,1,0,0,0,0,0,0,0,0,0,0,0,0,0,0,0,0,0,0,0,0,0,0,1,1,1,1,1,1,1,1,1,1,0,0,0,0,0,1,1,0,1,1,1,0,0,0,0,0,0,0,0,0,0,0,0,0,0,1,[0|0|0|0|0|0|0|0|0|0|0|0|0|0],表面有无数硬化毛虫的诡异面具。\n波尼村大维壶师们的诅咒器具。\n\n此为当他们执行敬神的仪式时，\n驱离所有邪恶意念而有的物品──\n譬如秽物、迷惘，以及诱惑。
5070100,编绳长袍,1,0,[0|0|0],600195,0,104,104,100,0.005,1150,0,200,3.4,6507000,-1,-1,7000,1,-0.4,-1,-1,-1,-1,-1,-1,-1,-1,-1,-1,-1,-1,-1,-1,-1,-1,1,1,1,1,1,1,1,1,-1,2790,15543,15543,0,0,0,0,[0|0],0,0,0,0,0,0,0,0,38,38,20,59,0,-1,-1,1,0,2,3,1,1,10,0,[0|0],1,0,1,0,0,0,0,0,0,-1,-1,0,1,1,0,0,1,2,0,0.937,0.948,0.948,0.963,0.864,0.881,0.871,109,50,113,50,113,139,139,139,-1,1,0,0.86,0,0,0,0,0,0,0,0,0,0,0,0,0,0,0,0,0,0,0,0,0,0,0,0,0,0,0,0,0,0,0,0,0,0,0,0,[0|0|0|0],0,20,0,0,0,0,0,1,0,0,0,0,0,0,0,0,0,0,0,0,0,1,0,0,0,0,0,0,0,0,0,0,0,0,0,0,0,0,0,0,0,0,1,0,1,1,0,1,1,0,1,1,0,0,1,0,1,1,1,1,0,1,0,0,0,0,0,0,0,1,1,1,0,0,0,1,0,0,0,0,0,0,0,1,1,1,1,1,1,1,1,1,1,1,1,1,1,0,[0|0|0|0|0|0|0|0|0|0|0|0|0|0],编绳多重交迭于黑色破布上的防具。\n角人复仇者穿戴的服装。\n\n为之复仇的誓言、牺牲者的怨恨──\n编绳将两者层层网牢、牢牢系紧。\n能强化“带角幼子像”的怨魂，以及“守护灵”。
5070200,编绳腕套,1,0,[0|0|0],700021,0,34,34,0,0.001,1150,0,200,0.8,-1,-1,-1,7000,1.1,0,-1,-1,-1,-1,-1,-1,-1,-1,-1,-1,-1,-1,-1,-1,-1,-1,1,1,1,1,1,1,1,1,-1,2790,15544,15544,0,0,0,0,[0|0],0,0,0,0,0,0,0,0,12,12,5,19,0,-1,-1,1,0,1,4,2,1,10,0,[0|0],1,0,0,1,0,0,0,0,0,-1,-1,0,1,1,0,0,1,2,0,0.99,0.994,0.994,0.999,0.969,0.975,0.972,109,50,113,50,108,139,139,139,-1,1,0,0.968,0,0,0,0,0,0,0,0,0,0,0,0,0,0,0,0,0,0,0,0,0,0,0,0,0,0,0,0,0,0,0,0,0,0,0,0,[0|0|0|0],0,5,0,0,0,0,0,0,0,0,0,0,0,0,0,0,0,0,0,0,0,0,0,0,0,0,1,1,0,1,0,0,0,1,0,0,0,0,0,0,0,0,0,0,0,0,0,0,0,0,0,0,0,0,0,0,0,0,0,0,0,0,0,0,0,0,0,0,0,0,0,0,0,0,0,0,0,0,0,0,0,0,0,0,0,0,0,0,0,0,0,0,0,0,0,0,0,0,[0|0|0|0|0|0|0|0|0|0|0|0|0|0],编绳缠绕于黑色破布上的防具。\n角人复仇者穿戴的服装。
5070300,破旧兜裆布,1,0,[0|0|0],800071,0,62,62,0,0.002,1250,0,200,1.5,-1,-1,-1,7000,1.1,0,-1,-1,-1,-1,-1,-1,-1,-1,-1,-1,-1,-1,-1,-1,-1,-1,1,1,1,1,1,1,1,1,-1,2790,15545,15545,0,0,0,0,[0|0],0,0,0,0,0,0,0,0,22,22,8,35,0,-1,-1,1,0,6,4,3,1,10,0,[0|0],1,0,0,0,1,0,0,0,0,-1,-1,0,1,1,0,0,1,2,0,0.977,0.985,0.985,0.997,0.929,0.942,0.935,109,50,113,50,108,139,109,139,111,1,0,0.927,0,0,0,0,0,0,0,0,0,0,0,0,0,0,0,0,0,0,0,0,0,0,0,0,0,0,0,0,0,0,0,0,0,0,0,0,[0|0|0|0],0,8,0,0,0,0,0,0,0,0,0,0,0,0,0,0,0,0,0,0,0,1,0,0,0,0,0,0,0,0,0,0,0,0,0,0,0,0,0,0,0,0,0,0,0,0,0,0,0,0,0,0,0,0,0,0,0,0,0,0,0,0,0,0,0,0,0,0,0,0,0,0,0,1,0,0,0,0,0,0,0,0,0,0,0,0,0,0,0,0,0,0,0,0,0,0,0,0,[0|0|0|0|0|0|0|0|0|0|0|0|0|0],以破布制成，\n只能遮掩下体的破旧兜裆布。
5080000,舞娘风帽,1,0,[0|0|0],504120,0,24,24,0,0.001,1050,0,500,1,6508000,-1,-1,7000,1.5,0,-1,-1,-1,-1,-1,-1,-1,-1,-1,-1,-1,-1,-1,-1,-1,-1,1,1,1,1,1,1,1,1,-1,2760,15546,15546,0,0,0,0,[0|0],0,0,0,0,0,0,0,0,15,15,10,26,0,-1,-1,1,0,5,4,0,2,50,0,[0|0],1,1,0,0,0,1,0,0,0,-1,-1,0,1,1,0,0,1,2,0,0.991,0.982,0.998,0.998,0.956,0.956,0.96,109,110,113,110,113,139,139,139,-1,1,0,0.958,0,0,0,0,0,0,0,0,0,0,0,0,0,0,0,0,0,0,0,0,0,0,0,0,0,0,0,0,0,0,0,0,0,0,0,0,[0|0|0|0],0,10,0,0,0,0,0,0,0,0,0,0,0,0,0,0,0,0,0,0,0,0,0,0,0,0,0,0,0,0,0,0,0,0,1,0,1,0,0,1,0,0,0,0,0,0,0,0,0,0,0,0,0,0,0,0,0,0,0,0,0,0,1,1,1,1,1,0,1,1,1,1,0,0,0,0,0,1,0,0,0,0,0,0,0,0,0,0,0,0,0,0,0,0,0,0,0,1,[0|0|0|0|0|0|0|0|0|0|0|0|0|0],拉纳舞娘们穿戴的火红风帽。\n能强化跳舞使出的攻击。\n\n拉纳的舞蹈热情如火──\n其中舞技最精湛的舞娘，\n即使遗忘了自己的名，也不会停止舞动。\n\n只有当生命走到终点，热情才会消散。
5080100,舞娘连身裙,1,0,[0|0|0],603140,0,54,54,100,0.005,1150,0,500,3.2,6508000,-1,-1,7000,1,-0.4,-1,-1,-1,-1,-1,-1,-1,-1,-1,-1,-1,-1,-1,-1,-1,-1,1,1,1,1,1,1,1,1,-1,2760,15547,15547,0,0,0,0,[0|0],0,0,0,0,0,0,0,0,34,34,21,57,0,-1,-1,1,0,2,3,1,2,40,0,[0|0],1,0,1,0,0,0,0,0,0,-1,-1,0,1,1,0,0,1,2,0,0.958,0.939,0.973,0.973,0.874,0.874,0.881,109,50,113,50,113,139,139,139,-1,1,0,0.876,0,0,0,0,0,0,0,0,0,0,0,0,0,0,0,0,0,0,0,0,0,0,0,0,0,0,0,0,0,0,0,0,0,0,0,0,[0|0|0|0],0,21,0,0,0,0,0,1,1,1,1,0,0,0,0,0,0,0,0,0,0,1,0,0,0,0,0,0,0,0,0,0,0,0,0,0,0,0,0,0,0,0,1,0,1,1,0,1,0,1,1,1,1,1,0,1,1,1,1,1,1,1,0,0,0,0,0,0,0,1,1,1,0,0,0,0,0,0,0,0,0,0,0,1,1,1,1,1,1,1,1,1,1,1,1,1,1,0,[0|0|0|0|0|0|0|0|0|0|0|0|0|0],拉纳舞娘们穿戴的火红连身裙。\n能强化跳舞使出的攻击。\n\n拉纳的舞蹈热情如火──\n其中舞技最精湛的舞娘，\n即使遗忘了自己的名，也不会停止舞动。\n\n只有当生命走到终点，热情才会消散。
5080200,舞娘臂甲,1,0,[0|0|0],703070,0,21,21,0,0.001,1150,0,500,1.4,6508000,-1,-1,7000,1.1,0,-1,-1,-1,-1,-1,-1,-1,-1,-1,-1,-1,-1,-1,-1,-1,-1,1,1,1,1,1,1,1,1,-1,2760,15548,15548,0,0,0,0,[0|0],0,0,0,0,0,0,0,0,14,14,8,22,0,-1,-1,1,0,1,4,2,2,40,0,[0|0],1,0,0,1,0,0,0,0,0,-1,-1,0,1,1,0,0,1,2,0,0.987,0.984,0.99,0.99,0.968,0.968,0.969,109,50,106,50,108,139,139,139,-1,1,0,0.969,0,0,0,0,0,0,0,0,0,0,0,0,0,0,0,0,0,0,0,0,0,0,0,0,0,0,0,0,0,0,0,0,0,0,0,0,[0|0|0|0],0,8,0,0,0,0,0,0,0,0,0,0,0,0,0,0,0,0,0,0,0,0,0,0,0,0,1,1,0,1,0,0,0,1,0,0,0,0,0,0,0,0,0,0,0,0,0,0,0,0,0,0,0,0,0,0,0,0,0,0,0,0,0,0,0,0,0,0,0,0,0,0,0,0,0,0,0,0,0,0,0,0,0,0,0,0,0,0,0,0,0,0,0,0,0,0,0,0,[0|0|0|0|0|0|0|0|0|0|0|0|0|0],拉纳舞娘们穿戴的臂甲。\n金属制的护臂。\n\n能强化跳舞使出的攻击。\n\n舞娘们以右手持握舞蹈剑，\n此为保护右手的防具。
5080300,舞娘长裤,1,0,[0|0|0],803090,0,37,37,0,0.003,1250,0,500,2,6508000,-1,-1,7000,1.1,0,-1,-1,-1,-1,-1,-1,-1,-1,-1,-1,-1,-1,-1,-1,-1,-1,1,1,1,1,1,1,1,1,-1,2760,15549,15549,0,0,0,0,[0|0],0,0,0,0,0,0,0,0,24,24,15,39,0,-1,-1,1,0,6,3,3,2,40,0,[0|0],1,0,0,0,1,0,0,0,0,-1,-1,0,1,1,0,0,1,2,0,0.977,0.966,0.985,0.985,0.928,0.928,0.932,109,50,113,50,108,139,113,139,111,1,0,0.929,0,0,0,0,0,0,0,0,0,0,0,0,0,0,0,0,0,0,0,0,0,0,0,0,0,0,0,0,0,0,0,0,0,0,0,0,[0|0|0|0],0,15,0,0,0,0,0,0,0,0,0,0,0,0,0,0,0,0,0,0,0,1,0,0,0,0,0,0,0,0,0,0,0,0,0,0,0,0,0,0,0,0,0,0,0,0,0,0,0,0,0,0,0,0,0,0,0,0,0,0,0,0,0,0,0,0,0,0,0,0,0,0,0,1,0,0,0,0,0,0,0,0,0,0,0,0,0,0,0,0,0,0,0,0,0,0,0,0,[0|0|0|0|0|0|0|0|0|0|0|0|0|0],拉纳舞娘们的暗红色裙子底下，\n穿戴的黑色长裤。\n\n能强化跳舞使出的攻击。
5081100,舞娘连身裙（轻装）,1,0,[0|0|0],603150,0,52,52,100,0.003,1150,0,500,2.4,6508000,-1,-1,7000,1,-0.4,-1,-1,-1,-1,-1,-1,-1,-1,-1,-1,-1,-1,-1,-1,-1,-1,1,1,1,1,1,1,1,1,-1,2761,15550,15550,0,0,0,0,[0|0],0,0,0,0,0,0,0,0,32,32,21,54,0,-1,-1,1,0,2,3,1,2,40,0,[0|0],1,0,1,0,0,0,0,0,0,-1,-1,0,1,1,0,0,1,2,0,0.973,0.947,0.994,0.994,0.876,0.876,0.886,109,50,113,50,113,139,139,139,-1,1,0,0.881,0,0,0,0,0,0,0,0,0,0,0,0,0,0,0,0,0,0,0,0,0,0,0,0,0,0,0,0,0,0,0,0,0,0,0,0,[0|0|0|0],0,21,0,0,0,0,0,1,1,1,1,0,0,0,0,0,0,0,0,0,0,1,0,0,0,0,0,0,0,0,0,0,0,0,0,0,0,0,0,0,0,0,0,1,1,1,0,1,0,1,1,1,1,1,0,1,1,1,1,1,1,1,0,0,0,0,0,0,0,1,1,1,0,0,0,0,0,0,0,0,0,0,0,0,0,0,0,0,0,0,0,0,0,0,0,0,0,0,[0|0|0|0|0|0|0|0|0|0|0|0|0|0],拉纳舞娘们的暗红色裙子底下，\n穿戴的黑色贴身裙。\n\n能强化跳舞使出的攻击。
5090000,黑夜头盔,1,0,[0|0|0],506201,0,20,20,0,0.004,1050,0,500,3,-1,-1,-1,7000,1.5,0,-1,-1,-1,-1,-1,-1,-1,-1,-1,-1,-1,-1,-1,-1,-1,-1,1,1,1,1,1,1,1,1,-1,2780,15551,15551,0,0,0,0,[0|0],0,0,0,0,0,0,0,0,23,23,14,20,0,-1,-1,1,0,5,4,0,2,70,0,[0|0],1,1,0,0,0,1,0,0,0,-1,-1,0,1,1,0,0,1,2,0,0.975,0.972,0.975,0.972,0.956,0.966,0.966,109,110,106,110,113,139,139,139,-1,1,0,0.955,0,0,0,0,0,0,0,0,0,0,0,0,0,0,0,0,0,0,0,0,0,0,0,0,0,0,0,0,0,0,0,0,0,0,0,0,[0|0|0|0],0,14,1,1,1,1,1,0,0,0,0,0,0,0,0,0,0,0,0,1,0,0,0,0,0,1,0,0,0,0,0,0,0,0,1,0,0,0,0,1,0,0,0,0,0,0,0,0,0,0,0,0,0,0,0,0,0,0,0,0,0,0,1,1,1,1,1,1,1,1,1,1,0,0,0,0,0,1,1,0,1,1,1,0,0,0,0,0,0,0,0,0,0,0,0,0,0,0,[0|0|0|0|0|0|0|0|0|0|0|0|0|0],冰冷的暗黑头盔。\n表面雕有类似指纹的线形纹路，\n能将穿戴者关进无光黑暗之中。\n\n诞生自地底深处的人们，\n会在收下此物之后，成为黑夜剑士。
5090100,黑夜铠甲,1,0,[0|0|0],606161,0,46,46,100,0.012,1150,0,500,7.1,-1,-1,-1,7000,1,-0.4,-1,-1,-1,-1,-1,-1,-1,-1,-1,-1,-1,-1,-1,-1,-1,-1,1,1,1,1,1,1,1,1,-1,2780,15552,15552,0,0,0,0,[0|0],0,0,0,0,0,0,0,0,55,55,32,46,0,-1,-1,1,0,2,4,1,2,70,0,[0|0],1,0,1,0,0,0,0,0,0,-1,-1,0,1,1,0,0,1,2,0,0.929,0.92,0.929,0.92,0.876,0.905,0.905,109,50,106,50,113,139,139,139,-1,1,0,0.874,0,0,0,0,0,0,0,0,0,0,0,0,0,0,0,0,0,0,0,0,0,0,0,0,0,0,0,0,0,0,0,0,0,0,0,0,[0|0|0|0],0,32,0,0,0,0,0,1,1,1,1,1,1,0,0,0,0,0,0,0,0,1,1,1,0,0,0,0,0,0,0,0,0,0,0,0,0,0,0,0,0,0,1,1,0,1,1,0,1,0,1,1,1,1,0,0,1,1,1,1,0,1,0,0,0,0,0,0,1,0,1,1,1,0,0,1,0,0,0,1,0,0,0,0,0,0,0,0,0,0,0,0,0,0,0,0,0,0,[0|0|0|0|0|0|0|0|0|0|0|0|0|0],冰冷的暗黑铠甲。\n表面雕有类似指纹的线形纹路，\n能将穿戴者关进无光黑暗之中。\n\n诞生自地底深处的人们，\n会在收下此物之后，成为黑夜剑士。
5090200,黑夜臂甲,1,0,[0|0|0],705181,0,15,15,0,0.003,1150,0,500,2.4,-1,-1,-1,7000,1.1,0,-1,-1,-1,-1,-1,-1,-1,-1,-1,-1,-1,-1,-1,-1,-1,-1,1,1,1,1,1,1,1,1,-1,2780,15553,15553,0,0,0,0,[0|0],0,0,0,0,0,0,0,0,18,18,11,15,0,-1,-1,1,0,1,4,2,2,60,0,[0|0],1,0,0,1,0,0,0,0,0,-1,-1,0,1,1,0,0,1,2,0,0.983,0.981,0.983,0.981,0.969,0.977,0.977,109,50,106,50,108,139,139,139,-1,1,0,0.969,0,0,0,0,0,0,0,0,0,0,0,0,0,0,0,0,0,0,0,0,0,0,0,0,0,0,0,0,0,0,0,0,0,0,0,0,[0|0|0|0],0,11,0,0,0,0,0,0,0,0,0,0,0,1,0,1,0,0,0,0,1,0,0,0,0,0,1,1,0,0,1,1,0,1,0,0,0,0,0,0,0,0,0,0,0,0,0,0,0,0,0,0,0,0,0,0,0,0,0,0,0,0,0,0,0,0,0,0,0,0,0,0,0,0,0,0,0,0,0,0,0,0,0,0,0,0,0,0,0,0,0,0,0,0,0,0,0,0,[0|0|0|0|0|0|0|0|0|0|0|0|0|0],冰冷的暗黑臂甲。\n表面雕有类似指纹的线形纹路，\n能将穿戴者关进无光黑暗之中。\n\n诞生自地底深处的人们，\n会在收下此物之后，成为黑夜剑士。
5090300,黑夜腿甲,1,0,[0|0|0],805171,0,29,29,0,0.007,1250,0,500,4.4,-1,-1,-1,7000,1.1,0,-1,-1,-1,-1,-1,-1,-1,-1,-1,-1,-1,-1,-1,-1,-1,-1,1,1,1,1,1,1,1,1,-1,2780,15554,15554,0,0,0,0,[0|0],0,0,0,0,0,0,0,0,34,34,20,29,0,-1,-1,1,0,6,4,3,2,60,0,[0|0],1,0,0,0,1,0,0,0,0,-1,-1,0,1,1,0,0,1,2,0,0.96,0.955,0.96,0.955,0.929,0.946,0.946,109,50,106,50,108,139,106,139,111,1,0,0.928,0,0,0,0,0,0,0,0,0,0,0,0,0,0,0,0,0,0,0,0,0,0,0,0,0,0,0,0,0,0,0,0,0,0,0,0,[0|0|0|0],0,20,0,0,0,0,0,0,0,0,0,0,0,0,1,0,1,1,1,0,0,1,0,0,0,0,0,0,0,0,0,0,0,0,0,0,0,0,0,0,0,0,0,0,0,0,0,0,0,0,0,0,0,0,0,0,0,0,0,0,0,0,0,0,0,0,0,0,0,0,0,0,0,0,1,0,0,0,0,0,0,0,0,0,0,0,0,0,0,0,0,0,0,0,0,0,0,0,[0|0|0|0|0|0|0|0|0|0|0|0|0|0],冰冷的暗黑腿甲。\n表面雕有类似指纹的线形纹路，\n能将穿戴者关进无光黑暗之中。\n\n诞生自地底深处的人们，\n会在收下此物之后，成为黑夜剑士。
5100000,埃贡头盔,1,0,[0|0|0],505150,0,22,22,0,0.005,1050,0,500,3.3,-1,-1,-1,7000,1.5,0,-1,-1,-1,-1,-1,-1,-1,-1,-1,-1,-1,-1,-1,-1,-1,-1,1,1,1,1,1,1,1,1,-1,2850,15555,15555,0,0,0,0,[0|0],0,0,0,0,0,0,0,0,26,26,16,22,0,-1,-1,1,0,5,4,0,1,60,0,[0|0],1,1,0,0,0,1,0,0,0,-1,-1,0,1,1,0,0,1,2,0,0.969,0.969,0.966,0.969,0.964,0.962,0.96,109,110,113,110,113,139,139,139,-1,1,0,0.964,0,0,0,0,0,0,0,0,0,0,0,0,0,0,0,0,0,0,0,0,0,0,0,0,0,0,0,0,0,0,0,0,0,0,0,0,[0|0|0|0],0,16,0,1,1,1,1,0,0,0,0,0,0,0,0,0,0,0,0,0,0,0,0,0,0,0,0,0,0,0,0,0,0,0,1,0,1,0,0,1,0,0,0,0,0,0,0,0,0,0,0,0,0,0,0,0,0,0,0,0,0,0,1,1,1,1,1,1,1,1,1,1,0,0,0,0,0,1,1,0,1,1,1,0,0,0,0,0,0,0,0,0,0,0,0,0,0,1,[0|0|0|0|0|0|0|0|0|0|0|0|0|0],蒙受毁坏的龙战士，埃贡的头盔。\n用盔甲残片拼凑成的防具，\n上头戴着破旧的圆锥形帽子。\n\n穷酸的战场拾荒者，\n因为龙飨得到了尊严。
5100100,埃贡铠甲,1,0,[0|0|0],604210,0,50,50,100,0.017,1150,0,500,8,-1,-1,-1,7000,1,-0.4,-1,-1,-1,-1,-1,-1,-1,-1,-1,-1,-1,-1,-1,-1,-1,-1,1,1,1,1,1,1,1,1,-1,2850,15556,15556,0,0,0,0,[0|0],0,0,0,0,0,0,0,0,57,57,38,50,0,-1,-1,1,0,2,4,1,1,50,0,[0|0],1,0,1,0,0,0,0,0,0,-1,-1,0,1,1,0,0,1,2,0,0.905,0.905,0.898,0.905,0.891,0.886,0.881,109,50,108,50,113,139,139,139,-1,1,0,0.891,0,0,0,0,0,0,0,0,0,0,0,0,0,0,0,0,0,0,0,0,0,0,0,0,0,0,0,0,0,0,0,0,0,0,0,0,[0|0|0|0],0,38,0,0,0,0,0,0,1,0,0,0,0,0,0,0,0,0,0,0,0,1,0,0,0,0,0,0,0,0,0,0,0,0,0,0,0,0,0,0,0,0,1,1,1,0,1,0,1,1,0,1,1,0,1,0,1,1,1,1,0,1,0,0,0,0,0,0,1,1,0,1,1,0,0,1,0,0,0,0,0,0,0,1,1,1,1,1,1,1,1,1,1,1,1,1,1,0,[0|0|0|0|0|0|0|0|0|0|0|0|0|0],蒙受毁坏的龙战士，埃贡的铠甲。\n用盔甲残片拼凑成的防具，\n背上背着骯脏的行李。\n\n穷酸的战场拾荒者，\n因为龙飨得到了尊严。
5100200,埃贡臂甲,1,0,[0|0|0],704070,0,18,18,0,0.004,1150,0,500,2.8,-1,-1,-1,7000,1.1,0,-1,-1,-1,-1,-1,-1,-1,-1,-1,-1,-1,-1,-1,-1,-1,-1,1,1,1,1,1,1,1,1,-1,2850,15557,15557,0,0,0,0,[0|0],0,0,0,0,0,0,0,0,21,21,14,18,0,-1,-1,1,0,1,4,2,1,50,0,[0|0],1,0,0,1,0,0,0,0,0,-1,-1,0,1,1,0,0,1,2,0,0.977,0.977,0.975,0.977,0.973,0.972,0.971,109,50,144,50,144,139,139,139,-1,1,0,0.973,0,0,0,0,0,0,0,0,0,0,0,0,0,0,0,0,0,0,0,0,0,0,0,0,0,0,0,0,0,0,0,0,0,0,0,0,[0|0|0|0],0,14,0,0,0,0,0,0,0,0,0,0,0,1,0,1,0,0,0,0,1,0,0,0,0,0,1,0,1,0,1,1,0,1,0,0,0,0,0,0,0,0,0,0,0,0,0,0,0,0,0,0,0,0,0,0,0,0,0,0,0,0,0,0,0,0,0,0,0,0,0,0,0,0,0,0,0,0,0,0,0,0,0,0,0,0,0,0,0,0,0,0,0,0,0,0,0,0,[0|0|0|0|0|0|0|0|0|0|0|0|0|0],蒙受毁坏的龙战士，埃贡的臂甲。\n\n搜刮自战场尸体，\n以形状不一的铠甲残片拼凑而成。
5100300,埃贡腰巾,1,0,[0|0|0],804080,0,26,26,0,0.008,1250,0,500,3.9,-1,-1,-1,7000,1.1,0,-1,-1,-1,-1,-1,-1,-1,-1,-1,-1,-1,-1,-1,-1,-1,-1,1,1,1,1,1,1,1,1,-1,2850,15558,15558,0,0,0,0,[0|0],0,0,0,0,0,0,0,0,34,34,20,26,0,-1,-1,1,0,6,4,3,1,50,0,[0|0],1,0,0,0,1,0,0,0,0,-1,-1,0,1,1,0,0,1,2,0,0.96,0.96,0.955,0.96,0.95,0.946,0.942,109,50,113,50,113,139,109,139,111,1,0,0.95,0,0,0,0,0,0,0,0,0,0,0,0,0,0,0,0,0,0,0,0,0,0,0,0,0,0,0,0,0,0,0,0,0,0,0,0,[0|0|0|0],0,20,0,0,0,0,0,0,0,0,0,0,0,0,1,0,0,0,0,0,0,1,0,0,0,0,0,0,0,0,0,0,0,0,0,0,0,0,0,0,0,0,0,0,0,0,0,0,0,0,0,0,0,0,0,0,0,0,0,0,0,0,0,0,0,0,0,0,0,0,0,0,0,0,1,0,0,0,0,0,0,0,0,0,0,0,0,0,0,0,0,0,0,0,0,0,0,0,[0|0|0|0|0|0|0|0|0|0|0|0|0|0],蒙受毁坏的龙战士，埃贡的腰巾。\n\n搜刮自战场尸体的碎布，\n仍散发出阵阵恶臭。
5101000,埃贡头盔（轻装）,1,0,[0|0|0],505160,0,20,20,0,0.005,1050,0,500,3,-1,-1,-1,7000,1.5,0,-1,-1,-1,-1,-1,-1,-1,-1,-1,-1,-1,-1,-1,-1,-1,-1,1,1,1,1,1,1,1,1,-1,2851,15559,15559,0,0,0,0,[0|0],0,0,0,0,0,0,0,0,24,24,15,20,0,-1,-1,1,0,5,4,0,1,60,0,[0|0],1,1,0,0,0,1,0,0,0,-1,-1,0,1,1,0,0,1,2,0,0.972,0.972,0.969,0.972,0.966,0.964,0.962,109,110,113,110,113,139,139,139,-1,1,0,0.966,0,0,0,0,0,0,0,0,0,0,0,0,0,0,0,0,0,0,0,0,0,0,0,0,0,0,0,0,0,0,0,0,0,0,0,0,[0|0|0|0],0,15,0,1,1,1,1,0,0,0,0,0,0,0,0,0,0,0,0,0,0,0,0,0,0,0,0,0,0,0,0,0,0,0,1,0,1,0,0,1,0,0,0,0,0,0,0,0,0,0,0,0,0,0,0,0,0,0,0,0,0,0,1,1,1,1,1,1,1,1,1,1,0,0,0,0,0,1,1,0,1,1,1,0,0,0,0,0,0,0,0,0,0,0,0,0,0,1,[0|0|0|0|0|0|0|0|0|0|0|0|0|0],蒙受毁坏的龙战士，埃贡的头盔。\n用盔甲残片拼凑，再用破布补强的防具。\n\n穷酸的战场拾荒者，\n因为龙飨得到了尊严。
5101100,埃贡铠甲（轻装）,1,0,[0|0|0],604220,0,45,45,100,0.016,1150,0,500,7.7,-1,-1,-1,7000,1,-0.4,-1,-1,-1,-1,-1,-1,-1,-1,-1,-1,-1,-1,-1,-1,-1,-1,1,1,1,1,1,1,1,1,-1,2851,15560,15560,0,0,0,0,[0|0],0,0,0,0,0,0,0,0,54,54,34,45,0,-1,-1,1,0,2,4,1,1,50,0,[0|0],1,0,1,0,0,0,0,0,0,-1,-1,0,1,1,0,0,1,2,0,0.912,0.912,0.905,0.912,0.898,0.891,0.886,109,50,108,50,113,139,139,139,-1,1,0,0.898,0,0,0,0,0,0,0,0,0,0,0,0,0,0,0,0,0,0,0,0,0,0,0,0,0,0,0,0,0,0,0,0,0,0,0,0,[0|0|0|0],0,34,0,0,0,0,0,0,1,0,0,0,0,0,0,0,0,0,0,0,0,1,0,0,0,0,0,0,0,0,0,0,0,0,0,0,0,0,0,0,0,0,1,1,1,0,1,0,1,1,0,1,1,0,1,0,1,1,1,1,0,1,0,0,0,0,0,0,1,1,0,1,1,0,0,1,0,0,0,0,0,0,0,0,0,0,0,0,0,0,0,0,0,0,0,0,0,0,[0|0|0|0|0|0|0|0|0|0|0|0|0|0],蒙受毁坏的龙战士，埃贡的铠甲。\n用盔甲残片拼凑，再用破布补强的防具。\n\n穷酸的战场拾荒者，\n因为龙飨得到了尊严。
5102100,,1,0,[0|0|0],9999999,0,50,50,100,0.017,1150,0,500,8.1,-1,-1,-1,7000,1,-0.4,-1,-1,-1,-1,-1,-1,-1,-1,-1,-1,-1,-1,-1,-1,-1,-1,1,1,1,1,1,1,1,1,-1,2852,13901,13901,0,0,0,0,[0|0],0,0,0,0,0,0,0,0,57,57,38,50,0,-1,-1,1,0,2,4,1,0,255,0,[0|0],1,0,1,0,0,0,0,0,0,-1,-1,0,1,0,0,0,1,2,0,0.906,0.906,0.899,0.906,0.892,0.887,0.882,109,50,113,50,113,139,139,139,-1,1,0,0.892,0,0,0,0,0,0,0,0,0,0,0,0,0,0,0,0,0,0,0,0,0,0,0,0,0,0,0,0,0,0,0,0,0,0,0,0,[0|0|0|0],0,38,0,0,0,0,0,0,1,0,1,0,0,0,0,0,0,0,0,0,0,1,0,0,0,0,0,0,0,0,0,0,0,0,0,0,0,0,0,0,0,0,1,1,1,0,1,0,1,1,0,1,1,0,1,0,1,1,0,1,0,1,0,0,0,0,0,0,1,1,0,1,1,0,0,1,0,0,0,0,0,0,0,1,1,1,1,1,1,1,1,1,1,1,1,1,1,0,[0|0|0|0|0|0|0|0|0|0|0|0|0|0],
5102200,,1,0,[0|0|0],9999999,0,18,18,0,0.004,1150,0,500,2.8,-1,-1,-1,7000,1.1,0,-1,-1,-1,-1,-1,-1,-1,-1,-1,-1,-1,-1,-1,-1,-1,-1,1,1,1,1,1,1,1,1,-1,2852,13902,13902,0,0,0,0,[0|0],0,0,0,0,0,0,0,0,21,21,14,18,0,-1,-1,1,0,1,4,2,0,255,0,[0|0],1,0,0,1,0,0,0,0,0,-1,-1,0,1,0,0,0,1,2,0,0.977,0.977,0.975,0.977,0.973,0.972,0.971,109,50,144,50,144,139,139,139,-1,1,0,0.973,0,0,0,0,0,0,0,0,0,0,0,0,0,0,0,0,0,0,0,0,0,0,0,0,0,0,0,0,0,0,0,0,0,0,0,0,[0|0|0|0],0,14,0,0,0,0,0,0,0,0,0,0,0,1,0,1,0,0,0,0,1,0,0,0,0,0,1,0,1,0,1,1,0,1,0,0,0,0,0,0,0,0,0,0,0,0,0,0,0,0,0,0,0,0,0,0,0,0,0,0,0,0,0,0,0,0,0,0,0,0,0,0,0,0,0,0,0,0,0,0,0,0,0,0,0,0,0,0,0,0,0,0,0,0,0,0,0,0,[0|0|0|0|0|0|0|0|0|0|0|0|0|0],
5102300,,1,0,[0|0|0],9999999,0,26,26,0,0.008,1250,0,500,3.9,-1,-1,-1,7000,1.1,0,-1,-1,-1,-1,-1,-1,-1,-1,-1,-1,-1,-1,-1,-1,-1,-1,1,1,1,1,1,1,1,1,-1,2852,13903,13903,0,0,0,0,[0|0],0,0,0,0,0,0,0,0,34,34,20,26,0,-1,-1,1,0,6,4,3,0,255,0,[0|0],1,0,0,0,1,0,0,0,0,-1,-1,0,1,0,0,0,1,2,0,0.96,0.96,0.955,0.96,0.95,0.946,0.942,109,50,109,50,113,139,139,139,111,1,0,0.95,0,0,0,0,0,0,0,0,0,0,0,0,0,0,0,0,0,0,0,0,0,0,0,0,0,0,0,0,0,0,0,0,0,0,0,0,[0|0|0|0],0,20,0,0,0,0,0,0,0,0,0,0,0,0,0,1,0,0,0,0,0,1,0,0,0,0,0,0,0,0,0,0,0,0,0,0,0,0,0,0,0,0,0,0,0,0,0,0,0,0,0,0,0,0,0,0,0,0,0,0,0,0,0,0,0,0,0,0,0,0,0,0,0,0,1,0,0,0,0,0,0,0,0,0,0,0,0,0,0,0,0,0,0,0,0,0,0,0,[0|0|0|0|0|0|0|0|0|0|0|0|0|0],
5110000,老贤者面具,1,0,[0|0|0],502110,0,9,9,0,0.007,1050,0,500,4,6511000,-1,-1,7000,1.5,0,-1,-1,-1,-1,-1,-1,-1,-1,-1,-1,-1,-1,-1,-1,-1,-1,1,1,1,1,1,1,1,1,-1,2800,15561,15561,0,0,0,0,[0|0],0,0,0,0,0,0,0,0,11,11,24,10,0,-1,-1,1,0,5,4,0,2,30,0,[0|0],1,1,0,0,0,1,0,0,0,-1,-1,0,1,1,0,0,1,2,0,0.958,0.956,0.964,0.96,0.969,0.96,0.977,109,110,106,110,113,139,139,139,-1,1,0,0.969,0,0,0,0,0,0,0,0,0,0,0,0,0,0,0,0,0,0,0,0,0,0,0,0,0,0,0,0,0,0,0,0,0,0,0,0,[0|0|0|0],0,24,1,1,1,1,1,0,0,0,0,0,0,0,0,0,0,0,0,1,0,0,0,0,0,0,0,0,0,0,0,0,0,0,1,0,1,0,0,1,0,0,0,0,0,0,0,0,0,0,0,0,0,0,0,0,0,0,0,0,0,0,1,1,1,1,1,1,1,1,1,1,0,0,0,0,0,1,1,0,1,1,1,0,0,0,0,0,0,0,0,0,0,0,0,0,0,1,[0|0|0|0|0|0|0|0|0|0|0|0|0|0],老兵安帕赫的铁制面具。\n以沉静的蓄胡老贤者形象制成。\n\n然而藏在这副面具底下的，\n是心中的恐惧、锻炼有成的身手，\n以及挺身对抗的意志。\n\n能强化血盟的战技与王朝的招式。
5110100,安帕赫上衣,1,0,[0|0|0],602161,0,76,76,100,0.012,1150,0,500,5.1,6511010,-1,-1,7000,1,-0.4,-1,-1,-1,-1,-1,-1,-1,-1,-1,-1,-1,-1,-1,-1,-1,-1,1,1,1,1,1,1,1,1,-1,2800,15562,15562,0,0,0,0,[0|0],0,0,0,0,0,0,0,0,38,38,25,90,0,-1,-1,1,0,2,4,1,2,30,0,[0|0],1,0,1,0,0,0,0,0,0,-1,-1,0,1,1,0,0,1,2,0,0.947,0.939,0.939,0.958,0.87,0.87,0.874,109,50,113,50,113,139,139,139,-1,1,0,0.87,0,0,0,0,0,0,0,0,0,0,0,0,0,0,0,0,0,0,0,0,0,0,0,0,0,0,0,0,0,0,0,0,0,0,0,0,[0|0|0|0],0,25,0,0,0,0,0,1,1,1,1,1,1,0,0,0,0,0,0,0,0,1,1,1,0,0,0,0,0,0,0,0,0,0,0,0,0,0,0,0,0,0,1,1,0,1,1,0,1,1,0,1,1,1,0,1,0,1,1,1,0,1,0,0,0,0,0,0,1,0,1,1,1,0,0,1,0,0,0,1,0,0,0,1,1,1,1,1,1,1,1,1,1,1,1,1,1,0,[0|0|0|0|0|0|0|0|0|0|0|0|0|0],老兵安帕赫的上衣。\n原有的纯血骑士徽章刺绣，已斑驳难辨。\n\n能些微强化血盟的战技与王朝的招式。\n\n安帕赫心里明白──\n自己向着过去主人的忠诚，\n既不通情理，也不存在任何正义。\n\n但正因为如此，他无法舍弃那份忠诚。
5110200,安帕赫腕套,1,0,[0|0|0],702050,0,25,25,0,0.003,1150,0,500,1.7,6511010,-1,-1,7000,1.1,0,-1,-1,-1,-1,-1,-1,-1,-1,-1,-1,-1,-1,-1,-1,-1,-1,1,1,1,1,1,1,1,1,-1,2800,15563,15563,0,0,0,0,[0|0],0,0,0,0,0,0,0,0,13,13,8,30,0,-1,-1,1,0,1,4,2,2,30,0,[0|0],1,0,0,1,0,0,0,0,0,-1,-1,0,1,1,0,0,1,2,0,0.987,0.985,0.985,0.99,0.968,0.968,0.969,109,50,108,50,108,139,139,139,-1,1,0,0.968,0,0,0,0,0,0,0,0,0,0,0,0,0,0,0,0,0,0,0,0,0,0,0,0,0,0,0,0,0,0,0,0,0,0,0,0,[0|0|0|0],0,8,0,0,0,0,0,0,0,0,0,0,1,0,0,0,0,0,0,0,0,0,0,0,0,0,1,0,1,0,1,1,0,1,0,0,0,0,0,0,0,0,0,0,0,0,0,0,0,0,0,0,0,0,0,0,0,0,0,0,0,0,0,0,0,0,0,0,0,0,0,0,0,0,0,0,0,0,0,0,0,0,0,0,0,0,0,0,0,0,0,0,0,0,0,0,0,0,[0|0|0|0|0|0|0|0|0|0|0|0|0|0],老兵安帕赫的腕套。\n在黑色皮革缀以金色刺绣的防具。\n\n能些微强化血盟的战技与王朝的招式。
5110300,安帕赫靴子,1,0,[0|0|0],802081,0,47,47,0,0.007,1250,0,500,3.1,6511010,-1,-1,7000,1.1,0,-1,-1,-1,-1,-1,-1,-1,-1,-1,-1,-1,-1,-1,-1,-1,-1,1,1,1,1,1,1,1,1,-1,2800,15564,15564,0,0,0,0,[0|0],0,0,0,0,0,0,0,0,24,24,16,56,0,-1,-1,1,0,6,4,3,2,30,0,[0|0],1,0,0,0,1,0,0,0,0,-1,-1,0,1,1,0,0,1,2,0,0.97,0.966,0.966,0.977,0.926,0.926,0.928,109,50,108,50,108,139,108,139,111,1,0,0.926,0,0,0,0,0,0,0,0,0,0,0,0,0,0,0,0,0,0,0,0,0,0,0,0,0,0,0,0,0,0,0,0,0,0,0,0,[0|0|0|0],0,16,0,0,0,0,0,0,0,0,0,0,0,0,1,0,1,1,1,0,0,1,0,0,0,0,0,0,0,0,0,0,0,0,0,0,0,0,0,0,0,0,0,0,0,0,0,0,0,0,0,0,0,0,0,0,0,0,0,0,0,0,0,0,0,0,0,0,0,0,0,0,0,0,1,0,0,0,0,0,0,0,0,0,0,0,0,0,0,0,0,0,0,0,0,0,0,0,[0|0|0|0|0|0|0|0|0|0|0|0|0|0],老兵安帕赫的靴子。\n在黑色皮革缀以金色刺绣的防具。\n\n能些微强化血盟的战技与王朝的招式。
5111100,安帕赫上衣（轻装）,1,0,[0|0|0],602162,0,67,67,100,0.01,1150,0,500,4.1,6511010,-1,-1,7000,1,-0.4,-1,-1,-1,-1,-1,-1,-1,-1,-1,-1,-1,-1,-1,-1,-1,-1,1,1,1,1,1,1,1,1,-1,2801,15565,15565,0,0,0,0,[0|0],0,0,0,0,0,0,0,0,35,35,25,76,0,-1,-1,1,0,2,4,1,2,30,0,[0|0],1,0,1,0,0,0,0,0,0,-1,-1,0,1,1,0,0,1,2,0,0.958,0.947,0.947,0.973,0.872,0.872,0.876,109,50,113,50,113,139,139,139,-1,1,0,0.872,0,0,0,0,0,0,0,0,0,0,0,0,0,0,0,0,0,0,0,0,0,0,0,0,0,0,0,0,0,0,0,0,0,0,0,0,[0|0|0|0],0,25,0,0,0,0,0,1,1,1,1,1,0,0,0,0,0,0,0,0,0,1,1,1,0,0,0,0,0,0,0,0,0,0,0,0,0,0,0,0,0,0,1,0,1,1,1,0,1,0,1,1,1,1,0,1,0,1,1,1,0,1,0,0,0,0,0,0,0,1,1,1,0,0,0,1,0,0,0,1,0,0,0,0,0,0,0,0,0,0,0,0,0,0,0,0,0,0,[0|0|0|0|0|0|0|0|0|0|0|0|0|0],老兵安帕赫的上衣。\n在黑色上衣缀以金色刺绣的防具。\n\n能些微强化血盟的战技与王朝的招式。
5120000,弗蕾亚头盔,1,0,[0|0|0],506131,0,9,9,0,0.008,1050,0,500,5.8,-1,-1,-1,7000,1.5,0,-1,-1,-1,-1,-1,-1,-1,-1,-1,-1,-1,-1,-1,-1,-1,-1,1,1,1,1,1,1,1,1,-1,2810,15566,15566,0,0,0,0,[0|0],0,0,0,0,0,0,0,0,13,13,28,12,0,-1,-1,1,0,5,4,0,2,70,0,[0|0],1,1,0,0,0,1,0,0,0,-1,-1,0,1,1,0,0,1,2,0,0.945,0.952,0.958,0.952,0.96,0.958,0.962,109,110,106,110,113,139,139,139,-1,1,0,0.958,0,0,0,0,0,0,0,0,0,0,0,0,0,0,0,0,0,0,0,0,0,0,0,0,0,0,0,0,0,0,0,0,0,0,0,0,[0|0|0|0],0,28,1,1,1,1,1,0,0,0,0,0,0,0,0,0,0,0,0,1,0,0,0,0,0,1,0,0,0,0,0,0,0,0,1,0,0,0,0,1,0,0,0,0,0,0,0,0,0,0,0,0,0,0,0,0,0,0,0,0,0,0,1,1,1,1,1,1,1,1,1,1,0,0,0,0,0,1,1,0,1,1,1,0,0,0,0,0,0,0,0,0,0,0,0,0,0,0,[0|0|0|0|0|0|0|0|0|0|0|0|0|0],拉塔恩将军的禁卫骑士──\n“红狮子”弗蕾亚的黄金头盔。\n\n颜面部位有一道丑陋的猩红伤痕。\n\n在过去，米凯拉吻上那道伤痕──\n从那之后，伤痕就成了不会消失的引导。
5120100,弗蕾亚铠甲,1,0,[0|0|0],606081,0,10,10,100,0.019,1150,0,500,9.7,-1,-1,-1,7000,1,-0.4,-1,-1,-1,-1,-1,-1,-1,-1,-1,-1,-1,-1,-1,-1,-1,-1,1,1,1,1,1,1,1,1,-1,2810,15567,15567,0,0,0,0,[0|0],0,0,0,0,0,0,0,0,22,22,54,22,0,-1,-1,1,0,2,3,1,2,70,0,[0|0],1,0,1,0,0,0,0,0,0,-1,-1,0,1,1,0,0,1,2,0,0.865,0.886,0.905,0.886,0.912,0.905,0.92,109,50,106,50,113,139,139,139,-1,1,0,0.905,0,0,0,0,0,0,0,0,0,0,0,0,0,0,0,0,0,0,0,0,0,0,0,0,0,0,0,0,0,0,0,0,0,0,0,0,[0|0|0|0],0,54,0,0,0,0,0,0,1,0,0,0,0,0,0,0,0,0,0,0,0,1,0,1,0,0,0,0,0,0,0,0,0,0,0,0,0,0,0,0,0,0,1,0,1,1,0,1,1,1,1,0,1,1,0,0,1,1,1,1,0,1,0,0,0,0,0,0,1,1,1,0,0,0,0,1,0,0,0,0,0,0,0,1,1,1,1,1,1,1,1,1,1,1,1,1,1,0,[0|0|0|0|0|0|0|0|0|0|0|0|0|0],拉塔恩将军的禁卫骑士──\n“红狮子”弗蕾亚的黄金铠甲。\n铠甲上披着黑羊毛斗篷。\n\n弗蕾亚原先是剑斗士，\n据说年轻时期的拉塔恩看中她的勇猛，\n网罗她作为禁卫骑士。
5120200,弗蕾亚臂甲,1,0,[0|0|0],705131,0,4,4,0,0.004,1150,0,500,3.1,-1,-1,-1,7000,1.1,0,-1,-1,-1,-1,-1,-1,-1,-1,-1,-1,-1,-1,-1,-1,-1,-1,1,1,1,1,1,1,1,1,-1,2810,15568,15568,0,0,0,0,[0|0],0,0,0,0,0,0,0,0,8,8,20,8,0,-1,-1,1,0,1,4,2,2,60,0,[0|0],1,0,0,1,0,0,0,0,0,-1,-1,0,1,1,0,0,1,2,0,0.967,0.972,0.977,0.972,0.979,0.977,0.981,109,50,108,50,108,139,139,139,-1,1,0,0.977,0,0,0,0,0,0,0,0,0,0,0,0,0,0,0,0,0,0,0,0,0,0,0,0,0,0,0,0,0,0,0,0,0,0,0,0,[0|0|0|0],0,20,0,0,0,0,0,0,0,0,0,0,1,1,0,1,0,0,0,0,1,0,0,0,0,0,0,1,1,0,1,1,1,0,0,0,0,0,0,0,0,0,0,0,0,0,0,0,0,0,0,0,0,0,0,0,0,0,0,0,0,0,0,0,0,0,0,0,0,0,0,0,0,0,0,0,0,0,0,0,0,0,0,0,0,0,0,0,0,0,0,0,0,0,0,0,0,0,[0|0|0|0|0|0|0|0|0|0|0|0|0|0],拉塔恩将军的禁卫骑士──\n“红狮子”弗蕾亚的黄金臂甲。\n\n弗蕾亚原先是剑斗士，\n据说年轻时期的拉塔恩看中她的勇猛，\n网罗她作为禁卫骑士。
5120300,弗蕾亚腿甲,1,0,[0|0|0],805121,0,7,7,0,0.011,1250,0,500,5.7,-1,-1,-1,7000,1.1,0,-1,-1,-1,-1,-1,-1,-1,-1,-1,-1,-1,-1,-1,-1,-1,-1,1,1,1,1,1,1,1,1,-1,2810,15569,15569,0,0,0,0,[0|0],0,0,0,0,0,0,0,0,16,16,37,15,0,-1,-1,1,0,6,3,3,2,60,0,[0|0],1,0,0,0,1,0,0,0,0,-1,-1,0,1,1,0,0,1,2,0,0.923,0.935,0.946,0.935,0.95,0.946,0.955,109,50,108,50,108,139,108,139,111,1,0,0.946,0,0,0,0,0,0,0,0,0,0,0,0,0,0,0,0,0,0,0,0,0,0,0,0,0,0,0,0,0,0,0,0,0,0,0,0,[0|0|0|0],0,37,0,0,0,0,0,0,0,0,0,0,0,0,0,0,0,0,0,0,0,1,0,0,0,0,0,0,0,0,0,0,0,0,0,0,0,0,0,0,0,0,0,0,0,0,0,0,0,0,0,0,0,0,0,0,0,0,0,0,0,0,0,0,0,0,0,0,0,0,0,0,0,0,1,0,0,0,0,0,0,0,0,0,0,0,0,0,0,0,0,0,0,0,0,0,0,0,[0|0|0|0|0|0|0|0|0|0|0|0|0|0],拉塔恩将军的禁卫骑士──\n“红狮子”弗蕾亚的腿甲。\n\n弗蕾亚原先是剑斗士，\n据说年轻时期的拉塔恩看中她的勇猛，\n网罗她作为禁卫骑士。
5121100,弗蕾亚铠甲（轻装）,1,0,[0|0|0],606082,0,0,0,100,0.017,1150,0,500,9.3,-1,-1,-1,7000,1,-0.4,-1,-1,-1,-1,-1,-1,-1,-1,-1,-1,-1,-1,-1,-1,-1,-1,1,1,1,1,1,1,1,1,-1,2811,15570,15570,0,0,0,0,[0|0],0,0,0,0,0,0,0,0,21,21,52,21,0,-1,-1,1,0,2,3,1,2,70,0,[0|0],1,0,1,0,0,0,0,0,0,-1,-1,0,1,1,0,0,1,2,0,0.871,0.891,0.912,0.891,0.92,0.912,0.929,109,50,106,50,113,139,139,139,-1,1,0,0.912,0,0,0,0,0,0,0,0,0,0,0,0,0,0,0,0,0,0,0,0,0,0,0,0,0,0,0,0,0,0,0,0,0,0,0,0,[0|0|0|0],0,52,0,0,0,0,0,0,1,0,0,0,0,0,0,0,0,0,0,0,0,1,0,1,0,0,0,0,0,0,0,0,0,0,0,0,0,0,0,0,0,0,1,0,1,1,0,1,1,0,1,1,1,1,0,0,1,1,1,1,0,1,0,0,0,0,0,0,2,3,1,1,0,0,0,1,0,0,0,0,0,0,0,0,0,0,0,0,0,0,0,0,0,0,0,0,0,0,[0|0|0|0|0|0|0|0|0|0|0|0|0|0],拉塔恩将军的禁卫骑士──\n“红狮子”弗蕾亚的黄金铠甲。\n\n弗蕾亚原先是剑斗士，\n据说年轻时期的拉塔恩看中她的勇猛，\n网罗她作为禁卫骑士。
5122000,,1,0,[0|0|0],9999999,0,10,10,0,0.008,1050,0,500,5.5,-1,-1,-1,7000,1.5,0,-1,-1,-1,-1,-1,-1,-1,-1,-1,-1,-1,-1,-1,-1,-1,-1,1,1,1,1,1,1,1,1,-1,2815,15566,15566,0,0,0,0,[0|0],0,0,0,0,0,0,0,0,15,15,31,14,0,-1,-1,1,0,5,4,0,0,255,0,[0|0],1,1,0,0,0,1,0,0,0,-1,-1,0,1,1,0,0,1,2,0,0.945,0.952,0.958,0.952,0.96,0.958,0.962,109,110,113,110,113,139,139,139,-1,1,0,0.958,0,0,0,0,0,0,0,0,0,0,0,0,0,0,0,0,0,0,0,0,0,0,0,0,0,0,0,0,0,0,0,0,0,0,0,0,[0|0|0|0],0,31,1,1,1,1,1,0,0,0,0,0,0,0,0,0,0,0,0,1,0,0,0,0,0,1,0,0,0,0,0,0,0,0,1,0,0,0,0,1,0,0,0,0,0,0,0,0,0,0,0,0,0,0,0,0,0,0,0,0,0,0,1,1,1,1,1,1,1,1,1,1,0,0,0,0,1,0,1,0,1,1,1,0,0,0,0,0,0,0,0,0,0,0,0,0,0,0,[0|0|0|0|0|0|0|0|0|0|0|0|0|0],
5130000,孤牢头盔,1,0,[0|0|0],509031,0,42,42,0,0.014,1050,0,500,10.3,-1,-1,-1,7000,1.5,0,-1,-1,-1,-1,-1,-1,-1,-1,-1,-1,-1,-1,-1,-1,-1,-1,1,1,1,1,1,1,1,1,-1,2820,15571,15571,0,0,0,0,[0|0],0,0,0,0,0,0,0,0,26,26,27,22,0,-1,-1,1,0,5,4,0,2,100,0,[0|0],1,1,0,0,0,1,0,0,0,-1,-1,0,1,1,0,0,1,2,0,0.932,0.933,0.936,0.937,0.953,0.948,0.952,109,110,106,110,113,139,139,139,-1,1,0,0.951,0,0,0,0,0,0,0,0,0,0,0,0,0,0,0,0,0,0,0,0,0,0,0,0,0,0,0,0,0,0,0,0,0,0,0,0,[0|0|0|0],0,27,1,1,1,1,1,0,0,0,0,0,0,0,0,0,0,0,0,1,0,0,0,0,0,1,0,0,0,0,0,0,0,0,1,0,0,0,0,1,0,0,0,0,0,0,0,0,0,0,0,0,0,0,0,0,0,0,0,0,0,0,1,1,1,1,1,1,1,1,1,1,0,0,0,0,0,1,1,0,1,1,1,0,0,0,0,0,0,0,0,0,0,0,0,0,0,0,[0|0|0|0|0|0|0|0|0|0|0|0|0|0],孤牢骑士团的钢制头盔。\n以钢片连接，保护全身的重装盔甲；\n此为构成该盔甲的一部分。\n\n据说那些失去名字，或是失去心的战士灵魂，\n会栖身在幽影之地的无名灵庙之中。
5130100,孤牢铠甲,1,0,[0|0|0],609031,0,99,99,100,0.045,1150,0,500,24,-1,-1,-1,7000,1,-0.4,-1,-1,-1,-1,-1,-1,-1,-1,-1,-1,-1,-1,-1,-1,-1,-1,1,1,1,1,1,1,1,1,-1,2820,15572,15572,0,0,0,0,[0|0],0,0,0,0,0,0,0,0,60,60,63,50,0,-1,-1,1,0,2,4,1,2,100,0,[0|0],1,0,1,0,0,0,0,0,0,-1,-1,0,1,1,0,0,1,2,0,0.813,0.817,0.823,0.825,0.867,0.855,0.865,109,50,106,50,113,139,139,139,-1,1,0,0.862,0,0,0,0,0,0,0,0,0,0,0,0,0,0,0,0,0,0,0,0,0,0,0,0,0,0,0,0,0,0,0,0,0,0,0,0,[0|0|0|0],0,63,0,0,0,0,0,1,1,1,1,1,0,0,0,0,0,0,0,0,0,1,1,1,0,0,0,0,0,0,0,0,0,0,0,0,0,0,0,0,0,0,1,1,1,0,1,0,1,1,1,0,1,0,1,0,1,1,1,1,0,1,0,0,0,0,0,0,1,1,1,0,1,0,0,1,0,0,0,1,0,0,0,1,1,1,1,1,1,1,1,1,1,1,1,1,1,0,[0|0|0|0|0|0|0|0|0|0|0|0|0|0],孤牢骑士团的钢制铠甲。\n以钢片连接，保护全身的重装盔甲；\n此为构成该盔甲的一部分。\n铠甲上披着黑色斗篷。\n\n据说那些失去名字，或是失去心的战士灵魂，\n会栖身在幽影之地的无名灵庙之中。
5130200,孤牢臂甲,1,0,[0|0|0],708011,0,33,33,0,0.01,1150,0,500,8,-1,-1,-1,7000,1.1,0,-1,-1,-1,-1,-1,-1,-1,-1,-1,-1,-1,-1,-1,-1,-1,-1,1,1,1,1,1,1,1,1,-1,2820,15573,15573,0,0,0,0,[0|0],0,0,0,0,0,0,0,0,20,20,21,17,0,-1,-1,1,0,1,4,2,2,90,0,[0|0],1,0,0,1,0,0,0,0,0,-1,-1,0,1,1,0,0,1,2,0,0.953,0.954,0.955,0.956,0.967,0.964,0.967,109,50,106,50,108,139,139,139,-1,1,0,0.966,0,0,0,0,0,0,0,0,0,0,0,0,0,0,0,0,0,0,0,0,0,0,0,0,0,0,0,0,0,0,0,0,0,0,0,0,[0|0|0|0],0,21,0,0,0,0,0,0,0,0,0,0,0,1,0,1,0,0,0,0,1,0,0,0,0,0,1,0,1,0,1,1,0,1,0,0,0,0,0,0,0,0,0,0,0,0,0,0,0,0,0,0,0,0,0,0,0,0,0,0,0,0,0,0,0,0,0,0,0,0,0,0,0,0,0,0,0,0,0,0,0,0,0,0,0,0,0,0,0,0,0,0,0,0,0,0,0,0,[0|0|0|0|0|0|0|0|0|0|0|0|0|0],孤牢骑士团的钢制臂甲。\n以钢片连接，保护全身的重装盔甲；\n此为构成该盔甲的一部分。\n\n据说那些失去名字，或是失去心的战士灵魂，\n会栖身在幽影之地的无名灵庙之中。
5130300,孤牢腿甲,1,0,[0|0|0],808011,0,61,61,0,0.027,1250,0,500,14.8,-1,-1,-1,7000,1.1,0,-1,-1,-1,-1,-1,-1,-1,-1,-1,-1,-1,-1,-1,-1,-1,-1,1,1,1,1,1,1,1,1,-1,2820,15574,15574,0,0,0,0,[0|0],0,0,0,0,0,0,0,0,37,37,39,31,0,-1,-1,1,0,6,4,3,2,90,0,[0|0],1,0,0,0,1,0,0,0,0,-1,-1,0,1,1,0,0,1,2,0,0.892,0.894,0.898,0.899,0.924,0.917,0.923,109,50,106,50,108,139,106,139,111,1,0,0.921,0,0,0,0,0,0,0,0,0,0,0,0,0,0,0,0,0,0,0,0,0,0,0,0,0,0,0,0,0,0,0,0,0,0,0,0,[0|0|0|0],0,39,0,0,0,0,0,0,0,0,0,0,0,0,1,0,1,1,1,0,0,1,0,0,0,0,0,0,0,0,0,0,0,0,0,0,0,0,0,0,0,0,0,0,0,0,0,0,0,0,0,0,0,0,0,0,0,0,0,0,0,0,0,0,0,0,0,0,0,0,0,0,0,0,1,0,0,0,0,0,0,0,0,0,0,0,0,0,0,0,0,0,0,0,0,0,0,0,[0|0|0|0|0|0|0|0|0|0|0|0|0|0],孤牢骑士团的钢制腿甲。\n以钢片连接，保护全身的重装盔甲；\n此为构成该盔甲的一部分。\n\n据说那些失去名字，或是失去心的战士灵魂，\n会栖身在幽影之地的无名灵庙之中。
5131100,孤牢铠甲（轻装）,1,0,[0|0|0],609032,0,90,90,100,0.043,1150,0,500,23.2,-1,-1,-1,7000,1,-0.4,-1,-1,-1,-1,-1,-1,-1,-1,-1,-1,-1,-1,-1,-1,-1,-1,1,1,1,1,1,1,1,1,-1,2821,15575,15575,0,0,0,0,[0|0],0,0,0,0,0,0,0,0,57,57,60,46,0,-1,-1,1,0,2,4,1,2,100,0,[0|0],1,0,1,0,0,0,0,0,0,-1,-1,0,1,1,0,0,1,2,0,0.817,0.825,0.83,0.832,0.87,0.859,0.867,109,50,106,50,113,139,139,139,-1,1,0,0.865,0,0,0,0,0,0,0,0,0,0,0,0,0,0,0,0,0,0,0,0,0,0,0,0,0,0,0,0,0,0,0,0,0,0,0,0,[0|0|0|0],0,60,0,0,0,0,0,1,1,1,1,1,0,0,0,0,0,0,0,0,0,1,1,1,0,0,0,0,0,0,0,0,0,0,0,0,0,0,0,0,0,0,1,1,1,0,1,0,1,1,0,1,1,0,1,0,1,1,1,1,0,1,0,0,0,0,0,0,1,1,1,0,1,0,0,1,0,0,0,1,0,0,0,0,0,0,0,0,0,0,0,0,0,0,0,0,0,0,[0|0|0|0|0|0|0|0|0|0|0|0|0|0],孤牢骑士团的钢制铠甲。\n以钢片连接，保护全身的重装盔甲；\n此为构成该盔甲的一部分。\n\n据说那些失去名字，或是失去心的战士灵魂，\n会栖身在幽影之地的无名灵庙之中。
5140000,梅瑟莫士兵头盔,1,0,[0|0|0],506061,0,9,9,0,0.007,1050,0,200,4,-1,-1,-1,7000,1.5,0,-1,-1,-1,-1,-1,-1,-1,-1,-1,-1,-1,-1,-1,-1,-1,-1,1,1,1,1,1,1,1,1,-1,3050,15576,15576,0,0,0,0,[0|0],0,0,0,0,0,0,0,0,12,12,22,9,0,-1,-1,1,0,5,4,0,1,70,0,[0|0],1,1,0,0,0,1,0,0,0,-1,-1,0,1,1,0,0,1,2,0,0.956,0.956,0.964,0.958,0.969,0.964,0.975,109,110,106,110,113,139,139,139,-1,1,0,0.969,0,0,0,0,0,0,0,0,0,0,0,0,0,0,0,0,0,0,0,0,0,0,0,0,0,0,0,0,0,0,0,0,0,0,0,0,[0|0|0|0],0,22,0,0,0,1,1,0,0,0,0,0,0,0,0,0,0,0,0,1,0,0,0,0,0,1,0,0,0,0,0,0,0,0,1,0,0,0,0,1,0,0,0,0,0,0,0,0,0,0,0,0,0,0,0,0,0,0,0,0,0,0,1,1,1,1,1,1,1,1,1,1,0,0,0,0,0,1,1,0,0,0,0,0,0,0,0,0,0,0,0,0,0,0,0,0,0,1,[0|0|0|0|0|0|0|0|0|0|0|0|0|0],侍奉“穿刺者”梅瑟莫的士兵们穿戴的头盔。\n由铁制头盔与护颊组成的防具。\n\n额头上的幽影树设计，是用黄金雕制而成──\n士兵投身毫无名誉可言的战争，\n希望能借此慰借他们的心。
5140100,梅瑟莫士兵铠甲,1,0,[0|0|0],605100,0,16,16,100,0.018,1150,0,200,9.2,-1,-1,-1,7000,1,-0.4,-1,-1,-1,-1,-1,-1,-1,-1,-1,-1,-1,-1,-1,-1,-1,-1,1,1,1,1,1,1,1,1,-1,3050,15577,15577,0,0,0,0,[0|0],0,0,0,0,0,0,0,0,22,22,42,16,0,-1,-1,1,0,2,4,1,1,60,0,[0|0],1,0,1,0,0,0,0,0,0,-1,-1,0,1,1,0,0,1,2,0,0.879,0.879,0.903,0.884,0.918,0.903,0.931,109,50,144,50,113,139,139,139,-1,1,0,0.918,0,0,0,0,0,0,0,0,0,0,0,0,0,0,0,0,0,0,0,0,0,0,0,0,0,0,0,0,0,0,0,0,0,0,0,0,[0|0|0|0],0,42,0,0,0,0,0,1,1,1,1,1,1,0,0,0,0,0,0,0,0,1,1,1,0,0,0,0,0,0,0,0,0,0,0,0,0,0,0,0,0,0,1,1,1,0,1,0,1,1,0,1,1,1,0,0,1,1,1,1,0,1,0,0,0,0,0,0,1,0,1,1,1,0,0,1,0,0,0,1,0,0,0,1,1,1,1,1,1,1,1,1,1,1,1,1,1,0,[0|0|0|0|0|0|0|0|0|0|0|0|0|0],侍奉“穿刺者”梅瑟莫的士兵们穿戴的铠甲。\n布满锈痕的锁子甲上，披着破旧斗篷。\n\n胸甲上的幽影树设计，是用黄金雕制而成──\n士兵投身毫无名誉可言的战争，\n希望能借此慰借他们的心。
5140200,梅瑟莫士兵臂甲,1,0,[0|0|0],705071,0,6,6,0,0.004,1150,0,200,2.9,-1,-1,-1,7000,1.1,0,-1,-1,-1,-1,-1,-1,-1,-1,-1,-1,-1,-1,-1,-1,-1,-1,1,1,1,1,1,1,1,1,-1,3050,15578,15578,0,0,0,0,[0|0],0,0,0,0,0,0,0,0,8,8,15,6,0,-1,-1,1,0,1,4,2,1,60,0,[0|0],1,0,0,1,0,0,0,0,0,-1,-1,0,1,1,0,0,1,2,0,0.971,0.971,0.977,0.972,0.981,0.977,0.984,109,50,106,50,108,139,139,139,-1,1,0,0.981,0,0,0,0,0,0,0,0,0,0,0,0,0,0,0,0,0,0,0,0,0,0,0,0,0,0,0,0,0,0,0,0,0,0,0,0,[0|0|0|0],0,15,0,0,0,0,0,0,0,0,0,0,0,1,0,1,0,0,0,0,1,0,0,0,0,0,1,1,0,0,1,1,0,1,0,0,0,0,0,0,0,0,0,0,0,0,0,0,0,0,0,0,0,0,0,0,0,0,0,0,0,0,0,0,0,0,0,0,0,0,0,0,0,0,0,0,0,0,0,0,0,0,0,0,0,0,0,0,0,0,0,0,0,0,0,0,0,0,[0|0|0|0|0|0|0|0|0|0|0|0|0|0],侍奉“穿刺者”梅瑟莫的士兵们穿戴的臂甲。\n投身没有尽头的战争之中，因此锈蚀骯脏。
5140300,梅瑟莫士兵腿甲,1,0,[0|0|0],805061,0,11,11,0,0.011,1250,0,200,5.5,-1,-1,-1,7000,1.1,0,-1,-1,-1,-1,-1,-1,-1,-1,-1,-1,-1,-1,-1,-1,-1,-1,1,1,1,1,1,1,1,1,-1,3050,15579,15579,0,0,0,0,[0|0],0,0,0,0,0,0,0,0,15,15,29,11,0,-1,-1,1,0,6,4,3,1,60,0,[0|0],1,0,0,0,1,0,0,0,0,-1,-1,0,1,1,0,0,1,2,0,0.932,0.932,0.946,0.935,0.955,0.946,0.962,109,50,108,50,108,139,108,139,111,1,0,0.955,0,0,0,0,0,0,0,0,0,0,0,0,0,0,0,0,0,0,0,0,0,0,0,0,0,0,0,0,0,0,0,0,0,0,0,0,[0|0|0|0],0,29,0,0,0,0,0,0,0,0,0,0,0,0,1,0,1,1,1,0,0,1,0,0,0,0,0,0,0,0,0,0,0,0,0,0,0,0,0,0,0,0,0,0,0,0,0,0,0,0,0,0,0,0,0,0,0,0,0,0,0,0,0,0,0,0,0,0,0,0,0,0,0,0,1,0,0,0,0,0,0,0,0,0,0,0,0,0,0,0,0,0,0,0,0,0,0,0,[0|0|0|0|0|0|0|0|0|0|0|0|0|0],侍奉“穿刺者”梅瑟莫的士兵们穿戴的腿甲。\n投身没有尽头的战争之中，因此锈蚀骯脏。
5141100,梅瑟莫士兵铠甲（轻装）,1,0,[0|0|0],605110,0,16,16,100,0.018,1150,0,200,8.1,-1,-1,-1,7000,1,-0.4,-1,-1,-1,-1,-1,-1,-1,-1,-1,-1,-1,-1,-1,-1,-1,-1,1,1,1,1,1,1,1,1,-1,3051,15580,15580,0,0,0,0,[0|0],0,0,0,0,0,0,0,0,22,22,42,16,0,-1,-1,1,0,2,4,1,1,60,0,[0|0],1,0,1,0,0,0,0,0,0,-1,-1,0,1,1,0,0,1,2,0,0.879,0.879,0.903,0.884,0.918,0.903,0.931,109,50,144,50,113,139,139,139,-1,1,0,0.918,0,0,0,0,0,0,0,0,0,0,0,0,0,0,0,0,0,0,0,0,0,0,0,0,0,0,0,0,0,0,0,0,0,0,0,0,[0|0|0|0],0,42,0,0,0,0,0,1,1,1,1,1,1,0,0,0,0,0,0,0,0,1,1,1,0,0,0,0,0,0,0,0,0,0,0,0,0,0,0,0,0,0,1,0,1,1,0,1,1,0,1,1,1,1,0,0,1,1,1,1,0,1,0,0,0,0,0,0,0,1,1,1,0,0,0,1,0,0,0,1,0,0,0,0,0,0,0,0,0,0,0,0,0,0,0,0,0,0,[0|0|0|0|0|0|0|0|0|0|0|0|0|0],侍奉“穿刺者”梅瑟莫的士兵们穿戴的铠甲。\n投身没有尽头的战争之中，布满锈痕的锁子甲。\n\n胸甲上的幽影树设计，是用黄金雕制而成──\n士兵投身毫无名誉可言的战争，\n希望能借此慰借他们的心。
5150000,黑骑士头盔,1,0,[0|0|0],507091,0,10,10,0,0.009,1050,0,200,5.9,-1,-1,-1,7000,1.5,0,-1,-1,-1,-1,-1,-1,-1,-1,-1,-1,-1,-1,-1,-1,-1,-1,1,1,1,1,1,1,1,1,-1,3060,15581,15581,0,0,0,0,[0|0],0,0,0,0,0,0,0,0,16,16,26,9,0,-1,-1,1,0,5,4,0,1,80,0,[0|0],1,1,0,0,0,1,0,0,0,-1,-1,0,1,1,0,0,1,2,0,0.948,0.948,0.956,0.942,0.956,0.954,0.962,109,110,106,110,113,139,139,139,-1,1,0,0.96,0,0,0,0,0,0,0,0,0,0,0,0,0,0,0,0,0,0,0,0,0,0,0,0,0,0,0,0,0,0,0,0,0,0,0,0,[0|0|0|0],0,26,1,1,1,1,1,0,0,0,0,0,0,0,0,0,0,0,0,1,0,0,0,0,0,1,0,0,0,0,0,0,0,0,1,0,0,0,0,1,0,0,0,0,0,0,0,0,0,0,0,0,0,0,0,0,0,0,0,0,0,0,1,1,1,1,1,1,1,1,1,1,0,0,0,0,0,1,1,0,1,1,1,0,0,0,0,0,0,0,0,0,0,0,0,0,0,0,[0|0|0|0|0|0|0|0|0|0|0|0|0|0],侍奉“穿刺者”梅瑟莫的黑骑士们穿戴的头盔。\n黑铁头盔上缀以黄金的设计，\n带有挥之不去的腐臭味道。\n\n那阵臭味的源头，是杀害玷污者时反溅的血？\n或是因为投身没有尽头的杀戮，\n自身的灵魂腐化后，所散发的气味？
5150100,黑骑士铠甲,1,0,[0|0|0],607181,0,22,22,100,0.028,1150,0,200,13.7,-1,-1,-1,7000,1,-0.4,-1,-1,-1,-1,-1,-1,-1,-1,-1,-1,-1,-1,-1,-1,-1,-1,1,1,1,1,1,1,1,1,-1,3060,15582,15582,0,0,0,0,[0|0],0,0,0,0,0,0,0,0,38,38,61,21,0,-1,-1,1,0,2,4,1,1,80,0,[0|0],1,0,1,0,0,0,0,0,0,-1,-1,0,1,1,0,0,1,2,0,0.854,0.854,0.876,0.84,0.876,0.87,0.891,109,50,106,50,113,139,139,139,-1,1,0,0.886,0,0,0,0,0,0,0,0,0,0,0,0,0,0,0,0,0,0,0,0,0,0,0,0,0,0,0,0,0,0,0,0,0,0,0,0,[0|0|0|0],0,61,0,0,0,0,0,1,1,1,1,1,1,0,0,0,0,0,0,0,0,1,1,1,0,0,0,0,0,0,0,0,0,0,0,0,0,0,0,0,0,0,1,1,1,0,1,0,1,1,0,1,1,1,0,1,0,1,1,1,0,1,0,0,0,0,0,0,1,0,1,1,1,0,0,1,0,0,0,1,0,0,0,0,0,0,0,0,0,0,0,0,0,0,0,0,0,0,[0|0|0|0|0|0|0|0|0|0|0|0|0|0],侍奉“穿刺者”梅瑟莫的黑骑士们穿戴的铠甲。\n\n左胸上的幽影树设计，是用黄金雕制而成──\n骑士投身毫无名誉可言的战争，\n希望能借此慰借他们的心。
5150200,黑骑士臂甲,1,0,[0|0|0],706091,0,8,8,0,0.006,1150,0,200,4.6,-1,-1,-1,7000,1.1,0,-1,-1,-1,-1,-1,-1,-1,-1,-1,-1,-1,-1,-1,-1,-1,-1,1,1,1,1,1,1,1,1,-1,3060,15583,15583,0,0,0,0,[0|0],0,0,0,0,0,0,0,0,14,14,22,8,0,-1,-1,1,0,1,4,2,1,70,0,[0|0],1,0,0,1,0,0,0,0,0,-1,-1,0,1,1,0,0,1,2,0,0.964,0.964,0.969,0.96,0.969,0.968,0.973,109,50,106,50,108,139,139,139,-1,1,0,0.972,0,0,0,0,0,0,0,0,0,0,0,0,0,0,0,0,0,0,0,0,0,0,0,0,0,0,0,0,0,0,0,0,0,0,0,0,[0|0|0|0],0,22,0,0,0,0,0,0,0,0,0,0,0,1,0,1,0,0,0,0,1,0,0,0,0,0,1,1,0,0,1,1,0,1,0,0,0,0,0,0,0,0,0,0,0,0,0,0,0,0,0,0,0,0,0,0,0,0,0,0,0,0,0,0,0,0,0,0,0,0,0,0,0,0,0,0,0,0,0,0,0,0,0,0,0,0,0,0,0,0,0,0,0,0,0,0,0,0,[0|0|0|0|0|0|0|0|0|0|0|0|0|0],侍奉“穿刺者”梅瑟莫的黑骑士们穿戴的臂甲。\n黑铁臂甲上缀以黄金的设计，\n带有挥之不去的腐臭味道。\n\n那阵臭味的源头，是杀害玷污者时反溅的血？\n或是因为投身没有尽头的杀戮，\n自身的灵魂腐化后，所散发的气味？
5150300,黑骑士腿甲,1,0,[0|0|0],806091,0,15,15,0,0.017,1250,0,200,8.5,-1,-1,-1,7000,1.1,0,-1,-1,-1,-1,-1,-1,-1,-1,-1,-1,-1,-1,-1,-1,-1,-1,1,1,1,1,1,1,1,1,-1,3060,15584,15584,0,0,0,0,[0|0],0,0,0,0,0,0,0,0,26,26,41,15,0,-1,-1,1,0,6,4,3,1,70,0,[0|0],1,0,0,0,1,0,0,0,0,-1,-1,0,1,1,0,0,1,2,0,0.916,0.916,0.929,0.908,0.929,0.926,0.938,109,50,106,50,108,139,106,139,111,1,0,0.935,0,0,0,0,0,0,0,0,0,0,0,0,0,0,0,0,0,0,0,0,0,0,0,0,0,0,0,0,0,0,0,0,0,0,0,0,[0|0|0|0],0,41,0,0,0,0,0,0,0,0,0,0,0,0,1,0,1,1,1,0,0,1,0,0,0,0,0,0,0,0,0,0,0,0,0,0,0,0,0,0,0,0,0,0,0,0,0,0,0,0,0,0,0,0,0,0,0,0,0,0,0,0,0,0,0,0,0,0,0,0,0,0,0,0,1,0,0,0,0,0,0,0,0,0,0,0,0,0,0,0,0,0,0,0,0,0,0,0,[0|0|0|0|0|0|0|0|0|0|0|0|0|0],侍奉“穿刺者”梅瑟莫的黑骑士们穿戴的腿甲。\n黑铁腿甲上缀以黄金的设计，\n带有挥之不去的腐臭味道。\n\n那阵臭味的源头，是杀害玷污者时反溅的血？\n或是因为投身没有尽头的杀戮，\n自身的灵魂腐化后，所散发的气味？
5160000,罗刹头盔,1,0,[0|0|0],508071,0,12,12,0,0.009,1050,0,500,5.5,6516000,-1,-1,7000,1.5,0,-1,-1,-1,-1,-1,-1,-1,-1,-1,-1,-1,-1,-1,-1,-1,-1,1,1,1,1,1,1,1,1,-1,2830,15585,15585,0,0,0,0,[0|0],0,0,0,0,0,0,0,0,15,15,26,12,0,-1,-1,1,0,5,4,0,2,90,0,[0|0],1,1,0,0,0,1,0,0,0,-1,-1,0,1,1,0,0,1,2,0,0.954,0.95,0.958,0.952,0.96,0.956,0.962,109,110,106,110,113,139,139,139,-1,1,0,0.96,0,0,0,0,0,0,0,0,0,0,0,0,0,0,0,0,0,0,0,0,0,0,0,0,0,0,0,0,0,0,0,0,0,0,0,0,[0|0|0|0],0,26,1,1,1,1,1,0,0,0,0,0,0,0,0,0,0,0,0,1,0,0,0,0,0,0,0,0,0,0,0,0,0,0,1,0,1,0,0,1,0,0,0,0,0,0,0,0,0,0,0,0,0,0,0,0,0,0,0,0,0,0,1,1,1,1,1,1,1,1,1,1,0,0,0,0,0,1,1,0,1,1,1,0,0,0,0,0,0,0,0,0,0,0,0,0,0,0,[0|0|0|0|0|0|0|0|0|0|0|0|0|0],布满反溅血液的罗刹头盔。\n盔甲上不规则排列的破布，\n仿佛不祥剑气流泻而出。\n\n能增加给予敌人的伤害，\n但也会增加自己受到的损伤。\n\n砍人、吃人──\n只有投入并坚持到底的人，\n才能成为“无我罗刹”。
5160100,罗刹铠甲,1,0,[0|0|0],608131,0,28,28,100,0.027,1150,0,500,12.8,6516000,-1,-1,7000,1,-0.4,-1,-1,-1,-1,-1,-1,-1,-1,-1,-1,-1,-1,-1,-1,-1,-1,1,1,1,1,1,1,1,1,-1,2830,15586,15586,0,0,0,0,[0|0],0,0,0,0,0,0,0,0,35,35,60,28,0,-1,-1,1,0,2,4,1,2,90,0,[0|0],1,0,1,0,0,0,0,0,0,-1,-1,0,1,1,0,0,1,2,0,0.871,0.86,0.881,0.865,0.886,0.876,0.891,109,50,106,50,113,139,139,139,-1,1,0,0.886,0,0,0,0,0,0,0,0,0,0,0,0,0,0,0,0,0,0,0,0,0,0,0,0,0,0,0,0,0,0,0,0,0,0,0,0,[0|0|0|0],0,60,0,0,0,0,0,1,1,1,1,1,1,0,0,0,0,0,0,0,0,1,1,1,0,0,0,0,0,0,0,0,0,0,0,0,0,0,0,0,0,0,1,1,0,1,1,0,1,0,1,1,1,1,0,0,1,1,1,1,0,1,0,0,0,0,0,0,1,0,1,1,1,0,0,1,0,0,0,1,0,0,0,0,0,0,0,0,0,0,0,0,0,0,0,0,0,0,[0|0|0|0|0|0|0|0|0|0|0|0|0|0],布满反溅血液的罗刹铠甲。\n盔甲上不规则排列的破布，\n仿佛不祥剑气流泻而出。\n\n能增加给予敌人的伤害，\n但也会增加自己受到的损伤。\n\n砍人、吃人──\n只有投入并坚持到底的人，\n才能成为“无我罗刹”。
5160200,罗刹臂甲,1,0,[0|0|0],707061,0,9,9,0,0.006,1150,0,500,4.3,6516000,-1,-1,7000,1.1,0,-1,-1,-1,-1,-1,-1,-1,-1,-1,-1,-1,-1,-1,-1,-1,-1,1,1,1,1,1,1,1,1,-1,2830,15587,15587,0,0,0,0,[0|0],0,0,0,0,0,0,0,0,12,12,20,9,0,-1,-1,1,0,1,4,2,2,80,0,[0|0],1,0,0,1,0,0,0,0,0,-1,-1,0,1,1,0,0,1,2,0,0.968,0.965,0.971,0.967,0.972,0.969,0.973,109,50,106,50,108,139,139,139,-1,1,0,0.972,0,0,0,0,0,0,0,0,0,0,0,0,0,0,0,0,0,0,0,0,0,0,0,0,0,0,0,0,0,0,0,0,0,0,0,0,[0|0|0|0],0,20,0,0,0,0,0,0,0,0,0,0,0,1,0,1,0,0,0,0,1,0,0,0,0,0,1,1,0,0,1,1,0,1,0,0,0,0,0,0,0,0,0,0,0,0,0,0,0,0,0,0,0,0,0,0,0,0,0,0,0,0,0,0,0,0,0,0,0,0,0,0,0,0,0,0,0,0,0,0,0,0,0,0,0,0,0,0,0,0,0,0,0,0,0,0,0,0,[0|0|0|0|0|0|0|0|0|0|0|0|0|0],布满反溅血液的罗刹臂甲。\n盔甲上不规则排列的破布，\n仿佛不祥剑气流泻而出。\n\n能增加给予敌人的伤害，\n但也会增加自己受到的损伤。\n\n砍人、吃人──\n只有投入并坚持到底的人，\n才能成为“无我罗刹”。
5160300,罗刹腿甲,1,0,[0|0|0],807061,0,17,17,0,0.016,1250,0,500,7.9,6516000,-1,-1,7000,1.1,0,-1,-1,-1,-1,-1,-1,-1,-1,-1,-1,-1,-1,-1,-1,-1,-1,1,1,1,1,1,1,1,1,-1,2830,15588,15588,0,0,0,0,[0|0],0,0,0,0,0,0,0,0,22,22,37,17,0,-1,-1,1,0,6,4,3,2,80,0,[0|0],1,0,0,0,1,0,0,0,0,-1,-1,0,1,1,0,0,1,2,0,0.926,0.92,0.932,0.923,0.935,0.929,0.938,109,50,106,50,108,139,106,139,111,1,0,0.935,0,0,0,0,0,0,0,0,0,0,0,0,0,0,0,0,0,0,0,0,0,0,0,0,0,0,0,0,0,0,0,0,0,0,0,0,[0|0|0|0],0,37,0,0,0,0,0,0,0,0,0,0,0,0,1,0,1,1,1,0,0,1,0,0,0,0,0,0,0,0,0,0,0,0,0,0,0,0,0,0,0,0,0,0,0,0,0,0,0,0,0,0,0,0,0,0,0,0,0,0,0,0,0,0,0,0,0,0,0,0,0,0,0,0,1,0,0,0,0,0,0,0,0,0,0,0,0,0,0,0,0,0,0,0,0,0,0,0,[0|0|0|0|0|0|0|0|0|0|0|0|0|0],布满反溅血液的罗刹腿甲。\n盔甲上不规则排列的破布，\n仿佛不祥剑气流泻而出。\n\n能增加给予敌人的伤害，\n但也会增加自己受到的损伤。\n\n砍人、吃人──\n只有投入并坚持到底的人，\n才能成为“无我罗刹”。
5170000,,1,0,[0|0|0],9999999,0,0,0,0,0,1050,0,-1,0.7,-1,-1,-1,7000,1.5,0,-1,-1,-1,-1,-1,-1,-1,-1,-1,-1,-1,-1,-1,-1,-1,-1,1,1,1,1,1,1,1,1,-1,2840,15589,15589,0,0,0,0,[0|0],0,0,0,0,0,0,0,0,0,0,0,0,0,-1,-1,1,0,5,4,0,0,255,0,[0|0],1,1,0,0,0,1,0,0,0,-1,-1,0,1,1,0,0,1,2,0,1.008,1.008,1.008,1.008,1.008,1.008,1.008,109,110,108,110,113,139,139,139,-1,1,0,1.008,0,0,0,0,0,0,0,0,0,0,0,0,0,0,0,0,0,0,0,0,0,0,0,0,0,0,0,0,0,0,0,0,0,0,0,0,[0|0|0|0],0,0,1,1,1,1,1,0,0,0,0,0,0,0,0,0,0,0,0,1,0,0,0,0,0,1,0,0,0,0,0,0,0,0,1,0,0,0,0,1,0,0,0,0,0,0,0,0,0,0,0,0,0,0,0,0,0,0,0,0,0,0,1,1,1,1,1,1,1,1,1,1,0,0,0,0,1,0,1,0,1,1,1,0,0,0,0,0,0,0,0,0,0,0,0,0,0,0,[0|0|0|0|0|0|0|0|0|0|0|0|0|0],
5170100,,1,0,[0|0|0],9999999,0,0,0,100,0,1150,0,-1,1.4,-1,-1,-1,7000,1,-0.4,-1,-1,-1,-1,-1,-1,-1,-1,-1,-1,-1,-1,-1,-1,-1,-1,1,1,1,1,1,1,1,1,-1,2840,15590,15590,0,0,0,0,[0|0],0,0,0,0,0,0,0,0,0,0,0,0,0,-1,-1,1,0,2,4,1,0,255,0,[0|0],1,0,1,0,0,0,0,0,0,-1,-1,0,1,1,0,0,1,2,0,1.021,1.021,1.021,1.021,1.021,1.021,1.021,109,50,108,50,113,139,139,139,-1,1,0,1.021,0,0,0,0,0,0,0,0,0,0,0,0,0,0,0,0,0,0,0,0,0,0,0,0,0,0,0,0,0,0,0,0,0,0,0,0,[0|0|0|0],0,0,1,1,1,1,1,1,1,1,1,1,1,1,1,1,1,1,1,1,1,0,1,1,0,0,0,0,0,0,0,0,0,0,0,0,0,1,0,0,0,0,1,1,1,1,1,1,1,1,1,1,1,1,1,1,1,1,1,1,1,1,1,1,1,1,1,1,1,1,1,1,1,1,1,1,1,1,1,1,1,1,1,0,0,0,0,0,0,0,0,0,0,0,0,0,0,0,[0|0|0|0|0|0|0|0|0|0|0|0|0|0],
5170200,,1,0,[0|0|0],9999999,0,0,0,0,0,1150,0,-1,0.6,-1,-1,-1,7000,1.1,0,-1,-1,-1,-1,-1,-1,-1,-1,-1,-1,-1,-1,-1,-1,-1,-1,1,1,1,1,1,1,1,1,-1,2840,15591,15591,0,0,0,0,[0|0],0,0,0,0,0,0,0,0,0,0,0,0,0,-1,-1,1,0,1,4,2,0,255,0,[0|0],1,0,0,1,0,0,0,0,0,-1,-1,0,1,1,0,0,1,2,0,1.005,1.005,1.005,1.005,1.005,1.005,1.005,109,50,108,50,108,139,139,139,-1,1,0,1.005,0,0,0,0,0,0,0,0,0,0,0,0,0,0,0,0,0,0,0,0,0,0,0,0,0,0,0,0,0,0,0,0,0,0,0,0,[0|0|0|0],0,0,0,0,0,0,0,0,0,0,0,0,0,1,0,1,0,0,0,0,1,0,0,0,0,0,1,0,1,1,0,1,0,1,0,0,0,0,0,0,0,0,0,0,0,0,0,0,0,0,0,0,0,0,0,0,0,0,0,0,0,0,0,0,0,0,0,0,0,0,0,0,0,0,0,0,0,0,0,0,0,0,0,0,0,0,0,0,0,0,0,0,0,0,0,0,0,0,[0|0|0|0|0|0|0|0|0|0|0|0|0|0],
5170300,,1,0,[0|0|0],9999999,0,0,0,0,0,1250,0,-1,1,-1,-1,-1,7000,1.1,0,-1,-1,-1,-1,-1,-1,-1,-1,-1,-1,-1,-1,-1,-1,-1,-1,1,1,1,1,1,1,1,1,-1,2840,15592,15592,0,0,0,0,[0|0],0,0,0,0,0,0,0,0,0,0,0,0,0,-1,-1,1,0,6,4,3,0,255,0,[0|0],1,0,0,0,1,0,0,0,0,-1,-1,0,1,1,0,0,1,2,0,1.013,1.013,1.013,1.013,1.013,1.013,1.013,109,50,108,50,108,139,108,139,111,1,0,1.013,0,0,0,0,0,0,0,0,0,0,0,0,0,0,0,0,0,0,0,0,0,0,0,0,0,0,0,0,0,0,0,0,0,0,0,0,[0|0|0|0],0,0,0,0,0,0,0,0,0,0,0,0,0,0,1,0,1,1,1,0,0,0,0,0,0,0,0,0,0,0,0,0,0,0,0,0,0,0,0,0,0,0,0,0,0,0,0,0,0,0,0,0,0,0,0,0,0,0,0,0,0,0,0,0,0,0,0,0,0,0,0,0,0,0,1,0,0,0,0,0,0,0,0,0,0,0,0,0,0,0,0,0,0,0,0,0,0,0,[0|0|0|0|0|0|0|0|0|0|0|0|0|0],
5172000,,1,0,[0|0|0],9999999,0,0,0,0,0,1050,0,500,0.7,-1,-1,-1,7000,1.5,0,-1,-1,-1,-1,-1,-1,-1,-1,-1,-1,-1,-1,-1,-1,-1,-1,1,1,1,1,1,1,1,1,-1,2840,15589,15589,0,0,0,0,[0|0],0,0,0,0,0,0,0,0,0,0,0,0,0,-1,-1,1,0,5,4,0,0,255,0,[0|0],1,1,0,0,0,1,0,0,0,-1,-1,0,1,1,0,0,1,2,0,1.008,1.008,1.008,1.008,1.008,1.008,1.008,109,110,108,110,113,139,139,139,-1,1,0,1.008,0,0,0,0,0,0,0,0,0,0,0,0,0,0,0,0,0,0,0,0,0,0,0,0,0,0,0,0,0,0,0,0,0,0,0,0,[0|0|0|0],0,0,1,1,1,1,1,0,0,0,0,0,0,0,0,0,0,0,0,1,0,0,0,0,0,1,0,0,0,0,0,0,0,0,1,0,0,0,0,1,0,0,0,0,0,0,0,0,0,0,0,0,0,0,0,0,0,0,0,0,0,0,1,1,1,1,1,1,1,1,1,1,0,0,0,0,1,0,1,0,1,1,1,0,0,0,0,0,0,0,0,0,0,0,0,0,0,0,[0|0|0|0|0|0|0|0|0|0|0|0|0|0],
5172100,,1,0,[0|0|0],9999999,0,0,0,100,0,1150,0,500,1.4,-1,-1,-1,7000,1,-0.4,-1,-1,-1,-1,-1,-1,-1,-1,-1,-1,-1,-1,-1,-1,-1,-1,1,1,1,1,1,1,1,1,-1,2840,15590,15590,0,0,0,0,[0|0],0,0,0,0,0,0,0,0,0,0,0,0,0,-1,-1,1,0,2,4,1,0,255,0,[0|0],1,0,1,0,0,0,0,0,0,-1,-1,0,1,1,0,0,1,2,0,1.021,1.021,1.021,1.021,1.021,1.021,1.021,109,50,108,50,113,139,139,139,-1,1,0,1.021,0,0,0,0,0,0,0,0,0,0,0,0,0,0,0,0,0,0,0,0,0,0,0,0,0,0,0,0,0,0,0,0,0,0,0,0,[0|0|0|0],0,0,1,1,1,1,1,1,1,1,1,1,1,1,1,1,1,1,1,1,1,0,1,1,0,0,0,0,0,0,0,0,0,0,0,0,0,1,0,0,0,0,1,1,1,1,1,1,1,1,1,1,1,1,1,1,1,1,1,1,1,1,1,1,1,1,1,1,1,1,1,1,1,1,1,1,1,1,1,1,1,1,1,0,0,0,0,0,0,0,0,0,0,0,0,0,0,0,[0|0|0|0|0|0|0|0|0|0|0|0|0|0],
5172200,,1,0,[0|0|0],9999999,0,0,0,0,0,1150,0,500,0.6,-1,-1,-1,7000,1.1,0,-1,-1,-1,-1,-1,-1,-1,-1,-1,-1,-1,-1,-1,-1,-1,-1,1,1,1,1,1,1,1,1,-1,2840,15591,15591,0,0,0,0,[0|0],0,0,0,0,0,0,0,0,0,0,0,0,0,-1,-1,1,0,1,4,2,0,255,0,[0|0],1,0,0,1,0,0,0,0,0,-1,-1,0,1,1,0,0,1,2,0,1.005,1.005,1.005,1.005,1.005,1.005,1.005,109,50,108,50,108,139,139,139,-1,1,0,1.005,0,0,0,0,0,0,0,0,0,0,0,0,0,0,0,0,0,0,0,0,0,0,0,0,0,0,0,0,0,0,0,0,0,0,0,0,[0|0|0|0],0,0,0,0,0,0,0,0,0,0,0,0,0,1,0,1,0,0,0,0,1,0,0,0,0,0,1,0,1,1,0,1,0,1,0,0,0,0,0,0,0,0,0,0,0,0,0,0,0,0,0,0,0,0,0,0,0,0,0,0,0,0,0,0,0,0,0,0,0,0,0,0,0,0,0,0,0,0,0,0,0,0,0,0,0,0,0,0,0,0,0,0,0,0,0,0,0,0,[0|0|0|0|0|0|0|0|0|0|0|0|0|0],
5172300,,1,0,[0|0|0],9999999,0,0,0,0,0,1250,0,500,1,-1,-1,-1,7000,1.1,0,-1,-1,-1,-1,-1,-1,-1,-1,-1,-1,-1,-1,-1,-1,-1,-1,1,1,1,1,1,1,1,1,-1,2840,15592,15592,0,0,0,0,[0|0],0,0,0,0,0,0,0,0,0,0,0,0,0,-1,-1,1,0,6,4,3,0,255,0,[0|0],1,0,0,0,1,0,0,0,0,-1,-1,0,1,1,0,0,1,2,0,1.013,1.013,1.013,1.013,1.013,1.013,1.013,109,50,108,50,108,139,139,139,111,1,0,1.013,0,0,0,0,0,0,0,0,0,0,0,0,0,0,0,0,0,0,0,0,0,0,0,0,0,0,0,0,0,0,0,0,0,0,0,0,[0|0|0|0],0,0,0,0,0,0,0,0,0,0,0,0,0,0,1,0,1,1,1,0,0,0,0,0,0,0,0,0,0,0,0,0,0,0,0,0,0,0,0,0,0,0,0,0,0,0,0,0,0,0,0,0,0,0,0,0,0,0,0,0,0,0,0,0,0,0,0,0,0,0,0,0,0,0,1,0,0,0,0,0,0,0,0,0,0,0,0,0,0,0,0,0,0,0,0,0,0,0,[0|0|0|0|0|0|0|0|0|0|0|0|0|0],
5180000,火焰骑士头盔,1,0,[0|0|0],507130,0,9,9,0,0.006,1050,0,500,4,6518000,-1,-1,7000,1.5,0,-1,-1,-1,-1,-1,-1,-1,-1,-1,-1,-1,-1,-1,-1,-1,-1,1,1,1,1,1,1,1,1,-1,3100,15593,15593,0,0,0,0,[0|0],0,0,0,0,0,0,0,0,12,12,20,10,0,-1,-1,1,0,5,4,0,2,80,0,[0|0],1,1,0,0,0,1,0,0,0,-1,-1,0,1,1,0,0,1,2,0,0.954,0.958,0.964,0.962,0.966,0.958,0.975,109,110,106,110,108,139,139,139,-1,1,0,0.969,0,0,0,0,0,0,0,0,0,0,0,0,0,0,0,0,0,0,0,0,0,0,0,0,0,0,0,0,0,0,0,0,0,0,0,0,[0|0|0|0],0,20,0,0,0,1,1,0,0,0,0,0,0,0,0,0,0,0,0,1,0,0,0,0,0,0,0,0,0,0,0,0,0,0,1,0,1,0,0,1,0,0,0,0,0,0,0,0,0,0,0,0,0,0,0,0,0,0,0,0,0,0,1,1,1,1,1,1,1,1,1,1,0,0,0,0,0,1,1,0,0,0,0,0,0,0,0,0,0,0,0,0,0,0,0,0,0,0,[0|0|0|0|0|0|0|0|0|0|0|0|0|0],直属“穿刺者”梅瑟莫的\n火焰骑士们穿戴的尖头头盔。\n\n能些微提升血量、精力，以及装备重量的上限。\n\n据说他们是黄金树的贵族，\n对梅瑟莫宣示忠诚之后，\n因此受到疏远，被逐出故乡。
5180100,火焰骑士铠甲,1,0,[0|0|0],607230,0,21,21,100,0.019,1150,0,500,9.3,6518010,-1,-1,7000,1,-0.4,-1,-1,-1,-1,-1,-1,-1,-1,-1,-1,-1,-1,-1,-1,-1,-1,1,1,1,1,1,1,1,1,-1,3100,15594,15594,0,0,0,0,[0|0],0,0,0,0,0,0,0,0,28,28,46,24,0,-1,-1,1,0,2,4,1,2,80,0,[0|0],1,0,1,0,0,0,0,0,0,-1,-1,0,1,1,0,0,1,2,0,0.871,0.881,0.898,0.891,0.905,0.881,0.929,109,50,144,50,113,139,139,139,-1,1,0,0.912,0,0,0,0,0,0,0,0,0,0,0,0,0,0,0,0,0,0,0,0,0,0,0,0,0,0,0,0,0,0,0,0,0,0,0,0,[0|0|0|0],0,46,0,0,0,0,0,1,1,1,1,1,1,0,0,0,0,0,0,0,0,1,1,1,0,0,0,0,0,0,0,0,0,0,0,0,0,0,0,0,0,0,1,0,1,1,0,1,1,1,1,0,0,0,1,0,1,1,0,0,1,0,0,0,0,0,0,0,1,1,1,0,0,0,0,1,0,0,0,1,0,0,0,1,1,1,1,1,1,1,1,1,1,1,1,1,1,0,[0|0|0|0|0|0|0|0|0|0|0|0|0|0],直属“穿刺者”梅瑟莫的\n火焰骑士们穿戴的铠甲。\n\n铠甲上披着鲜红色的斗篷，\n脖子周围有着黄金双蛇的装饰。\n能强化梅瑟莫之火的祷告。\n\n只有他们了解梅瑟莫──\n了解那如蛇蠢动的火焰。\n还有那火焰如蛇，背后的苦恼。
5180200,火焰骑士臂甲,1,0,[0|0|0],706120,0,7,7,0,0.004,1150,0,500,3.1,-1,-1,-1,7000,1.1,0,-1,-1,-1,-1,-1,-1,-1,-1,-1,-1,-1,-1,-1,-1,-1,-1,1,1,1,1,1,1,1,1,-1,3100,15595,15595,0,0,0,0,[0|0],0,0,0,0,0,0,0,0,9,9,15,8,0,-1,-1,1,0,1,4,2,1,70,0,[0|0],1,0,0,1,0,0,0,0,0,-1,-1,0,1,1,0,0,1,2,0,0.968,0.971,0.975,0.973,0.977,0.971,0.983,109,50,106,50,106,139,139,139,-1,1,0,0.979,0,0,0,0,0,0,0,0,0,0,0,0,0,0,0,0,0,0,0,0,0,0,0,0,0,0,0,0,0,0,0,0,0,0,0,0,[0|0|0|0],0,15,0,0,0,0,0,0,0,0,0,0,1,1,0,1,0,0,0,0,1,0,0,0,0,0,0,1,1,0,1,1,1,1,0,0,0,0,0,0,0,0,0,0,0,0,0,0,0,0,0,0,0,0,0,0,0,0,0,0,0,0,0,0,0,0,0,0,0,0,0,0,0,0,0,0,0,0,0,0,0,0,0,0,0,0,0,0,0,0,0,0,0,0,0,0,0,0,[0|0|0|0|0|0|0|0|0|0|0|0|0|0],直属“穿刺者”梅瑟莫的\n火焰骑士们穿戴的臂甲。\n\n据说他们是黄金树的贵族，\n对梅瑟莫宣示忠诚之后，\n因此受到疏远，被逐出故乡。
5180300,火焰骑士腿甲,1,0,[0|0|0],806120,0,13,13,0,0.011,1250,0,500,5.7,-1,-1,-1,7000,1.1,0,-1,-1,-1,-1,-1,-1,-1,-1,-1,-1,-1,-1,-1,-1,-1,-1,1,1,1,1,1,1,1,1,-1,3100,15596,15596,0,0,0,0,[0|0],0,0,0,0,0,0,0,0,17,17,29,15,0,-1,-1,1,0,6,4,3,1,70,0,[0|0],1,0,0,0,1,0,0,0,0,-1,-1,0,1,1,0,0,1,2,0,0.926,0.932,0.942,0.938,0.946,0.932,0.96,109,50,106,50,106,139,106,139,111,1,0,0.95,0,0,0,0,0,0,0,0,0,0,0,0,0,0,0,0,0,0,0,0,0,0,0,0,0,0,0,0,0,0,0,0,0,0,0,0,[0|0|0|0],0,29,0,0,0,0,0,0,0,0,0,0,0,0,1,0,1,1,1,0,0,1,0,0,0,0,0,0,0,0,0,0,0,0,0,0,0,1,0,0,0,0,0,0,0,0,0,0,0,0,0,0,0,0,0,0,0,0,0,0,0,0,0,0,0,0,0,0,0,0,0,0,0,0,1,0,0,0,0,0,0,0,0,0,0,0,0,0,0,0,0,0,0,0,0,0,0,0,[0|0|0|0|0|0|0|0|0|0|0|0|0|0],直属“穿刺者”梅瑟莫的\n火焰骑士们穿戴的腿甲。\n\n据说他们是黄金树的贵族，\n对梅瑟莫宣示忠诚之后，\n因此受到疏远，被逐出故乡。
5181100,火焰骑士铠甲（轻装）,1,0,[0|0|0],607240,0,18,18,100,0.017,1150,0,500,8.4,-1,-1,-1,7000,1,-0.4,-1,-1,-1,-1,-1,-1,-1,-1,-1,-1,-1,-1,-1,-1,-1,-1,1,1,1,1,1,1,1,1,-1,3101,15597,15597,0,0,0,0,[0|0],0,0,0,0,0,0,0,0,25,25,42,23,0,-1,-1,1,0,2,4,1,1,80,0,[0|0],1,0,1,0,0,0,0,0,0,-1,-1,0,1,1,0,0,1,2,0,0.881,0.881,0.905,0.898,0.92,0.891,0.929,109,50,144,50,113,139,139,139,-1,1,0,0.92,0,0,0,0,0,0,0,0,0,0,0,0,0,0,0,0,0,0,0,0,0,0,0,0,0,0,0,0,0,0,0,0,0,0,0,0,[0|0|0|0],0,42,0,0,0,0,0,1,1,1,1,1,1,0,0,0,0,0,0,0,0,1,1,1,0,0,0,0,0,0,0,0,0,0,0,0,0,0,0,0,0,0,1,0,1,1,0,1,0,1,1,1,0,0,1,0,1,1,0,0,1,0,0,0,0,0,0,0,0,1,1,1,0,0,0,1,0,0,0,1,0,0,0,0,0,0,0,0,0,0,0,0,0,0,0,0,0,0,[0|0|0|0|0|0|0|0|0|0|0|0|0|0],直属“穿刺者”梅瑟莫的\n火焰骑士们穿戴的铠甲。\n\n据说他们是黄金树的贵族，\n对梅瑟莫宣示忠诚之后，\n因此受到疏远，被逐出故乡。
5182000,死亡面具头盔,1,0,[0|0|0],507150,0,7,7,0,0.006,1050,0,500,3.4,6518200,-1,-1,7000,1.5,0,-1,-1,-1,-1,-1,-1,-1,-1,-1,-1,-1,-1,-1,-1,-1,-1,1,1,1,1,1,1,1,1,-1,3105,15598,15598,0,0,0,0,[0|0],0,0,0,0,0,0,0,0,10,10,16,9,0,-1,-1,1,0,5,4,0,2,80,0,[0|0],1,1,0,0,0,1,0,0,0,-1,-1,0,1,1,0,0,1,2,0,0.957,0.961,0.967,0.965,0.97,0.961,0.978,109,110,108,110,108,139,139,139,-1,1,0,0.973,0,0,0,0,0,0,0,0,0,0,0,0,0,0,0,0,0,0,0,0,0,0,0,0,0,0,0,0,0,0,0,0,0,0,0,0,[0|0|0|0],0,16,1,1,1,1,1,0,0,0,0,0,0,0,0,0,0,0,0,1,0,0,0,0,0,1,0,0,0,0,0,0,0,0,1,0,0,0,0,1,0,0,0,0,0,0,0,0,0,0,0,0,0,0,0,0,0,0,0,0,0,0,1,1,1,1,1,1,1,1,1,1,0,0,0,0,0,1,1,0,1,1,1,0,0,0,0,0,0,0,0,0,0,0,0,0,0,0,[0|0|0|0|0|0|0|0|0|0|0|0|0|0],火焰骑士之中的老者，温戈的头盔。\n由两副表情松弛的死亡面具，上下堆迭而成。\n\n能减少召唤灵魂时消耗的专注值。\n\n温戈饱受孤独折磨──\n当他注意到梅瑟莫之火的灵性力量后，\n便企图用于复活。\n\n然而无魂的活尸，无法疗愈他的心。
5183000,带翼蛇头盔,1,0,[0|0|0],507140,0,10,10,0,0.007,1050,0,500,4.6,6518300,-1,-1,7000,1.5,0,-1,-1,-1,-1,-1,-1,-1,-1,-1,-1,-1,-1,-1,-1,-1,-1,1,1,1,1,1,1,1,1,-1,3106,15599,15599,0,0,0,0,[0|0],0,0,0,0,0,0,0,0,14,14,22,11,0,-1,-1,1,0,5,4,0,2,80,0,[0|0],1,1,0,0,0,1,0,0,0,-1,-1,0,1,1,0,0,1,2,0,0.952,0.956,0.96,0.96,0.962,0.956,0.972,109,110,106,110,108,139,139,139,-1,1,0,0.966,0,0,0,0,0,0,0,0,0,0,0,0,0,0,0,0,0,0,0,0,0,0,0,0,0,0,0,0,0,0,0,0,0,0,0,0,[0|0|0|0],0,22,1,1,1,1,1,0,0,0,0,0,0,0,0,0,0,0,0,1,0,0,0,0,0,0,0,0,0,0,0,0,0,0,1,0,0,0,0,1,0,0,0,0,0,0,0,0,0,0,0,0,0,0,0,0,0,0,0,0,0,0,1,1,1,1,1,1,1,1,1,1,0,0,0,0,0,1,1,0,1,1,1,0,0,0,0,0,0,0,0,0,0,0,0,0,0,0,[0|0|0|0|0|0|0|0|0|0|0|0|0|0],火焰骑士的首席，库德的头盔。\n额头部位装饰着带有翅膀的蛇。\n\n能强化火焰骑士的战技。\n\n带翼蛇是梅瑟莫军的特殊象征──\n它是富有正面智慧的朋友，\n能牵制、进而压制恶之蛇的力量。
5184000,萨赞风帽,1,0,[0|0|0],507160,0,9,9,0,0.006,1050,0,500,3.8,6518400,-1,-1,7000,1.5,0,-1,-1,-1,-1,-1,-1,-1,-1,-1,-1,-1,-1,-1,-1,-1,-1,1,1,1,1,1,1,1,1,-1,3107,15600,15600,0,0,0,0,[0|0],0,0,0,0,0,0,0,0,12,12,20,10,0,-1,-1,1,0,5,4,0,2,80,0,[0|0],1,1,0,0,0,1,0,0,0,-1,-1,0,1,1,0,0,1,2,0,0.956,0.956,0.964,0.962,0.969,0.96,0.972,109,110,113,110,108,139,139,139,-1,1,0,0.969,0,0,0,0,0,0,0,0,0,0,0,0,0,0,0,0,0,0,0,0,0,0,0,0,0,0,0,0,0,0,0,0,0,0,0,0,[0|0|0|0],0,20,0,0,0,1,1,0,0,0,0,0,0,0,0,0,0,0,0,1,0,0,0,0,0,0,0,0,0,0,0,0,0,0,1,0,1,0,0,1,0,0,0,0,0,0,0,0,0,0,0,0,0,0,0,0,0,0,0,0,0,0,1,1,1,1,1,1,1,1,1,1,0,0,0,0,0,1,1,0,0,0,0,0,0,0,0,0,0,0,0,0,0,0,0,0,0,1,[0|0|0|0|0|0|0|0|0|0|0|0|0|0],火焰骑士之中的贤者，萨赞的风帽。\n\n将剩余的布大幅度地缠绕，\n最后形成的模样，犹如巨大的后脑勺。\n能提升智力。\n\n萨赞是老者温戈的徒弟。\n据说他冒着生命危险，\n向温戈进谏不要放火焚烧古遗迹。
5190000,皮革头带,1,0,[0|0|0],505141,0,12,12,0,0.002,1050,0,500,1,-1,-1,-1,7000,1.5,0,-1,-1,-1,-1,-1,-1,-1,-1,-1,-1,-1,-1,-1,-1,-1,-1,1,1,1,1,1,1,1,1,-1,2860,15601,15601,0,0,0,0,[0|0],0,0,0,0,0,0,0,0,16,16,10,11,0,-1,-1,1,0,5,4,0,1,60,0,[0|0],1,1,0,0,0,1,0,0,0,-1,-1,0,1,1,0,0,1,2,0,0.986,0.982,0.979,0.986,0.982,0.977,0.972,109,110,113,110,113,139,139,139,-1,1,0,0.977,0,0,0,0,0,0,0,0,0,0,0,0,0,0,0,0,0,0,0,0,0,0,0,0,0,0,0,0,0,0,0,0,0,0,0,0,[0|0|0|0],0,10,0,0,0,0,0,0,0,0,0,0,0,0,0,0,0,0,0,0,0,0,0,0,0,1,0,0,0,0,0,0,0,0,0,1,0,0,0,1,0,0,0,0,0,0,0,0,0,0,0,0,0,0,0,0,0,0,0,0,0,0,1,1,1,1,0,1,0,0,0,0,0,0,0,0,0,1,0,0,0,0,0,0,0,0,0,0,0,0,0,0,0,0,0,0,0,0,[0|0|0|0|0|0|0|0|0|0|0|0|0|0],高地战士们穿戴的头带。\n以皮绳细腻编织，缠绕配戴的防具。\n垂放的白布为代表故乡的记号。\n\n高地战士是熊的猎人。\n挺身挑战强大野兽，象征着他们的荣誉。
5190100,荣誉上衣,1,0,[0|0|0],604190,0,46,46,100,0.013,1150,0,500,7.1,-1,-1,-1,7000,1,-0.4,-1,-1,-1,-1,-1,-1,-1,-1,-1,-1,-1,-1,-1,-1,-1,-1,1,1,1,1,1,1,1,1,-1,2860,15602,15602,0,0,0,0,[0|0],0,0,0,0,0,0,0,0,57,57,32,42,0,-1,-1,1,0,2,4,1,1,50,0,[0|0],1,0,1,0,0,0,0,0,0,-1,-1,0,1,1,0,0,1,2,0,0.92,0.912,0.905,0.92,0.912,0.898,0.886,109,50,113,50,113,139,139,139,-1,1,0,0.898,0,0,0,0,0,0,0,0,0,0,0,0,0,0,0,0,0,0,0,0,0,0,0,0,0,0,0,0,0,0,0,0,0,0,0,0,[0|0|0|0],0,32,0,0,0,0,0,0,1,0,1,0,0,0,0,0,0,0,0,0,0,1,0,1,0,0,0,0,0,0,0,0,0,0,0,0,0,0,0,0,0,0,0,1,1,1,0,1,1,1,1,0,1,1,0,1,0,1,1,1,0,1,0,0,0,0,0,0,1,1,1,0,1,0,0,1,0,0,0,0,0,0,0,1,1,1,1,1,1,1,1,1,1,1,1,1,1,0,[0|0|0|0|0|0|0|0|0|0|0|0|0|0],高地战士们穿戴的传统服装。\n在搭配布料制成的铠甲上披毛皮，\n再以红蓝各一条的花纹布装饰的防具。\n\n据说在熊的猎人之中，表现特别出色的人，\n会赠予红色花纹布以表荣誉。
5190200,皮革腕套,1,0,[0|0|0],704050,0,15,15,0,0.003,1150,0,500,2.4,-1,-1,-1,7000,1.1,0,-1,-1,-1,-1,-1,-1,-1,-1,-1,-1,-1,-1,-1,-1,-1,-1,1,1,1,1,1,1,1,1,-1,2860,15603,15603,0,0,0,0,[0|0],0,0,0,0,0,0,0,0,19,19,11,14,0,-1,-1,1,0,1,4,2,1,50,0,[0|0],1,0,0,1,0,0,0,0,0,-1,-1,0,1,1,0,0,1,2,0,0.981,0.979,0.977,0.981,0.979,0.975,0.972,109,50,113,50,144,139,139,139,-1,1,0,0.975,0,0,0,0,0,0,0,0,0,0,0,0,0,0,0,0,0,0,0,0,0,0,0,0,0,0,0,0,0,0,0,0,0,0,0,0,[0|0|0|0],0,11,0,0,0,0,0,0,0,0,0,0,1,0,0,0,0,0,0,0,0,0,0,0,0,0,1,0,1,0,1,1,0,1,0,0,0,0,0,0,0,0,0,0,0,0,0,0,0,0,0,0,0,0,0,0,0,0,0,0,0,0,0,0,0,0,0,0,0,0,0,0,0,0,0,0,0,0,0,0,0,0,0,0,0,0,0,0,0,0,0,0,0,0,0,0,0,0,[0|0|0|0|0|0|0|0|0|0|0|0|0|0],高地战士们穿戴的腕套。\n用坚固皮革缠绕配戴的防具。\n\n高地战士是熊的猎人。\n挺身挑战强大野兽，象征着他们的荣誉。
5190300,皮革绑腿,1,0,[0|0|0],804060,0,29,29,0,0.008,1250,0,500,4.4,-1,-1,-1,7000,1.1,0,-1,-1,-1,-1,-1,-1,-1,-1,-1,-1,-1,-1,-1,-1,-1,-1,1,1,1,1,1,1,1,1,-1,2860,15604,15604,0,0,0,0,[0|0],0,0,0,0,0,0,0,0,35,35,20,26,0,-1,-1,1,0,6,4,3,1,50,0,[0|0],1,0,0,0,1,0,0,0,0,-1,-1,0,1,1,0,0,1,2,0,0.955,0.95,0.946,0.955,0.95,0.942,0.935,109,50,113,50,113,139,113,139,111,1,0,0.942,0,0,0,0,0,0,0,0,0,0,0,0,0,0,0,0,0,0,0,0,0,0,0,0,0,0,0,0,0,0,0,0,0,0,0,0,[0|0|0|0],0,20,0,0,0,0,0,0,0,0,0,0,0,0,0,0,0,1,1,0,0,1,0,0,0,0,0,0,0,0,0,0,0,0,0,0,0,0,0,0,0,0,0,0,0,0,0,0,0,0,0,0,0,0,0,0,0,0,0,0,0,0,0,0,0,0,0,0,0,0,0,0,0,0,1,0,0,0,0,0,0,0,0,0,0,0,0,0,0,0,0,0,0,0,0,0,0,0,[0|0|0|0|0|0|0|0|0|0|0|0|0|0],高地战士们穿戴的绑腿。\n用坚固皮革缠绕配戴的防具。\n内侧铺上野兽毛，以达到保暖功效。\n\n高地战士是熊的猎人。\n挺身挑战强大野兽，象征着他们的荣誉。
5191000,皮革头盔,1,0,[0|0|0],505142,0,22,22,0,0.005,1050,0,500,3.3,-1,-1,-1,7000,1.5,0,-1,-1,-1,-1,-1,-1,-1,-1,-1,-1,-1,-1,-1,-1,-1,-1,1,1,1,1,1,1,1,1,-1,2861,15605,15605,0,0,0,0,[0|0],0,0,0,0,0,0,0,0,26,26,15,20,0,-1,-1,1,0,5,4,0,1,60,0,[0|0],1,1,0,0,0,1,0,0,0,-1,-1,0,1,1,0,0,1,2,0,0.969,0.966,0.964,0.969,0.966,0.962,0.958,109,110,108,110,113,139,139,139,-1,1,0,0.962,0,0,0,0,0,0,0,0,0,0,0,0,0,0,0,0,0,0,0,0,0,0,0,0,0,0,0,0,0,0,0,0,0,0,0,0,[0|0|0|0],0,15,0,0,0,0,0,0,0,0,0,0,0,0,0,0,0,0,0,0,0,0,0,0,0,0,0,0,0,0,0,0,0,0,1,0,1,0,0,1,0,0,0,0,0,0,0,0,0,0,0,0,0,0,0,0,0,0,0,0,0,0,1,1,1,1,1,0,1,1,1,1,0,0,0,0,0,1,0,0,0,0,0,0,0,0,0,0,0,0,0,0,0,0,0,0,0,1,[0|0|0|0|0|0|0|0|0|0|0|0|0|0],高地战士们穿戴的头盔。\n用坚固皮革缝制而成的防具。\n垂放的白布为代表故乡的记号。\n\n高地战士是熊的猎人。\n挺身挑战强大野兽，象征着他们的荣誉。
5191100,高地上衣,1,0,[0|0|0],604180,0,42,42,100,0.013,1150,0,500,6.3,-1,-1,-1,7000,1,-0.4,-1,-1,-1,-1,-1,-1,-1,-1,-1,-1,-1,-1,-1,-1,-1,-1,1,1,1,1,1,1,1,1,-1,2861,15606,15606,0,0,0,0,[0|0],0,0,0,0,0,0,0,0,55,55,28,38,0,-1,-1,1,0,2,4,1,1,50,0,[0|0],1,0,1,0,0,0,0,0,0,-1,-1,0,1,1,0,0,1,2,0,0.929,0.92,0.912,0.929,0.92,0.905,0.891,109,50,113,50,113,139,139,139,-1,1,0,0.905,0,0,0,0,0,0,0,0,0,0,0,0,0,0,0,0,0,0,0,0,0,0,0,0,0,0,0,0,0,0,0,0,0,0,0,0,[0|0|0|0],0,28,0,0,0,0,0,0,1,0,1,0,0,0,0,0,0,0,0,0,0,1,0,1,0,0,0,0,0,0,0,0,0,0,0,0,0,0,0,0,0,0,1,1,0,1,0,1,1,1,0,1,1,1,0,1,0,1,1,1,0,1,0,0,0,0,0,0,0,1,1,1,0,0,0,1,0,0,0,0,0,0,0,0,0,0,0,0,0,0,0,0,0,0,0,0,0,0,[0|0|0|0|0|0|0|0|0|0|0|0|0|0],高地战士们穿戴的传统服装。\n在搭配布料制成的铠甲上，\n以蓝色花纹布装饰的防具。\n\n高地战士是熊的猎人。\n挺身挑战强大野兽，象征着他们的荣誉。
5200000,死骑士头盔,1,0,[0|0|0],507170,0,8,8,0,0.007,1050,0,1000,4.6,6520000,-1,-1,7000,1.5,0,-1,-1,-1,-1,-1,-1,-1,-1,-1,-1,-1,-1,-1,-1,-1,-1,1,1,1,1,1,1,1,1,-1,3010,15607,15607,0,0,0,0,[0|0],0,0,0,0,0,0,0,0,12,12,20,20,0,-1,-1,1,0,5,4,0,2,80,0,[0|0],1,1,0,0,0,1,0,0,0,-1,-1,0,1,1,0,0,1,2,0,0.956,0.956,0.962,0.956,0.966,0.966,0.956,109,110,106,110,108,139,139,139,-1,1,0,0.972,0,0,0,0,0,0,0,0,0,0,0,0,0,0,0,0,0,0,0,0,0,0,0,0,0,0,0,0,0,0,0,0,0,0,0,0,[0|0|0|0],0,20,1,1,1,1,1,0,0,0,0,0,0,0,0,0,0,0,0,1,0,0,0,0,0,0,0,0,0,0,0,0,0,0,1,0,1,0,0,1,0,0,0,0,0,0,0,0,0,0,0,0,0,0,0,0,0,0,0,0,0,0,1,1,1,1,1,1,1,1,1,1,0,0,0,0,0,1,1,0,1,1,1,0,0,0,0,0,0,0,0,0,0,0,0,0,0,1,[0|0|0|0|0|0|0|0|0|0|0|0|0|0],死骑士的黄金头盔，\n并戴上自身死亡面具的防具。\n\n能强化王城古龙信仰的战技与祷告。\n\n葛德文变成死王子，\n但骑士们依然不改侍奉的主人──\n装饰在头盔后方的受侵蚀黄金环，就是宣言。
5200100,死骑士铠甲,1,0,[0|0|0],607250,0,16,16,100,0.022,1150,0,1000,11.2,6520000,-1,-1,7000,1,-0.4,-1,-1,-1,-1,-1,-1,-1,-1,-1,-1,-1,-1,-1,-1,-1,-1,1,1,1,1,1,1,1,1,-1,3010,15608,15608,0,0,0,0,[0|0],0,0,0,0,0,0,0,0,25,25,42,42,0,-1,-1,1,0,2,4,1,2,80,0,[0|0],1,0,1,0,0,0,0,0,0,-1,-1,0,1,1,0,0,1,2,0,0.874,0.878,0.893,0.878,0.907,0.903,0.876,109,50,144,50,113,139,139,139,-1,1,0,0.918,0,0,0,0,0,0,0,0,0,0,0,0,0,0,0,0,0,0,0,0,0,0,0,0,0,0,0,0,0,0,0,0,0,0,0,0,[0|0|0|0],0,42,0,0,0,0,0,1,1,1,1,1,1,0,0,0,0,0,0,0,0,1,1,1,0,0,0,0,0,0,0,0,0,0,0,0,0,0,0,0,0,0,1,1,1,0,1,0,1,1,0,1,0,1,0,1,0,1,1,1,0,1,0,0,0,0,0,0,1,1,1,0,1,0,0,1,0,0,0,1,0,0,0,1,1,1,1,1,1,1,1,1,1,1,1,1,1,0,[0|0|0|0|0|0|0|0|0|0|0|0|0|0],死骑士的黄金铠甲。\n缀以黄金树古老设计的防具。\n\n能强化王城古龙信仰的战技与祷告。\n\n死骑士曾是葛德文的禁卫骑士，\n他们寻找主人变化形貌后的分身尸骸，\n为即将到来的潜藏者当道的时代作准备。
5200200,死骑士臂甲,1,0,[0|0|0],706130,0,6,6,0,0.005,1150,0,1000,3.5,6520000,-1,-1,7000,1.1,0,-1,-1,-1,-1,-1,-1,-1,-1,-1,-1,-1,-1,-1,-1,-1,-1,1,1,1,1,1,1,1,1,-1,3010,15609,15609,0,0,0,0,[0|0],0,0,0,0,0,0,0,0,9,9,15,15,0,-1,-1,1,0,1,4,2,2,70,0,[0|0],1,0,0,1,0,0,0,0,0,-1,-1,0,1,1,0,0,1,2,0,0.969,0.969,0.973,0.969,0.977,0.977,0.969,109,50,106,50,106,139,139,139,-1,1,0,0.981,0,0,0,0,0,0,0,0,0,0,0,0,0,0,0,0,0,0,0,0,0,0,0,0,0,0,0,0,0,0,0,0,0,0,0,0,[0|0|0|0],0,15,0,0,0,0,0,0,0,0,0,0,1,1,0,1,0,0,0,0,1,0,0,0,0,0,0,1,1,0,1,1,1,0,0,0,0,0,0,0,0,0,0,0,0,0,0,0,0,0,0,0,0,0,0,0,0,0,0,0,0,0,0,0,0,0,0,0,0,0,0,0,0,0,0,0,0,0,0,0,0,0,0,0,0,0,0,0,0,0,0,0,0,0,0,0,0,0,[0|0|0|0|0|0|0|0|0|0|0|0|0|0],死骑士的黄金臂甲。\n缀以黄金树古老设计的防具。\n\n能强化王城古龙信仰的战技与祷告。\n\n死骑士曾是葛德文的禁卫骑士，\n他们寻找主人变化形貌后的分身尸骸，\n为即将到来的潜藏者当道的时代作准备。
5200300,死骑士腿甲,1,0,[0|0|0],806130,0,11,11,0,0.013,1250,0,1000,6.6,6520000,-1,-1,7000,1.1,0,-1,-1,-1,-1,-1,-1,-1,-1,-1,-1,-1,-1,-1,-1,-1,-1,1,1,1,1,1,1,1,1,-1,3010,15610,15610,0,0,0,0,[0|0],0,0,0,0,0,0,0,0,17,17,29,29,0,-1,-1,1,0,6,4,3,2,70,0,[0|0],1,0,0,0,1,0,0,0,0,-1,-1,0,1,1,0,0,1,2,0,0.929,0.929,0.938,0.929,0.946,0.946,0.929,109,50,106,50,106,139,106,139,111,1,0,0.955,0,0,0,0,0,0,0,0,0,0,0,0,0,0,0,0,0,0,0,0,0,0,0,0,0,0,0,0,0,0,0,0,0,0,0,0,[0|0|0|0],0,29,0,0,0,0,0,0,0,0,0,0,0,0,1,0,1,1,1,0,0,1,0,0,0,0,0,0,0,0,0,0,0,0,0,0,0,0,0,0,0,0,0,0,0,0,0,0,0,0,0,0,0,0,0,0,0,0,0,0,0,0,0,0,0,0,0,0,0,0,0,0,0,0,1,0,0,0,0,0,0,0,0,0,0,0,0,0,0,0,0,0,0,0,0,0,0,0,[0|0|0|0|0|0|0|0|0|0|0|0|0|0],死骑士的黄金腿甲。\n缀以黄金树古老设计的防具。\n\n能强化王城古龙信仰的战技与祷告。\n\n死骑士曾是葛德文的禁卫骑士，\n他们寻找主人变化形貌后的分身尸骸，\n为即将到来的潜藏者当道的时代作准备。
5210000,咒剑士面具,1,0,[0|0|0],505170,0,0,0,0,0.004,1050,0,500,2.2,6521000,-1,-1,7000,1.5,0,-1,-1,-1,-1,-1,-1,-1,-1,-1,-1,-1,-1,-1,-1,-1,-1,1,1,1,1,1,1,1,1,-1,3020,15611,15611,0,0,0,0,[0|0],0,0,0,0,0,0,0,0,22,22,11,33,0,-1,-1,1,0,5,4,0,1,60,0,[0|0],1,1,0,0,0,1,0,0,0,-1,-1,0,1,1,0,0,1,2,0,0.975,0.977,0.991,0.979,0.954,0.954,0.954,109,110,108,110,108,139,139,139,-1,1,0,0.951,0,0,0,0,0,0,0,0,0,0,0,0,0,0,0,0,0,0,0,0,0,0,0,0,0,0,0,0,0,0,0,0,0,0,0,0,[0|0|0|0],0,11,1,1,1,1,1,0,0,0,0,0,0,0,0,0,0,0,0,1,0,0,0,0,0,1,0,0,0,0,0,0,0,0,1,0,0,0,0,1,0,0,0,0,0,0,0,0,0,0,0,0,0,0,0,0,0,0,0,0,0,0,1,1,1,1,1,1,1,1,1,1,0,0,0,0,0,1,1,0,1,1,1,0,0,0,0,0,0,0,0,0,0,0,0,0,0,0,[0|0|0|0|0|0|0|0|0|0|0|0|0|0],将蜿蜒混生角作为头冠的面具。\n神祇会降临在穿戴者身上。\n\n透过降神能提升灵巧，\n然而黄金树赐福排斥降神，\n会减少露滴圣杯瓶的恢复量。\n\n此外，也会降低理智度。
5210100,修行者腰巾,1,0,[0|0|0],604230,0,28,28,100,0.01,1150,0,500,3.2,-1,-1,-1,7000,1,-0.4,-1,-1,-1,-1,-1,-1,-1,-1,-1,-1,-1,-1,-1,-1,-1,-1,1,1,1,1,1,1,1,1,-1,3020,15612,15612,0,0,0,0,[0|0],0,0,0,0,0,0,0,0,42,42,23,63,0,-1,-1,1,0,2,3,1,1,50,0,[0|0],1,0,1,0,0,0,0,0,0,-1,-1,0,1,1,0,0,1,2,0,0.939,0.947,0.994,0.973,0.874,0.874,0.876,109,50,113,50,113,139,139,139,-1,1,0,0.867,0,0,0,0,0,0,0,0,0,0,0,0,0,0,0,0,0,0,0,0,0,0,0,0,0,0,0,0,0,0,0,0,0,0,0,0,[0|0|0|0],0,23,0,0,0,0,0,0,0,0,0,0,0,0,0,0,0,0,0,0,0,1,1,1,0,0,0,0,0,0,0,0,0,0,0,0,0,0,0,0,0,0,0,1,1,1,0,1,0,1,1,1,1,1,0,1,0,1,1,1,0,1,0,0,0,0,0,0,0,1,1,1,0,0,0,1,0,0,0,0,0,0,0,0,0,0,0,0,0,0,0,0,0,0,0,0,0,0,[0|0|0|0|0|0|0|0|0|0|0|0|0|0],严以律己，坚持苦行──\n塔的修行者们穿戴的服装。\n\n他们为了成为肉身土地神，\n借由修行，提升自我的灵性力量。
5210200,修行者手环,1,0,[0|0|0],704080,0,9,9,0,0.002,1150,0,500,1.1,-1,-1,-1,7000,1.1,0,-1,-1,-1,-1,-1,-1,-1,-1,-1,-1,-1,-1,-1,-1,-1,-1,1,1,1,1,1,1,1,1,-1,3020,15613,15613,0,0,0,0,[0|0],0,0,0,0,0,0,0,0,14,14,8,21,0,-1,-1,1,0,1,4,2,1,50,0,[0|0],1,0,0,1,0,0,0,0,0,-1,-1,0,1,1,0,0,1,2,0,0.985,0.987,0.999,0.994,0.969,0.969,0.969,109,50,106,50,106,139,139,139,-1,1,0,0.967,0,0,0,0,0,0,0,0,0,0,0,0,0,0,0,0,0,0,0,0,0,0,0,0,0,0,0,0,0,0,0,0,0,0,0,0,[0|0|0|0],0,8,0,0,0,0,0,0,0,0,0,0,0,0,0,0,0,0,0,0,0,0,0,0,0,0,1,1,0,1,0,0,0,1,0,0,0,0,0,0,0,0,0,0,0,0,0,0,0,0,0,0,0,0,0,0,0,0,0,0,0,0,0,0,0,0,0,0,0,0,0,0,0,0,0,0,0,0,0,0,0,0,0,0,0,0,0,0,0,0,0,0,0,0,0,0,0,0,[0|0|0|0|0|0|0|0|0|0|0|0|0|0],严以律己，坚持苦行──\n塔的修行者们穿戴的手环。\n\n他们为了成为肉身土地神，\n借由修行，提升自我的灵性力量。
5210300,修行者脚环,1,0,[0|0|0],804090,0,17,17,0,0.006,1250,0,500,2,-1,-1,-1,7000,1.1,0,-1,-1,-1,-1,-1,-1,-1,-1,-1,-1,-1,-1,-1,-1,-1,-1,1,1,1,1,1,1,1,1,-1,3020,15614,15614,0,0,0,0,[0|0],0,0,0,0,0,0,0,0,26,26,14,39,0,-1,-1,1,0,6,4,3,1,50,0,[0|0],1,0,0,0,1,0,0,0,0,-1,-1,0,1,1,0,0,1,2,0,0.966,0.97,0.997,0.985,0.928,0.928,0.929,109,50,106,50,106,139,109,139,111,1,0,0.924,0,0,0,0,0,0,0,0,0,0,0,0,0,0,0,0,0,0,0,0,0,0,0,0,0,0,0,0,0,0,0,0,0,0,0,0,[0|0|0|0],0,14,0,0,0,0,0,0,0,0,0,0,0,0,0,0,0,0,0,0,0,1,0,0,0,0,0,0,0,0,0,0,0,0,0,0,0,0,0,0,0,0,0,0,0,0,0,0,0,0,0,0,0,0,0,0,0,0,0,0,0,0,0,0,0,0,0,0,0,0,0,0,0,1,0,0,0,0,0,0,0,0,0,0,0,0,0,0,0,0,0,0,0,0,0,0,0,0,[0|0|0|0|0|0|0|0|0|0|0|0|0|0],严以律己，坚持苦行──\n塔的修行者们穿戴的脚环。\n\n他们为了成为肉身土地神，\n借由修行，提升自我的灵性力量。
5220000,梅瑟莫头盔,1,0,[0|0|0],506221,0,24,24,0,0.005,1050,0,2000,3.6,6522000,6522001,-1,7000,1.5,0,-1,-1,-1,-1,-1,-1,-1,-1,-1,-1,-1,-1,-1,-1,-1,-1,1,1,1,1,1,1,1,1,-1,3030,15615,15615,0,0,0,0,[0|0],0,0,0,0,0,0,0,0,26,26,18,26,0,-1,-1,1,0,5,4,0,3,70,0,[0|0],1,1,0,0,0,1,0,0,0,-1,-1,0,1,1,0,0,1,2,0,0.966,0.969,0.966,0.962,0.964,0.956,0.958,109,110,106,110,108,139,139,139,-1,1,0,0.964,0,0,0,0,0,0,0,0,0,0,0,0,0,0,0,0,0,0,0,0,0,0,0,0,0,0,0,0,0,0,0,0,0,0,0,0,[0|0|0|0],0,18,0,0,0,1,1,0,0,0,0,0,0,0,0,0,0,0,0,0,0,0,0,0,0,0,0,0,0,0,0,0,0,0,1,0,1,0,0,1,0,0,0,0,0,0,0,0,0,0,0,0,0,0,0,0,0,0,0,0,0,0,1,1,1,1,1,1,1,1,1,1,0,0,0,0,0,1,1,0,0,0,0,0,0,0,0,0,0,0,0,0,0,0,0,0,0,1,[0|0|0|0|0|0|0|0|0|0|0|0|0|0],“穿刺者”梅瑟莫的黑色头盔。\n附有彼此交缠的两条带翼蛇。\n\n能些微强化梅瑟莫之火的祷告，\n以及火焰骑士的战技。\n\n在恶之蛇封印眼底，深感苦恼的时刻；\n在母亲的赐福崩毁之后，接受自身命运，\n化为恐怖模样的时刻──\n带翼蛇们都不离不弃，常伴梅瑟莫身旁。
5220100,梅瑟莫铠甲,1,0,[0|0|0],606201,0,52,52,100,0.016,1150,0,2000,7.8,-1,-1,-1,7000,1,-0.4,-1,-1,-1,-1,-1,-1,-1,-1,-1,-1,-1,-1,-1,-1,-1,-1,1,1,1,1,1,1,1,1,-1,3030,15616,15616,0,0,0,0,[0|0],0,0,0,0,0,0,0,0,54,54,38,54,0,-1,-1,1,0,2,3,1,3,70,0,[0|0],1,0,1,0,0,0,0,0,0,-1,-1,0,1,1,0,0,1,2,0,0.907,0.914,0.907,0.893,0.9,0.878,0.883,109,50,106,50,113,139,139,139,-1,1,0,0.9,0,0,0,0,0,0,0,0,0,0,0,0,0,0,0,0,0,0,0,0,0,0,0,0,0,0,0,0,0,0,0,0,0,0,0,0,[0|0|0|0],0,38,0,0,0,0,0,1,0,0,0,0,0,0,0,0,0,0,0,0,0,1,0,0,0,0,0,0,0,0,0,0,0,0,0,0,0,0,0,0,0,0,1,0,1,1,0,1,1,1,0,1,1,1,0,1,0,1,1,1,0,1,0,0,0,0,0,0,1,0,1,1,1,0,0,1,0,0,0,0,0,0,0,1,1,1,1,1,1,1,1,1,1,1,1,1,1,0,[0|0|0|0|0|0|0|0|0|0|0|0|0|0],“穿刺者”梅瑟莫的黑色铠甲。\n铠甲上披着缀以徽章刺绣的红色斗篷。\n\n为了完成母亲的心愿，那进行肃清的圣战，\n梅瑟莫自愿成为恐惧的象征。\n\n　要悲叹也行，诅咒也罢──\n　都向着我来吧。
5220200,梅瑟莫臂甲,1,0,[0|0|0],705201,0,19,19,0,0.003,1150,0,2000,2.8,-1,-1,-1,7000,1.1,0,-1,-1,-1,-1,-1,-1,-1,-1,-1,-1,-1,-1,-1,-1,-1,-1,1,1,1,1,1,1,1,1,-1,3030,15617,15617,0,0,0,0,[0|0],0,0,0,0,0,0,0,0,20,20,14,20,0,-1,-1,1,0,1,4,2,3,60,0,[0|0],1,0,0,1,0,0,0,0,0,-1,-1,0,1,1,0,0,1,2,0,0.977,0.979,0.977,0.973,0.975,0.969,0.971,109,50,106,50,106,139,139,139,-1,1,0,0.975,0,0,0,0,0,0,0,0,0,0,0,0,0,0,0,0,0,0,0,0,0,0,0,0,0,0,0,0,0,0,0,0,0,0,0,0,[0|0|0|0],0,14,0,0,0,0,0,0,0,0,0,0,0,0,0,0,0,0,0,0,0,0,0,0,0,0,1,1,0,1,0,0,0,1,0,0,0,0,0,0,0,0,0,0,0,0,0,0,0,0,0,0,0,0,0,0,0,0,0,0,0,0,0,0,0,0,0,0,0,0,0,0,0,0,0,0,0,0,0,0,0,0,0,0,0,0,0,0,0,0,0,0,0,0,0,0,0,0,[0|0|0|0|0|0|0|0|0|0|0|0|0|0],“穿刺者”梅瑟莫的黑色臂甲。\n\n为了完成母亲的心愿，那进行肃清的圣战，\n梅瑟莫自愿成为恐惧的象征。\n\n　要悲叹也行，诅咒也罢──\n　都向着我来吧。
5220300,梅瑟莫腿甲,1,0,[0|0|0],805191,0,35,35,0,0.01,1250,0,2000,5.1,-1,-1,-1,7000,1.1,0,-1,-1,-1,-1,-1,-1,-1,-1,-1,-1,-1,-1,-1,-1,-1,-1,1,1,1,1,1,1,1,1,-1,3030,15618,15618,0,0,0,0,[0|0],0,0,0,0,0,0,0,0,37,37,26,37,0,-1,-1,1,0,6,3,3,3,60,0,[0|0],1,0,0,0,1,0,0,0,0,-1,-1,0,1,1,0,0,1,2,0,0.946,0.95,0.946,0.938,0.942,0.929,0.932,109,50,106,50,106,139,106,139,111,1,0,0.942,0,0,0,0,0,0,0,0,0,0,0,0,0,0,0,0,0,0,0,0,0,0,0,0,0,0,0,0,0,0,0,0,0,0,0,0,[0|0|0|0],0,26,0,0,0,0,0,0,0,0,0,0,0,0,0,0,0,1,0,0,0,1,0,0,0,0,0,0,0,0,0,0,0,0,0,0,0,0,0,0,0,0,0,0,0,0,0,0,0,0,0,0,0,0,0,0,0,0,0,0,0,0,0,0,0,0,0,0,0,0,0,0,0,1,0,0,0,0,0,0,0,0,0,0,0,0,0,0,0,0,0,0,0,0,0,0,0,0,[0|0|0|0|0|0|0|0|0|0|0|0|0|0],“穿刺者”梅瑟莫的黑色腿甲。\n\n为了完成母亲的心愿，那进行肃清的圣战，\n梅瑟莫自愿成为恐惧的象征。\n\n　要悲叹也行，诅咒也罢──\n　都向着我来吧。
5221000,梅瑟莫头盔（轻装）,1,0,[0|0|0],506222,0,23,23,0,0.005,1050,0,2000,3.3,6522000,6522001,-1,7000,1.5,0,-1,-1,-1,-1,-1,-1,-1,-1,-1,-1,-1,-1,-1,-1,-1,-1,1,1,1,1,1,1,1,1,-1,3031,15655,15655,0,0,0,0,[0|0],0,0,0,0,0,0,0,0,24,24,16,24,0,-1,-1,1,0,5,4,0,3,70,0,[0|0],1,1,0,0,0,1,0,0,0,-1,-1,0,1,1,0,0,1,2,0,0.969,0.972,0.969,0.964,0.966,0.958,0.96,109,110,106,110,108,139,139,139,-1,1,0,0.966,0,0,0,0,0,0,0,0,0,0,0,0,0,0,0,0,0,0,0,0,0,0,0,0,0,0,0,0,0,0,0,0,0,0,0,0,[0|0|0|0],0,16,0,0,0,0,0,0,0,0,0,0,0,0,0,0,0,0,0,0,0,0,0,0,0,1,0,0,0,0,0,0,0,0,1,0,0,0,0,1,0,0,0,0,0,0,0,0,0,0,0,0,0,0,0,0,0,0,0,0,0,0,1,0,0,1,1,1,0,0,0,0,0,0,0,0,0,1,0,0,0,0,0,0,0,0,0,0,0,0,0,0,0,0,0,0,0,0,[0|0|0|0|0|0|0|0|0|0|0|0|0|0],“穿刺者”梅瑟莫的黑色头盔。\n附有彼此交缠的两条带翼蛇。\n\n能些微强化梅瑟莫之火的祷告，\n以及火焰骑士的战技。\n\n在恶之蛇封印眼底，深感苦恼的时刻；\n在母亲的赐福崩毁之后，接受自身命运，\n化为恐怖模样的时刻──\n带翼蛇们都不离不弃，常伴梅瑟莫身旁。
5230000,守墓鸟头盔,1,0,[0|0|0],504110,0,21,21,0,0.006,1050,0,500,3.6,6523000,-1,-1,7000,1.5,0,-1,-1,-1,-1,-1,-1,-1,-1,-1,-1,-1,-1,-1,-1,-1,-1,1,1,1,1,1,1,1,1,-1,3040,15620,15620,0,0,0,0,[0|0],0,0,0,0,0,0,0,0,24,24,14,20,0,-1,-1,1,0,5,4,0,1,50,0,[0|0],1,1,0,0,0,1,0,0,0,-1,-1,0,1,1,0,0,1,2,0,0.966,0.964,0.964,0.969,0.96,0.962,0.958,109,110,108,110,108,139,139,139,-1,1,0,0.958,0,0,0,0,0,0,0,0,0,0,0,0,0,0,0,0,0,0,0,0,0,0,0,0,0,0,0,0,0,0,0,0,0,0,0,0,[0|0|0|0],0,14,1,1,1,1,1,0,0,0,0,0,0,0,0,0,0,0,0,1,0,0,0,0,0,1,0,0,0,0,0,0,0,0,1,0,0,0,0,1,0,0,0,0,0,0,0,0,0,0,0,0,0,0,0,0,0,0,0,0,0,0,1,1,1,1,1,1,1,1,1,1,0,0,0,0,0,1,1,0,1,1,1,0,0,0,0,0,0,0,0,0,0,0,0,0,0,0,[0|0|0|0|0|0|0|0|0|0|0|0|0|0],带有些许绿色的石制头盔。\n参考守墓鸟制成的其中一种防具。\n\n能强化灵魂光环的魔法。\n\n守墓鸟为古代魔像。\n据说他们是为了守护灵墓──\n那所有死亡的汇集之处而制。
5230100,守墓鸟黑羽铠甲,1,0,[0|0|0],603112,0,45,45,100,0.016,1150,0,500,7.4,6523010,-1,-1,7000,1,-0.4,-1,-1,-1,-1,-1,-1,-1,-1,-1,-1,-1,-1,-1,-1,-1,-1,1,1,1,1,1,1,1,1,-1,3040,15621,15621,0,0,0,0,[0|0],0,0,0,0,0,0,0,0,54,54,32,42,0,-1,-1,1,0,2,3,1,2,40,0,[0|0],1,0,1,0,0,0,0,0,0,-1,-1,0,1,1,0,0,1,2,0,0.914,0.907,0.907,0.922,0.893,0.9,0.888,109,50,113,50,113,139,139,139,-1,1,0,0.888,0,0,0,0,0,0,0,0,0,0,0,0,0,0,0,0,0,0,0,0,0,0,0,0,0,0,0,0,0,0,0,0,0,0,0,0,[0|0|0|0],0,32,0,0,0,0,0,0,0,0,0,0,0,0,0,0,0,0,0,0,0,1,0,0,0,0,0,0,0,0,0,0,0,0,0,0,0,0,0,0,0,0,1,0,1,1,0,1,1,1,0,1,1,1,0,0,1,1,1,1,0,1,0,0,0,0,0,0,1,0,1,1,0,0,0,1,0,0,0,0,0,0,0,0,0,0,0,0,0,0,0,0,0,0,0,0,0,0,[0|0|0|0|0|0|0|0|0|0|0|0|0|0],带有些许绿色的石制铠甲。\n参考守墓鸟制成的其中一种防具。\n\n披上死之鸟的黑羽毛作为斗篷，\n能强化跳跃攻击。\n\n守墓鸟为古代魔像。\n据说他们是为了守护灵墓──\n那所有死亡的汇集之处而制。
5230200,守墓鸟手环,1,0,[0|0|0],703061,0,13,13,0,0.003,1150,0,500,1.7,-1,-1,-1,7000,1.1,0,-1,-1,-1,-1,-1,-1,-1,-1,-1,-1,-1,-1,-1,-1,-1,-1,1,1,1,1,1,1,1,1,-1,3040,15622,15622,0,0,0,0,[0|0],0,0,0,0,0,0,0,0,17,17,8,12,0,-1,-1,1,0,1,4,2,1,40,0,[0|0],1,0,0,1,0,0,0,0,0,-1,-1,0,1,1,0,0,1,2,0,0.984,0.983,0.983,0.985,0.979,0.981,0.977,109,50,106,50,106,139,139,139,-1,1,0,0.977,0,0,0,0,0,0,0,0,0,0,0,0,0,0,0,0,0,0,0,0,0,0,0,0,0,0,0,0,0,0,0,0,0,0,0,0,[0|0|0|0],0,8,0,0,0,0,0,0,0,0,0,0,0,0,0,0,0,0,0,0,0,0,0,0,0,0,1,1,0,1,0,0,0,1,0,0,0,0,0,0,0,0,0,0,0,0,0,0,0,0,0,0,0,0,0,0,0,0,0,0,0,0,0,0,0,0,0,0,0,0,0,0,0,0,0,0,0,0,0,0,0,0,0,0,0,0,0,0,0,0,0,0,0,0,0,0,0,0,[0|0|0|0|0|0|0|0|0|0|0|0|0|0],带有些许绿色的石制手环。\n参考守墓鸟制成的其中一种防具。\n\n守墓鸟为古代魔像。\n据说他们是为了守护灵墓──\n那所有死亡的汇集之处而制。
5230300,守墓鸟脚环,1,0,[0|0|0],803081,0,20,20,0,0.005,1250,0,500,2,-1,-1,-1,7000,1.1,0,-1,-1,-1,-1,-1,-1,-1,-1,-1,-1,-1,-1,-1,-1,-1,-1,1,1,1,1,1,1,1,1,-1,3040,15623,15623,0,0,0,0,[0|0],0,0,0,0,0,0,0,0,26,26,15,17,0,-1,-1,1,0,6,3,3,1,40,0,[0|0],1,0,0,0,1,0,0,0,0,-1,-1,0,1,1,0,0,1,2,0,0.97,0.966,0.966,0.977,0.96,0.962,0.955,109,50,108,50,106,139,109,139,111,1,0,0.955,0,0,0,0,0,0,0,0,0,0,0,0,0,0,0,0,0,0,0,0,0,0,0,0,0,0,0,0,0,0,0,0,0,0,0,0,[0|0|0|0],0,15,0,0,0,0,0,0,0,0,0,0,0,0,0,0,0,0,0,0,0,1,0,0,0,0,0,0,0,0,0,0,0,0,0,0,0,0,0,0,0,0,0,0,0,0,0,0,0,0,0,0,0,0,0,0,0,0,0,0,0,0,0,0,0,0,0,0,0,0,0,0,0,1,0,0,0,0,0,0,0,0,0,0,0,0,0,0,0,0,0,0,0,0,0,0,0,0,[0|0|0|0|0|0|0|0|0|0|0|0|0|0],带有些许绿色的石制脚环。\n参考守墓鸟制成的其中一种防具。\n\n守墓鸟为古代魔像。\n据说他们是为了守护灵墓──\n那所有死亡的汇集之处而制。
5231100,守墓鸟铠甲,1,0,[0|0|0],603111,0,38,38,100,0.013,1150,0,500,6,-1,-1,-1,7000,1,-0.4,-1,-1,-1,-1,-1,-1,-1,-1,-1,-1,-1,-1,-1,-1,-1,-1,1,1,1,1,1,1,1,1,-1,3041,15624,15624,0,0,0,0,[0|0],0,0,0,0,0,0,0,0,50,50,25,34,0,-1,-1,1,0,2,3,1,1,40,0,[0|0],1,0,1,0,0,0,0,0,0,-1,-1,0,1,1,0,0,1,2,0,0.931,0.922,0.922,0.935,0.907,0.914,0.9,109,50,113,50,113,139,139,139,-1,1,0,0.9,0,0,0,0,0,0,0,0,0,0,0,0,0,0,0,0,0,0,0,0,0,0,0,0,0,0,0,0,0,0,0,0,0,0,0,0,[0|0|0|0],0,25,0,0,0,0,0,0,0,0,0,0,0,0,0,0,0,0,0,0,0,1,0,0,0,0,0,0,0,1,0,0,0,0,0,0,0,0,0,0,0,0,1,0,1,1,0,1,1,1,0,1,0,1,0,0,1,1,1,1,0,1,0,0,0,0,0,0,1,0,1,1,0,0,0,1,0,0,0,0,0,0,0,0,0,0,0,0,0,0,0,0,0,0,0,0,0,0,[0|0|0|0|0|0|0|0|0|0|0|0|0|0],带有些许绿色的石制铠甲。\n参考守墓鸟制成的其中一种防具。\n\n守墓鸟为古代魔像。\n据说他们是为了守护灵墓──\n那所有死亡的汇集之处而制。
5240000,士兵头盔,1,0,[0|0|0],505051,0,8,8,0,0.006,1050,0,200,3.8,-1,-1,-1,7000,1.5,0,-1,-1,-1,-1,-1,-1,-1,-1,-1,-1,-1,-1,-1,-1,-1,-1,1,1,1,1,1,1,1,1,-1,3070,15625,15625,0,0,0,0,[0|0],0,0,0,0,0,0,0,0,11,11,20,8,0,-1,-1,1,0,5,4,0,1,60,0,[0|0],1,1,0,0,0,1,0,0,0,-1,-1,0,1,1,0,0,1,2,0,0.956,0.958,0.966,0.958,0.975,0.969,0.979,109,110,106,110,108,139,139,139,-1,1,0,0.972,0,0,0,0,0,0,0,0,0,0,0,0,0,0,0,0,0,0,0,0,0,0,0,0,0,0,0,0,0,0,0,0,0,0,0,0,[0|0|0|0],0,20,0,0,0,1,1,0,0,0,0,0,0,0,0,0,0,0,0,0,0,0,0,0,0,1,0,0,0,0,0,0,0,0,1,0,0,0,0,1,0,0,0,0,0,0,0,0,0,0,0,0,0,0,0,0,0,0,0,0,0,0,1,1,1,1,1,1,1,1,1,1,0,0,0,0,0,1,1,0,0,0,0,0,0,0,0,0,0,0,0,0,0,0,0,0,0,0,[0|0|0|0|0|0|0|0|0|0|0|0|0|0],梅瑟莫军的士兵穿戴的铁制头盔。\n\n头盔内外都有漆黑烟灰沾附、粘着。
5240100,士兵软铠甲,1,0,[0|0|0],604061,0,18,18,100,0.019,1150,0,200,8.8,-1,-1,-1,7000,1,-0.4,-1,-1,-1,-1,-1,-1,-1,-1,-1,-1,-1,-1,-1,-1,-1,-1,1,1,1,1,1,1,1,1,-1,3070,15626,15626,0,0,0,0,[0|0],0,0,0,0,0,0,0,0,25,25,46,18,0,-1,-1,1,0,2,4,1,1,50,0,[0|0],1,0,1,0,0,0,0,0,0,-1,-1,0,1,1,0,0,1,2,0,0.876,0.881,0.905,0.881,0.929,0.912,0.939,109,50,113,50,113,139,139,139,-1,1,0,0.92,0,0,0,0,0,0,0,0,0,0,0,0,0,0,0,0,0,0,0,0,0,0,0,0,0,0,0,0,0,0,0,0,0,0,0,0,[0|0|0|0],0,46,0,0,0,0,0,1,1,1,1,1,1,0,0,0,0,0,0,0,0,1,1,1,0,0,0,0,0,0,0,0,0,0,0,0,0,0,0,0,0,0,1,0,1,1,0,1,1,0,1,1,1,1,0,0,1,1,1,1,0,1,0,0,0,0,0,0,1,0,1,1,0,0,0,1,0,0,0,1,0,0,0,0,0,0,0,0,0,0,0,0,0,0,0,0,0,0,[0|0|0|0|0|0|0|0|0|0|0|0|0|0],梅瑟莫军的士兵穿戴的软铠甲。\n\n软铠甲内外都有漆黑烟灰沾附、粘着。
5240200,士兵臂甲,1,0,[0|0|0],704011,0,6,6,0,0.004,1150,0,200,2.9,-1,-1,-1,7000,1.1,0,-1,-1,-1,-1,-1,-1,-1,-1,-1,-1,-1,-1,-1,-1,-1,-1,1,1,1,1,1,1,1,1,-1,3070,15627,15627,0,0,0,0,[0|0],0,0,0,0,0,0,0,0,8,8,15,6,0,-1,-1,1,0,1,4,2,1,50,0,[0|0],1,0,0,1,0,0,0,0,0,-1,-1,0,1,1,0,0,1,2,0,0.969,0.971,0.977,0.971,0.983,0.979,0.985,109,50,106,50,106,139,139,139,-1,1,0,0.981,0,0,0,0,0,0,0,0,0,0,0,0,0,0,0,0,0,0,0,0,0,0,0,0,0,0,0,0,0,0,0,0,0,0,0,0,[0|0|0|0],0,15,0,0,0,0,0,0,0,0,0,0,1,1,0,1,0,0,0,0,1,0,0,0,0,0,1,0,1,0,1,1,0,1,0,0,0,0,0,0,0,0,0,0,0,0,0,0,0,0,0,0,0,0,0,0,0,0,0,0,0,0,0,0,0,0,0,0,0,0,0,0,0,0,0,0,0,0,0,0,0,0,0,0,0,0,0,0,0,0,0,0,0,0,0,0,0,0,[0|0|0|0|0|0|0|0|0|0|0|0|0|0],梅瑟莫军的士兵穿戴的臂甲。\n\n臂甲内外都有漆黑烟灰沾附、粘着。
5240300,士兵腿甲,1,0,[0|0|0],804001,0,11,11,0,0.011,1250,0,200,5.5,-1,-1,-1,7000,1.1,0,-1,-1,-1,-1,-1,-1,-1,-1,-1,-1,-1,-1,-1,-1,-1,-1,1,1,1,1,1,1,1,1,-1,3070,15628,15628,0,0,0,0,[0|0],0,0,0,0,0,0,0,0,15,15,29,11,0,-1,-1,1,0,6,4,3,1,50,0,[0|0],1,0,0,0,1,0,0,0,0,-1,-1,0,1,1,0,0,1,2,0,0.929,0.932,0.946,0.932,0.96,0.95,0.966,109,50,106,50,106,139,106,139,111,1,0,0.955,0,0,0,0,0,0,0,0,0,0,0,0,0,0,0,0,0,0,0,0,0,0,0,0,0,0,0,0,0,0,0,0,0,0,0,0,[0|0|0|0],0,29,0,0,0,0,0,0,0,0,0,0,0,0,1,0,1,1,1,0,0,1,0,0,0,0,0,0,0,0,0,0,0,0,0,0,0,0,0,0,0,0,0,0,0,0,0,0,0,0,0,0,0,0,0,0,0,0,0,0,0,0,0,0,0,0,0,0,0,0,0,0,0,0,1,0,0,0,0,0,0,0,0,0,0,0,0,0,0,0,0,0,0,0,0,0,0,0,[0|0|0|0|0|0|0|0|0|0|0|0|0|0],梅瑟莫军的士兵穿戴的腿甲。\n\n腿甲内外都有漆黑烟灰沾附、粘着。
5250000,角战士头盔,1,0,[0|0|0],507180,0,0,0,0,0.007,1050,0,500,4.6,6525000,-1,-1,7000,1.5,0,-1,-1,-1,-1,-1,-1,-1,-1,-1,-1,-1,-1,-1,-1,-1,-1,1,1,1,1,1,1,1,1,-1,3080,15629,15629,0,0,0,0,[0|0],0,0,0,0,0,0,0,0,13,13,25,9,0,-1,-1,1,0,5,4,0,2,80,0,[0|0],1,1,0,0,0,1,0,0,0,-1,-1,0,1,1,0,0,1,2,0,0.952,0.954,0.956,0.96,0.964,0.964,0.969,109,110,106,110,108,139,139,139,-1,1,0,0.969,0,0,0,0,0,0,0,0,0,0,0,0,0,0,0,0,0,0,0,0,0,0,0,0,0,0,0,0,0,0,0,0,0,0,0,0,[0|0|0|0],0,25,1,1,1,1,1,0,0,0,0,0,0,0,0,0,0,0,0,1,0,0,0,0,0,0,0,0,0,0,0,0,0,0,1,0,1,0,0,1,0,0,0,0,0,0,0,0,0,0,0,0,0,0,0,0,0,0,0,0,0,0,1,1,1,1,1,1,1,1,1,1,0,0,0,0,0,1,1,0,1,1,1,0,0,0,0,0,0,0,0,0,0,0,0,0,0,1,[0|0|0|0|0|0|0|0|0|0|0|0|0|0],将雄壮混生角作为头冠的头盔。\n塔的守护者──角战士的防具。\n神祇会降临在穿戴者身上。\n\n透过降神能提升力气，\n然而黄金树赐福排斥降神，\n会减少露滴圣杯瓶的恢复量。\n\n此外，也会降低理智度。
5250100,角战士铠甲,1,0,[0|0|0],607260,0,18,18,100,0.022,1150,0,500,10.4,-1,-1,-1,7000,1,-0.4,-1,-1,-1,-1,-1,-1,-1,-1,-1,-1,-1,-1,-1,-1,-1,-1,1,1,1,1,1,1,1,1,-1,3080,15630,15630,0,0,0,0,[0|0],0,0,0,0,0,0,0,0,31,31,59,23,0,-1,-1,1,0,2,4,1,1,80,0,[0|0],1,0,1,0,0,0,0,0,0,-1,-1,0,1,1,0,0,1,2,0,0.865,0.871,0.876,0.886,0.898,0.898,0.912,109,50,106,50,113,139,139,139,-1,1,0,0.912,0,0,0,0,0,0,0,0,0,0,0,0,0,0,0,0,0,0,0,0,0,0,0,0,0,0,0,0,0,0,0,0,0,0,0,0,[0|0|0|0],0,59,0,0,0,0,0,0,1,1,1,1,1,0,0,0,0,0,0,0,0,1,1,1,0,0,0,0,0,0,0,0,0,0,0,0,0,0,0,0,0,0,0,1,1,1,0,1,1,1,0,1,1,1,0,1,0,1,1,1,0,1,0,0,0,0,0,0,1,1,0,1,1,0,0,1,0,0,0,1,0,0,0,0,0,0,0,0,0,0,0,0,0,0,0,0,0,0,[0|0|0|0|0|0|0|0|0|0|0|0|0|0],塔的守护者──角战士的铠甲。\n\n土黄色披肩带底下的铠甲模样，\n据说象征着古英雄的裸体。
5250200,角战士臂甲,1,0,[0|0|0],706140,0,6,6,0,0.005,1150,0,500,3.5,-1,-1,-1,7000,1.1,0,-1,-1,-1,-1,-1,-1,-1,-1,-1,-1,-1,-1,-1,-1,-1,-1,1,1,1,1,1,1,1,1,-1,3080,15631,15631,0,0,0,0,[0|0],0,0,0,0,0,0,0,0,11,11,20,8,0,-1,-1,1,0,1,4,2,1,70,0,[0|0],1,0,0,1,0,0,0,0,0,-1,-1,0,1,1,0,0,1,2,0,0.967,0.968,0.969,0.972,0.975,0.975,0.979,109,50,106,50,106,139,139,139,-1,1,0,0.979,0,0,0,0,0,0,0,0,0,0,0,0,0,0,0,0,0,0,0,0,0,0,0,0,0,0,0,0,0,0,0,0,0,0,0,0,[0|0|0|0],0,20,0,0,0,0,0,0,0,0,0,0,1,0,0,0,0,0,0,0,0,0,0,0,0,0,0,1,1,0,1,1,1,1,0,0,0,0,0,0,0,0,0,0,0,0,0,0,0,0,0,0,0,0,0,0,0,0,0,0,0,0,0,0,0,0,0,0,0,0,0,0,0,0,0,0,0,0,0,0,0,0,0,0,0,0,0,0,0,0,0,0,0,0,0,0,0,0,[0|0|0|0|0|0|0|0|0|0|0|0|0|0],塔的守护者──角战士的臂甲。\n以一定厚度的金属制成的防具。
5250300,角战士腿甲,1,0,[0|0|0],806140,0,11,11,0,0.013,1250,0,500,6.6,-1,-1,-1,7000,1.1,0,-1,-1,-1,-1,-1,-1,-1,-1,-1,-1,-1,-1,-1,-1,-1,-1,1,1,1,1,1,1,1,1,-1,3080,15632,15632,0,0,0,0,[0|0],0,0,0,0,0,0,0,0,20,20,37,15,0,-1,-1,1,0,6,4,3,1,70,0,[0|0],1,0,0,0,1,0,0,0,0,-1,-1,0,1,1,0,0,1,2,0,0.923,0.926,0.929,0.935,0.942,0.942,0.95,109,50,106,50,106,139,106,139,111,1,0,0.95,0,0,0,0,0,0,0,0,0,0,0,0,0,0,0,0,0,0,0,0,0,0,0,0,0,0,0,0,0,0,0,0,0,0,0,0,[0|0|0|0],0,37,0,0,0,0,0,0,0,0,0,0,0,0,0,0,0,0,1,0,0,1,0,0,0,0,0,0,0,0,0,0,0,0,0,0,0,0,0,0,0,0,0,0,0,0,0,0,0,0,0,0,0,0,0,0,0,0,0,0,0,0,0,0,0,0,0,0,0,0,0,0,0,1,0,0,0,0,0,0,0,0,0,0,0,0,0,0,0,0,0,0,0,0,0,0,0,0,[0|0|0|0|0|0|0|0|0|0|0|0|0|0],塔的守护者──角战士的腿甲。\n象征着古英雄裸体的护腿。
5252000,神兽头盔,1,0,[0|0|0],507190,0,0,0,0,0.008,1050,0,500,5.1,6525200,-1,-1,7000,1.5,0,-1,-1,-1,-1,-1,-1,-1,-1,-1,-1,-1,-1,-1,-1,-1,-1,1,1,1,1,1,1,1,1,-1,3085,15633,15633,0,0,0,0,[0|0],0,0,0,0,0,0,0,0,14,14,23,11,0,-1,-1,1,0,5,4,0,2,80,0,[0|0],1,1,0,0,0,1,0,0,0,-1,-1,0,1,1,0,0,1,2,0,0.952,0.952,0.956,0.956,0.962,0.96,0.964,109,110,108,110,108,139,139,139,-1,1,0,0.962,0,0,0,0,0,0,0,0,0,0,0,0,0,0,0,0,0,0,0,0,0,0,0,0,0,0,0,0,0,0,0,0,0,0,0,0,[0|0|0|0],0,23,1,1,1,1,1,0,0,0,0,0,0,0,0,0,0,0,0,1,0,0,0,0,0,0,0,0,0,0,0,0,0,0,1,0,1,0,0,1,0,0,0,0,0,0,0,0,0,0,0,0,0,0,0,0,0,0,0,0,0,0,1,1,1,1,1,1,1,1,1,1,0,0,0,0,0,1,1,0,1,1,1,0,0,0,0,0,0,0,0,0,0,0,0,0,0,1,[0|0|0|0|0|0|0|0|0|0|0|0|0|0],参考神兽面具制成的混生角头盔。\n受选的角战士──神兽战士的防具。\n神祇会降临在穿戴者身上。\n\n透过降神能提升风暴的威力，\n也能提升力气、灵巧，\n但会减少露滴圣杯瓶的恢复量。\n\n此外，也会降低理智度。
5252100,神兽战士铠甲,1,0,[0|0|0],607270,0,18,18,100,0.022,1150,0,500,10.4,-1,-1,-1,7000,1,-0.4,-1,-1,-1,-1,-1,-1,-1,-1,-1,-1,-1,-1,-1,-1,-1,-1,1,1,1,1,1,1,1,1,-1,3085,15634,15634,0,0,0,0,[0|0],0,0,0,0,0,0,0,0,31,31,54,24,0,-1,-1,1,0,2,4,1,1,80,0,[0|0],1,0,1,0,0,0,0,0,0,-1,-1,0,1,1,0,0,1,2,0,0.871,0.876,0.881,0.881,0.898,0.898,0.912,109,50,106,50,113,139,139,139,-1,1,0,0.905,0,0,0,0,0,0,0,0,0,0,0,0,0,0,0,0,0,0,0,0,0,0,0,0,0,0,0,0,0,0,0,0,0,0,0,0,[0|0|0|0],0,54,0,0,0,0,0,0,1,1,1,1,1,0,0,0,0,0,0,0,0,1,1,1,0,0,0,0,0,0,0,0,0,0,0,0,0,0,0,0,0,0,1,1,0,1,0,1,1,1,0,1,1,1,0,1,0,1,0,1,0,1,0,0,0,0,0,0,1,1,0,1,0,0,0,1,0,0,0,1,0,0,0,0,0,0,0,0,0,0,0,0,0,0,0,0,0,0,[0|0|0|0|0|0|0|0|0|0|0|0|0|0],受选的角战士──神兽战士的铠甲。\n铠甲上铺满狮子毛皮。\n\n据说在神兽战士中，只有降神能力卓越的人，\n才能成为勇人，获得舞动舞狮的荣誉。
5253000,神鸟头盔,1,0,[0|0|0],507200,0,0,0,0,0.008,1050,0,500,4.6,6525300,-1,-1,7000,1.5,0,-1,-1,-1,-1,-1,-1,-1,-1,-1,-1,-1,-1,-1,-1,-1,-1,1,1,1,1,1,1,1,1,-1,3086,15635,15635,0,0,0,0,[0|0],0,0,0,0,0,0,0,0,14,14,22,9,0,-1,-1,1,0,5,4,0,2,80,0,[0|0],1,1,0,0,0,1,0,0,0,-1,-1,0,1,1,0,0,1,2,0,0.952,0.956,0.956,0.958,0.962,0.964,0.972,109,110,106,110,113,139,139,139,-1,1,0,0.969,0,0,0,0,0,0,0,0,0,0,0,0,0,0,0,0,0,0,0,0,0,0,0,0,0,0,0,0,0,0,0,0,0,0,0,0,[0|0|0|0],0,22,1,1,1,1,1,0,0,0,0,0,0,0,0,0,0,0,0,0,0,0,0,0,0,0,0,0,0,0,0,0,0,0,1,0,1,0,0,1,0,0,0,0,0,0,0,0,0,0,0,0,0,0,0,0,0,0,0,0,0,0,1,1,1,1,1,1,1,1,1,1,0,0,0,0,0,1,1,0,1,1,1,0,0,0,0,0,0,0,0,0,0,0,0,0,0,1,[0|0|0|0|0|0|0|0|0|0|0|0|0|0],参考神鸟面具制成的混生角头盔。\n角战士的始祖──神鸟战士的防具。\n神祇会降临在穿戴者身上。\n\n透过降神能提升“神鸟羽毛”的威力，\n也能提升力气、灵巧，\n但会减少露滴圣杯瓶的恢复量。\n\n此外，也会降低理智度。
5253100,神鸟战士铠甲,1,0,[0|0|0],607280,0,23,23,100,0.025,1150,0,500,11.6,-1,-1,-1,7000,1,-0.4,-1,-1,-1,-1,-1,-1,-1,-1,-1,-1,-1,-1,-1,-1,-1,-1,1,1,1,1,1,1,1,1,-1,3086,15636,15636,0,0,0,0,[0|0],0,0,0,0,0,0,0,0,37,37,56,23,0,-1,-1,1,0,2,4,1,1,80,0,[0|0],1,0,1,0,0,0,0,0,0,-1,-1,0,1,1,0,0,1,2,0,0.86,0.865,0.871,0.876,0.886,0.886,0.905,109,50,106,50,113,139,139,139,-1,1,0,0.898,0,0,0,0,0,0,0,0,0,0,0,0,0,0,0,0,0,0,0,0,0,0,0,0,0,0,0,0,0,0,0,0,0,0,0,0,[0|0|0|0],0,56,0,0,0,0,0,0,1,1,1,1,1,0,0,0,0,0,0,0,0,1,1,1,0,0,0,0,0,0,0,0,0,0,0,0,0,0,0,0,0,0,1,0,1,1,0,1,1,0,1,1,1,1,0,1,0,1,1,1,0,1,0,0,0,0,0,0,1,1,0,1,0,0,0,1,0,0,0,1,0,0,0,0,0,0,0,0,0,0,0,0,0,0,0,0,0,0,[0|0|0|0|0|0|0|0|0|0|0|0|0|0],角战士的始祖──神鸟战士的铠甲。\n以金黄色的金属制成。\n\n据说金色的神鸟性格冷酷，不亲近人，\n因此鲜少有人成功让它降临。
5253200,神鸟战士臂甲,1,0,[0|0|0],706150,0,7,7,0,0.005,1150,0,500,3.5,-1,-1,-1,7000,1.1,0,-1,-1,-1,-1,-1,-1,-1,-1,-1,-1,-1,-1,-1,-1,-1,-1,1,1,1,1,1,1,1,1,-1,3086,15656,15656,0,0,0,0,[0|0],0,0,0,0,0,0,0,0,12,12,18,8,0,-1,-1,1,0,1,4,2,1,70,0,[0|0],1,0,0,1,0,0,0,0,0,-1,-1,0,1,1,0,0,1,2,0,0.967,0.969,0.969,0.971,0.973,0.975,0.981,109,50,106,50,106,139,139,139,-1,1,0,0.979,0,0,0,0,0,0,0,0,0,0,0,0,0,0,0,0,0,0,0,0,0,0,0,0,0,0,0,0,0,0,0,0,0,0,0,0,[0|0|0|0],0,18,0,0,0,0,0,0,0,0,0,0,1,0,0,0,0,0,0,0,0,0,0,0,0,0,0,1,1,0,1,1,1,1,0,0,0,0,0,0,0,0,0,0,0,0,0,0,0,0,0,0,0,0,0,0,0,0,0,0,0,0,0,0,0,0,0,0,0,0,0,0,0,0,0,0,0,0,0,0,0,0,0,0,0,0,0,0,0,0,0,0,0,0,0,0,0,0,[0|0|0|0|0|0|0|0|0|0|0|0|0|0],角战士的始祖──神鸟战士的臂甲。\n以金黄色的金属制成。\n\n据说金色的神鸟性格冷酷，不亲近人，\n因此鲜少有人成功让它降临。
5253300,神鸟战士腿甲,1,0,[0|0|0],806150,0,14,14,0,0.015,1250,0,500,7.3,6525330,-1,-1,7000,1.1,0,-1,-1,-1,-1,-1,-1,-1,-1,-1,-1,-1,-1,-1,-1,-1,-1,1,1,1,1,1,1,1,1,-1,3086,15637,15637,0,0,0,0,[0|0],0,0,0,0,0,0,0,0,24,24,35,15,0,-1,-1,1,0,6,4,3,2,70,0,[0|0],1,0,0,0,1,0,0,0,0,-1,-1,0,1,1,0,0,1,2,0,0.92,0.923,0.927,0.929,0.935,0.935,0.946,109,50,106,50,106,139,106,139,111,1,0,0.942,0,0,0,0,0,0,0,0,0,0,0,0,0,0,0,0,0,0,0,0,0,0,0,0,0,0,0,0,0,0,0,0,0,0,0,0,[0|0|0|0],0,35,0,0,0,0,0,0,0,0,0,0,0,0,0,0,0,0,1,0,0,1,0,0,0,0,0,0,0,0,0,0,0,0,0,0,0,0,0,0,0,0,0,0,0,0,0,0,0,0,0,0,0,0,0,0,0,0,0,0,0,0,0,0,0,0,0,0,0,0,0,0,0,1,0,0,0,0,0,0,0,0,0,0,0,0,0,0,0,0,0,0,0,0,0,0,0,0,[0|0|0|0|0|0|0|0|0|0|0|0|0|0],角战士的始祖──神鸟战士的腿甲。\n以金黄色的金属制成。\n\n钩爪大而尖锐，能提升踢击的威力。
5260000,蕾菈娜头盔,1,0,[0|0|0],508101,0,10,10,0,0.008,1050,0,2000,5.1,-1,-1,-1,7000,1.5,0,-1,-1,-1,-1,-1,-1,-1,-1,-1,-1,-1,-1,-1,-1,-1,-1,1,1,1,1,1,1,1,1,-1,3090,15638,15638,0,0,0,0,[0|0],0,0,0,0,0,0,0,0,15,15,24,10,0,-1,-1,1,0,5,4,0,2,90,0,[0|0],1,1,0,0,0,1,0,0,0,-1,-1,0,1,1,0,0,1,2,0,0.952,0.95,0.958,0.954,0.955,0.958,0.966,109,110,106,110,108,139,139,139,-1,1,0,0.962,0,0,0,0,0,0,0,0,0,0,0,0,0,0,0,0,0,0,0,0,0,0,0,0,0,0,0,0,0,0,0,0,0,0,0,0,[0|0|0|0],0,24,1,1,1,1,1,0,0,0,0,0,0,0,0,0,0,0,0,1,0,0,0,0,0,0,0,0,0,0,0,0,0,0,1,0,1,0,0,1,0,0,0,0,0,0,0,0,0,0,0,0,0,0,0,0,0,0,0,0,0,0,1,1,1,1,1,1,1,1,1,1,0,0,0,0,0,1,1,0,1,1,1,0,0,0,0,0,0,0,0,0,0,0,0,0,0,0,[0|0|0|0|0|0|0|0|0|0|0|0|0|0],“双月骑士”蕾菈娜的头盔。\n以银铁制成的细致防具。\n\n据说身为卡利亚王室领导者的蕾娜菈，\n在她的妹妹舍弃原生家庭，跟随梅瑟莫后，\n赠予妹妹富有光泽的黑色长发。
5260100,蕾菈娜铠甲,1,0,[0|0|0],608181,0,24,24,100,0.024,1150,0,2000,11.8,-1,-1,-1,7000,1,-0.4,-1,-1,-1,-1,-1,-1,-1,-1,-1,-1,-1,-1,-1,-1,-1,-1,1,1,1,1,1,1,1,1,-1,3090,15639,15639,0,0,0,0,[0|0],0,0,0,0,0,0,0,0,35,35,57,24,0,-1,-1,1,0,2,4,1,2,90,0,[0|0],1,0,1,0,0,0,0,0,0,-1,-1,0,1,1,0,0,1,2,0,0.865,0.86,0.881,0.871,0.874,0.881,0.905,109,50,106,50,113,139,139,139,-1,1,0,0.891,0,0,0,0,0,0,0,0,0,0,0,0,0,0,0,0,0,0,0,0,0,0,0,0,0,0,0,0,0,0,0,0,0,0,0,0,[0|0|0|0],0,57,0,0,0,0,0,1,1,1,1,1,1,0,0,0,0,0,0,0,0,1,1,1,0,0,0,0,0,0,0,0,0,0,0,0,0,0,0,0,0,0,1,1,1,0,0,1,1,1,0,1,1,1,0,0,1,1,1,1,0,1,0,0,0,0,0,0,1,0,1,1,1,0,0,1,0,0,0,1,0,0,0,0,0,0,0,0,0,0,0,0,0,0,0,0,0,0,[0|0|0|0|0|0|0|0|0|0|0|0|0|0],“双月骑士”蕾菈娜的铠甲。\n以银铁制成的细致防具。\n\n铠甲上缀以蓝如青金石的装饰──\n那是卡利亚的象征色。\n看似黯淡，但仍保有色彩。
5260200,蕾菈娜手套,1,0,[0|0|0],707091,0,8,8,0,0.005,1150,0,2000,3.9,-1,-1,-1,7000,1.1,0,-1,-1,-1,-1,-1,-1,-1,-1,-1,-1,-1,-1,-1,-1,-1,-1,1,1,1,1,1,1,1,1,-1,3090,15640,15640,0,0,0,0,[0|0],0,0,0,0,0,0,0,0,12,12,19,8,0,-1,-1,1,0,1,4,2,2,80,0,[0|0],1,0,0,1,0,0,0,0,0,-1,-1,0,1,1,0,0,1,2,0,0.967,0.965,0.971,0.968,0.969,0.971,0.977,109,50,108,50,106,139,139,139,-1,1,0,0.973,0,0,0,0,0,0,0,0,0,0,0,0,0,0,0,0,0,0,0,0,0,0,0,0,0,0,0,0,0,0,0,0,0,0,0,0,[0|0|0|0],0,19,0,0,0,0,0,0,0,0,0,0,0,1,0,1,0,0,0,0,1,0,0,0,0,0,1,1,0,0,1,1,0,1,0,0,0,0,0,0,0,0,0,0,0,0,0,0,0,0,0,0,0,0,0,0,0,0,0,0,0,0,0,0,0,0,0,0,0,0,0,0,0,0,0,0,0,0,0,0,0,0,0,0,0,0,0,0,0,0,0,0,0,0,0,0,0,0,[0|0|0|0|0|0|0|0|0|0|0|0|0|0],“双月骑士”蕾菈娜的手套。\n以优质的皮革制成。
5260300,蕾菈娜腿甲,1,0,[0|0|0],807091,0,15,15,0,0.014,1250,0,2000,7.3,-1,-1,-1,7000,1.1,0,-1,-1,-1,-1,-1,-1,-1,-1,-1,-1,-1,-1,-1,-1,-1,-1,1,1,1,1,1,1,1,1,-1,3090,15641,15641,0,0,0,0,[0|0],0,0,0,0,0,0,0,0,22,22,35,15,0,-1,-1,1,0,6,4,3,2,80,0,[0|0],1,0,0,0,1,0,0,0,0,-1,-1,0,1,1,0,0,1,2,0,0.923,0.92,0.932,0.926,0.928,0.932,0.946,109,50,106,50,106,139,106,139,111,1,0,0.938,0,0,0,0,0,0,0,0,0,0,0,0,0,0,0,0,0,0,0,0,0,0,0,0,0,0,0,0,0,0,0,0,0,0,0,0,[0|0|0|0],0,35,0,0,0,0,0,0,0,0,0,0,0,0,1,0,1,1,1,0,0,1,0,0,0,0,0,0,0,0,0,0,0,0,0,0,0,0,0,0,0,0,0,0,0,0,0,0,0,0,0,0,0,0,0,0,0,0,0,0,0,0,0,0,0,0,0,0,0,0,0,0,0,0,1,0,0,0,0,0,0,0,0,0,0,0,0,0,0,0,0,0,0,0,0,0,0,0,[0|0|0|0|0|0|0|0|0|0|0|0|0|0],“双月骑士”蕾菈娜的腿甲。\n以银铁制成的细致防具。
5270000,年少狮子头盔,1,0,[0|0|0],509111,0,11,11,0,0.01,1050,0,2000,6.4,-1,-1,-1,7000,1.5,0,-1,-1,-1,-1,-1,-1,-1,-1,-1,-1,-1,-1,-1,-1,-1,-1,1,1,1,1,1,1,1,1,-1,3110,15642,15642,0,0,0,0,[0|0],0,0,0,0,0,0,0,0,22,22,31,15,0,-1,-1,1,0,5,4,0,3,100,0,[0|0],1,1,0,0,0,1,0,0,0,-1,-1,0,1,1,0,0,1,2,0,0.939,0.939,0.948,0.939,0.956,0.954,0.96,109,110,106,110,108,139,139,139,-1,1,0,0.954,0,0,0,0,0,0,0,0,0,0,0,0,0,0,0,0,0,0,0,0,0,0,0,0,0,0,0,0,0,0,0,0,0,0,0,0,[0|0|0|0],0,31,0,0,0,1,1,0,0,0,0,0,0,0,0,0,0,0,0,0,0,0,0,0,0,0,0,0,0,0,0,0,0,0,1,0,1,0,0,1,0,0,0,0,0,0,0,0,0,0,0,0,0,0,0,0,0,0,0,0,0,0,1,1,1,1,1,1,1,1,1,1,0,0,0,0,0,1,1,0,0,0,0,0,0,0,0,0,0,0,0,0,0,0,0,0,0,1,[0|0|0|0|0|0|0|0|0|0|0|0|0|0],年轻时期的拉塔恩穿戴的黄金头盔。\n对英雄红发引以为傲的狮子防具。\n\n据说“米凯拉的锋刃”玛莲妮亚\n于艾奥尼亚绽放腐败之花时，\n在拉塔恩的耳边轻喃：\n\n　米凯拉在等待──等约定的王现身。
5270100,年少狮子铠甲,1,0,[0|0|0],609181,0,22,22,100,0.031,1150,0,2000,15,-1,-1,-1,7000,1,-0.4,-1,-1,-1,-1,-1,-1,-1,-1,-1,-1,-1,-1,-1,-1,-1,-1,1,1,1,1,1,1,1,1,-1,3110,15643,15643,0,0,0,0,[0|0],0,0,0,0,0,0,0,0,45,45,64,32,0,-1,-1,1,0,2,4,1,3,100,0,[0|0],1,0,1,0,0,0,0,0,0,-1,-1,0,1,1,0,0,1,2,0,0.832,0.832,0.856,0.832,0.876,0.872,0.886,109,50,106,50,113,139,139,139,-1,1,0,0.872,0,0,0,0,0,0,0,0,0,0,0,0,0,0,0,0,0,0,0,0,0,0,0,0,0,0,0,0,0,0,0,0,0,0,0,0,[0|0|0|0],0,64,0,0,0,0,0,1,1,0,0,0,0,0,0,0,0,0,0,0,0,1,0,0,0,0,0,0,0,0,0,0,0,0,0,0,0,0,0,0,0,1,0,1,1,1,0,1,1,1,0,1,1,1,0,1,0,1,1,1,0,1,0,0,0,0,0,0,1,1,1,0,1,0,0,1,0,0,0,0,0,0,0,1,1,1,1,1,1,1,1,1,1,1,1,1,1,0,[0|0|0|0|0|0|0|0|0|0|0|0|0|0],年轻时期的拉塔恩穿戴的黄金铠甲。\n缀满英雄红色的狮子防具。\n\n据说“米凯拉的锋刃”玛莲妮亚\n于艾奥尼亚绽放腐败之花时，\n在拉塔恩的耳边轻喃：\n\n　米凯拉在等待──等约定的王现身。
5270200,年少狮子臂甲,1,0,[0|0|0],708100,0,8,8,0,0.007,1150,0,2000,5,-1,-1,-1,7000,1.1,0,-1,-1,-1,-1,-1,-1,-1,-1,-1,-1,-1,-1,-1,-1,-1,-1,1,1,1,1,1,1,1,1,-1,3110,15644,15644,0,0,0,0,[0|0],0,0,0,0,0,0,0,0,17,17,24,12,0,-1,-1,1,0,1,4,2,3,90,0,[0|0],1,0,0,1,0,0,0,0,0,-1,-1,0,1,1,0,0,1,2,0,0.958,0.958,0.964,0.958,0.969,0.968,0.972,109,50,106,50,106,139,139,139,-1,1,0,0.968,0,0,0,0,0,0,0,0,0,0,0,0,0,0,0,0,0,0,0,0,0,0,0,0,0,0,0,0,0,0,0,0,0,0,0,0,[0|0|0|0],0,24,0,0,0,0,0,0,0,0,0,0,0,1,0,1,0,0,0,0,1,0,0,0,0,0,1,1,0,0,1,1,1,0,0,0,0,0,0,0,0,0,0,0,0,0,0,0,0,0,0,0,0,0,0,0,0,0,0,0,0,0,0,0,0,0,0,0,0,0,0,0,0,0,0,0,0,0,0,0,0,0,0,0,0,0,0,0,0,0,0,0,0,0,0,0,0,0,[0|0|0|0|0|0|0|0|0|0|0|0|0|0],年轻时期的拉塔恩穿戴的黄金臂甲。\n\n据说“米凯拉的锋刃”玛莲妮亚\n于艾奥尼亚绽放腐败之花时，\n在拉塔恩的耳边轻喃：\n\n　米凯拉在等待──等约定的王现身。
5270300,年少狮子腿甲,1,0,[0|0|0],808090,0,16,16,0,0.019,1250,0,2000,9.3,-1,-1,-1,7000,1.1,0,-1,-1,-1,-1,-1,-1,-1,-1,-1,-1,-1,-1,-1,-1,-1,-1,1,1,1,1,1,1,1,1,-1,3110,15645,15645,0,0,0,0,[0|0],0,0,0,0,0,0,0,0,31,31,44,22,0,-1,-1,1,0,6,4,3,3,90,0,[0|0],1,0,0,0,1,0,0,0,0,-1,-1,0,1,1,0,0,1,2,0,0.904,0.904,0.917,0.904,0.929,0.927,0.935,109,50,106,50,106,139,106,139,111,1,0,0.927,0,0,0,0,0,0,0,0,0,0,0,0,0,0,0,0,0,0,0,0,0,0,0,0,0,0,0,0,0,0,0,0,0,0,0,0,[0|0|0|0],0,44,0,0,0,0,0,0,0,0,0,0,0,0,1,0,1,1,1,0,0,1,0,0,0,0,0,0,0,0,0,0,0,0,0,0,0,1,0,0,0,0,0,0,0,0,0,0,0,0,0,0,0,0,0,0,0,0,0,0,0,0,0,0,0,0,0,0,0,0,0,0,0,0,1,0,0,0,0,0,0,0,0,0,0,0,0,0,0,0,0,0,0,0,0,0,0,0,[0|0|0|0|0|0|0|0|0|0|0|0|0|0],年轻时期的拉塔恩穿戴的黄金腿甲。\n勇猛狮子的防具。\n\n据说“米凯拉的锋刃”玛莲妮亚\n于艾奥尼亚绽放腐败之花时，\n在拉塔恩的耳边轻喃：\n\n　米凯拉在等待──等约定的王现身。
5271100,年少狮子铠甲（轻装）,1,0,[0|0|0],609182,0,21,21,100,0.028,1150,0,2000,13.7,-1,-1,-1,7000,1,-0.4,-1,-1,-1,-1,-1,-1,-1,-1,-1,-1,-1,-1,-1,-1,-1,-1,1,1,1,1,1,1,1,1,-1,3111,15646,15646,0,0,0,0,[0|0],0,0,0,0,0,0,0,0,38,38,57,25,0,-1,-1,1,0,2,4,1,3,100,0,[0|0],1,0,1,0,0,0,0,0,0,-1,-1,0,1,1,0,0,1,2,0,0.847,0.847,0.866,0.847,0.886,0.876,0.898,109,50,106,50,113,139,139,139,-1,1,0,0.876,0,0,0,0,0,0,0,0,0,0,0,0,0,0,0,0,0,0,0,0,0,0,0,0,0,0,0,0,0,0,0,0,0,0,0,0,[0|0|0|0],0,57,0,0,0,0,0,1,1,0,0,0,0,0,0,0,0,0,0,0,0,1,0,0,0,0,0,0,0,0,0,0,0,0,0,0,0,0,0,0,0,0,0,1,1,1,0,1,1,1,0,1,1,1,0,1,0,1,1,1,0,1,0,0,0,0,0,0,1,1,1,0,1,0,0,1,0,0,0,0,0,0,0,0,0,0,0,0,0,0,0,0,0,0,0,0,0,0,[0|0|0|0|0|0|0|0|0|0|0|0|0|0],年轻时期的拉塔恩穿戴的黄金铠甲。\n勇猛狮子的防具。\n\n据说“米凯拉的锋刃”玛莲妮亚\n于艾奥尼亚绽放腐败之花时，\n在拉塔恩的耳边轻喃：\n\n　米凯拉在等待──等约定的王现身。
5272000,光芒头冠,1,0,[0|0|0],500200,0,15,15,0,0.005,1050,0,2000,1,6527200,-1,-1,7000,1.5,0,-1,-1,-1,-1,-1,-1,-1,-1,-1,-1,-1,-1,-1,-1,-1,-1,1,1,1,1,1,1,1,1,-1,3120,15647,15647,0,0,0,0,[0|0],0,0,0,0,0,0,0,0,23,23,14,20,0,-1,-1,1,0,5,4,0,3,10,0,[0|0],1,1,0,0,0,1,0,0,0,-1,-1,0,1,1,0,0,1,2,0,0.972,0.975,0.969,0.972,0.972,0.969,0.966,109,110,106,110,108,139,139,139,-1,1,0,0.966,0,0,0,0,0,0,0,0,0,0,0,0,0,0,0,0,0,0,0,0,0,0,0,0,0,0,0,0,0,0,0,0,0,0,0,0,[0|0|0|0],0,14,0,0,0,0,0,0,0,0,0,0,0,0,0,0,0,0,0,0,0,0,0,0,0,1,0,0,0,0,0,0,0,0,0,1,0,0,0,1,0,0,0,0,0,0,0,0,0,0,0,0,0,0,0,0,0,0,0,0,0,0,1,1,1,1,0,1,0,0,0,0,0,0,0,0,0,1,0,0,0,0,0,0,0,0,0,0,0,0,0,0,0,0,0,0,0,0,[0|0|0|0|0|0|0|0|0|0|0|0|0|0],作为神祇归来的米凯拉穿戴的光芒头冠。\n头冠已经快要消失。\n\n能些微提升智力、信仰、感应，\n也能提升“米凯拉的光”的威力\n\n此为无缘实现的米凯拉的时代，\n在那温柔的法则下，诞生的初始之环。
5280000,幽影恶兵头盔,1,0,[0|0|0],505061,0,18,18,0,0.004,1050,0,200,3,-1,-1,-1,7000,1.5,0,-1,-1,-1,-1,-1,-1,-1,-1,-1,-1,-1,-1,-1,-1,-1,-1,1,1,1,1,1,1,1,1,-1,3130,15648,15648,0,0,0,0,[0|0],0,0,0,0,0,0,0,0,33,33,14,18,0,-1,-1,1,0,5,4,0,1,60,0,[0|0],1,1,0,0,0,1,0,0,0,-1,-1,0,1,1,0,0,1,2,0,0.975,0.972,0.969,0.972,0.964,0.962,0.962,109,110,108,110,108,139,139,139,-1,1,0,0.969,0,0,0,0,0,0,0,0,0,0,0,0,0,0,0,0,0,0,0,0,0,0,0,0,0,0,0,0,0,0,0,0,0,0,0,0,[0|0|0|0],0,14,1,1,1,1,1,0,0,0,0,0,0,0,0,0,0,0,0,1,0,0,0,0,0,1,0,0,0,0,0,0,0,0,1,0,0,0,0,1,0,0,0,0,0,0,0,0,0,0,0,0,0,0,0,0,0,0,0,0,0,0,1,1,1,1,1,1,1,1,1,1,0,0,0,0,0,1,1,0,1,1,1,0,0,0,0,0,0,0,0,0,0,0,0,0,0,0,[0|0|0|0|0|0|0|0|0|0|0|0|0|0],如幽影般黑暗的恶兵头盔。\n\n没有人会主动靠近、散发恶臭的战场遗迹，\n或是该被遗忘的禁域──\n\n如果说，这类地方是恶兵的归属，\n那么幽影之地，就是最适合他们的地方。
5280100,幽影恶兵铠甲,1,0,[0|0|0],604071,0,38,38,100,0.013,1150,0,200,7.1,-1,-1,-1,7000,1,-0.4,-1,-1,-1,-1,-1,-1,-1,-1,-1,-1,-1,-1,-1,-1,-1,-1,1,1,1,1,1,1,1,1,-1,3130,15649,15649,0,0,0,0,[0|0],0,0,0,0,0,0,0,0,69,69,29,38,0,-1,-1,1,0,2,4,1,1,50,0,[0|0],1,0,1,0,0,0,0,0,0,-1,-1,0,1,1,0,0,1,2,0,0.929,0.92,0.912,0.92,0.898,0.891,0.891,109,50,108,50,113,139,139,139,-1,1,0,0.912,0,0,0,0,0,0,0,0,0,0,0,0,0,0,0,0,0,0,0,0,0,0,0,0,0,0,0,0,0,0,0,0,0,0,0,0,[0|0|0|0],0,29,0,0,0,0,0,1,1,1,1,1,1,0,0,0,0,0,0,0,0,1,1,1,0,0,0,0,0,0,0,0,0,0,0,0,0,0,0,0,0,0,1,1,0,1,1,0,1,0,1,1,1,0,1,1,0,1,1,1,0,1,0,0,0,0,0,0,1,0,1,1,1,0,0,1,0,0,0,1,0,0,0,0,0,0,0,0,0,0,0,0,0,0,0,0,0,0,[0|0|0|0|0|0|0|0|0|0|0|0|0|0],如幽影般黑暗的恶兵铠甲。\n\n没有人会主动靠近、散发恶臭的战场遗迹，\n或是该被遗忘的禁域──\n\n如果说，这类地方是恶兵的归属，\n那么幽影之地，就是最适合他们的地方。
5280200,幽影恶兵臂甲,1,0,[0|0|0],704021,0,14,14,0,0.003,1150,0,200,2.4,-1,-1,-1,7000,1.1,0,-1,-1,-1,-1,-1,-1,-1,-1,-1,-1,-1,-1,-1,-1,-1,-1,1,1,1,1,1,1,1,1,-1,3130,15650,15650,0,0,0,0,[0|0],0,0,0,0,0,0,0,0,25,25,11,14,0,-1,-1,1,0,1,4,2,1,50,0,[0|0],1,0,0,1,0,0,0,0,0,-1,-1,0,1,1,0,0,1,2,0,0.983,0.981,0.979,0.981,0.975,0.973,0.973,109,50,108,50,106,139,139,139,-1,1,0,0.979,0,0,0,0,0,0,0,0,0,0,0,0,0,0,0,0,0,0,0,0,0,0,0,0,0,0,0,0,0,0,0,0,0,0,0,0,[0|0|0|0],0,11,0,0,0,0,0,0,0,0,0,0,0,1,0,1,0,0,0,0,1,0,0,0,0,0,1,1,0,1,0,1,0,1,0,0,0,0,0,0,0,0,0,0,0,0,0,0,0,0,0,0,0,0,0,0,0,0,0,0,0,0,0,0,0,0,0,0,0,0,0,0,0,0,0,0,0,0,0,0,0,0,0,0,0,0,0,0,0,0,0,0,0,0,0,0,0,0,[0|0|0|0|0|0|0|0|0|0|0|0|0|0],如幽影般黑暗的恶兵臂甲。\n\n没有人会主动靠近、散发恶臭的战场遗迹，\n或是该被遗忘的禁域──\n\n如果说，这类地方是恶兵的归属，\n那么幽影之地，就是最适合他们的地方。
5280300,幽影恶兵腿甲,1,0,[0|0|0],804011,0,26,26,0,0.008,1250,0,200,4.4,-1,-1,-1,7000,1.1,0,-1,-1,-1,-1,-1,-1,-1,-1,-1,-1,-1,-1,-1,-1,-1,-1,1,1,1,1,1,1,1,1,-1,3130,15651,15651,0,0,0,0,[0|0],0,0,0,0,0,0,0,0,47,47,20,26,0,-1,-1,1,0,6,4,3,1,50,0,[0|0],1,0,0,0,1,0,0,0,0,-1,-1,0,1,1,0,0,1,2,0,0.96,0.955,0.95,0.955,0.942,0.938,0.938,109,50,108,50,106,139,108,139,111,1,0,0.95,0,0,0,0,0,0,0,0,0,0,0,0,0,0,0,0,0,0,0,0,0,0,0,0,0,0,0,0,0,0,0,0,0,0,0,0,[0|0|0|0],0,20,0,0,0,0,0,0,0,0,0,0,0,0,1,0,1,1,1,0,0,1,0,0,0,0,0,0,0,0,0,0,0,0,0,0,0,0,0,0,0,0,0,0,0,0,0,0,0,0,0,0,0,0,0,0,0,0,0,0,0,0,0,0,0,0,0,0,0,0,0,0,0,0,1,0,0,0,0,0,0,0,0,0,0,0,0,0,0,0,0,0,0,0,0,0,0,0,[0|0|0|0|0|0|0|0|0|0|0|0|0|0],如幽影般黑暗的恶兵腿甲。\n\n没有人会主动靠近、散发恶臭的战场遗迹，\n或是该被遗忘的禁域──\n\n如果说，这类地方是恶兵的归属，\n那么幽影之地，就是最适合他们的地方。
5290000,神兽头部,1,0,[0|0|0],510052,0,0,0,0,0.013,1050,0,2000,10.6,6529000,-1,-1,7000,1.5,0,-1,-1,-1,-1,-1,-1,-1,-1,-1,-1,-1,-1,-1,-1,-1,-1,1,1,1,1,1,1,1,1,-1,3140,15652,15652,0,0,0,0,[0|0],0,0,0,0,0,0,0,0,29,29,26,24,0,-1,-1,1,0,5,4,0,3,110,0,[0|0],1,1,0,0,0,1,0,0,0,-1,-1,0,1,1,0,0,1,2,0,0.93,0.933,0.941,0.932,0.951,0.928,0.954,109,110,108,110,108,139,139,139,-1,1,0,0.951,0,0,0,0,0,0,0,0,0,0,0,0,0,0,0,0,0,0,0,0,0,0,0,0,0,0,0,0,0,0,0,0,0,0,0,0,[0|0|0|0],0,26,1,1,1,1,1,0,0,0,0,0,0,0,0,0,0,0,0,0,0,0,0,0,0,0,0,0,0,0,0,0,0,0,1,0,1,0,0,1,0,0,0,0,0,0,0,0,0,0,0,0,0,0,0,0,0,0,0,0,0,0,1,1,1,1,1,1,1,1,1,1,0,0,0,0,0,1,0,0,1,1,1,0,0,0,0,0,0,0,0,0,0,0,0,0,0,1,[0|0|0|0|0|0|0|0|0|0|0|0|0|0],于舞狮时使用的神兽头部，\n最卓越的勇人穿戴的祭祀用具。\n只是现在，不会再回应老妪的祈祷。\n\n透过降神能提升风暴的威力，\n也能提升力气、灵巧，\n但会减少露滴圣杯瓶的恢复量。\n\n此外，也会降低理智度。
5300000,托莉娜孤花,1,0,[0|0|0],500190,0,24,24,0,0.002,1050,0,1000,1,6530000,-1,-1,7000,1.5,0,-1,-1,-1,-1,-1,-1,-1,-1,-1,-1,-1,-1,-1,-1,-1,-1,1,1,1,1,1,1,1,1,-1,2870,15653,15653,0,0,0,0,[0|0],0,0,0,0,0,0,0,0,12,12,4,24,0,-1,-1,1,0,5,4,0,3,10,0,[0|0],1,1,0,0,0,1,0,0,0,-1,-1,0,1,1,0,0,1,2,0,0.991,0.986,0.991,1.008,0.956,0.962,0.956,109,110,108,110,108,139,139,139,-1,1,0,0.956,0,0,0,0,0,0,0,0,0,0,0,0,0,0,0,0,0,0,0,0,0,0,0,0,0,0,0,0,0,0,0,0,0,0,0,0,[0|0|0|0],0,4,0,0,0,0,0,0,0,0,0,0,0,0,0,0,0,0,0,0,0,0,0,0,0,1,0,0,0,0,0,0,0,0,0,1,0,0,0,1,0,0,0,0,0,0,0,0,0,0,0,0,0,0,0,0,0,0,0,0,0,0,1,1,1,1,0,1,0,0,0,0,0,0,0,0,0,1,0,0,0,0,0,0,0,0,0,0,0,0,0,0,0,0,0,0,0,0,[0|0|0|0|0|0|0|0|0|0|0|0|0|0],虚幻枯萎的托莉娜\n所留下的最后一朵睡莲。\n\n能些微提升专注值的上限。\n\n深紫色的睡莲不含任何毒素，\n只会温柔地绽放。
5310000,熔炉槌形盔,1,0,[0|0|0],509101,0,18,18,0,0.011,1050,0,1000,7.5,6531000,-1,-1,7000,1.5,0,-1,-1,-1,-1,-1,-1,-1,-1,-1,-1,-1,-1,-1,-1,-1,-1,1,1,1,1,1,1,1,1,-1,3150,15654,15654,0,0,0,0,[0|0],0,0,0,0,0,0,0,0,26,26,33,18,0,-1,-1,1,0,5,4,0,2,100,0,[0|0],1,1,0,0,0,1,0,0,0,-1,-1,0,1,1,0,0,1,2,0,0.932,0.932,0.939,0.933,0.953,0.951,0.955,109,110,106,110,108,139,139,139,-1,1,0,0.954,0,0,0,0,0,0,0,0,0,0,0,0,0,0,0,0,0,0,0,0,0,0,0,0,0,0,0,0,0,0,0,0,0,0,0,0,[0|0|0|0],0,33,1,1,1,1,1,0,0,0,0,0,0,0,0,0,0,0,0,1,0,0,0,0,0,0,0,0,0,0,0,0,0,0,1,0,1,0,0,1,0,0,0,0,0,0,0,0,0,0,0,0,0,0,0,0,0,0,0,0,0,0,1,1,1,1,1,1,1,1,1,1,0,0,0,0,0,1,1,0,1,1,1,0,0,0,0,0,0,0,0,0,0,0,0,0,0,1,[0|0|0|0|0|0|0|0|0|0|0|0|0|0],据说是最资深的熔炉骑士──\n泥盆亚的头盔。\n\n蕴含初始黄金树──生命熔炉的力量，\n能强化熔炉百相的祷告。\n\n据说泥盆亚为了寻找熔炉的根，\n独自踏上旅程，离开黄金树。
5320000,大壶头罩,1,0,[0|0|0],503165,0,22,22,0,0.014,1050,0,500,12.3,6532000,-1,-1,7000,1.5,0,-1,-1,-1,-1,-1,-1,-1,-1,-1,-1,-1,-1,-1,-1,-1,-1,1,1,1,1,1,1,1,1,-1,3160,15657,15657,0,0,0,0,[0|0],0,0,0,0,0,0,0,0,32,32,34,21,0,-1,-1,1,0,5,4,0,2,40,0,[0|0],1,1,0,0,0,1,0,0,0,-1,-1,0,1,1,0,0,1,2,0,0.92,0.923,0.931,0.923,0.947,0.948,0.945,109,110,108,110,108,139,139,139,-1,1,0,0.949,0,0,0,0,0,0,0,0,0,0,0,0,0,0,0,0,0,0,0,0,0,0,0,0,0,0,0,0,0,0,0,0,0,0,0,0,[0|0|0|0],0,34,0,0,0,0,0,0,0,0,0,0,0,0,0,0,0,0,0,0,0,0,0,0,0,0,0,0,0,0,0,0,0,0,1,0,1,0,0,1,0,0,0,0,0,0,0,0,0,0,0,0,0,0,0,0,0,0,0,0,0,0,0,0,1,1,1,0,1,1,1,1,0,0,0,0,0,1,0,0,0,1,0,0,0,0,0,0,0,0,0,0,0,0,0,0,0,1,[0|0|0|0|0|0|0|0|0|0|0|0|0|0],将壶倒盖、完整覆盖头部的大壶头罩。\n在监牢祈祷的祝祷师穿戴的防具。\n\n能提升投掷壶类、大壶类道具的威力。\n\n祝祷师为大壶的内容物祈祷──\n希望他们能重生为善良的好人。\n此为人为促成的轮回。
5330000,小恶魔头罩（狮子）,1,0,[0|0|0],503101,0,18,18,0,0.013,1050,0,200,8.1,6533000,-1,-1,7000,1.5,0,-1,-1,-1,-1,-1,-1,-1,-1,-1,-1,-1,-1,-1,-1,-1,-1,1,1,1,1,1,1,1,1,-1,3170,15658,15658,0,0,0,0,[0|0],0,0,0,0,0,0,0,0,26,26,44,18,0,-1,-1,1,0,5,4,0,2,40,0,[0|0],1,1,0,0,0,1,0,0,0,-1,-1,0,1,1,0,0,1,2,0,0.93,0.93,0.941,0.93,0.954,0.948,0.954,109,110,108,110,108,139,139,139,-1,1,0,0.954,0,0,0,0,0,0,0,0,0,0,0,0,0,0,0,0,0,0,0,0,0,0,0,0,0,0,0,0,0,0,0,0,0,0,0,0,[0|0|0|0],0,44,1,1,1,1,0,0,0,0,0,0,0,0,0,0,0,0,0,1,0,0,0,0,0,0,0,0,0,0,0,0,0,0,1,0,1,0,0,1,0,0,0,0,0,0,0,0,0,0,0,0,0,0,0,0,0,0,0,0,0,0,1,1,1,1,1,1,1,1,1,1,0,0,0,0,0,1,1,0,1,1,1,0,0,0,0,0,0,0,0,0,0,0,0,0,0,0,[0|0|0|0|0|0|0|0|0|0|0|0|0|0],将小恶魔魔像的头部，\n直接套在头上使用的头罩。\n\n外形神似狮子的头罩，蕴藏着些微的生命力。
9999999,,1,0,[0|0|0],803000,0,11,11,0,0.008,1250,0,200,5.5,-1,-1,-1,7000,1.1,0,-1,-1,-1,-1,-1,-1,-1,-1,-1,-1,-1,-1,-1,-1,-1,-1,1,1,1,1,1,1,1,1,-1,3000,13003,13003,0,0,0,0,[0|0],0,0,0,0,0,0,0,0,16,16,29,7,0,-1,-1,1,0,6,4,3,1,40,0,[0|0],1,0,0,0,1,0,0,0,0,-1,-1,0,1,1,0,0,1,2,0,0.935,0.932,0.946,0.932,0.95,0.946,0.966,109,50,108,50,108,139,108,139,111,1,0,0.955,0,0,0,0,0,0,0,0,0,0,0,0,0,0,0,0,0,0,0,0,0,0,0,0,0,0,0,0,0,0,0,0,0,0,0,0,[0|0|0|0],0,29,0,0,0,0,0,0,0,0,0,0,0,0,1,0,1,1,1,0,0,1,0,0,0,0,0,0,0,0,0,0,0,0,0,0,0,0,0,0,0,0,0,0,0,0,0,0,0,0,0,0,0,0,0,0,0,0,0,0,0,0,0,0,0,0,0,0,0,0,0,0,0,0,1,0,0,0,0,0,0,0,0,0,0,0,0,0,0,0,0,0,0,0,0,0,0,0,[0|0|0|0|0|0|0|0|0|0|0|0|0|0],
